name,brand,kcal,protein,carbs,fat,fiber,sourceRef,source,cuisine,popularity
"Milk, NFS",,52.0,3.33,4.83,2.14,0.0,FNDDS:2705384,FNDDS,World,0
"Milk, whole",,61.0,3.27,4.63,3.2,0.0,FNDDS:2705385,FNDDS,World,0
"Milk, reduced fat (2%)",,50.0,3.36,4.9,1.9,0.0,FNDDS:2705386,FNDDS,World,0
"Milk, low fat (1%)",,43.0,3.38,5.18,0.95,0.0,FNDDS:2705387,FNDDS,World,0
"Milk, fat free (skim)",,34.0,3.43,4.92,0.08,0.0,FNDDS:2705388,FNDDS,World,0
"Milk, lactose free, low fat (1%)",,43.0,3.38,5.18,0.95,0.0,FNDDS:2705389,FNDDS,World,0
"Milk, lactose free, fat free (skim)",,34.0,3.43,4.92,0.08,0.0,FNDDS:2705390,FNDDS,World,0
"Milk, lactose free, reduced fat (2%)",,50.0,3.36,4.9,1.9,0.0,FNDDS:2705391,FNDDS,World,0
"Milk, lactose free, whole",,61.0,3.27,4.63,3.2,0.0,FNDDS:2705392,FNDDS,World,0
Buttermilk,,43.0,3.46,4.81,1.08,0.0,FNDDS:2705393,FNDDS,World,0
Kefir,,52.0,3.59,7.48,0.96,0.0,FNDDS:2705394,FNDDS,World,0
Goat milk,,69.0,3.56,4.45,4.14,0.0,FNDDS:2705395,FNDDS,World,0
"Milk, dry, reconstituted, nonfat",,32.0,3.2,4.6,0.07,0.0,FNDDS:2705396,FNDDS,World,0
"Milk, dry, reconstituted, whole",,76.0,4.01,5.86,4.08,0.0,FNDDS:2705397,FNDDS,World,0
"Milk, evaporated, NS as to fat content",,134.0,6.81,10.0,7.56,0.0,FNDDS:2705398,FNDDS,World,0
"Milk, evaporated, whole",,134.0,6.81,10.0,7.56,0.0,FNDDS:2705399,FNDDS,World,0
"Milk, evaporated, reduced fat (2%)",,92.0,7.42,11.2,1.96,0.0,FNDDS:2705400,FNDDS,World,0
"Milk, evaporated, fat free (skim)",,78.0,7.55,11.4,0.2,0.0,FNDDS:2705401,FNDDS,World,0
"Milk, condensed, sweetened",,321.0,7.91,54.4,8.7,0.0,FNDDS:2705402,FNDDS,World,0
"Non-dairy milk, NFS",,31.0,1.14,3.04,1.6,0.1,FNDDS:2705403,FNDDS,World,0
"Soy milk, sweetened",,53.0,3.41,5.22,2.05,0.0,FNDDS:2705404,FNDDS,World,0
"Soy milk, unsweetened",,38.0,3.55,1.29,2.12,0.0,FNDDS:2705405,FNDDS,World,0
"Soy milk, chocolate",,64.0,3.35,8.32,2.03,0.1,FNDDS:2705406,FNDDS,World,0
"Almond milk, sweetened",,30.0,0.53,4.31,1.18,0.0,FNDDS:2705407,FNDDS,World,0
"Almond milk, chocolate",,43.0,0.57,7.44,1.2,0.1,FNDDS:2705408,FNDDS,World,0
"Almond milk, unsweetened",,15.0,0.55,0.34,1.22,0.0,FNDDS:2705409,FNDDS,World,0
"Almond milk, NFS",,20.0,0.54,1.53,1.21,0.0,FNDDS:2705410,FNDDS,World,0
Rice milk,,47.0,0.28,9.17,0.97,0.3,FNDDS:2705411,FNDDS,World,0
Oat milk,,45.0,0.66,5.37,2.33,0.5,FNDDS:2705412,FNDDS,World,0
Coconut milk,,31.0,0.21,2.92,2.08,0.0,FNDDS:2705413,FNDDS,World,0
"Yogurt, NFS",,94.0,6.67,10.2,2.87,0.1,FNDDS:2705414,FNDDS,World,0
"Yogurt, Greek, NS as to type of milk or flavor",,91.0,9.11,10.8,1.33,0.1,FNDDS:2705415,FNDDS,World,0
"Yogurt, NS as to type of milk or flavor",,93.0,4.57,15.7,1.34,0.2,FNDDS:2705416,FNDDS,World,0
"Yogurt, NS as to type of milk, plain",,63.0,5.25,7.04,1.55,0.0,FNDDS:2705417,FNDDS,World,0
"Yogurt, whole milk, plain",,78.0,3.82,5.57,4.48,0.0,FNDDS:2705418,FNDDS,World,0
"Yogurt, low fat milk, plain",,63.0,5.25,7.04,1.55,0.0,FNDDS:2705419,FNDDS,World,0
"Yogurt, nonfat milk, plain",,50.0,4.23,8.08,0.09,0.0,FNDDS:2705420,FNDDS,World,0
"Yogurt, Greek, NS as to type of milk, plain",,67.0,10.2,3.6,1.36,0.0,FNDDS:2705421,FNDDS,World,0
"Yogurt, Greek, whole milk, plain",,94.0,8.78,4.75,4.39,0.0,FNDDS:2705422,FNDDS,World,0
"Yogurt, Greek, low fat milk, plain",,67.0,10.2,3.6,1.36,0.0,FNDDS:2705423,FNDDS,World,0
"Yogurt, Greek, nonfat milk, plain",,59.0,10.3,3.64,0.37,0.0,FNDDS:2705424,FNDDS,World,0
"Yogurt, NS as to type of milk, fruit",,93.0,4.57,15.7,1.34,0.2,FNDDS:2705425,FNDDS,World,0
"Yogurt, whole milk, fruit",,106.0,3.34,14.4,3.86,0.2,FNDDS:2705426,FNDDS,World,0
"Yogurt, low fat milk, fruit",,93.0,4.57,15.7,1.34,0.2,FNDDS:2705427,FNDDS,World,0
"Yogurt, nonfat milk, fruit",,46.0,3.64,7.64,0.08,0.0,FNDDS:2705428,FNDDS,World,0
"Yogurt, Greek, NS as to type of milk, fruit",,91.0,9.11,10.8,1.33,0.1,FNDDS:2705429,FNDDS,World,0
"Yogurt, Greek, whole milk, fruit",,114.0,7.85,11.8,3.91,0.1,FNDDS:2705430,FNDDS,World,0
"Yogurt, Greek, low fat milk, fruit",,91.0,9.11,10.8,1.33,0.1,FNDDS:2705431,FNDDS,World,0
"Yogurt, Greek, nonfat milk, fruit",,83.0,9.21,10.8,0.34,0.1,FNDDS:2705432,FNDDS,World,0
"Yogurt, NS as to type of milk, flavors other than fruit",,82.0,4.51,13.0,1.36,0.0,FNDDS:2705433,FNDDS,World,0
"Yogurt, whole milk, flavors other than fruit",,95.0,3.28,11.8,3.88,0.0,FNDDS:2705434,FNDDS,World,0
"Yogurt, low fat milk, flavors other than fruit",,82.0,4.51,13.0,1.36,0.0,FNDDS:2705435,FNDDS,World,0
"Yogurt, nonfat milk, flavors other than fruit",,47.0,3.64,7.94,0.08,0.0,FNDDS:2705436,FNDDS,World,0
"Yogurt, Greek, NS as to type of milk, flavors other than fruit",,81.0,9.07,8.18,1.34,0.0,FNDDS:2705437,FNDDS,World,0
"Yogurt, Greek, whole milk, flavors other than fruit",,104.0,7.81,9.21,3.92,0.0,FNDDS:2705438,FNDDS,World,0
"Yogurt, Greek, low fat milk, flavors other than fruit",,81.0,9.07,8.18,1.34,0.0,FNDDS:2705439,FNDDS,World,0
"Yogurt, Greek, nonfat milk, flavors other than fruit",,73.0,9.17,8.22,0.34,0.0,FNDDS:2705440,FNDDS,World,0
"Yogurt, Greek, with oats",,149.0,9.22,20.0,3.67,1.5,FNDDS:2705441,FNDDS,World,0
"Yogurt, liquid",,74.0,3.65,12.6,1.07,0.1,FNDDS:2705442,FNDDS,World,0
Yogurt tube,,81.0,4.34,13.7,1.03,0.1,FNDDS:2705443,FNDDS,World,0
"Chipotle dip, yogurt based",,189.0,7.93,3.33,16.0,0.0,FNDDS:2705444,FNDDS,World,0
"Onion dip, yogurt based",,160.0,6.82,4.06,12.9,0.2,FNDDS:2705445,FNDDS,World,0
"Ranch dip, yogurt based",,195.0,8.48,4.13,16.1,0.3,FNDDS:2705446,FNDDS,World,0
"Spinach dip, yogurt based",,159.0,7.02,3.59,13.0,0.3,FNDDS:2705447,FNDDS,World,0
Tzatziki dip,,91.0,5.22,4.1,6.0,0.2,FNDDS:2705448,FNDDS,World,0
"Vegetable dip, yogurt based",,191.0,8.16,3.76,16.0,0.3,FNDDS:2705449,FNDDS,World,0
"Yogurt parfait, with fruit",,104.0,5.25,16.1,2.18,1.3,FNDDS:2705450,FNDDS,World,0
"Frozen yogurt, NFS",,127.0,3.0,21.6,3.6,0.0,FNDDS:2705451,FNDDS,World,0
"Frozen yogurt, vanilla",,127.0,3.0,21.6,3.6,0.0,FNDDS:2705452,FNDDS,World,0
"Frozen yogurt, chocolate",,131.0,3.0,21.6,3.6,2.3,FNDDS:2705453,FNDDS,World,0
"Frozen yogurt, soft serve, vanilla",,159.0,4.0,24.2,5.6,0.0,FNDDS:2705454,FNDDS,World,0
"Frozen yogurt, soft serve, chocolate",,160.0,4.31,24.9,5.76,0.7,FNDDS:2705455,FNDDS,World,0
Frozen yogurt sandwich,,204.0,3.9,34.4,6.25,0.8,FNDDS:2705456,FNDDS,American,0
"Frozen yogurt bar, vanilla",,127.0,3.0,21.6,3.6,0.0,FNDDS:2705457,FNDDS,World,0
"Frozen yogurt bar, chocolate",,131.0,3.0,21.6,3.6,2.3,FNDDS:2705458,FNDDS,World,0
"Frozen yogurt cone, chocolate",,142.0,3.2,23.9,3.73,2.3,FNDDS:2705459,FNDDS,World,0
"Frozen yogurt cone, vanilla",,139.0,3.2,23.9,3.73,0.1,FNDDS:2705460,FNDDS,World,0
"Frozen yogurt cone, vanilla, waffle cone",,143.0,3.29,25.3,3.61,0.1,FNDDS:2705461,FNDDS,American,0
"Frozen yogurt cone, chocolate, waffle cone",,147.0,3.29,25.3,3.61,2.3,FNDDS:2705462,FNDDS,American,0
"Baby Toddler food, NFS",,75.0,4.9,9.08,2.15,1.1,FNDDS:2705463,FNDDS,World,0
"Baby Toddler yogurt, plain",,78.0,3.82,5.57,4.48,0.0,FNDDS:2705464,FNDDS,World,0
"Baby Toddler yogurt, with fruit",,98.0,3.48,11.9,4.04,0.1,FNDDS:2705465,FNDDS,World,0
"Chocolate milk, NFS",,65.0,3.44,11.0,0.83,0.1,FNDDS:2705466,FNDDS,World,0
"Chocolate milk, whole",,83.0,3.17,10.3,3.39,0.8,FNDDS:2705467,FNDDS,World,0
"Chocolate milk, reduced fat (2%)",,76.0,2.99,12.1,1.9,0.7,FNDDS:2705468,FNDDS,World,0
"Chocolate milk, fat free (skim)",,67.0,3.39,13.5,0.0,0.0,FNDDS:2705469,FNDDS,World,0
"Chocolate milk, low fat (1%)",,64.0,3.46,10.2,1.11,0.1,FNDDS:2705470,FNDDS,World,0
"Chocolate milk, reduced sugar, NFS",,65.0,3.09,8.56,1.99,0.0,FNDDS:2705471,FNDDS,World,0
"Hot chocolate / cocoa, NFS",,72.0,1.82,13.9,1.04,0.2,FNDDS:2705472,FNDDS,World,0
"Hot chocolate / cocoa, made with whole or reduced fat (2%) milk",,91.0,2.73,16.5,1.54,0.0,FNDDS:2705473,FNDDS,World,0
"Hot chocolate / cocoa, made with lowfat (1%) or fat free (skim) milk",,78.0,2.79,16.6,0.06,0.0,FNDDS:2705474,FNDDS,World,0
"Hot chocolate / cocoa, made with non-dairy milk",,76.0,0.93,15.0,1.3,0.1,FNDDS:2705475,FNDDS,World,0
"Hot chocolate / cocoa, with whipped cream",,101.0,2.7,16.2,2.8,0.0,FNDDS:2705476,FNDDS,World,0
"Chocolate milk, Nesquik, NS as to type of milk",,74.0,3.41,10.1,2.15,0.3,FNDDS:2705477,FNDDS,World,0
"Chocolate milk, Nesquik, made with non-dairy milk",,54.0,1.35,8.41,1.64,0.4,FNDDS:2705478,FNDDS,World,0
"Chocolate milk, reduced sugar, whole",,73.0,3.04,8.38,2.92,0.0,FNDDS:2705479,FNDDS,World,0
"Chocolate milk, reduced sugar, reduced fat (2%)",,63.0,3.11,8.62,1.78,0.0,FNDDS:2705480,FNDDS,World,0
"Chocolate milk, reduced sugar, low fat (1%)",,57.0,3.13,8.87,0.95,0.0,FNDDS:2705481,FNDDS,World,0
"Chocolate milk, reduced sugar, fat free (skim)",,49.0,3.18,8.64,0.19,0.0,FNDDS:2705482,FNDDS,World,0
"Hot chocolate / cocoa, dry mix, made with water",,54.0,0.9,11.3,0.54,0.5,FNDDS:2705483,FNDDS,World,0
"Hot chocolate / cocoa, dry mix, made with whole or reduced fat (2%) milk",,97.0,3.81,15.5,2.18,0.5,FNDDS:2705484,FNDDS,World,0
"Hot chocolate / cocoa, dry mix, made with lowfat (1%) or fat free (skim) milk",,83.0,3.87,15.5,0.61,0.5,FNDDS:2705485,FNDDS,World,0
"Hot chocolate / cocoa, dry mix , made with non-dairy milk",,81.0,1.88,13.9,1.92,0.6,FNDDS:2705486,FNDDS,World,0
"Hot chocolate / cocoa, dry mix, made with water, with whipped cream",,65.0,0.94,11.2,1.83,0.5,FNDDS:2705487,FNDDS,World,0
"Hot chocolate / cocoa, dry mix, reduced sugar, made with water",,31.0,1.26,5.87,0.24,0.6,FNDDS:2705488,FNDDS,World,0
"Hot chocolate / cocoa, dry mix, reduced sugar, made with whole or reduced fat (2%) milk",,77.0,4.35,10.4,1.99,0.6,FNDDS:2705489,FNDDS,World,0
"Hot chocolate / cocoa, reduced sugar, made with non-dairy milk",,54.0,1.19,8.92,1.48,0.1,FNDDS:2705490,FNDDS,World,0
"Hot chocolate / cocoa, reduced sugar, made with whole or reduced fat (2%) milk",,69.0,2.99,10.4,1.73,0.0,FNDDS:2705491,FNDDS,World,0
"Hot chocolate / cocoa, dry mix, reduced sugar, made with lowfat (1%) or fat free (skim) milk",,62.0,4.41,10.4,0.32,0.6,FNDDS:2705492,FNDDS,World,0
"Hot chocolate / cocoa, reduced sugar, made with lowfat (1%) or fat free (skim) milk",,56.0,3.05,10.4,0.25,0.0,FNDDS:2705493,FNDDS,World,0
"Hot chocolate / cocoa, dry mix, reduced sugar, made with non-dairy milk",,59.0,2.31,8.66,1.72,0.7,FNDDS:2705494,FNDDS,World,0
"Strawberry milk, NFS",,65.0,3.2,8.54,2.06,0.0,FNDDS:2705495,FNDDS,World,0
"Strawberry milk, whole",,86.0,3.03,11.8,2.97,0.0,FNDDS:2705496,FNDDS,World,0
"Strawberry milk, reduced fat (2%)",,71.0,3.16,10.7,1.8,0.0,FNDDS:2705497,FNDDS,World,0
"Strawberry milk, low fat (1%)",,69.0,3.13,12.3,0.89,0.0,FNDDS:2705498,FNDDS,World,0
"Strawberry milk, fat free  (skim)",,61.0,3.18,12.1,0.09,0.0,FNDDS:2705499,FNDDS,World,0
"Strawberry milk, reduced sugar",,59.0,3.27,6.72,2.1,0.0,FNDDS:2705500,FNDDS,World,0
"Milk, malted",,66.0,3.19,8.64,2.05,0.0,FNDDS:2705501,FNDDS,World,0
Eggnog,,88.0,4.55,8.05,4.19,0.0,FNDDS:2705502,FNDDS,World,0
"Milk shake, home recipe, chocolate",,120.0,3.47,13.5,6.14,0.5,FNDDS:2705503,FNDDS,World,0
"Milk shake, home recipe, flavors other than chocolate",,113.0,3.35,11.4,5.98,0.2,FNDDS:2705504,FNDDS,World,0
"Milk shake, home recipe, chocolate, light",,97.0,3.99,12.9,3.31,0.3,FNDDS:2705505,FNDDS,World,0
"Milk shake, home recipe, flavors other than chocolate, light",,92.0,3.88,13.8,2.33,0.1,FNDDS:2705506,FNDDS,World,0
Milk shake with malt,,125.0,3.76,13.6,6.11,0.2,FNDDS:2705507,FNDDS,World,0
"Milk shake, fast food, chocolate",,150.0,3.7,20.4,6.66,1.6,FNDDS:2705508,FNDDS,World,0
"Milk shake, fast food, flavors other than chocolate",,148.0,3.37,19.6,6.52,0.9,FNDDS:2705509,FNDDS,World,0
"Milk shake, bottled, chocolate",,150.0,3.7,20.4,6.66,1.6,FNDDS:2705510,FNDDS,World,0
"Milk shake, bottled, flavors other than chocolate",,148.0,3.37,19.6,6.52,0.9,FNDDS:2705511,FNDDS,World,0
Licuado or Batido,,75.0,2.33,13.2,1.45,0.6,FNDDS:2705512,FNDDS,World,0
"Fruit smoothie, NFS",,66.0,2.32,12.0,1.1,1.1,FNDDS:2705513,FNDDS,World,0
"Fruit smoothie, with whole fruit and dairy",,66.0,2.32,12.0,1.1,1.1,FNDDS:2705514,FNDDS,World,0
"Fruit smoothie, with whole fruit and dairy, added protein",,79.0,7.35,10.0,1.24,1.1,FNDDS:2705515,FNDDS,World,0
"Fruit smoothie juice drink, with dairy",,65.0,0.86,15.0,0.14,0.9,FNDDS:2705516,FNDDS,World,0
Chocolate milk drink,,49.0,0.64,10.7,0.4,0.6,FNDDS:2705517,FNDDS,World,0
"Infant formula, NFS",,66.0,1.38,7.12,3.56,0.0,FNDDS:2705518,FNDDS,World,0
"Infant formula, Similac, NFS",,65.0,1.37,6.9,3.6,0.0,FNDDS:2705519,FNDDS,World,0
"Infant formula, Similac Alimentum, ready-to-feed",,67.0,1.8,6.77,3.63,0.0,FNDDS:2705520,FNDDS,World,0
"Infant formula, Similac Alimentum, powder, made with water",,67.0,1.8,6.77,3.63,0.0,FNDDS:2705521,FNDDS,World,0
"Infant formula, Similac Advance, ready-to-feed",,66.0,1.37,6.87,3.62,0.0,FNDDS:2705522,FNDDS,World,0
"Infant formula, Similac Advance, powder, made with tap water",,66.0,1.37,6.87,3.62,0.0,FNDDS:2705523,FNDDS,World,0
"Infant formula, Similac Advance, powder, made with bottled water",,66.0,1.37,6.87,3.62,0.0,FNDDS:2705524,FNDDS,World,0
"Infant formula, Similac Advance, powder, made with baby water",,66.0,1.37,6.87,3.62,0.0,FNDDS:2705525,FNDDS,World,0
"Infant formula, Similac Sensitive, ready-to-feed",,65.0,1.4,6.99,3.53,0.0,FNDDS:2705526,FNDDS,World,0
"Infant formula, Similac Sensitive, powder, made with tap water",,65.0,1.4,6.99,3.53,0.0,FNDDS:2705527,FNDDS,World,0
"Infant formula, Similac Sensitive, powder, made with bottled water",,65.0,1.4,6.99,3.53,0.0,FNDDS:2705528,FNDDS,World,0
"Infant formula, Similac Sensitive, powder, made with baby water",,65.0,1.4,6.99,3.53,0.0,FNDDS:2705529,FNDDS,World,0
"Infant formula, Similac for Spit-Up, ready-to-feed",,65.0,1.38,6.9,3.48,0.0,FNDDS:2705530,FNDDS,World,0
"Infant formula, Similac for Spit-Up, powder, made with water",,65.0,1.38,6.9,3.48,0.0,FNDDS:2705531,FNDDS,World,0
"Toddler formula, Similac Go and Grow",,58.0,1.73,5.87,3.11,0.0,FNDDS:2705532,FNDDS,World,0
"Infant formula, Enfamil, NFS",,66.0,1.43,7.36,3.49,0.0,FNDDS:2705533,FNDDS,World,0
"Infant formula, Enfamil Infant, ready-to-feed",,66.0,1.4,7.38,3.49,0.0,FNDDS:2705534,FNDDS,World,0
"Infant formula, Enfamil Infant, powder, made with tap water",,66.0,1.4,7.38,3.49,0.0,FNDDS:2705535,FNDDS,World,0
"Infant formula, Enfamil Infant, powder, made with bottled water",,66.0,1.4,7.38,3.49,0.0,FNDDS:2705536,FNDDS,World,0
"Infant formula, Enfamil Infant, powder, made with baby water",,66.0,1.4,7.38,3.49,0.0,FNDDS:2705537,FNDDS,World,0
"Infant formula, Enfamil AR, ready-to-feed",,65.0,1.6,7.43,3.24,0.0,FNDDS:2705538,FNDDS,World,0
"Infant formula, Enfamil AR, powder, made with water",,65.0,1.6,7.43,3.24,0.0,FNDDS:2705539,FNDDS,World,0
"Infant formula, Enfamil Gentlease, ready-to-feed",,67.0,1.51,7.31,3.49,0.0,FNDDS:2705540,FNDDS,World,0
"Infant formula, Enfamil Gentlease, powder, made with tap water",,67.0,1.51,7.31,3.49,0.0,FNDDS:2705541,FNDDS,World,0
"Infant formula, Enfamil Gentlease, powder, made with bottled water",,67.0,1.51,7.31,3.49,0.0,FNDDS:2705542,FNDDS,World,0
"Infant formula, Enfamil Gentlease, powder, made with baby water",,67.0,1.51,7.31,3.49,0.0,FNDDS:2705543,FNDDS,World,0
"Toddler formula, Enfamil Enfagrow",,67.0,1.7,7.0,3.52,0.0,FNDDS:2705544,FNDDS,World,0
"Toddler formula, PediaSure",,99.0,2.86,11.2,4.77,0.0,FNDDS:2705545,FNDDS,World,0
"Toddler formula, Nido Kinder",,62.0,1.72,6.43,3.32,0.0,FNDDS:2705546,FNDDS,World,0
"Toddler formula, store brand, beginning or next stage",,62.0,1.72,6.43,3.32,0.0,FNDDS:2705547,FNDDS,World,0
"Toddler formula, store brand, pediatric shake",,99.0,2.86,11.2,4.77,0.0,FNDDS:2705548,FNDDS,World,0
"Infant formula, Gerber, NFS",,65.0,1.49,7.26,3.33,0.0,FNDDS:2705549,FNDDS,World,0
"Infant formula, Gerber Good Start Gentle, Stage 1, ready-to-feed",,66.0,1.45,7.3,3.34,0.0,FNDDS:2705550,FNDDS,World,0
"Infant formula, Gerber Good Start Gentle, Stage 1, powder, made with tap water",,66.0,1.45,7.3,3.34,0.0,FNDDS:2705551,FNDDS,World,0
"Infant formula, Gerber Good Start Gentle, Stage 1, powder, made with bottled water",,66.0,1.45,7.3,3.34,0.0,FNDDS:2705552,FNDDS,World,0
"Infant formula, Gerber Good Start Gentle, Stage 1, powder, made with baby water",,66.0,1.45,7.3,3.34,0.0,FNDDS:2705553,FNDDS,World,0
"Infant formula, Gerber Good Start Gentle, Stage 2",,66.0,1.45,7.3,3.34,0.0,FNDDS:2705554,FNDDS,World,0
"Toddler formula, Gerber Good Start, Stage 3",,62.0,1.72,6.43,3.32,0.0,FNDDS:2705555,FNDDS,World,0
"Infant formula, premature, powder, made with water",,71.0,1.96,7.34,3.78,0.0,FNDDS:2705556,FNDDS,World,0
"Infant formula, premature, ready-to-feed",,71.0,1.96,7.34,3.78,0.0,FNDDS:2705557,FNDDS,World,0
"Infant formula, organic, powder, made with water",,66.0,1.38,7.12,3.56,0.0,FNDDS:2705558,FNDDS,World,0
"Infant formula, organic, ready-to-feed",,66.0,1.38,7.12,3.56,0.0,FNDDS:2705559,FNDDS,World,0
"Infant formula, store brand, advantage or tender, powder, made with tap water",,66.0,1.38,7.12,3.56,0.0,FNDDS:2705560,FNDDS,World,0
"Infant formula, store brand, advantage or tender, powder, made with bottled water",,66.0,1.38,7.12,3.56,0.0,FNDDS:2705561,FNDDS,World,0
"Infant formula, store brand, advantage or tender, powder, made with baby water",,66.0,1.38,7.12,3.56,0.0,FNDDS:2705562,FNDDS,World,0
"Infant formula, store brand, gentle or sensitivity",,66.0,1.46,7.15,3.51,0.0,FNDDS:2705563,FNDDS,World,0
"Infant formula, store brand, added rice",,65.0,1.49,7.17,3.36,0.0,FNDDS:2705564,FNDDS,World,0
"Infant formula, Enfamil ProSobee, ready-to-feed",,66.0,1.64,7.07,3.49,0.0,FNDDS:2705565,FNDDS,World,0
"Infant formula, Enfamil ProSobee, powder, made with tap water",,66.0,1.64,7.07,3.49,0.0,FNDDS:2705566,FNDDS,World,0
"Infant formula, Enfamil ProSobee, powder, made with bottled water",,66.0,1.64,7.07,3.49,0.0,FNDDS:2705567,FNDDS,World,0
"Infant formula, Enfamil ProSobee, powder, made with baby water",,66.0,1.64,7.07,3.49,0.0,FNDDS:2705568,FNDDS,World,0
"Infant formula, Similac Isomil Soy, ready-to-feed",,65.0,1.58,6.73,3.53,0.0,FNDDS:2705569,FNDDS,World,0
"Infant formula, Similac Isomil Soy, powder, made with tap water",,65.0,1.58,6.73,3.53,0.0,FNDDS:2705570,FNDDS,World,0
"Infant formula, Similac Isomil Soy, powder, made with bottled water",,65.0,1.58,6.73,3.53,0.0,FNDDS:2705571,FNDDS,World,0
"Infant formula, Similac Isomil Soy, powder, made with baby water",,65.0,1.58,6.73,3.53,0.0,FNDDS:2705572,FNDDS,World,0
"Infant formula, Similac for Diarrhea",,66.0,1.76,6.67,3.6,0.7,FNDDS:2705573,FNDDS,World,0
"Infant formula, Gerber Good Start Soy, Stage 1, ready-to-feed",,64.0,1.6,7.12,3.28,0.0,FNDDS:2705574,FNDDS,World,0
"Infant formula, Gerber Good Start Soy, Stage 1, powder, made with tap water",,64.0,1.6,7.12,3.28,0.0,FNDDS:2705575,FNDDS,World,0
"Infant formula, Gerber Good Start Soy, Stage 1, powder, made with bottled water",,64.0,1.6,7.12,3.28,0.0,FNDDS:2705576,FNDDS,World,0
"Infant formula, Gerber Good Start Soy, Stage 1, powder, made with baby water",,64.0,1.6,7.12,3.28,0.0,FNDDS:2705577,FNDDS,World,0
"Infant formula, store brand, soy",,66.0,1.61,6.9,3.51,0.0,FNDDS:2705578,FNDDS,World,0
"Infant formula, Enfamil Nutramigen, ready-to-feed",,67.0,1.82,6.94,3.49,0.0,FNDDS:2705579,FNDDS,World,0
"Infant formula, Enfamil Nutramigen, powder, made with water",,67.0,1.82,6.94,3.49,0.0,FNDDS:2705580,FNDDS,World,0
"Infant formula, Enfamil Pregestimil, ready-to-feed",,67.0,1.81,6.76,3.62,0.0,FNDDS:2705581,FNDDS,World,0
"Infant formula, Enfamil Pregestimil, powder, made with water",,67.0,1.81,6.76,3.62,0.0,FNDDS:2705582,FNDDS,World,0
"Infant formula, amino acids",,66.0,1.8,7.21,3.36,0.0,FNDDS:2705583,FNDDS,World,0
"Infant formula, low iron",,66.0,1.43,6.9,3.6,0.0,FNDDS:2705584,FNDDS,World,0
"Milk, dry, not reconstituted",,362.0,36.2,52.0,0.77,0.0,FNDDS:2705585,FNDDS,World,0
"Whey, sweet, dry",,353.0,12.9,74.5,1.07,0.0,FNDDS:2705586,FNDDS,World,0
"Cocoa powder, not reconstituted",,228.0,19.6,57.9,13.7,37.0,FNDDS:2705587,FNDDS,World,0
"Chocolate beverage powder, dry mix, not reconstituted",,400.0,4.55,90.3,2.27,4.5,FNDDS:2705588,FNDDS,World,0
"Chocolate beverage powder, light, dry mix, not reconstituted",,350.0,9.09,68.3,4.5,9.1,FNDDS:2705589,FNDDS,World,0
"Milk, malted, dry mix, not reconstituted",,372.0,0.0,93.0,0.0,0.0,FNDDS:2705590,FNDDS,World,0
"Strawberry beverage powder, dry mix, not reconstituted",,389.0,0.1,99.1,0.2,0.0,FNDDS:2705591,FNDDS,World,0
"Cream, NS as to light, heavy, or half and half",,131.0,3.13,4.3,11.5,0.0,FNDDS:2705592,FNDDS,World,0
"Cream, light",,195.0,2.96,3.66,19.1,0.0,FNDDS:2705593,FNDDS,World,0
"Cream, half and half",,131.0,3.13,4.3,11.5,0.0,FNDDS:2705594,FNDDS,World,0
"Cream, half and half, flavored",,130.0,3.07,4.5,11.3,0.0,FNDDS:2705595,FNDDS,World,0
"Cream, half and half, fat free",,59.0,2.6,9.0,1.4,0.0,FNDDS:2705596,FNDDS,World,0
"Cream, heavy",,343.0,2.02,3.8,35.6,0.0,FNDDS:2705597,FNDDS,World,0
"Cream, whipped",,346.0,1.9,9.49,33.4,0.0,FNDDS:2705598,FNDDS,World,0
"Coffee creamer, NFS",,136.0,1.0,11.4,9.97,0.0,FNDDS:2705599,FNDDS,World,0
"Coffee creamer, liquid",,136.0,1.0,11.4,9.97,0.0,FNDDS:2705600,FNDDS,World,0
"Coffee creamer, liquid, flavored",,251.0,0.69,35.1,13.5,1.1,FNDDS:2705601,FNDDS,World,0
"Coffee creamer, liquid, fat free",,71.0,0.8,9.1,3.5,0.0,FNDDS:2705602,FNDDS,World,0
"Coffee creamer, liquid, fat free, flavored",,154.0,0.6,31.7,2.7,0.0,FNDDS:2705603,FNDDS,World,0
"Coffee creamer, liquid, fat free, sugar free, flavored",,71.0,0.8,9.1,3.5,0.0,FNDDS:2705604,FNDDS,World,0
"Coffee creamer, liquid, sugar free, flavored",,71.0,0.8,9.1,3.5,0.0,FNDDS:2705605,FNDDS,World,0
"Coffee creamer, powder",,529.0,2.48,59.3,32.9,0.0,FNDDS:2705606,FNDDS,World,0
"Coffee creamer, powder, flavored",,482.0,0.68,75.4,21.5,1.2,FNDDS:2705607,FNDDS,World,0
"Coffee creamer, powder, fat free",,431.0,1.9,73.4,15.7,0.0,FNDDS:2705608,FNDDS,World,0
"Coffee creamer,powder, sugar free, flavored",,529.0,2.48,59.3,32.9,0.0,FNDDS:2705609,FNDDS,World,0
"Coffee creamer, soy, liquid",,136.0,1.0,11.4,9.97,0.0,FNDDS:2705610,FNDDS,World,0
Whipped topping,,318.0,1.25,23.0,25.3,0.0,FNDDS:2705611,FNDDS,World,0
"Whipped topping, fat free",,224.0,3.0,23.6,13.1,0.0,FNDDS:2705612,FNDDS,World,0
"Whipped topping, sugar free",,224.0,3.0,23.6,13.1,0.0,FNDDS:2705613,FNDDS,World,0
"Sour cream, regular",,196.0,3.07,5.56,18.0,0.0,FNDDS:2705614,FNDDS,World,0
"Sour cream, light",,136.0,3.5,7.1,10.6,0.0,FNDDS:2705615,FNDDS,World,0
"Sour cream, fat free",,74.0,3.1,15.6,0.0,0.0,FNDDS:2705616,FNDDS,World,0
"Sour cream, imitation",,208.0,2.4,6.63,19.5,0.0,FNDDS:2705617,FNDDS,World,0
"Dip, NFS",,432.0,2.55,3.94,45.2,0.3,FNDDS:2705618,FNDDS,World,0
"Chipotle dip, regular",,426.0,1.99,3.15,45.1,0.0,FNDDS:2705619,FNDDS,World,0
"Chipotle dip, light",,195.0,1.82,13.2,15.2,0.0,FNDDS:2705620,FNDDS,World,0
"Onion dip, regular",,346.0,2.15,3.92,35.8,0.2,FNDDS:2705621,FNDDS,World,0
"Onion dip, light",,166.0,2.0,11.9,12.4,0.1,FNDDS:2705622,FNDDS,World,0
"Ranch dip, regular",,432.0,2.55,3.94,45.2,0.3,FNDDS:2705623,FNDDS,World,0
"Ranch dip, light",,201.0,2.35,14.0,15.2,0.2,FNDDS:2705624,FNDDS,World,0
"Spinach dip, regular",,345.0,2.35,3.44,35.8,0.3,FNDDS:2705625,FNDDS,World,0
"Spinach dip, light",,165.0,2.2,11.4,12.4,0.3,FNDDS:2705626,FNDDS,World,0
"Vegetable dip, regular",,429.0,2.23,3.57,45.1,0.3,FNDDS:2705627,FNDDS,World,0
"Vegetable dip, light",,198.0,2.04,13.6,15.2,0.3,FNDDS:2705628,FNDDS,World,0
"Ice cream, NFS",,221.0,3.57,26.4,11.3,0.8,FNDDS:2705629,FNDDS,World,0
"Ice cream, vanilla",,207.0,3.5,23.6,11.0,0.7,FNDDS:2705630,FNDDS,World,0
"Ice cream, vanilla, with additional ingredients",,242.0,3.67,30.5,11.8,1.0,FNDDS:2705631,FNDDS,World,0
"Ice cream, chocolate",,216.0,3.8,28.2,11.0,1.2,FNDDS:2705632,FNDDS,World,0
"Ice cream, chocolate, with additional ingredients",,249.0,3.93,34.4,11.8,1.5,FNDDS:2705633,FNDDS,World,0
"Ice cream, soft serve, vanilla",,180.0,4.78,29.5,4.83,0.3,FNDDS:2705634,FNDDS,World,0
"Ice cream, soft serve, chocolate",,187.0,5.0,25.7,7.19,0.8,FNDDS:2705635,FNDDS,World,0
"Gelato, vanilla",,249.0,3.5,22.3,16.2,0.0,FNDDS:2705636,FNDDS,World,0
"Gelato, chocolate",,251.0,4.72,19.8,17.0,0.9,FNDDS:2705637,FNDDS,World,0
"Ice cream bar, vanilla",,358.0,2.11,37.1,25.3,1.1,FNDDS:2705638,FNDDS,World,0
"Ice cream bar, vanilla, chocolate coated",,331.0,4.1,24.5,24.1,0.8,FNDDS:2705639,FNDDS,World,0
Ice cream candy bar,,323.0,4.4,30.9,20.2,0.6,FNDDS:2705640,FNDDS,World,0
"Ice cream bar, chocolate",,329.0,4.41,25.2,23.9,1.5,FNDDS:2705641,FNDDS,World,0
"Ice cream sandwich, vanilla",,264.0,4.28,35.9,11.8,1.4,FNDDS:2705642,FNDDS,American,0
"Ice cream sandwich, chocolate",,270.0,4.5,39.3,11.8,1.8,FNDDS:2705643,FNDDS,American,0
Ice cream cookie sandwich,,317.0,4.61,43.4,14.1,1.7,FNDDS:2705644,FNDDS,American,0
"Ice cream cone, scooped, vanilla",,215.0,3.68,25.8,10.8,0.8,FNDDS:2705645,FNDDS,World,0
"Ice cream cone, scooped, vanilla, waffle cone",,218.0,3.76,27.2,10.6,0.8,FNDDS:2705646,FNDDS,American,0
"Ice cream cone, NFS",,229.0,3.75,28.5,11.1,0.9,FNDDS:2705647,FNDDS,World,0
"Ice cream cone, scooped, chocolate",,224.0,3.97,30.2,10.8,1.3,FNDDS:2705648,FNDDS,World,0
"Ice cream cone, scooped, chocolate, waffle cone",,227.0,4.04,31.5,10.6,1.2,FNDDS:2705649,FNDDS,American,0
"Ice cream cone, soft serve, vanilla",,189.0,4.91,31.4,4.91,0.4,FNDDS:2705650,FNDDS,World,0
"Ice cream cone, soft serve, chocolate",,196.0,5.12,27.8,7.18,0.9,FNDDS:2705651,FNDDS,World,0
"Ice cream cone, soft serve, vanilla, waffle cone",,193.0,4.96,32.7,4.77,0.4,FNDDS:2705652,FNDDS,American,0
"Ice cream cone, soft serve, chocolate, waffle cone",,200.0,5.17,29.1,6.99,0.9,FNDDS:2705653,FNDDS,American,0
"Ice cream cone, vanilla, prepackaged",,354.0,5.21,34.4,21.9,1.0,FNDDS:2705654,FNDDS,World,0
"Ice cream cone, chocolate, prepackaged",,353.0,5.35,34.6,21.8,1.4,FNDDS:2705655,FNDDS,World,0
"Ice cream soda, flavors other than chocolate",,85.0,0.92,14.0,2.9,0.2,FNDDS:2705656,FNDDS,World,0
"Ice cream soda, chocolate",,87.0,1.0,15.2,2.9,0.3,FNDDS:2705657,FNDDS,World,0
"Ice cream sundae, NFS",,243.0,3.7,31.9,11.2,1.1,FNDDS:2705658,FNDDS,World,0
"Ice cream sundae, fruit topping",,221.0,2.72,32.7,9.2,0.7,FNDDS:2705659,FNDDS,World,0
Banana split,,199.0,2.42,32.6,6.88,1.0,FNDDS:2705660,FNDDS,World,0
"Ice cream sundae, hot fudge topping",,243.0,3.7,31.9,11.2,1.1,FNDDS:2705661,FNDDS,World,0
"Ice cream sundae, caramel topping",,213.0,2.95,30.6,9.18,0.5,FNDDS:2705662,FNDDS,World,0
"Ice cream, fried",,282.0,3.94,32.8,15.2,1.2,FNDDS:2705663,FNDDS,World,0
"Light ice cream, NFS",,174.0,4.38,25.4,6.14,0.2,FNDDS:2705664,FNDDS,World,0
"Light ice cream, vanilla",,174.0,4.38,25.4,6.14,0.2,FNDDS:2705665,FNDDS,World,0
"Light ice cream, chocolate",,180.0,4.27,26.2,6.46,0.8,FNDDS:2705666,FNDDS,World,0
"Soft serve, blended with candy or cookies, from fast food",,176.0,4.0,26.2,6.06,0.2,FNDDS:2705667,FNDDS,American,0
"Light ice cream sandwich, vanilla",,239.0,4.93,37.3,8.15,1.0,FNDDS:2705668,FNDDS,American,0
"Light ice cream sandwich, chocolate",,243.0,4.85,37.9,8.4,1.5,FNDDS:2705669,FNDDS,American,0
"Light ice cream bar, vanilla",,236.0,3.23,18.8,16.6,0.1,FNDDS:2705670,FNDDS,World,0
"Light ice cream bar, vanilla, chocolate coated",,236.0,3.39,19.2,16.6,0.5,FNDDS:2705671,FNDDS,World,0
"Light ice cream bar, chocolate",,240.0,3.31,19.7,16.9,1.0,FNDDS:2705672,FNDDS,World,0
Creamsicle,,165.0,1.54,32.8,3.08,0.0,FNDDS:2705673,FNDDS,World,0
Fudgesicle,,163.0,2.56,30.0,3.67,1.0,FNDDS:2705674,FNDDS,World,0
"Light ice cream cone, vanilla, prepackaged",,223.0,5.41,34.2,7.3,0.7,FNDDS:2705675,FNDDS,World,0
"Light ice cream cone, chocolate, prepackaged",,227.0,5.32,34.9,7.56,1.3,FNDDS:2705676,FNDDS,World,0
"Sherbet, all flavors",,144.0,1.1,30.4,2.0,1.3,FNDDS:2705677,FNDDS,World,0
"Fudgesicle, light",,124.0,3.67,23.1,1.87,1.5,FNDDS:2705678,FNDDS,World,0
"Pudding, chocolate, NFS",,142.0,2.09,23.0,4.6,0.0,FNDDS:2705679,FNDDS,World,0
"Pudding, bread",,156.0,5.6,23.5,4.86,1.0,FNDDS:2705680,FNDDS,World,0
"Pudding, flavors other than chocolate, NFS",,130.0,1.45,22.6,3.78,0.0,FNDDS:2705681,FNDDS,World,0
Custard,,97.0,5.08,11.0,3.64,0.0,FNDDS:2705682,FNDDS,World,0
Flan,,178.0,5.23,28.2,4.94,0.0,FNDDS:2705683,FNDDS,World,0
Creme brulee,,113.0,4.06,17.8,2.83,0.0,FNDDS:2705684,FNDDS,World,0
"Pudding, rice",,108.0,3.23,18.4,2.15,0.3,FNDDS:2705685,FNDDS,World,0
"Firni, Indian pudding",,144.0,3.58,25.1,3.11,0.3,FNDDS:2705686,FNDDS,World,0
"Pudding, tapioca, made from dry mix",,130.0,1.95,21.7,3.88,0.0,FNDDS:2705687,FNDDS,World,0
"Pudding, flavors other than chocolate, made from dry mix",,106.0,2.78,19.4,1.89,0.0,FNDDS:2705688,FNDDS,World,0
"Pudding, chocolate, made from dry mix",,113.0,3.14,20.3,2.1,0.7,FNDDS:2705689,FNDDS,World,0
"Pudding, flavors other than chocolate, made from dry mix, sugar free",,70.0,3.18,9.53,2.07,0.0,FNDDS:2705690,FNDDS,World,0
"Pudding, chocolate, made from dry mix, sugar free",,76.0,3.48,10.5,2.16,0.5,FNDDS:2705691,FNDDS,World,0
"Pudding, flavors other than chocolate, ready-to-eat",,130.0,1.45,22.6,3.78,0.0,FNDDS:2705692,FNDDS,World,0
"Pudding, flavors other than chocolate, ready-to-eat, sugar free",,70.0,3.18,9.53,2.07,0.0,FNDDS:2705693,FNDDS,World,0
"Pudding, chocolate, ready-to-eat",,142.0,2.09,23.0,4.6,0.0,FNDDS:2705694,FNDDS,World,0
"Pudding, chocolate, ready-to-eat, sugar free",,76.0,3.48,10.5,2.16,0.5,FNDDS:2705695,FNDDS,World,0
"Pudding, tapioca, ready-to-eat",,130.0,1.95,21.7,3.88,0.0,FNDDS:2705696,FNDDS,World,0
Banana pudding,,160.0,2.57,28.0,4.26,0.7,FNDDS:2705697,FNDDS,World,0
Mousse,,212.0,4.2,16.2,15.1,0.6,FNDDS:2705698,FNDDS,World,0
Dulce de leche,,315.0,6.84,55.4,7.35,0.0,FNDDS:2705699,FNDDS,World,0
"Barfi or Burfi, Indian dessert",,284.0,5.42,40.4,11.4,0.4,FNDDS:2705700,FNDDS,World,0
Trifle,,169.0,3.52,23.2,7.15,0.4,FNDDS:2705701,FNDDS,World,0
Tiramisu,,353.0,5.65,29.4,23.9,0.6,FNDDS:2705702,FNDDS,World,0
White sauce or gravy,,144.0,3.84,9.21,10.2,0.2,FNDDS:2705703,FNDDS,World,0
"Cheese, NFS",,381.0,20.7,4.33,31.3,0.0,FNDDS:2705704,FNDDS,World,0
"Cheese, Blue or Roquefort",,353.0,21.4,2.34,28.7,0.0,FNDDS:2705705,FNDDS,World,0
"Cheese, Brick",,371.0,23.2,2.79,29.7,0.0,FNDDS:2705706,FNDDS,World,0
"Cheese, Camembert",,300.0,19.8,0.46,24.3,0.0,FNDDS:2705707,FNDDS,World,0
"Cheese, Brie",,334.0,20.8,0.45,27.7,0.0,FNDDS:2705708,FNDDS,World,0
"Cheese, Cheddar",,409.0,23.3,2.44,34.0,0.0,FNDDS:2705709,FNDDS,World,0
"Cheese, Cheddar, reduced fat",,316.0,27.4,2.67,20.4,0.0,FNDDS:2705710,FNDDS,World,0
"Cheese, Cheddar, nonfat or fat free",,157.0,32.1,7.14,0.0,0.0,FNDDS:2705711,FNDDS,World,0
"Cheese, Colby",,394.0,23.8,2.57,32.1,0.0,FNDDS:2705712,FNDDS,World,0
"Cheese, Colby Jack",,393.0,23.2,2.24,32.4,0.0,FNDDS:2705713,FNDDS,World,0
"Cheese, Feta",,273.0,19.7,5.58,19.1,0.0,FNDDS:2705714,FNDDS,World,0
"Cheese, Fontina",,389.0,25.6,1.55,31.1,0.0,FNDDS:2705715,FNDDS,World,0
"Cheese, goat",,364.0,21.6,0.12,29.8,0.0,FNDDS:2705716,FNDDS,World,0
"Cheese, Gouda or Edam",,356.0,24.9,2.22,27.4,0.0,FNDDS:2705717,FNDDS,World,0
"Cheese, Gruyere",,413.0,29.8,0.36,32.3,0.0,FNDDS:2705718,FNDDS,World,0
"Cheese, Limburger",,327.0,20.0,0.49,27.2,0.0,FNDDS:2705719,FNDDS,American,0
"Cheese, Monterey",,392.0,22.6,1.9,32.6,0.0,FNDDS:2705720,FNDDS,World,0
"Cheese, Monterey, reduced fat",,313.0,28.2,0.7,21.6,0.0,FNDDS:2705721,FNDDS,World,0
"Cheese, Mozzarella, NFS",,296.0,23.7,4.44,20.4,0.0,FNDDS:2705722,FNDDS,World,0
"Cheese, Mozzarella, part skim",,296.0,23.7,4.44,20.4,0.0,FNDDS:2705723,FNDDS,World,0
"Cheese, Mozzarella, reduced sodium",,280.0,27.5,3.1,17.1,0.0,FNDDS:2705724,FNDDS,World,0
"Cheese, Mozzarella, nonfat or fat free",,141.0,31.7,3.5,0.0,1.8,FNDDS:2705725,FNDDS,World,0
"Cheese, Muenster",,368.0,23.4,1.12,30.0,0.0,FNDDS:2705726,FNDDS,World,0
"Cheese, Muenster, reduced fat",,271.0,24.7,3.5,17.6,0.0,FNDDS:2705727,FNDDS,World,0
"Cheese, Parmesan, dry grated",,412.0,29.9,8.36,28.8,0.0,FNDDS:2705728,FNDDS,World,0
"Cheese, Parmesan, dry grated, reduced fat",,395.0,34.8,26.2,16.5,0.0,FNDDS:2705729,FNDDS,World,0
"Cheese, Parmesan, hard",,412.0,29.9,8.36,28.8,0.0,FNDDS:2705730,FNDDS,World,0
"Cheese, Parmesan, dry grated, fat free",,370.0,40.0,40.0,5.0,0.0,FNDDS:2705731,FNDDS,World,0
"Cheese, Port du Salut",,356.0,24.9,2.22,27.4,0.0,FNDDS:2705732,FNDDS,World,0
"Cheese, Provolone",,357.0,23.4,2.45,28.1,0.0,FNDDS:2705733,FNDDS,World,0
"Cheese, provolone, reduced fat",,274.0,24.7,3.5,17.6,0.0,FNDDS:2705734,FNDDS,World,0
"Cheese, Swiss",,393.0,27.0,1.44,31.0,0.0,FNDDS:2705735,FNDDS,World,0
"Cheese, Swiss, reduced sodium",,374.0,28.4,3.4,27.4,0.0,FNDDS:2705736,FNDDS,World,0
"Cheese, Swiss, reduced fat",,179.0,28.4,3.4,5.1,0.0,FNDDS:2705737,FNDDS,World,0
"Cheese, Swiss, nonfat or fat free",,127.0,28.4,3.4,0.0,0.0,FNDDS:2705738,FNDDS,World,0
"Cheese, Cheddar, reduced sodium",,398.0,24.4,1.91,32.6,0.0,FNDDS:2705739,FNDDS,World,0
"Cheese, paneer",,299.0,15.9,22.5,15.5,0.0,FNDDS:2705740,FNDDS,Indian,0
"Cheese, Mexican blend",,362.0,21.9,2.4,29.3,0.0,FNDDS:2705741,FNDDS,World,0
"Cheese, Mexican blend, reduced fat",,282.0,24.7,3.41,19.4,0.0,FNDDS:2705742,FNDDS,World,0
"Queso Anejo, aged Mexican cheese",,373.0,21.4,4.63,30.0,0.0,FNDDS:2705743,FNDDS,World,0
Queso Asadero,,297.0,22.1,2.4,22.1,0.0,FNDDS:2705744,FNDDS,World,0
Queso Fresco,,298.0,18.9,2.96,23.4,0.0,FNDDS:2705745,FNDDS,World,0
Queso cotija,,351.0,23.8,2.72,27.2,0.0,FNDDS:2705746,FNDDS,World,0
"Cheese, cottage, NFS",,82.0,11.0,4.31,2.3,0.0,FNDDS:2705747,FNDDS,World,0
"Cheese, cottage, creamed, large or small curd",,103.0,11.6,4.6,4.22,0.0,FNDDS:2705748,FNDDS,World,0
"Cottage cheese, farmer's",,148.0,11.0,4.33,9.73,0.0,FNDDS:2705749,FNDDS,World,0
"Cheese, Ricotta",,148.0,9.6,6.0,9.46,0.0,FNDDS:2705750,FNDDS,World,0
"Cheese, cottage, with fruit",,74.0,9.41,4.94,1.96,0.2,FNDDS:2705751,FNDDS,World,0
"Cheese, cottage, with vegetables",,79.0,9.78,5.63,1.98,0.7,FNDDS:2705752,FNDDS,World,0
"Cheese, cottage, dry curd",,72.0,10.3,6.66,0.29,0.0,FNDDS:2705753,FNDDS,World,0
"Cheese, cottage, salted, dry curd",,71.0,10.2,6.59,0.29,0.0,FNDDS:2705754,FNDDS,World,0
Puerto Rican white cheese,,298.0,18.9,2.96,23.4,0.0,FNDDS:2705755,FNDDS,World,0
"Cheese, cottage, low fat",,82.0,11.0,4.31,2.3,0.0,FNDDS:2705756,FNDDS,World,0
"Cheese, cottage, lowfat, with fruit",,85.0,7.3,10.3,1.57,0.3,FNDDS:2705757,FNDDS,World,0
"Cheese, cottage, lowfat, low sodium",,72.0,12.4,2.7,1.0,0.0,FNDDS:2705758,FNDDS,World,0
"Cheese, cottage, lowfat, lactose reduced",,82.0,11.0,4.31,2.3,0.0,FNDDS:2705759,FNDDS,World,0
"Cream cheese, regular, plain",,343.0,5.79,4.56,33.5,0.0,FNDDS:2705760,FNDDS,World,0
"Cream cheese, regular, flavored",,275.0,8.23,14.1,20.6,0.0,FNDDS:2705761,FNDDS,World,0
"Cream cheese, light",,264.0,9.09,5.59,22.7,0.0,FNDDS:2705762,FNDDS,World,0
"Cheese, American and Swiss blends",,340.0,16.8,7.16,27.2,0.0,FNDDS:2705763,FNDDS,World,0
"Cheese, American",,340.0,16.8,7.16,27.2,0.0,FNDDS:2705764,FNDDS,World,0
"Cheese, American, reduced fat",,240.0,17.6,10.6,14.1,0.0,FNDDS:2705765,FNDDS,World,0
"Cheese, American, nonfat or fat free",,126.0,21.0,10.5,0.0,0.0,FNDDS:2705766,FNDDS,World,0
"Cheese, American, reduced sodium",,376.0,22.2,1.6,31.2,0.0,FNDDS:2705767,FNDDS,World,0
"Cheese spread, American or Cheddar cheese base, reduced fat",,176.0,13.4,10.7,8.88,0.0,FNDDS:2705768,FNDDS,World,0
"Cream cheese, fat free",,105.0,15.7,7.66,1.0,0.0,FNDDS:2705769,FNDDS,World,0
"Cheese, processed cheese food",,307.0,16.1,8.85,23.1,0.0,FNDDS:2705770,FNDDS,World,0
"Cheese, processed, with vegetables",,356.0,14.1,3.48,31.7,0.1,FNDDS:2705771,FNDDS,World,0
"Cheese,  with wine",,307.0,16.1,8.85,23.1,0.0,FNDDS:2705772,FNDDS,World,0
"Cheese spread, American or Cheddar cheese base",,290.0,16.4,8.73,21.2,0.0,FNDDS:2705773,FNDDS,World,0
"Cheese spread, Swiss cheese base",,290.0,16.4,8.73,21.2,0.0,FNDDS:2705774,FNDDS,World,0
"Cheese spread, cream cheese",,295.0,7.1,3.5,28.6,0.0,FNDDS:2705775,FNDDS,World,0
"Cheese spread, pressurized can",,290.0,16.4,8.73,21.2,0.0,FNDDS:2705776,FNDDS,World,0
Imitation cheese,,390.0,25.0,1.0,32.0,0.0,FNDDS:2705777,FNDDS,World,0
"Cheese, cottage cheese, with gelatin dessert",,83.0,6.82,9.03,2.27,0.0,FNDDS:2705778,FNDDS,World,0
"Cheese, cottage cheese, with gelatin dessert and fruit",,75.0,5.32,9.91,1.74,0.4,FNDDS:2705779,FNDDS,World,0
"Cheese, cottage cheese, with gelatin dessert and vegetables",,85.0,8.03,7.11,2.8,0.2,FNDDS:2705780,FNDDS,World,0
Cheese ball,,441.0,17.9,4.84,38.9,1.2,FNDDS:2705781,FNDDS,World,0
Artichoke dip,,331.0,3.86,5.78,32.7,0.9,FNDDS:2705782,FNDDS,World,0
Spinach and artichoke dip,,329.0,4.21,5.07,32.8,1.2,FNDDS:2705783,FNDDS,World,0
Seafood dip,,337.0,6.18,4.2,32.8,0.2,FNDDS:2705784,FNDDS,World,0
Cheese dip with chili pepper,,143.0,3.14,11.1,9.51,0.7,FNDDS:2705785,FNDDS,World,0
Cheese dip,,163.0,3.14,7.86,13.3,0.3,FNDDS:2705786,FNDDS,World,0
Topping from cheese pizza,,230.0,16.9,7.62,14.7,1.0,FNDDS:2705787,FNDDS,Italian,0
Topping from vegetable pizza,,247.0,15.6,12.2,15.6,1.9,FNDDS:2705788,FNDDS,Italian,0
Topping from meat pizza,,321.0,19.2,5.65,24.5,0.7,FNDDS:2705789,FNDDS,Italian,0
Topping from meat and vegetable pizza,,299.0,17.6,7.66,22.0,1.0,FNDDS:2705790,FNDDS,Italian,0
Cheese fondue,,276.0,19.3,1.95,21.2,0.0,FNDDS:2705791,FNDDS,World,0
Cheese souffle,,207.0,9.43,6.38,16.0,0.1,FNDDS:2705792,FNDDS,World,0
Welsh rarebit,,165.0,7.5,6.32,12.3,0.1,FNDDS:2705793,FNDDS,World,0
"Cheese sandwich, NFS",,297.0,12.5,31.9,13.3,1.4,FNDDS:2705794,FNDDS,American,0
"Cheese sandwich, American cheese, on white bread",,297.0,12.5,31.9,13.3,1.4,FNDDS:2705795,FNDDS,American,0
"Cheese sandwich, American cheese, on wheat bread",,295.0,13.6,29.7,13.5,3.2,FNDDS:2705796,FNDDS,American,0
"Cheese sandwich, cheddar cheese, on white bread",,325.0,15.1,30.0,16.1,1.4,FNDDS:2705797,FNDDS,American,0
"Cheese sandwich, cheddar cheese, on wheat bread",,323.0,16.3,27.7,16.3,3.2,FNDDS:2705798,FNDDS,American,0
"Cheese sandwich, reduced fat cheese, on white bread",,256.0,12.8,33.3,7.92,1.4,FNDDS:2705799,FNDDS,American,0
"Cheese sandwich, reduced fat cheese, on wheat bread",,254.0,14.0,31.1,8.14,3.2,FNDDS:2705800,FNDDS,American,0
"Grilled cheese sandwich, NFS",,343.0,11.0,28.1,20.8,1.2,FNDDS:2705801,FNDDS,American,0
"Grilled cheese sandwich, American cheese, on white bread",,343.0,11.0,28.1,20.8,1.2,FNDDS:2705802,FNDDS,American,0
"Grilled cheese sandwich, American cheese, on wheat bread",,341.0,12.0,26.1,21.0,2.8,FNDDS:2705803,FNDDS,American,0
"Grilled cheese sandwich, cheddar cheese, on white bread",,368.0,13.4,26.4,23.3,1.2,FNDDS:2705804,FNDDS,American,0
"Grilled cheese sandwich, cheddar cheese, on wheat bread",,366.0,14.4,24.4,23.5,2.8,FNDDS:2705805,FNDDS,American,0
"Grilled cheese sandwich, reduced fat cheese, on white bread",,307.0,11.3,29.3,16.0,1.2,FNDDS:2705806,FNDDS,American,0
"Grilled cheese sandwich, reduced fat cheese, on wheat bread",,305.0,12.3,27.4,16.2,2.8,FNDDS:2705807,FNDDS,American,0
Cheese sauce,,163.0,3.14,7.86,13.3,0.3,FNDDS:2705808,FNDDS,World,0
Alfredo sauce,,150.0,2.12,1.77,15.0,0.0,FNDDS:2705809,FNDDS,Italian,0
Alfredo sauce with added vegetables,,122.0,2.07,2.65,11.5,0.4,FNDDS:2705810,FNDDS,Italian,0
Alfredo sauce with meat,,171.0,6.52,1.44,15.3,0.0,FNDDS:2705811,FNDDS,Italian,0
Alfredo sauce with meat and added vegetables,,148.0,6.47,2.15,12.5,0.3,FNDDS:2705812,FNDDS,Italian,0
Alfredo sauce with poultry,,156.0,6.87,1.44,13.6,0.0,FNDDS:2705813,FNDDS,Italian,0
Alfredo sauce with poultry and added vegetables,,133.0,6.83,2.15,10.8,0.3,FNDDS:2705814,FNDDS,Italian,0
Alfredo sauce with seafood,,145.0,5.91,1.99,12.5,0.0,FNDDS:2705815,FNDDS,Italian,0
Alfredo sauce with seafood and added vegetables,,122.0,5.87,2.7,9.66,0.3,FNDDS:2705816,FNDDS,Italian,0
"Mozzarella sticks, breaded, baked, or fried",,325.0,14.8,25.1,18.3,2.0,FNDDS:2705817,FNDDS,World,0
"Mozzarella cheese, tomato, and basil, with oil and vinegar dressing",,139.0,7.17,3.86,10.9,0.8,FNDDS:2705818,FNDDS,World,0
"Meat, NFS",,215.0,27.1,0.0,11.3,0.0,FNDDS:2705819,FNDDS,World,0
"Meat, ground, NFS",,262.0,25.6,0.0,17.0,0.0,FNDDS:2705820,FNDDS,World,0
"Baby Toddler meat, NFS",,112.0,12.6,1.25,5.99,0.0,FNDDS:2705821,FNDDS,World,0
"Beef, NFS",,231.0,27.1,0.0,13.0,0.0,FNDDS:2705822,FNDDS,World,0
"Steak, NS as to type of meat, NS as to fat eaten",,230.0,27.0,0.0,13.0,0.0,FNDDS:2705823,FNDDS,World,0
"Beef, steak, NFS",,229.0,27.0,0.0,12.9,0.0,FNDDS:2705824,FNDDS,World,0
"Beef, steak, chuck",,225.0,26.0,0.21,13.4,0.0,FNDDS:2705825,FNDDS,World,0
"Beef, steak, cube",,187.0,28.8,0.0,7.1,0.0,FNDDS:2705826,FNDDS,World,0
"Beef, steak, flank",,243.0,29.1,0.0,14.1,0.0,FNDDS:2705827,FNDDS,World,0
"Beef, steak, ribeye, NS as to fat eaten",,260.0,25.0,0.0,17.7,0.0,FNDDS:2705828,FNDDS,World,0
"Beef, steak, ribeye, lean and fat eaten",,289.0,23.5,0.0,21.6,0.0,FNDDS:2705829,FNDDS,World,0
"Beef, steak, ribeye, lean only eaten",,230.0,26.5,0.0,13.8,0.0,FNDDS:2705830,FNDDS,World,0
"Beef, steak, round",,166.0,29.7,0.0,4.25,0.0,FNDDS:2705831,FNDDS,World,0
"Beef, steak, sirloin, NS as to fat eaten",,239.0,27.1,0.0,14.0,0.0,FNDDS:2705832,FNDDS,World,0
"Beef, steak, sirloin, lean and fat eaten",,262.0,26.2,0.0,16.6,0.0,FNDDS:2705833,FNDDS,World,0
"Beef, steak, sirloin, lean only eaten",,216.0,28.0,0.0,11.3,0.0,FNDDS:2705834,FNDDS,World,0
"Beef, steak, strip, NS as to fat eaten",,239.0,27.1,0.0,14.0,0.0,FNDDS:2705835,FNDDS,World,0
"Beef, steak, strip, lean and fat eaten",,262.0,26.2,0.0,16.6,0.0,FNDDS:2705836,FNDDS,World,0
"Beef, steak, strip, lean only eaten",,216.0,28.0,0.0,11.3,0.0,FNDDS:2705837,FNDDS,World,0
"Beef, steak, T-bone, NS as to fat eaten",,252.0,26.2,0.0,15.6,0.0,FNDDS:2705838,FNDDS,World,0
"Beef, steak, T-bone,  lean and fat eaten",,274.0,25.2,0.0,18.4,0.0,FNDDS:2705839,FNDDS,World,0
"Beef, steak, T-bone, lean only eaten",,230.0,27.1,0.0,12.7,0.0,FNDDS:2705840,FNDDS,World,0
"Beef, steak, tenderloin",,196.0,30.5,0.0,8.25,0.0,FNDDS:2705841,FNDDS,World,0
"Beef, steak, country fried",,306.0,19.9,7.94,21.0,0.3,FNDDS:2705842,FNDDS,World,0
"Beef, oxtails",,257.0,25.9,0.0,16.5,0.0,FNDDS:2705843,FNDDS,World,0
"Beef, neck bones",,257.0,25.9,0.0,16.5,0.0,FNDDS:2705844,FNDDS,World,0
"Beef, shortribs",,253.0,18.2,12.1,14.1,0.3,FNDDS:2705845,FNDDS,World,0
"Beef, cow head",,257.0,25.9,0.0,16.5,0.0,FNDDS:2705846,FNDDS,World,0
"Beef, roast",,206.0,29.1,0.0,9.72,0.0,FNDDS:2705847,FNDDS,World,0
"Beef, pot roast",,251.0,28.4,0.0,15.4,0.0,FNDDS:2705848,FNDDS,World,0
"Beef, stew meat",,251.0,28.4,0.0,15.4,0.0,FNDDS:2705849,FNDDS,World,0
"Beef, corned",,251.0,18.2,0.47,19.0,0.0,FNDDS:2705850,FNDDS,World,0
"Beef, brisket",,231.0,29.4,0.0,12.0,0.0,FNDDS:2705851,FNDDS,World,0
"Beef, sandwich steak",,326.0,18.3,0.0,27.6,0.0,FNDDS:2705852,FNDDS,American,0
"Beef, ground, raw",,213.0,18.4,0.0,14.9,0.0,FNDDS:2705853,FNDDS,World,0
"Beef, ground",,261.0,25.6,0.0,16.8,0.0,FNDDS:2705854,FNDDS,World,0
"Beef, ground, patty",,272.0,25.4,0.0,18.2,0.0,FNDDS:2705855,FNDDS,World,0
"Beef, bacon, cooked",,449.0,31.3,1.4,34.4,0.0,FNDDS:2705856,FNDDS,World,0
"Beef, bacon, reduced sodium, cooked",,541.0,37.0,1.43,41.8,0.0,FNDDS:2705857,FNDDS,World,0
"Beef, dried, chipped, uncooked",,153.0,31.1,2.76,1.94,0.0,FNDDS:2705858,FNDDS,World,0
"Beef, dried, chipped, cooked in fat",,225.0,28.1,2.5,11.3,0.0,FNDDS:2705859,FNDDS,World,0
Beef jerky,,410.0,33.2,11.0,25.6,1.8,FNDDS:2705860,FNDDS,World,0
Baby Toddler beef,,81.0,12.0,2.43,2.52,0.0,FNDDS:2705861,FNDDS,World,0
"Pork, NFS",,192.0,27.1,0.0,8.67,0.0,FNDDS:2705862,FNDDS,World,0
"Pork, ground",,299.0,26.9,0.0,21.2,0.0,FNDDS:2705863,FNDDS,World,0
"Pork, carnitas",,271.0,24.6,0.0,18.3,0.0,FNDDS:2705864,FNDDS,World,0
Pork jerky,,412.0,35.0,9.73,24.7,0.0,FNDDS:2705865,FNDDS,World,0
"Pork, chop, NS as to fat eaten",,183.0,27.5,0.0,7.55,0.0,FNDDS:2705866,FNDDS,World,0
"Pork, chop, lean and fat eaten",,195.0,27.0,0.01,9.17,0.0,FNDDS:2705867,FNDDS,World,0
"Pork, chop, lean only eaten",,171.0,28.0,0.0,5.94,0.0,FNDDS:2705868,FNDDS,World,0
"Pork, chop, coated, NS as to fat eaten",,219.0,25.5,7.2,9.18,0.4,FNDDS:2705869,FNDDS,World,0
"Pork, chop, coated, lean and fat eaten",,229.0,25.1,7.16,10.6,0.4,FNDDS:2705870,FNDDS,World,0
"Pork, chop, coated, lean only eaten",,208.0,26.0,7.16,7.74,0.4,FNDDS:2705871,FNDDS,World,0
"Pork, chop, stuffed",,190.0,18.4,7.82,9.04,1.0,FNDDS:2705872,FNDDS,World,0
"Pork, steak, NS as to fat eaten",,247.0,25.9,0.0,15.1,0.0,FNDDS:2705873,FNDDS,World,0
"Pork, steak, lean and fat eaten",,264.0,25.2,0.01,17.4,0.0,FNDDS:2705874,FNDDS,World,0
"Pork, steak, lean only eaten",,230.0,26.7,0.0,12.8,0.0,FNDDS:2705875,FNDDS,World,0
"Pork, steak, coated",,275.0,24.2,7.2,15.8,0.4,FNDDS:2705876,FNDDS,World,0
"Pork, tenderloin",,134.0,24.6,0.09,3.38,0.0,FNDDS:2705877,FNDDS,World,0
Ham,,117.0,19.0,1.58,3.87,0.0,FNDDS:2705878,FNDDS,World,0
"Ham, prosciutto",,195.0,27.8,0.3,8.32,0.0,FNDDS:2705879,FNDDS,World,0
"Ham, canned",,167.0,20.9,0.49,8.43,0.0,FNDDS:2705880,FNDDS,World,0
"Ham, ground",,167.0,20.9,0.49,8.43,0.0,FNDDS:2705881,FNDDS,World,0
"Pork, roast",,181.0,26.6,0.0,7.49,0.0,FNDDS:2705882,FNDDS,World,0
"Pork, roll",,329.0,13.1,4.49,28.4,0.0,FNDDS:2705883,FNDDS,World,0
"Canadian bacon, cooked",,146.0,28.3,1.8,2.78,0.0,FNDDS:2705884,FNDDS,World,0
"Bacon, NS as to type of meat, cooked",,484.0,37.4,1.9,35.8,0.0,FNDDS:2705885,FNDDS,World,0
"Bacon, NS as to type of meat, reduced sodium, cooked",,253.0,13.3,4.8,20.0,0.0,FNDDS:2705886,FNDDS,World,0
"Pork bacon, NS as to fresh, smoked or cured, cooked",,484.0,37.4,1.9,35.8,0.0,FNDDS:2705887,FNDDS,World,0
"Pork bacon, NS as to fresh, smoked or cured, reduced sodium, cooked",,541.0,37.0,1.43,41.8,0.0,FNDDS:2705888,FNDDS,World,0
"Pork bacon, smoked or cured, cooked",,468.0,33.9,1.7,35.1,0.0,FNDDS:2705889,FNDDS,World,0
"Bacon or side pork, fresh, cooked",,468.0,33.9,1.7,35.1,0.0,FNDDS:2705890,FNDDS,World,0
"Pork bacon, smoked or cured, reduced sodium, cooked",,541.0,37.0,1.43,41.8,0.0,FNDDS:2705891,FNDDS,World,0
"Fat back, cooked",,750.0,2.68,0.0,81.9,0.0,FNDDS:2705892,FNDDS,World,0
"Ribs, NFS",,254.0,16.5,12.1,15.0,0.3,FNDDS:2705893,FNDDS,World,0
"Pork, ribs",,254.0,16.2,12.1,15.1,0.3,FNDDS:2705894,FNDDS,World,0
"Pork, cracklings",,569.0,45.0,0.0,41.7,0.0,FNDDS:2705895,FNDDS,World,0
"Pork, ears",,236.0,26.2,0.0,13.8,0.0,FNDDS:2705896,FNDDS,World,0
"Pork, bones",,236.0,26.2,0.0,13.8,0.0,FNDDS:2705897,FNDDS,World,0
"Pork, pig's feet",,236.0,21.8,0.0,15.9,0.0,FNDDS:2705898,FNDDS,World,0
"Pork, pig's feet, pickled",,140.0,11.6,0.01,10.0,0.0,FNDDS:2705899,FNDDS,World,0
"Pork, ham hocks",,268.0,14.6,1.09,22.8,0.0,FNDDS:2705900,FNDDS,World,0
"Pork, belly",,404.0,26.6,0.0,32.2,0.0,FNDDS:2705901,FNDDS,World,0
Pork skin rinds,,544.0,61.3,0.0,31.3,0.0,FNDDS:2705902,FNDDS,World,0
Baby Toddler ham,,97.0,11.3,3.7,3.8,0.0,FNDDS:2705903,FNDDS,World,0
Baby Toddler meat stick,,188.0,13.7,1.4,14.2,0.2,FNDDS:2705904,FNDDS,World,0
"Lamb, NS as to cut",,292.0,24.3,0.0,20.8,0.0,FNDDS:2705905,FNDDS,World,0
"Lamb, chop",,264.0,27.4,0.0,16.3,0.0,FNDDS:2705906,FNDDS,World,0
"Lamb, ground",,281.0,24.6,0.0,19.5,0.0,FNDDS:2705907,FNDDS,World,0
Goat,,142.0,26.9,0.0,3.01,0.0,FNDDS:2705908,FNDDS,World,0
"Veal, chop",,158.0,29.5,0.07,4.4,0.0,FNDDS:2705909,FNDDS,World,0
"Veal, ground",,213.0,25.6,1.5,11.7,0.0,FNDDS:2705910,FNDDS,World,0
Mock chicken legs,,242.0,21.5,8.04,13.6,0.3,FNDDS:2705911,FNDDS,World,0
Rabbit,,204.0,30.1,0.0,8.34,0.0,FNDDS:2705912,FNDDS,World,0
"Venison, NFS",,167.0,28.1,0.0,5.26,0.0,FNDDS:2705913,FNDDS,World,0
"Venison, steak",,149.0,30.0,0.0,2.36,0.0,FNDDS:2705914,FNDDS,World,0
Venison/deer jerky,,398.0,32.2,14.7,22.4,0.0,FNDDS:2705915,FNDDS,World,0
Venison sausage,,312.0,20.2,0.0,25.1,0.0,FNDDS:2705916,FNDDS,World,0
Moose,,133.0,29.0,0.0,0.96,0.0,FNDDS:2705917,FNDDS,World,0
Bear,,257.0,32.2,0.0,13.3,0.0,FNDDS:2705918,FNDDS,World,0
Caribou,,166.0,29.5,0.0,4.38,0.0,FNDDS:2705919,FNDDS,World,0
Bison,,178.0,25.2,0.0,8.55,0.0,FNDDS:2705920,FNDDS,World,0
Groundhog,,159.0,28.1,0.0,4.34,0.0,FNDDS:2705921,FNDDS,World,0
Opossum,,219.0,30.0,0.0,10.1,0.0,FNDDS:2705922,FNDDS,World,0
Squirrel,,172.0,30.5,0.0,4.65,0.0,FNDDS:2705923,FNDDS,World,0
Beaver,,210.0,34.6,0.0,6.9,0.0,FNDDS:2705924,FNDDS,World,0
Raccoon,,253.0,29.0,0.0,14.4,0.0,FNDDS:2705925,FNDDS,World,0
Armadillo,,159.0,28.1,0.0,4.34,0.0,FNDDS:2705926,FNDDS,World,0
Wild pig,,159.0,28.1,0.0,4.34,0.0,FNDDS:2705927,FNDDS,World,0
Ostrich,,174.0,25.9,0.0,7.01,0.0,FNDDS:2705928,FNDDS,World,0
"Chicken, NS as to part and cooking method, NS as to skin eaten",,164.0,26.8,0.0,6.36,0.0,FNDDS:2705929,FNDDS,World,0
"Chicken, NS as to part and cooking method, skin eaten",,196.0,25.1,0.1,10.6,0.0,FNDDS:2705930,FNDDS,World,0
"Chicken, NS as to part and cooking method, skin not eaten",,164.0,26.8,0.0,6.36,0.0,FNDDS:2705931,FNDDS,World,0
"Chicken, NS as to part, baked, broiled, or roasted, NS as to skin eaten",,165.0,27.3,0.0,5.32,0.0,FNDDS:2705932,FNDDS,World,0
"Chicken, NS as to part, baked, broiled, or roasted, skin eaten",,203.0,24.7,0.0,10.8,0.0,FNDDS:2705933,FNDDS,World,0
"Chicken, NS as to part, baked, broiled, or roasted, skin not eaten",,165.0,27.3,0.0,5.32,0.0,FNDDS:2705934,FNDDS,World,0
"Chicken, NS as to part, rotisserie, NS as to skin eaten",,164.0,26.8,0.0,6.36,0.0,FNDDS:2705935,FNDDS,Indian,0
"Chicken, NS as to part, rotisserie, skin eaten",,196.0,25.1,0.1,10.6,0.0,FNDDS:2705936,FNDDS,Indian,0
"Chicken, NS as to part, rotisserie, skin not eaten",,164.0,26.8,0.0,6.36,0.0,FNDDS:2705937,FNDDS,Indian,0
"Chicken, NS as to part, stewed, NS as to skin eaten",,156.0,26.0,0.0,5.38,0.0,FNDDS:2705938,FNDDS,World,0
"Chicken, NS as to part, stewed, skin eaten",,196.0,23.6,0.0,10.9,0.0,FNDDS:2705939,FNDDS,World,0
"Chicken, NS as to part, stewed, skin not eaten",,156.0,26.0,0.0,5.38,0.0,FNDDS:2705940,FNDDS,World,0
"Chicken, NS as to part, grilled without sauce, NS as to skin eaten",,179.0,26.7,0.0,7.2,0.0,FNDDS:2705941,FNDDS,World,0
"Chicken, NS as to part, grilled without sauce, skin eaten",,217.0,24.2,0.0,12.6,0.0,FNDDS:2705942,FNDDS,World,0
"Chicken, NS as to part, grilled without sauce, skin not eaten",,179.0,26.7,0.0,7.2,0.0,FNDDS:2705943,FNDDS,World,0
"Chicken, NS as to part, grilled with sauce, NS as to skin eaten",,180.0,22.0,7.31,6.36,0.2,FNDDS:2705944,FNDDS,World,0
"Chicken, NS as to part, grilled with sauce, skin eaten",,211.0,19.9,7.31,10.7,0.2,FNDDS:2705945,FNDDS,World,0
"Chicken, NS as to part, grilled with sauce, skin not eaten",,180.0,22.0,7.31,6.36,0.2,FNDDS:2705946,FNDDS,World,0
"Chicken, NS as to part, sauteed, skin eaten",,217.0,24.2,0.0,12.6,0.0,FNDDS:2705947,FNDDS,World,0
"Chicken, NS as to part, sauteed, skin not eaten",,179.0,26.7,0.0,7.2,0.0,FNDDS:2705948,FNDDS,World,0
"Chicken, NS as to part, fried, coated, skin / coating eaten",,251.0,21.8,7.14,15.0,0.2,FNDDS:2705949,FNDDS,World,0
"Chicken, NS as to part, fried, coated, skin / coating not eaten",,164.0,26.2,0.07,6.58,0.0,FNDDS:2705950,FNDDS,World,0
"Chicken, NS as to part, baked, coated, skin / coating eaten",,251.0,21.8,7.14,15.0,0.2,FNDDS:2705951,FNDDS,World,0
"Chicken, NS as to part, baked, coated, skin / coating not eaten",,164.0,26.2,0.07,6.58,0.0,FNDDS:2705952,FNDDS,World,0
"Chicken breast, NS as to cooking method, skin eaten",,175.0,26.4,0.09,7.67,0.0,FNDDS:2705953,FNDDS,World,0
"Chicken breast, NS as to cooking method, skin not eaten",,144.0,28.0,0.0,3.57,0.0,FNDDS:2705954,FNDDS,World,0
"Chicken breast, baked, broiled, or roasted, skin eaten, from raw",,192.0,26.2,0.0,8.8,0.0,FNDDS:2705955,FNDDS,World,0
"Chicken breast, baked, broiled, or roasted, skin not eaten, from raw",,161.0,30.2,0.0,3.52,0.0,FNDDS:2705956,FNDDS,World,0
"Chicken breast, baked or broiled, skin eaten, from pre-cooked",,175.0,26.4,0.09,7.67,0.0,FNDDS:2705957,FNDDS,World,0
"Chicken breast, baked or broiled, skin not eaten, from pre-cooked",,144.0,28.0,0.0,3.57,0.0,FNDDS:2705958,FNDDS,World,0
"Chicken breast, baked or broiled, skin eaten, from fast food / restaurant",,206.0,25.7,0.0,10.6,0.0,FNDDS:2705959,FNDDS,World,0
"Chicken breast, baked or broiled, skin not eaten, from fast food / restaurant",,176.0,29.6,0.0,5.44,0.0,FNDDS:2705960,FNDDS,World,0
"Chicken breast, baked, broiled, or roasted with marinade, skin eaten, from raw",,204.0,25.3,0.31,10.4,0.0,FNDDS:2705961,FNDDS,World,0
"Chicken breast, baked, broiled, or roasted with marinade, skin not eaten, from raw",,175.0,29.1,0.31,5.38,0.0,FNDDS:2705962,FNDDS,World,0
"Chicken breast, rotisserie, skin eaten",,175.0,26.4,0.09,7.67,0.0,FNDDS:2705963,FNDDS,Indian,0
"Chicken breast, rotisserie, skin not eaten",,144.0,28.0,0.0,3.57,0.0,FNDDS:2705964,FNDDS,Indian,0
"Chicken breast, stewed, skin eaten",,181.0,24.7,0.0,8.28,0.0,FNDDS:2705965,FNDDS,World,0
"Chicken breast, stewed, skin not eaten",,149.0,28.0,0.0,3.26,0.0,FNDDS:2705966,FNDDS,World,0
"Chicken breast, grilled without sauce, skin eaten",,206.0,25.7,0.0,10.6,0.0,FNDDS:2705967,FNDDS,World,0
"Chicken breast, grilled without sauce, skin not eaten",,176.0,29.6,0.0,5.45,0.0,FNDDS:2705968,FNDDS,World,0
"Chicken breast, grilled with sauce, skin eaten",,202.0,21.2,7.34,9.15,0.2,FNDDS:2705969,FNDDS,World,0
"Chicken breast, grilled with sauce, skin not eaten",,178.0,24.3,7.34,4.93,0.2,FNDDS:2705970,FNDDS,World,0
"Chicken breast, sauteed, skin eaten",,206.0,25.7,0.0,10.6,0.0,FNDDS:2705971,FNDDS,World,0
"Chicken breast, sauteed, skin not eaten",,176.0,29.6,0.0,5.45,0.0,FNDDS:2705972,FNDDS,World,0
"Chicken breast, fried, coated, skin / coating eaten, from raw",,243.0,21.5,6.01,14.1,0.2,FNDDS:2705973,FNDDS,World,0
"Chicken breast, fried, coated, skin / coating not eaten, from raw",,176.0,29.6,0.0,5.45,0.0,FNDDS:2705974,FNDDS,World,0
"Chicken breast, fried, coated, prepared skinless, coating eaten, from raw",,219.0,24.6,6.01,9.99,0.2,FNDDS:2705975,FNDDS,World,0
"Chicken breast, fried, coated, skin / coating eaten, from pre-cooked",,250.0,20.6,7.21,14.8,0.3,FNDDS:2705976,FNDDS,World,0
"Chicken breast, fried, coated, skin / coating not eaten, from pre-cooked",,176.0,29.6,0.0,5.45,0.0,FNDDS:2705977,FNDDS,World,0
"Chicken breast, fried, coated, skin / coating eaten, from fast food / restaurant",,273.0,19.3,10.7,17.0,0.3,FNDDS:2705978,FNDDS,World,0
"Chicken breast, fried, coated, skin / coating not eaten, from fast food / restaurant",,213.0,22.8,6.01,10.8,0.2,FNDDS:2705979,FNDDS,World,0
"Chicken breast, baked, coated, skin / coating eaten",,207.0,23.8,4.01,9.9,0.2,FNDDS:2705980,FNDDS,World,0
"Chicken breast, baked, coated, skin / coating not eaten",,176.0,29.6,0.0,5.45,0.0,FNDDS:2705981,FNDDS,World,0
"Chicken leg, drumstick and thigh, NS as to cooking method, skin eaten",,218.0,23.8,0.12,13.6,0.0,FNDDS:2705982,FNDDS,World,0
"Chicken leg, drumstick and thigh, NS as to cooking method, skin not eaten",,185.0,25.5,0.0,9.15,0.0,FNDDS:2705983,FNDDS,World,0
"Chicken leg, drumstick and thigh, baked or broiled, skin eaten",,214.0,23.2,0.0,12.8,0.0,FNDDS:2705984,FNDDS,World,0
"Chicken leg, drumstick and thigh, baked or broiled, skin not eaten",,168.0,24.4,0.0,7.13,0.0,FNDDS:2705985,FNDDS,World,0
"Chicken leg, drumstick and thigh, rotisserie, skin eaten",,218.0,23.8,0.12,13.6,0.0,FNDDS:2705986,FNDDS,Indian,0
"Chicken leg, drumstick and thigh, rotisserie, skin not eaten",,185.0,25.5,0.0,9.15,0.0,FNDDS:2705987,FNDDS,Indian,0
"Chicken leg, drumstick and thigh, stewed, skin eaten",,211.0,22.4,0.0,13.4,0.0,FNDDS:2705988,FNDDS,World,0
"Chicken leg, drumstick and thigh, stewed, skin not eaten",,164.0,24.1,0.0,7.5,0.0,FNDDS:2705989,FNDDS,World,0
"Chicken leg, drumstick and thigh, grilled without sauce, skin eaten",,228.0,22.6,0.0,14.5,0.0,FNDDS:2705990,FNDDS,World,0
"Chicken leg, drumstick and thigh, grilled without sauce, skin not eaten",,183.0,23.9,0.0,8.96,0.0,FNDDS:2705991,FNDDS,World,0
"Chicken leg, drumstick and thigh, grilled with sauce, skin eaten",,220.0,18.6,7.28,12.3,0.2,FNDDS:2705992,FNDDS,World,0
"Chicken leg, drumstick and thigh, grilled with sauce, skin not eaten",,183.0,19.6,7.28,7.79,0.2,FNDDS:2705993,FNDDS,World,0
"Chicken leg, drumstick and thigh, sauteed, skin eaten",,228.0,22.6,0.0,14.5,0.0,FNDDS:2705994,FNDDS,World,0
"Chicken leg, drumstick and thigh, sauteed, skin not eaten",,183.0,23.9,0.0,8.96,0.0,FNDDS:2705995,FNDDS,World,0
"Chicken leg, drumstick and thigh, fried, coated, skin / coating eaten",,260.0,19.0,5.98,17.2,0.2,FNDDS:2705996,FNDDS,World,0
"Chicken leg, drumstick and thigh, fried, coated, skin / coating not eaten",,183.0,23.9,0.0,8.98,0.0,FNDDS:2705997,FNDDS,World,0
"Chicken leg, drumstick and thigh, baked, coated, skin / coating eaten",,226.0,21.0,3.98,13.4,0.2,FNDDS:2705998,FNDDS,World,0
"Chicken leg, drumstick and thigh, baked, coated, skin / coating not eaten",,183.0,23.9,0.0,8.96,0.0,FNDDS:2705999,FNDDS,World,0
"Chicken drumstick, NS as to cooking method, skin eaten",,206.0,25.6,0.12,11.5,0.0,FNDDS:2706000,FNDDS,World,0
"Chicken drumstick, NS as to cooking method, skin not eaten",,172.0,27.7,0.0,6.76,0.0,FNDDS:2706001,FNDDS,World,0
"Chicken drumstick, baked, broiled, or roasted, skin eaten, from raw",,190.0,23.2,0.0,10.1,0.0,FNDDS:2706002,FNDDS,World,0
"Chicken drumstick, baked, broiled, or roasted, skin not eaten, from raw",,154.0,24.1,0.0,5.67,0.0,FNDDS:2706003,FNDDS,World,0
"Chicken drumstick, baked or broiled, skin eaten, from pre-cooked",,206.0,25.6,0.12,11.5,0.0,FNDDS:2706004,FNDDS,World,0
"Chicken drumstick, baked or broiled, skin not eaten, from pre-cooked",,172.0,27.7,0.0,6.76,0.0,FNDDS:2706005,FNDDS,World,0
"Chicken drumstick, baked or broiled, skin eaten, from fast food / restaurant",,203.0,22.7,0.0,11.8,0.0,FNDDS:2706006,FNDDS,World,0
"Chicken drumstick, baked or broiled, skin not eaten, from fast food / restaurant",,168.0,23.5,0.0,7.51,0.0,FNDDS:2706007,FNDDS,World,0
"Chicken drumstick, rotisserie, skin eaten",,206.0,25.6,0.12,11.5,0.0,FNDDS:2706008,FNDDS,Indian,0
"Chicken drumstick, rotisserie, skin not eaten",,172.0,27.7,0.0,6.76,0.0,FNDDS:2706009,FNDDS,Indian,0
"Chicken drumstick, grilled without sauce, skin eaten",,204.0,22.7,0.0,11.8,0.0,FNDDS:2706010,FNDDS,World,0
"Chicken drumstick, grilled without sauce, skin not eaten",,169.0,23.6,0.0,7.53,0.0,FNDDS:2706011,FNDDS,World,0
"Chicken drumstick, grilled with sauce, skin eaten",,200.0,18.7,7.28,10.2,0.2,FNDDS:2706012,FNDDS,World,0
"Chicken drumstick, grilled with sauce, skin not eaten",,172.0,19.4,7.28,6.62,0.2,FNDDS:2706013,FNDDS,World,0
"Chicken drumstick, stewed, skin eaten",,186.0,22.5,0.0,10.6,0.0,FNDDS:2706014,FNDDS,World,0
"Chicken drumstick, stewed, skin not eaten",,148.0,23.7,0.0,5.9,0.0,FNDDS:2706015,FNDDS,World,0
"Chicken drumstick, sauteed, skin eaten",,204.0,22.7,0.0,11.8,0.0,FNDDS:2706016,FNDDS,World,0
"Chicken drumstick, sauteed, skin not eaten",,169.0,23.6,0.0,7.53,0.0,FNDDS:2706017,FNDDS,World,0
"Chicken drumstick, fried, coated, skin / coating eaten, from raw",,241.0,19.1,5.98,15.1,0.2,FNDDS:2706018,FNDDS,World,0
"Chicken drumstick, fried, coated, skin / coating not eaten, from raw",,169.0,23.6,0.0,7.54,0.0,FNDDS:2706019,FNDDS,World,0
"Chicken drumstick, fried, coated, prepared skinless, coating eaten, from raw",,212.0,19.7,5.96,11.6,0.2,FNDDS:2706020,FNDDS,World,0
"Chicken drumstick, fried, coated, skin / coating eaten, from pre-cooked",,247.0,18.3,7.15,15.7,0.3,FNDDS:2706021,FNDDS,World,0
"Chicken drumstick, fried, coated, skin / coating not eaten, from pre-cooked",,169.0,23.6,0.0,7.53,0.0,FNDDS:2706022,FNDDS,World,0
"Chicken drumstick, fried, coated, skin / coating eaten, from fast food / restaurant",,288.0,17.8,12.1,18.8,0.6,FNDDS:2706023,FNDDS,World,0
"Chicken drumstick, fried, coated, skin / coating not eaten, from fast food / restaurant",,213.0,21.8,6.12,11.2,0.2,FNDDS:2706024,FNDDS,World,0
"Chicken drumstick, baked, coated, skin / coating eaten",,205.0,21.0,3.98,11.0,0.2,FNDDS:2706025,FNDDS,World,0
"Chicken drumstick, baked, coated, skin / coating not eaten",,169.0,23.6,0.0,7.53,0.0,FNDDS:2706026,FNDDS,World,0
"Chicken thigh, NS as to cooking method, skin eaten",,226.0,22.5,0.12,15.1,0.0,FNDDS:2706027,FNDDS,World,0
"Chicken thigh, NS as to cooking method, skin not eaten",,193.0,24.1,0.0,10.7,0.0,FNDDS:2706028,FNDDS,World,0
"Chicken thigh, baked, broiled, or roasted, skin eaten, from raw",,231.0,23.1,0.0,14.6,0.0,FNDDS:2706029,FNDDS,World,0
"Chicken thigh, baked, broiled, or roasted, skin not eaten, from raw",,178.0,24.6,0.0,8.1,0.0,FNDDS:2706030,FNDDS,World,0
"Chicken thigh, baked or broiled, skin eaten, from pre-cooked",,226.0,22.5,0.12,15.1,0.0,FNDDS:2706031,FNDDS,World,0
"Chicken thigh, baked or broiled, skin not eaten, from pre-cooked",,193.0,24.1,0.0,10.7,0.0,FNDDS:2706032,FNDDS,World,0
"Chicken thigh, baked or broiled, skin eaten, from fast food / restaurant",,243.0,22.6,0.0,16.2,0.0,FNDDS:2706033,FNDDS,World,0
"Chicken thigh, baked or broiled, skin not eaten, from fast food / restaurant",,192.0,24.0,0.0,9.89,0.0,FNDDS:2706034,FNDDS,World,0
"Chicken thigh, rotisserie, skin eaten",,226.0,22.5,0.12,15.1,0.0,FNDDS:2706035,FNDDS,Indian,0
"Chicken thigh, rotisserie, skin not eaten",,193.0,24.1,0.0,10.7,0.0,FNDDS:2706036,FNDDS,Indian,0
"Chicken thigh, stewed, skin eaten",,227.0,22.4,0.0,15.3,0.0,FNDDS:2706037,FNDDS,World,0
"Chicken thigh, stewed, skin not eaten",,175.0,24.4,0.0,8.56,0.0,FNDDS:2706038,FNDDS,World,0
"Chicken thigh, grilled without sauce, skin eaten",,243.0,22.6,0.0,16.3,0.0,FNDDS:2706039,FNDDS,World,0
"Chicken thigh, grilled without sauce, skin not eaten",,192.0,24.1,0.0,9.91,0.0,FNDDS:2706040,FNDDS,World,0
"Chicken thigh, grilled with sauce, skin eaten",,233.0,18.6,7.28,13.8,0.2,FNDDS:2706041,FNDDS,World,0
"Chicken thigh, grilled with sauce, skin not eaten",,191.0,19.8,7.28,8.56,0.2,FNDDS:2706042,FNDDS,World,0
"Chicken thigh, sauteed, skin eaten",,243.0,22.6,0.0,16.3,0.0,FNDDS:2706043,FNDDS,World,0
"Chicken thigh, sauteed, skin not eaten",,192.0,24.1,0.0,9.91,0.0,FNDDS:2706044,FNDDS,World,0
"Chicken thigh, fried, coated, skin / coating eaten, from raw",,273.0,19.0,5.98,18.6,0.2,FNDDS:2706045,FNDDS,World,0
"Chicken thigh, fried, coated, skin / coating not eaten, from raw",,192.0,24.1,0.0,9.93,0.0,FNDDS:2706046,FNDDS,World,0
"Chicken thigh, fried, coated, prepared skinless, coating eaten, from raw",,231.0,20.1,5.96,13.5,0.2,FNDDS:2706047,FNDDS,World,0
"Chicken thigh, fried, coated, skin / coating eaten, from pre-cooked",,277.0,18.2,7.15,19.0,0.3,FNDDS:2706048,FNDDS,World,0
"Chicken thigh, fried, coated, skin / coating not eaten, from pre-cooked",,192.0,24.1,0.0,9.91,0.0,FNDDS:2706049,FNDDS,World,0
"Chicken thigh, fried, coated, skin / coating eaten, from fast food",,294.0,16.3,13.0,19.7,0.3,FNDDS:2706050,FNDDS,World,0
"Chicken thigh, fried, coated, skin / coating not eaten, from fast food",,218.0,19.4,6.31,12.8,0.2,FNDDS:2706051,FNDDS,World,0
"Chicken thigh, fried, coated, skin / coating eaten, from restaurant",,294.0,16.3,13.0,19.7,0.3,FNDDS:2706052,FNDDS,World,0
"Chicken thigh, fried, coated, skin / coating not eaten, from restaurant",,218.0,19.4,6.31,12.8,0.2,FNDDS:2706053,FNDDS,World,0
"Chicken thigh, baked, coated, skin / coating eaten",,240.0,21.0,3.98,15.0,0.2,FNDDS:2706054,FNDDS,World,0
"Chicken thigh, baked, coated, skin / coating not eaten",,192.0,24.1,0.0,9.91,0.0,FNDDS:2706055,FNDDS,World,0
"Chicken wing, NS as to cooking method",,257.0,23.4,0.6,18.0,0.0,FNDDS:2706056,FNDDS,World,0
"Chicken wing, baked, broiled, or roasted, from raw",,252.0,23.6,0.0,16.7,0.0,FNDDS:2706057,FNDDS,World,0
"Chicken wing, baked or broiled, from pre-cooked",,257.0,23.4,0.6,18.0,0.0,FNDDS:2706058,FNDDS,World,0
"Chicken wing, baked or broiled, from fast food / restaurant",,264.0,23.1,0.0,18.4,0.0,FNDDS:2706059,FNDDS,World,0
"Chicken wing, rotisserie",,257.0,23.4,0.6,18.0,0.0,FNDDS:2706060,FNDDS,Indian,0
"Chicken wing, stewed",,247.0,22.6,0.0,16.7,0.0,FNDDS:2706061,FNDDS,World,0
"Chicken wing, grilled without sauce",,265.0,23.1,0.0,18.4,0.0,FNDDS:2706062,FNDDS,World,0
"Chicken wing, grilled with sauce",,250.0,19.0,7.28,15.5,0.2,FNDDS:2706063,FNDDS,World,0
"Chicken wing, sauteed",,265.0,23.1,0.0,18.4,0.0,FNDDS:2706064,FNDDS,World,0
"Chicken wing, fried, coated, from raw",,289.0,19.4,5.96,20.2,0.2,FNDDS:2706065,FNDDS,World,0
"Chicken wing, fried, coated, from pre-cooked",,294.0,18.6,7.15,20.6,0.3,FNDDS:2706066,FNDDS,World,0
"Chicken wing, fried, coated, from fast food",,323.0,17.8,15.0,21.3,0.3,FNDDS:2706067,FNDDS,World,0
"Chicken wing, fried, coated, from restaurant",,323.0,17.8,15.0,21.3,0.3,FNDDS:2706068,FNDDS,World,0
"Chicken wing, baked, coated",,260.0,21.4,3.98,16.9,0.2,FNDDS:2706069,FNDDS,World,0
"Chicken ""wings"" with hot sauce, from fast food / restaurant",,272.0,16.8,6.18,20.2,0.1,FNDDS:2706070,FNDDS,World,0
"Chicken ""wings"" with other sauces or seasoning, from fast food / restaurant",,276.0,17.0,13.1,17.4,0.2,FNDDS:2706071,FNDDS,World,0
"Chicken ""wings"", plain, from fast food / restaurant",,323.0,17.8,15.0,21.3,0.3,FNDDS:2706072,FNDDS,World,0
"Chicken ""wings"" with hot sauce, from precooked",,254.0,17.6,2.5,19.5,0.0,FNDDS:2706073,FNDDS,World,0
"Chicken ""wings"" with other sauces or seasoning, from precooked",,258.0,17.7,9.42,16.7,0.2,FNDDS:2706074,FNDDS,World,0
"Chicken ""wings"", plain, from precooked",,294.0,18.6,7.15,20.6,0.3,FNDDS:2706075,FNDDS,World,0
"Chicken ""wings"" with hot sauce, from other sources",,267.0,17.0,5.08,20.0,0.1,FNDDS:2706076,FNDDS,World,0
"Chicken ""wings"" with other sauces or seasoning, from other sources",,271.0,17.2,12.0,17.2,0.2,FNDDS:2706077,FNDDS,World,0
"Chicken ""wings"", plain, from other sources",,314.0,18.0,12.6,21.1,0.3,FNDDS:2706078,FNDDS,World,0
"Chicken ""wings"", boneless, with hot sauce, from fast food / restaurant",,282.0,12.4,20.0,16.9,0.9,FNDDS:2706079,FNDDS,World,0
"Chicken ""wings"", boneless, with hot sauce, from other sources",,232.0,11.4,20.0,11.8,1.5,FNDDS:2706080,FNDDS,World,0
"Chicken, back",,298.0,25.7,0.0,20.8,0.0,FNDDS:2706081,FNDDS,World,0
"Chicken, neck or ribs",,245.0,19.4,0.0,18.0,0.0,FNDDS:2706082,FNDDS,World,0
"Chicken, tail",,454.0,20.4,0.0,40.7,0.0,FNDDS:2706083,FNDDS,World,0
Chicken skin,,450.0,20.2,0.0,40.3,0.0,FNDDS:2706084,FNDDS,World,0
Chicken feet,,215.0,19.4,0.2,14.6,0.0,FNDDS:2706085,FNDDS,World,0
"Chicken, canned, meat only",,185.0,25.3,0.9,8.1,0.0,FNDDS:2706086,FNDDS,World,0
"Chicken, chicken roll, roasted",,164.0,26.7,0.0,6.33,0.0,FNDDS:2706087,FNDDS,World,0
"Chicken patty, breaded",,287.0,14.8,12.8,19.6,0.3,FNDDS:2706088,FNDDS,World,0
"Chicken fillet, breaded",,240.0,14.6,14.9,13.6,1.7,FNDDS:2706089,FNDDS,World,0
"Chicken fillet, grilled",,151.0,22.3,2.36,5.81,0.0,FNDDS:2706090,FNDDS,World,0
"Chicken, ground",,201.0,27.1,0.0,10.3,0.0,FNDDS:2706091,FNDDS,World,0
"Chicken nuggets, NFS",,307.0,15.9,14.9,20.4,0.9,FNDDS:2706092,FNDDS,American,0
"Chicken nuggets, from fast food",,307.0,15.9,14.9,20.4,0.9,FNDDS:2706093,FNDDS,American,0
"Chicken nuggets, from restaurant",,307.0,15.9,14.9,20.4,0.9,FNDDS:2706094,FNDDS,American,0
"Chicken nuggets, from school lunch",,270.0,15.7,22.9,12.9,2.2,FNDDS:2706095,FNDDS,American,0
"Chicken nuggets, from frozen",,298.0,13.4,17.9,19.2,1.8,FNDDS:2706096,FNDDS,American,0
"Chicken nuggets, from other sources",,304.0,15.2,15.8,20.0,1.2,FNDDS:2706097,FNDDS,American,0
"Chicken tenders or strips, NFS",,271.0,19.2,17.2,14.0,1.2,FNDDS:2706098,FNDDS,World,0
"Chicken tenders or strips, breaded, from fast food",,271.0,19.2,17.2,14.0,1.2,FNDDS:2706099,FNDDS,World,0
"Chicken tenders or strips, breaded, from restaurant",,283.0,18.8,16.9,15.6,1.2,FNDDS:2706100,FNDDS,World,0
"Chicken tenders or strips, breaded, from school lunch",,270.0,15.7,22.9,12.9,2.2,FNDDS:2706101,FNDDS,World,0
"Chicken tenders or strips, breaded, from frozen",,240.0,14.6,14.9,13.6,1.7,FNDDS:2706102,FNDDS,World,0
"Chicken tenders or strips, breaded, from other sources",,262.0,17.8,16.5,13.8,1.4,FNDDS:2706103,FNDDS,World,0
"Turkey, NFS",,139.0,28.8,0.0,2.06,0.0,FNDDS:2706104,FNDDS,World,0
"Turkey, light meat, skin not eaten",,139.0,28.8,0.0,2.06,0.0,FNDDS:2706105,FNDDS,World,0
"Turkey, light meat, skin eaten",,169.0,28.3,0.03,5.55,0.0,FNDDS:2706106,FNDDS,World,0
"Turkey, light meat, breaded, baked or fried, skin not eaten",,173.0,27.3,6.46,3.69,0.4,FNDDS:2706107,FNDDS,World,0
"Turkey, light meat, breaded, baked or fried, skin eaten",,200.0,26.8,6.48,6.84,0.4,FNDDS:2706108,FNDDS,World,0
"Turkey, light meat, roasted, skin not eaten",,139.0,28.8,0.0,2.06,0.0,FNDDS:2706109,FNDDS,World,0
"Turkey, light meat, roasted, skin eaten",,169.0,28.3,0.03,5.55,0.0,FNDDS:2706110,FNDDS,World,0
"Turkey, dark meat, roasted, skin not eaten",,167.0,26.9,0.0,5.98,0.0,FNDDS:2706111,FNDDS,World,0
"Turkey, dark meat, roasted, skin eaten",,202.0,26.5,0.05,10.2,0.0,FNDDS:2706112,FNDDS,World,0
"Turkey, light and dark meat, roasted, skin not eaten",,151.0,28.0,0.0,3.76,0.0,FNDDS:2706113,FNDDS,World,0
"Turkey, light and dark meat, roasted, skin eaten",,183.0,27.5,0.04,7.54,0.0,FNDDS:2706114,FNDDS,World,0
"Turkey, light or dark meat, fried, coated, skin not eaten",,165.0,27.2,1.42,5.06,0.0,FNDDS:2706115,FNDDS,World,0
"Turkey, light or dark meat, fried, coated, skin eaten",,192.0,26.2,1.42,8.51,0.0,FNDDS:2706116,FNDDS,World,0
"Turkey, light or dark meat, stewed, skin not eaten",,158.0,31.2,0.19,2.66,0.0,FNDDS:2706117,FNDDS,World,0
"Turkey light or dark meat, stewed, skin eaten",,204.0,30.2,0.14,8.52,0.0,FNDDS:2706118,FNDDS,World,0
"Turkey, light or dark meat, smoked, skin eaten",,208.0,28.1,0.0,9.7,0.0,FNDDS:2706119,FNDDS,World,0
"Turkey, light or dark meat, smoked, skin not eaten",,162.0,29.3,0.0,5.0,0.0,FNDDS:2706120,FNDDS,World,0
"Turkey, drumstick, cooked, skin not eaten",,144.0,28.5,0.0,3.38,0.0,FNDDS:2706121,FNDDS,World,0
"Turkey, drumstick, cooked, skin eaten",,206.0,27.6,0.0,9.74,0.0,FNDDS:2706122,FNDDS,World,0
"Turkey, drumstick, roasted, skin not eaten",,144.0,28.5,0.0,3.38,0.0,FNDDS:2706123,FNDDS,World,0
"Turkey, drumstick, roasted, skin eaten",,203.0,26.9,0.0,10.1,0.0,FNDDS:2706124,FNDDS,World,0
"Turkey, thigh, cooked, skin eaten",,182.0,24.4,0.27,9.26,0.0,FNDDS:2706125,FNDDS,World,0
"Turkey, thigh, cooked, skin not eaten",,161.0,26.9,0.0,5.98,0.0,FNDDS:2706126,FNDDS,World,0
"Turkey, neck",,161.0,22.3,0.0,7.3,0.0,FNDDS:2706127,FNDDS,World,0
"Turkey, wing, cooked, skin not eaten",,139.0,28.8,0.0,2.06,0.0,FNDDS:2706128,FNDDS,World,0
"Turkey, wing, cooked, skin eaten",,202.0,26.9,0.0,9.97,0.0,FNDDS:2706129,FNDDS,World,0
"Turkey, tail",,294.0,22.2,0.0,22.8,0.0,FNDDS:2706130,FNDDS,World,0
"Turkey, back",,203.0,25.6,0.0,11.3,0.0,FNDDS:2706131,FNDDS,World,0
"Turkey, canned",,185.0,25.3,0.9,8.1,0.0,FNDDS:2706132,FNDDS,World,0
"Turkey, ground",,211.0,26.9,0.0,11.5,0.0,FNDDS:2706133,FNDDS,World,0
"Turkey, nuggets",,236.0,22.2,17.1,8.66,1.1,FNDDS:2706134,FNDDS,World,0
"Turkey bacon, cooked",,368.0,29.5,4.24,25.9,0.0,FNDDS:2706135,FNDDS,World,0
"Turkey bacon, reduced sodium, cooked",,253.0,13.3,4.8,20.0,0.0,FNDDS:2706136,FNDDS,World,0
"Duck, cooked, skin eaten",,336.0,18.9,0.0,28.2,0.0,FNDDS:2706137,FNDDS,World,0
"Duck, cooked, skin not eaten",,200.0,23.4,0.0,11.2,0.0,FNDDS:2706138,FNDDS,World,0
"Duck, roasted, skin eaten",,336.0,18.9,0.0,28.2,0.0,FNDDS:2706139,FNDDS,World,0
"Duck, roasted, skin not eaten",,200.0,23.4,0.0,11.2,0.0,FNDDS:2706140,FNDDS,World,0
"Duck, Peking",,154.0,5.32,6.47,11.8,0.3,FNDDS:2706141,FNDDS,World,0
"Goose, wild, roasted",,304.0,25.1,0.0,21.8,0.0,FNDDS:2706142,FNDDS,World,0
"Cornish game hen, cooked, skin eaten",,257.0,22.1,0.0,18.1,0.0,FNDDS:2706143,FNDDS,World,0
"Cornish game hen, cooked, skin not eaten",,133.0,23.1,0.0,3.84,0.0,FNDDS:2706144,FNDDS,World,0
"Cornish game hen, roasted, skin eaten",,257.0,22.1,0.0,18.1,0.0,FNDDS:2706145,FNDDS,World,0
"Cornish game hen, roasted, skin not eaten",,133.0,23.1,0.0,3.84,0.0,FNDDS:2706146,FNDDS,World,0
"Dove, cooked, NS as to cooking method",,212.0,23.8,0.0,13.0,0.0,FNDDS:2706147,FNDDS,World,0
"Dove, fried",,223.0,23.1,1.46,13.8,0.0,FNDDS:2706148,FNDDS,World,0
"Quail, cooked",,226.0,25.0,0.0,14.0,0.0,FNDDS:2706149,FNDDS,World,0
"Pheasant, cooked",,238.0,32.3,0.0,12.0,0.0,FNDDS:2706150,FNDDS,World,0
Baby Toddler chicken,,130.0,13.7,0.1,7.9,0.0,FNDDS:2706151,FNDDS,World,0
Baby Toddler turkey,,111.0,11.5,1.4,6.2,0.0,FNDDS:2706152,FNDDS,World,0
"Liver, beef",,174.0,26.3,5.12,4.64,0.0,FNDDS:2706153,FNDDS,World,0
"Liver, chicken",,189.0,20.0,6.48,8.69,0.2,FNDDS:2706154,FNDDS,World,0
"Liver, paste or pate",,201.0,13.4,6.55,13.1,0.0,FNDDS:2706155,FNDDS,World,0
Heart,,164.0,28.2,0.15,4.69,0.0,FNDDS:2706156,FNDDS,World,0
Kidney,,157.0,27.0,0.0,4.61,0.0,FNDDS:2706157,FNDDS,World,0
Sweetbreads,,124.0,22.5,0.0,3.08,0.0,FNDDS:2706158,FNDDS,World,0
Brains,,150.0,11.6,1.47,10.4,0.0,FNDDS:2706159,FNDDS,World,0
Tongue,,282.0,19.1,0.0,22.1,0.0,FNDDS:2706160,FNDDS,World,0
"Tongue pot roast, Puerto Rican style",,317.0,21.0,0.32,25.0,0.1,FNDDS:2706161,FNDDS,World,0
Tripe,,89.0,12.6,0.0,3.85,0.0,FNDDS:2706162,FNDDS,World,0
Chitterlings,,231.0,12.4,0.0,20.2,0.0,FNDDS:2706163,FNDDS,World,0
Hog maws,,250.0,26.5,0.0,16.0,0.0,FNDDS:2706164,FNDDS,World,0
Gizzard,,153.0,30.2,0.0,2.66,0.0,FNDDS:2706165,FNDDS,World,0
"Hot dog, NFS",,310.0,11.7,2.89,28.0,0.0,FNDDS:2706166,FNDDS,American,0
"Hot dog, beef",,310.0,11.7,2.89,28.0,0.0,FNDDS:2706167,FNDDS,American,0
"Hot dog, meat and poultry",,277.0,9.72,5.02,24.2,0.0,FNDDS:2706168,FNDDS,American,0
"Hot dog, reduced fat",,216.0,13.8,5.1,15.7,0.0,FNDDS:2706169,FNDDS,American,0
"Hot dog, turkey",,223.0,12.2,3.81,17.3,0.0,FNDDS:2706170,FNDDS,American,0
Beef sausage,,341.0,13.3,3.37,28.7,0.0,FNDDS:2706171,FNDDS,World,0
Beef sausage with cheese,,341.0,13.6,3.75,28.5,0.0,FNDDS:2706172,FNDDS,World,0
Blood sausage,,379.0,14.6,1.29,34.5,0.0,FNDDS:2706173,FNDDS,World,0
Bratwurst,,333.0,13.7,2.85,29.2,0.0,FNDDS:2706174,FNDDS,World,0
"Bratwurst, with cheese",,334.0,14.0,3.28,29.0,0.0,FNDDS:2706175,FNDDS,World,0
Bologna,,281.0,10.3,6.31,23.8,0.0,FNDDS:2706176,FNDDS,World,0
"Bologna, reduced fat",,204.0,11.8,5.2,14.8,0.0,FNDDS:2706177,FNDDS,World,0
"Bologna, reduced sodium",,281.0,10.3,6.31,23.8,0.0,FNDDS:2706178,FNDDS,World,0
Chorizo,,341.0,19.3,2.63,28.1,0.0,FNDDS:2706179,FNDDS,World,0
Head cheese,,157.0,13.8,0.0,10.9,0.0,FNDDS:2706180,FNDDS,World,0
Knockwurst,,307.0,11.1,3.2,27.7,0.0,FNDDS:2706181,FNDDS,World,0
Mortadella,,311.0,16.4,3.05,25.4,0.0,FNDDS:2706182,FNDDS,World,0
"Pastrami, NFS",,147.0,21.8,0.36,5.82,0.0,FNDDS:2706183,FNDDS,World,0
"Pastrami, made from any kind of meat, reduced fat",,115.0,18.6,0.64,3.69,0.0,FNDDS:2706184,FNDDS,World,0
"Pepperoni, NFS",,504.0,19.2,1.18,46.3,0.0,FNDDS:2706185,FNDDS,World,0
"Pepperoni, reduced fat",,378.0,21.1,0.72,31.6,0.0,FNDDS:2706186,FNDDS,World,0
"Pepperoni, reduced sodium",,504.0,19.2,1.18,46.3,0.0,FNDDS:2706187,FNDDS,World,0
Polish sausage,,337.0,12.4,5.03,29.7,0.0,FNDDS:2706188,FNDDS,World,0
Italian sausage,,317.0,18.2,2.15,26.2,0.0,FNDDS:2706189,FNDDS,World,0
"Sausage, NFS",,325.0,18.5,1.42,27.2,0.0,FNDDS:2706190,FNDDS,World,0
Pork sausage,,325.0,18.5,1.42,27.2,0.0,FNDDS:2706191,FNDDS,World,0
"Pork sausage, reduced fat",,267.0,20.9,0.15,20.3,0.0,FNDDS:2706192,FNDDS,World,0
"Pork sausage, reduced sodium",,233.0,19.9,13.2,11.1,0.0,FNDDS:2706193,FNDDS,World,0
Pork and beef sausage,,333.0,15.9,2.4,28.0,0.0,FNDDS:2706194,FNDDS,World,0
"Salami, NFS",,378.0,21.1,0.72,31.6,0.0,FNDDS:2706195,FNDDS,World,0
"Salami, made from any type of meat, reduced fat",,172.0,19.2,1.55,9.21,0.1,FNDDS:2706196,FNDDS,World,0
"Salami, made from any type of meat, reduced sodium",,378.0,21.1,0.72,31.6,0.0,FNDDS:2706197,FNDDS,World,0
"Scrapple, cooked",,227.0,8.57,15.0,14.8,0.3,FNDDS:2706198,FNDDS,World,0
Thuringer,,362.0,17.4,3.33,30.4,0.0,FNDDS:2706199,FNDDS,World,0
Turkey or chicken sausage,,193.0,19.6,1.09,12.2,0.0,FNDDS:2706200,FNDDS,World,0
"Turkey or chicken sausage, reduced sodium",,230.0,20.0,13.3,10.7,0.0,FNDDS:2706201,FNDDS,World,0
Turkey or chicken and pork sausage,,307.0,22.7,0.7,23.0,0.0,FNDDS:2706202,FNDDS,World,0
"Vienna sausage, canned",,230.0,10.5,2.6,19.4,0.0,FNDDS:2706203,FNDDS,World,0
Pickled sausage,,314.0,18.1,2.13,26.0,0.0,FNDDS:2706204,FNDDS,World,0
"Luncheon meat, NFS",,101.0,16.7,0.27,3.73,0.0,FNDDS:2706205,FNDDS,World,0
"Ham, prepackaged or deli, luncheon meat",,101.0,16.7,0.27,3.73,0.0,FNDDS:2706206,FNDDS,World,0
"Ham, prepackaged or deli, luncheon meat, reduced sodium",,101.0,16.7,0.27,3.73,0.0,FNDDS:2706207,FNDDS,World,0
"Chicken, prepackaged or deli, luncheon meat",,98.0,17.4,2.92,1.86,0.0,FNDDS:2706208,FNDDS,World,0
"Chicken, prepackaged or deli, luncheon meat, reduced sodium",,98.0,17.4,2.92,1.86,0.0,FNDDS:2706209,FNDDS,World,0
"Ham luncheon meat, loaf type",,117.0,18.0,1.57,4.39,0.0,FNDDS:2706210,FNDDS,World,0
Spam,,315.0,13.4,4.6,26.6,0.0,FNDDS:2706211,FNDDS,World,0
"Spam, reduced sodium",,293.0,12.5,3.4,25.1,0.0,FNDDS:2706212,FNDDS,World,0
Liverwurst,,327.0,14.5,3.1,28.5,0.0,FNDDS:2706213,FNDDS,World,0
"Luncheon meat, loaf type",,225.0,11.2,8.46,16.0,1.5,FNDDS:2706214,FNDDS,World,0
"Turkey, prepackaged or deli, luncheon meat",,106.0,14.8,2.2,3.77,0.0,FNDDS:2706215,FNDDS,World,0
"Turkey, prepackaged or deli, luncheon meat, reduced sodium",,106.0,14.8,2.2,3.77,0.0,FNDDS:2706216,FNDDS,World,0
"Turkey ham, prepackaged or deli, luncheon meat",,106.0,14.8,2.2,3.77,0.0,FNDDS:2706217,FNDDS,World,0
"Beef, prepackaged or deli, luncheon meat",,115.0,18.6,0.64,3.69,0.0,FNDDS:2706218,FNDDS,World,0
"Beef, prepackaged or deli, luncheon meat, reduced sodium",,115.0,18.6,0.64,3.69,0.0,FNDDS:2706219,FNDDS,World,0
"Meat spread or potted meat, NFS",,235.0,7.66,11.9,17.3,0.2,FNDDS:2706220,FNDDS,World,0
Chicken salad spread,,200.0,11.6,7.41,13.5,0.0,FNDDS:2706221,FNDDS,World,0
Ham salad spread,,216.0,8.68,10.6,15.5,0.0,FNDDS:2706222,FNDDS,World,0
"Fish, raw",,94.0,17.2,0.0,2.34,0.0,FNDDS:2706223,FNDDS,World,0
"Fish, NFS",,238.0,19.3,6.64,14.5,0.3,FNDDS:2706224,FNDDS,World,0
"Fish, NS as to type, baked or broiled",,208.0,23.0,0.01,12.4,0.0,FNDDS:2706225,FNDDS,World,0
"Fish, NS as to type, baked or broiled, coated",,223.0,20.7,7.79,11.7,0.3,FNDDS:2706226,FNDDS,World,0
"Fish, NS as to type, fried",,269.0,16.0,11.7,17.2,0.5,FNDDS:2706227,FNDDS,World,0
"Fish, NS as to type, steamed",,171.0,23.4,0.0,8.11,0.0,FNDDS:2706228,FNDDS,World,0
"Fish, canned",,156.0,23.2,0.0,6.3,0.0,FNDDS:2706229,FNDDS,World,0
"Fish, smoked",,116.0,25.2,0.0,0.96,0.0,FNDDS:2706230,FNDDS,World,0
"Fish, stick",,277.0,11.0,21.7,16.2,1.5,FNDDS:2706231,FNDDS,World,0
"Fish, anchovy",,210.0,28.9,0.0,9.71,0.0,FNDDS:2706232,FNDDS,World,0
"Fish, carp",,213.0,20.0,7.79,10.7,0.3,FNDDS:2706233,FNDDS,World,0
"Fish, catfish, NFS",,255.0,13.5,11.7,16.7,0.5,FNDDS:2706234,FNDDS,World,0
"Fish, catfish, baked or broiled",,189.0,18.9,0.01,11.9,0.0,FNDDS:2706235,FNDDS,World,0
"Fish, catfish, grilled",,171.0,19.3,0.0,9.8,0.0,FNDDS:2706236,FNDDS,World,0
"Fish, catfish, baked or broiled, coated",,205.0,17.2,7.79,11.1,0.3,FNDDS:2706237,FNDDS,World,0
"Fish, catfish, fried",,255.0,13.5,11.7,16.7,0.5,FNDDS:2706238,FNDDS,World,0
"Fish, catfish, steamed",,150.0,19.2,0.0,7.5,0.0,FNDDS:2706239,FNDDS,World,0
"Fish, cod, NFS",,217.0,13.5,11.7,12.5,0.5,FNDDS:2706240,FNDDS,World,0
"Fish, cod, baked or broiled",,126.0,19.0,0.01,5.04,0.0,FNDDS:2706241,FNDDS,World,0
"Fish, cod, grilled",,108.0,19.4,0.0,2.79,0.0,FNDDS:2706242,FNDDS,World,0
"Fish, cod, baked or broiled, coated",,152.0,17.3,7.79,5.28,0.3,FNDDS:2706243,FNDDS,World,0
"Fish, cod, fried",,217.0,13.5,11.7,12.5,0.5,FNDDS:2706244,FNDDS,World,0
"Fish, cod, steamed",,87.0,19.3,0.0,0.52,0.0,FNDDS:2706245,FNDDS,World,0
"Fish, croaker",,189.0,19.9,7.79,8.17,0.3,FNDDS:2706246,FNDDS,World,0
"Fish, eel",,273.0,20.6,7.79,17.1,0.3,FNDDS:2706247,FNDDS,World,0
"Fish, flounder, NFS",,128.0,15.4,0.01,6.93,0.0,FNDDS:2706248,FNDDS,World,0
"Fish, flounder, baked or broiled",,128.0,15.4,0.01,6.93,0.0,FNDDS:2706249,FNDDS,World,0
"Fish, flounder, grilled",,109.0,15.7,0.0,4.72,0.0,FNDDS:2706250,FNDDS,World,0
"Fish, flounder, baked or broiled, coated",,153.0,14.3,7.79,6.87,0.3,FNDDS:2706251,FNDDS,World,0
"Fish, flounder, fried",,217.0,11.4,11.7,13.6,0.5,FNDDS:2706252,FNDDS,World,0
"Fish, flounder, steamed",,88.0,15.7,0.0,2.44,0.0,FNDDS:2706253,FNDDS,World,0
"Fish, haddock, NFS",,217.0,14.3,11.7,12.5,0.5,FNDDS:2706254,FNDDS,World,0
"Fish, haddock, baked or broiled",,126.0,20.3,0.01,5.1,0.0,FNDDS:2706255,FNDDS,World,0
"Fish, haddock, grilled",,108.0,20.7,0.0,2.84,0.0,FNDDS:2706256,FNDDS,World,0
"Fish, haddock, baked or broiled, coated",,152.0,18.4,7.79,5.32,0.3,FNDDS:2706257,FNDDS,World,0
"Fish, haddock, fried",,217.0,14.3,11.7,12.5,0.5,FNDDS:2706258,FNDDS,World,0
"Fish, haddock, steamed",,87.0,20.6,0.0,0.57,0.0,FNDDS:2706259,FNDDS,World,0
"Fish, halibut",,175.0,20.7,7.79,6.24,0.3,FNDDS:2706260,FNDDS,World,0
"Fish, herring",,245.0,20.1,7.79,14.3,0.3,FNDDS:2706261,FNDDS,World,0
"Fish, pickled",,262.0,14.2,9.64,18.0,0.0,FNDDS:2706262,FNDDS,World,0
"Fish, mackerel, NFS",,237.0,24.9,0.01,14.3,0.0,FNDDS:2706263,FNDDS,World,0
"Fish, mackerel, baked or broiled",,237.0,24.9,0.01,14.3,0.0,FNDDS:2706264,FNDDS,World,0
"Fish, mackerel, grilled",,221.0,25.4,0.0,12.3,0.0,FNDDS:2706265,FNDDS,World,0
"Fish, mackerel, baked or broiled, coated",,245.0,22.3,7.79,13.1,0.3,FNDDS:2706266,FNDDS,World,0
"Fish, mackerel, fried",,284.0,17.2,11.7,18.2,0.5,FNDDS:2706267,FNDDS,World,0
"Fish, mackerel, canned",,156.0,23.2,0.0,6.3,0.0,FNDDS:2706268,FNDDS,World,0
"Fish, mullet",,202.0,21.6,7.79,8.82,0.3,FNDDS:2706269,FNDDS,World,0
"Fish, perch, NFS",,224.0,13.6,11.7,13.3,0.5,FNDDS:2706270,FNDDS,World,0
"Fish, perch, baked or broiled",,139.0,19.0,0.01,6.45,0.0,FNDDS:2706271,FNDDS,World,0
"Fish, perch, grilled",,121.0,19.4,0.0,4.22,0.0,FNDDS:2706272,FNDDS,World,0
"Fish, perch, baked or broiled, coated",,163.0,17.3,7.79,6.46,0.3,FNDDS:2706273,FNDDS,World,0
"Fish, perch, fried",,224.0,13.6,11.7,13.3,0.5,FNDDS:2706274,FNDDS,World,0
"Fish, perch, steamed",,115.0,24.5,0.0,1.16,0.0,FNDDS:2706275,FNDDS,World,0
"Fish, pike",,172.0,21.5,7.79,5.58,0.3,FNDDS:2706276,FNDDS,World,0
"Fish, pompano, NFS",,244.0,23.0,0.01,16.3,0.0,FNDDS:2706277,FNDDS,World,0
"Fish, pompano, baked or broiled",,244.0,23.0,0.01,16.3,0.0,FNDDS:2706278,FNDDS,World,0
"Fish, pompano, grilled",,228.0,23.4,0.0,14.3,0.0,FNDDS:2706279,FNDDS,World,0
"Fish, pompano, baked or broiled, coated",,252.0,20.6,7.79,14.8,0.3,FNDDS:2706280,FNDDS,World,0
"Fish, pompano, fried",,289.0,16.0,11.7,19.4,0.5,FNDDS:2706281,FNDDS,World,0
"Fish, pompano, steamed",,207.0,23.4,0.0,12.0,0.0,FNDDS:2706282,FNDDS,World,0
"Fish, snapper",,185.0,22.8,7.79,6.26,0.3,FNDDS:2706283,FNDDS,World,0
"Fish, salmon, raw",,188.0,20.4,0.0,11.2,0.0,FNDDS:2706284,FNDDS,World,0
"Fish, salmon, NFS",,274.0,25.4,0.01,18.4,0.0,FNDDS:2706285,FNDDS,World,0
"Fish, salmon, baked or broiled",,274.0,25.4,0.01,18.4,0.0,FNDDS:2706286,FNDDS,World,0
"Fish, salmon, grilled",,259.0,25.9,0.0,16.5,0.0,FNDDS:2706287,FNDDS,World,0
"Fish, salmon, baked or broiled, coated",,277.0,22.7,7.79,16.6,0.3,FNDDS:2706288,FNDDS,World,0
"Fish, salmon, fried",,307.0,17.4,11.7,20.7,0.5,FNDDS:2706289,FNDDS,World,0
"Fish, salmon, steamed",,237.0,25.8,0.0,14.1,0.0,FNDDS:2706290,FNDDS,World,0
"Fish, salmon, canned",,136.0,24.6,0.0,4.21,0.0,FNDDS:2706291,FNDDS,World,0
"Fish, salmon, smoked",,117.0,18.3,0.0,4.32,0.0,FNDDS:2706292,FNDDS,World,0
"Fish, sardines, canned",,208.0,24.6,0.0,11.4,0.0,FNDDS:2706293,FNDDS,World,0
"Fish, bass, NFS",,161.0,22.9,0.01,7.02,0.0,FNDDS:2706294,FNDDS,World,0
"Fish, bass, baked or broiled",,161.0,22.9,0.01,7.02,0.0,FNDDS:2706295,FNDDS,World,0
"Fish, bass, grilled",,143.0,23.4,0.0,4.8,0.0,FNDDS:2706296,FNDDS,World,0
"Fish, bass, baked or broiled, coated",,182.0,20.6,7.79,6.95,0.3,FNDDS:2706297,FNDDS,World,0
"Fish, bass, fried",,238.0,15.9,11.7,13.7,0.5,FNDDS:2706298,FNDDS,World,0
"Fish, bass, steamed",,123.0,23.3,0.0,2.53,0.0,FNDDS:2706299,FNDDS,World,0
"Fish, shark",,216.0,23.3,7.79,9.58,0.3,FNDDS:2706300,FNDDS,World,0
"Fish, swordfish",,231.0,21.9,7.79,11.8,0.3,FNDDS:2706301,FNDDS,World,0
"Fish, trout, NFS",,271.0,17.1,11.7,16.9,0.5,FNDDS:2706302,FNDDS,World,0
"Fish, trout, baked or broiled",,216.0,24.8,0.01,12.2,0.0,FNDDS:2706303,FNDDS,World,0
"Fish, trout, grilled",,199.0,25.3,0.0,10.1,0.0,FNDDS:2706304,FNDDS,World,0
"Fish, trout, baked or broiled, coated",,228.0,22.2,7.79,11.3,0.3,FNDDS:2706305,FNDDS,World,0
"Fish, trout, fried",,271.0,17.1,11.7,16.9,0.5,FNDDS:2706306,FNDDS,World,0
"Fish, trout, steamed",,178.0,25.2,0.0,7.81,0.0,FNDDS:2706307,FNDDS,World,0
"Fish, tuna, raw",,109.0,24.4,0.0,0.49,0.0,FNDDS:2706308,FNDDS,World,0
"Fish, tuna, NFS",,85.0,19.0,0.08,0.94,0.0,FNDDS:2706309,FNDDS,World,0
"Fish, tuna, cooked",,176.0,30.3,0.01,5.14,0.0,FNDDS:2706310,FNDDS,World,0
"Fish, tuna, canned",,85.0,19.0,0.08,0.94,0.0,FNDDS:2706311,FNDDS,World,0
"Fish, whiting, NFS",,233.0,15.8,11.7,13.2,0.5,FNDDS:2706312,FNDDS,World,0
"Fish, whiting, baked or broiled",,153.0,22.8,0.01,6.16,0.0,FNDDS:2706313,FNDDS,World,0
"Fish, whiting, grilled",,134.0,23.2,0.0,3.93,0.0,FNDDS:2706314,FNDDS,World,0
"Fish, whiting, baked or broiled, coated",,174.0,20.5,7.79,6.22,0.3,FNDDS:2706315,FNDDS,World,0
"Fish, whiting, fried",,233.0,15.8,11.7,13.2,0.5,FNDDS:2706316,FNDDS,World,0
"Fish, whiting, steamed",,114.0,23.1,0.0,1.66,0.0,FNDDS:2706317,FNDDS,World,0
"Fish, tilapia, NFS",,160.0,25.0,0.01,6.65,0.0,FNDDS:2706318,FNDDS,World,0
"Fish, tilapia, baked or broiled",,160.0,25.0,0.01,6.65,0.0,FNDDS:2706319,FNDDS,World,0
"Fish, tilapia, grilled",,142.0,25.5,0.0,4.42,0.0,FNDDS:2706320,FNDDS,World,0
"Fish, tilapia, baked or broiled, coated",,180.0,22.3,7.79,6.63,0.3,FNDDS:2706321,FNDDS,World,0
"Fish, tilapia, fried",,237.0,17.2,11.7,13.5,0.5,FNDDS:2706322,FNDDS,World,0
"Fish, tilapia, steamed",,121.0,25.4,0.0,2.15,0.0,FNDDS:2706323,FNDDS,World,0
"Fish, white, mixed species, NFS",,143.0,22.0,0.01,5.85,0.0,FNDDS:2706324,FNDDS,World,0
"Fish, white, mixed species, baked or broiled",,143.0,22.0,0.01,5.85,0.0,FNDDS:2706325,FNDDS,World,0
"Fish, white, mixed species, baked or broiled, coated",,166.0,19.8,7.79,5.95,0.3,FNDDS:2706326,FNDDS,World,0
"Fish, white, mixed species, fried",,227.0,15.3,11.7,13.0,0.5,FNDDS:2706327,FNDDS,World,0
"Fish, white, mixed species, steamed",,104.0,22.3,0.0,1.33,0.0,FNDDS:2706328,FNDDS,World,0
"Fish, white, mixed species, grilled",,125.0,22.4,0.0,3.6,0.0,FNDDS:2706329,FNDDS,World,0
Frog legs,,220.0,14.4,11.7,12.4,0.5,FNDDS:2706330,FNDDS,World,0
Octopus,,226.0,13.2,13.4,13.0,0.5,FNDDS:2706331,FNDDS,World,0
Caviar,,264.0,24.6,4.0,17.9,0.0,FNDDS:2706332,FNDDS,World,0
"Calamari, cooked",,155.0,19.4,3.83,6.25,0.0,FNDDS:2706333,FNDDS,World,0
"Calamari, fried",,234.0,13.8,14.1,13.2,0.5,FNDDS:2706334,FNDDS,World,0
Turtle,,157.0,24.6,0.0,5.8,0.0,FNDDS:2706335,FNDDS,World,0
"Shellfish, NFS",,146.0,15.5,4.9,6.67,0.2,FNDDS:2706336,FNDDS,World,0
Abalone,,177.0,21.2,7.46,6.12,0.0,FNDDS:2706337,FNDDS,World,0
"Clams, raw",,86.0,14.7,3.57,0.96,0.0,FNDDS:2706338,FNDDS,World,0
"Clams, NFS",,143.0,16.1,6.74,5.2,0.1,FNDDS:2706339,FNDDS,World,0
"Clams, baked or broiled",,148.0,18.2,4.44,5.73,0.0,FNDDS:2706340,FNDDS,World,0
"Clams, fried",,230.0,13.1,14.4,12.9,0.5,FNDDS:2706341,FNDDS,World,0
"Clams, steamed or boiled",,109.0,18.6,4.52,1.22,0.0,FNDDS:2706342,FNDDS,World,0
"Clams, canned",,108.0,18.3,4.46,1.2,0.0,FNDDS:2706343,FNDDS,World,0
Crab,,83.0,17.9,0.0,0.74,0.0,FNDDS:2706344,FNDDS,World,0
"Crab, canned",,83.0,17.9,0.0,0.74,0.0,FNDDS:2706345,FNDDS,World,0
"Crab, soft shell",,227.0,15.5,11.7,12.7,0.5,FNDDS:2706346,FNDDS,World,0
"Crayfish, fried",,223.0,14.1,11.7,12.9,0.5,FNDDS:2706347,FNDDS,World,0
"Crayfish, cooked",,97.0,20.2,0.0,1.2,0.0,FNDDS:2706348,FNDDS,World,0
Lobster,,97.0,20.9,0.0,0.95,0.0,FNDDS:2706349,FNDDS,World,0
Mussels,,109.0,15.1,4.67,2.84,0.0,FNDDS:2706350,FNDDS,World,0
"Oysters, raw",,51.0,5.71,2.72,1.71,0.0,FNDDS:2706351,FNDDS,World,0
"Oysters, baked or broiled",,104.0,7.11,3.39,6.66,0.0,FNDDS:2706352,FNDDS,World,0
"Oysters, steamed",,65.0,7.23,3.44,2.16,0.0,FNDDS:2706353,FNDDS,World,0
"Oysters, fried",,203.0,6.26,13.8,13.5,0.5,FNDDS:2706354,FNDDS,World,0
"Oysters, canned",,74.0,7.67,4.25,2.68,0.0,FNDDS:2706355,FNDDS,World,0
"Scallops, baked or broiled",,126.0,15.0,3.96,5.14,0.0,FNDDS:2706356,FNDDS,World,0
"Scallops, grilled",,108.0,15.3,4.04,2.89,0.0,FNDDS:2706357,FNDDS,World,0
"Scallops, steamed or boiled",,87.0,15.2,4.02,0.62,0.0,FNDDS:2706358,FNDDS,World,0
"Scallops, fried",,217.0,11.1,14.1,12.5,0.5,FNDDS:2706359,FNDDS,World,0
"Shrimp, NFS",,146.0,15.5,4.9,6.67,0.2,FNDDS:2706360,FNDDS,World,0
"Shrimp, baked or broiled",,129.0,16.9,1.14,5.79,0.0,FNDDS:2706361,FNDDS,World,0
"Shrimp, grilled",,110.0,17.3,1.16,3.55,0.0,FNDDS:2706362,FNDDS,World,0
"Shrimp, steamed or boiled",,90.0,17.2,1.15,1.28,0.0,FNDDS:2706363,FNDDS,World,0
"Shrimp, fried",,218.0,12.3,12.4,12.9,0.5,FNDDS:2706364,FNDDS,World,0
"Shrimp, baked or broiled, coated",,154.0,15.6,8.74,5.91,0.3,FNDDS:2706365,FNDDS,World,0
"Shrimp, dried",,250.0,51.0,0.0,3.4,0.0,FNDDS:2706366,FNDDS,World,0
"Shrimp, canned",,100.0,20.4,0.0,1.36,0.0,FNDDS:2706367,FNDDS,World,0
Escargot,,158.0,20.0,2.48,6.91,0.0,FNDDS:2706368,FNDDS,World,0
"Barbecue meat, NFS",,226.0,18.1,12.2,11.2,0.3,FNDDS:2706369,FNDDS,American,0
Beef with tomato-based sauce,,149.0,21.7,1.58,6.36,0.4,FNDDS:2706370,FNDDS,World,0
Beef burgundy,,148.0,18.5,4.19,6.0,0.8,FNDDS:2706371,FNDDS,World,0
"Guisada, beef",,115.0,10.8,2.52,6.62,0.5,FNDDS:2706372,FNDDS,World,0
"Chili, NFS",,118.0,9.8,10.2,4.33,3.0,FNDDS:2706373,FNDDS,World,0
"Chili with meat, from restaurant",,160.0,12.0,6.68,9.35,1.9,FNDDS:2706374,FNDDS,World,0
Chili with meat and beans,,118.0,9.8,10.2,4.33,3.0,FNDDS:2706375,FNDDS,World,0
"Chili with meat, canned",,106.0,8.5,10.8,3.38,3.2,FNDDS:2706376,FNDDS,World,0
Chili with meat,,139.0,13.3,2.41,8.22,0.5,FNDDS:2706377,FNDDS,World,0
"Sloppy joe, no bun",,140.0,12.1,5.48,7.63,0.7,FNDDS:2706378,FNDDS,World,0
Beef with gravy,,156.0,21.6,1.58,7.05,0.0,FNDDS:2706379,FNDDS,World,0
Salisbury steak with gravy,,149.0,6.98,6.78,10.5,1.0,FNDDS:2706380,FNDDS,World,0
Beef with cream or white sauce,,185.0,22.5,2.75,9.31,0.0,FNDDS:2706381,FNDDS,World,0
Beef stroganoff,,150.0,10.1,6.21,9.33,0.7,FNDDS:2706382,FNDDS,World,0
Creamed chipped or dried beef,,133.0,7.65,7.57,8.05,0.1,FNDDS:2706383,FNDDS,World,0
Swedish meatballs with cream or white sauce,,170.0,12.5,6.29,10.3,0.2,FNDDS:2706384,FNDDS,World,0
Beef with mushroom sauce,,163.0,22.0,1.83,7.54,0.1,FNDDS:2706385,FNDDS,World,0
Beef with soy-based sauce,,187.0,15.9,3.35,12.4,0.5,FNDDS:2706386,FNDDS,World,0
Steak teriyaki,,198.0,28.9,1.94,8.25,0.0,FNDDS:2706387,FNDDS,Japanese,0
Beef curry,,113.0,7.57,6.53,6.57,1.4,FNDDS:2706388,FNDDS,Indian,0
Beef curry with rice,,119.0,5.61,15.1,4.05,1.0,FNDDS:2706389,FNDDS,Indian,0
"Barbecue beef, with sauce",,228.0,19.8,12.2,10.8,0.3,FNDDS:2706390,FNDDS,American,0
"Barbecue beef, no sauce",,252.0,28.0,0.0,15.2,0.0,FNDDS:2706391,FNDDS,American,0
Beef with sweet and sour sauce,,211.0,9.29,14.2,12.8,0.6,FNDDS:2706392,FNDDS,Chinese,0
"Stewed seasoned ground beef, Mexican style",,169.0,14.3,1.28,11.4,0.2,FNDDS:2706393,FNDDS,World,0
Steak tartare,,216.0,17.4,0.34,15.6,0.2,FNDDS:2706394,FNDDS,World,0
"Meatballs, Puerto Rican style",,225.0,14.3,6.9,15.3,0.8,FNDDS:2706395,FNDDS,World,0
"Stewed seasoned ground beef, Puerto Rican style",,278.0,13.8,3.83,22.8,0.9,FNDDS:2706396,FNDDS,World,0
"Stewed dried beef, Puerto Rican style",,258.0,17.7,3.91,19.1,0.8,FNDDS:2706397,FNDDS,World,0
Ham or pork with gravy,,160.0,20.2,1.58,7.49,0.0,FNDDS:2706398,FNDDS,World,0
"Barbecue pork, with sauce",,226.0,17.6,12.2,11.3,0.3,FNDDS:2706399,FNDDS,American,0
"Barbecue pork, no sauce",,249.0,24.8,0.0,15.9,0.0,FNDDS:2706400,FNDDS,American,0
Sweet and sour pork,,260.0,8.88,25.5,13.6,1.0,FNDDS:2706401,FNDDS,Chinese,0
Ham stroganoff,,131.0,7.62,5.19,8.85,0.7,FNDDS:2706402,FNDDS,World,0
Ham or pork with mushroom sauce,,167.0,20.6,1.84,7.98,0.1,FNDDS:2706403,FNDDS,World,0
Ham or pork with tomato-based sauce,,153.0,20.3,1.59,6.8,0.4,FNDDS:2706404,FNDDS,World,0
Sausage with tomato-based sauce,,234.0,13.3,2.58,19.1,0.4,FNDDS:2706405,FNDDS,World,0
Sausage gravy,,180.0,6.78,7.65,13.6,0.1,FNDDS:2706406,FNDDS,World,0
"Guisada, pork",,118.0,10.3,2.52,7.09,0.5,FNDDS:2706407,FNDDS,World,0
Pork or ham with soy-based sauce,,190.0,14.9,3.35,12.7,0.5,FNDDS:2706408,FNDDS,World,0
"Chili hot dog, no bun",,202.0,10.0,7.09,15.0,1.7,FNDDS:2706409,FNDDS,American,0
Frankfurters or hot dogs with tomato-based sauce,,223.0,8.52,3.6,19.6,0.4,FNDDS:2706410,FNDDS,American,0
Pork with chili and tomatoes,,95.0,11.6,2.68,3.99,0.9,FNDDS:2706411,FNDDS,World,0
"Stewed pork, Puerto Rican style",,200.0,17.9,2.75,12.7,0.6,FNDDS:2706412,FNDDS,World,0
Lamb or mutton with gravy,,219.0,17.3,1.58,15.4,0.0,FNDDS:2706413,FNDDS,World,0
"Stewed goat, Puerto Rican style",,265.0,22.3,1.98,18.1,0.5,FNDDS:2706414,FNDDS,World,0
Veal scallopini,,241.0,18.7,1.47,17.5,0.4,FNDDS:2706415,FNDDS,World,0
Veal Marsala,,175.0,17.8,6.74,8.54,0.5,FNDDS:2706416,FNDDS,World,0
Veal parmigiana,,204.0,15.3,8.33,11.9,0.8,FNDDS:2706417,FNDDS,Italian,0
Veal cordon bleu,,219.0,23.7,9.34,9.69,0.6,FNDDS:2706418,FNDDS,World,0
Venison or deer with tomato-based sauce,,140.0,25.6,1.59,2.84,0.4,FNDDS:2706419,FNDDS,World,0
Venison or deer with gravy,,147.0,25.5,1.58,3.53,0.0,FNDDS:2706420,FNDDS,World,0
Chicken or turkey cacciatore,,174.0,13.2,6.92,10.6,1.1,FNDDS:2706421,FNDDS,World,0
Spaghetti sauce with poultry,,75.0,6.29,6.54,2.62,1.5,FNDDS:2706422,FNDDS,Italian,0
Spaghetti sauce with poultry and added vegetables,,71.0,6.39,6.05,2.39,1.4,FNDDS:2706423,FNDDS,Italian,0
"Stewed chicken with tomato-based sauce, Mexican style",,120.0,12.0,2.48,7.06,0.4,FNDDS:2706424,FNDDS,World,0
Chili with chicken and beans,,99.0,10.2,10.2,2.08,3.0,FNDDS:2706425,FNDDS,World,0
Chili with chicken,,100.0,14.1,2.41,3.71,0.5,FNDDS:2706426,FNDDS,World,0
"Chili, white",,95.0,9.92,9.68,1.91,2.4,FNDDS:2706427,FNDDS,World,0
Chicken with gravy,,129.0,18.9,1.58,5.21,0.0,FNDDS:2706428,FNDDS,World,0
Chicken or turkey fricassee,,121.0,10.7,3.54,7.16,0.1,FNDDS:2706429,FNDDS,World,0
Turkey with gravy,,125.0,20.5,1.58,3.46,0.0,FNDDS:2706430,FNDDS,World,0
Chicken or turkey with cream sauce,,157.0,19.8,2.75,7.48,0.0,FNDDS:2706431,FNDDS,World,0
Chicken or turkey with mushroom sauce,,136.0,19.3,1.84,5.7,0.1,FNDDS:2706432,FNDDS,World,0
Chicken or turkey with teriyaki,,163.0,25.7,1.62,5.96,0.0,FNDDS:2706433,FNDDS,Japanese,0
Barbecue chicken,,167.0,19.0,12.2,4.64,0.3,FNDDS:2706434,FNDDS,American,0
Sweet and sour chicken or turkey,,250.0,10.1,23.9,12.6,1.0,FNDDS:2706435,FNDDS,Chinese,0
"Sweet and sour chicken or turkey, without vegetables",,250.0,10.1,23.9,12.6,1.0,FNDDS:2706436,FNDDS,Chinese,0
Chicken curry,,107.0,6.48,6.54,6.48,1.4,FNDDS:2706437,FNDDS,Indian,0
Chicken curry with rice,,116.0,4.96,15.1,4.0,1.0,FNDDS:2706438,FNDDS,Indian,0
Chicken with mole sauce,,137.0,19.0,3.22,5.58,0.3,FNDDS:2706439,FNDDS,World,0
Chicken or turkey with cheese sauce,,173.0,21.8,1.64,8.9,0.0,FNDDS:2706440,FNDDS,World,0
Chicken or turkey cordon bleu,,210.0,22.6,9.29,9.17,0.6,FNDDS:2706441,FNDDS,World,0
Chicken or turkey parmigiana,,174.0,16.2,8.3,8.34,0.8,FNDDS:2706442,FNDDS,Italian,0
Orange chicken,,262.0,14.5,22.5,12.7,0.8,FNDDS:2706443,FNDDS,Chinese,0
Sesame chicken,,293.0,14.3,26.9,14.2,0.7,FNDDS:2706444,FNDDS,World,0
Chicken kiev,,280.0,21.3,5.45,19.2,0.1,FNDDS:2706445,FNDDS,World,0
"Stuffed chicken, drumstick or breast, Puerto Rican style",,236.0,28.4,6.51,10.5,0.3,FNDDS:2706446,FNDDS,World,0
"Fish with cream or white sauce, not tuna or lobster",,116.0,17.0,2.75,3.64,0.0,FNDDS:2706447,FNDDS,World,0
Fish timbale or mousse,,149.0,10.1,1.96,11.0,0.0,FNDDS:2706448,FNDDS,World,0
Shrimp cocktail,,99.0,13.2,7.92,1.22,0.4,FNDDS:2706449,FNDDS,World,0
Tuna with cream or white sauce,,102.0,14.4,2.81,3.71,0.0,FNDDS:2706450,FNDDS,World,0
Seafood thermidor,,251.0,10.6,4.66,21.2,0.1,FNDDS:2706451,FNDDS,World,0
Seafood sauce,,203.0,8.53,2.51,17.4,0.1,FNDDS:2706452,FNDDS,World,0
Spaghetti sauce with seafood,,64.0,5.33,7.09,1.48,1.5,FNDDS:2706453,FNDDS,Italian,0
Spaghetti sauce with seafood and added vegetables,,60.0,5.43,6.6,1.25,1.4,FNDDS:2706454,FNDDS,Italian,0
Shrimp with lobster sauce,,151.0,16.8,2.16,7.85,0.0,FNDDS:2706455,FNDDS,World,0
Sweet and sour shrimp,,172.0,5.92,16.2,9.22,0.6,FNDDS:2706456,FNDDS,Chinese,0
Fish sauce,,35.0,5.06,3.64,0.01,0.0,FNDDS:2706457,FNDDS,World,0
Shrimp scampi,,192.0,15.4,2.27,13.0,0.2,FNDDS:2706458,FNDDS,World,0
Fish with tomato-based sauce,,80.0,16.3,1.59,0.69,0.4,FNDDS:2706459,FNDDS,World,0
Fish curry,,93.0,4.94,6.65,5.42,1.4,FNDDS:2706460,FNDDS,Indian,0
Fish curry with rice,,107.0,4.03,15.2,3.36,1.0,FNDDS:2706461,FNDDS,Indian,0
Shrimp teriyaki,,120.0,21.6,3.34,1.56,0.0,FNDDS:2706462,FNDDS,Japanese,0
Ceviche,,63.0,10.5,3.58,0.76,0.5,FNDDS:2706463,FNDDS,World,0
"Crabs in tomato-based sauce, Puerto Rican style",,144.0,12.5,2.92,8.9,0.6,FNDDS:2706464,FNDDS,World,0
"Shrimp in garlic sauce, Puerto Rican style",,281.0,11.6,2.45,25.0,0.2,FNDDS:2706465,FNDDS,World,0
"Stew, fish",,46.0,7.63,2.75,0.42,0.5,FNDDS:2706466,FNDDS,World,0
"Meatballs, NS as to type of meat, with sauce",,186.0,18.0,0.15,12.0,0.0,FNDDS:2706467,FNDDS,World,0
"Meat loaf, Puerto Rican style",,325.0,19.8,10.7,22.0,0.6,FNDDS:2706468,FNDDS,World,0
Meat with tomato-based sauce,,149.0,21.7,1.58,6.36,0.4,FNDDS:2706469,FNDDS,World,0
Spaghetti sauce with meat,,90.0,5.94,6.54,4.36,1.5,FNDDS:2706470,FNDDS,Italian,0
Spaghetti sauce with meat and added vegetables,,86.0,6.03,6.05,4.13,1.4,FNDDS:2706471,FNDDS,Italian,0
"Stewed, seasoned, ground beef and pork, Mexican style",,139.0,16.7,1.45,6.98,0.2,FNDDS:2706472,FNDDS,World,0
"Meat with gravy, NS as to type of meat,",,156.0,21.6,1.58,7.05,0.0,FNDDS:2706473,FNDDS,World,0
"Beef and potatoes, no sauce",,133.0,7.92,14.5,4.93,1.3,FNDDS:2706474,FNDDS,World,0
"Beef and potatoes with cream sauce, white sauce or mushroom sauce",,100.0,8.04,8.66,3.79,0.7,FNDDS:2706475,FNDDS,World,0
"Beef, roast, hash",,140.0,13.2,10.7,5.1,1.0,FNDDS:2706476,FNDDS,World,0
Corned beef hash,,164.0,8.73,9.27,10.2,1.1,FNDDS:2706477,FNDDS,World,0
Beef and potatoes with cheese sauce,,126.0,8.15,11.1,5.6,0.9,FNDDS:2706478,FNDDS,World,0
"Stewed, seasoned, ground beef with potatoes, Mexican style",,137.0,10.4,5.6,7.88,0.8,FNDDS:2706479,FNDDS,World,0
"Beef and noodles, no sauce",,189.0,11.4,16.2,8.41,0.8,FNDDS:2706480,FNDDS,World,0
Beef and macaroni with cheese sauce,,137.0,9.12,12.3,5.42,0.5,FNDDS:2706481,FNDDS,World,0
Beef and noodles with tomato-based sauce,,115.0,8.74,10.7,3.93,0.4,FNDDS:2706482,FNDDS,World,0
Chili with macaroni,,126.0,8.99,14.4,3.65,2.8,FNDDS:2706483,FNDDS,World,0
Beef and noodles with gravy,,139.0,7.7,15.4,5.07,0.7,FNDDS:2706484,FNDDS,World,0
Beef and noodles with cream or white sauce,,140.0,7.86,15.0,5.33,0.6,FNDDS:2706485,FNDDS,World,0
Beef stroganoff with noodles,,129.0,7.76,8.99,6.8,0.7,FNDDS:2706486,FNDDS,World,0
Beef and noodles with mushroom sauce,,136.0,7.54,15.0,5.14,0.8,FNDDS:2706487,FNDDS,World,0
Beef and noodles with soy-based sauce,,173.0,13.2,7.54,10.0,0.6,FNDDS:2706488,FNDDS,World,0
"Beef and rice, no sauce",,146.0,7.27,17.2,5.0,0.2,FNDDS:2706489,FNDDS,World,0
Biryani with meat,,145.0,8.5,12.2,6.79,1.0,FNDDS:2706490,FNDDS,Indian,0
Beef and rice with tomato-based sauce,,136.0,6.39,15.9,5.15,0.7,FNDDS:2706491,FNDDS,World,0
Porcupine balls with tomato-based sauce,,153.0,10.4,13.4,6.21,0.6,FNDDS:2706492,FNDDS,World,0
Beef and rice with gravy,,137.0,6.28,16.0,5.12,0.2,FNDDS:2706493,FNDDS,World,0
Beef and rice with cream sauce,,139.0,6.7,15.9,5.24,0.2,FNDDS:2706494,FNDDS,World,0
Beef and rice with mushroom sauce,,135.0,6.25,15.5,5.18,0.4,FNDDS:2706495,FNDDS,World,0
Porcupine balls with mushroom sauce,,157.0,10.3,10.7,7.76,0.5,FNDDS:2706496,FNDDS,World,0
Beef and rice with soy-based sauce,,178.0,13.6,7.96,10.3,0.5,FNDDS:2706497,FNDDS,World,0
Beef and rice with cheese sauce,,142.0,8.08,14.7,5.35,0.4,FNDDS:2706498,FNDDS,World,0
Meat loaf made with beef,,199.0,17.5,7.2,10.7,0.4,FNDDS:2706499,FNDDS,World,0
"Meat loaf made with beef, with tomato-based sauce",,159.0,13.8,6.77,8.35,0.7,FNDDS:2706500,FNDDS,World,0
Beef wellington,,368.0,19.2,10.2,27.4,0.4,FNDDS:2706501,FNDDS,World,0
Corned beef patty,,164.0,8.73,9.27,10.2,1.1,FNDDS:2706502,FNDDS,World,0
"Beef stew with potatoes, Puerto Rican style",,220.0,14.6,6.53,14.8,1.0,FNDDS:2706503,FNDDS,World,0
Meat loaf made with ham,,179.0,20.6,6.16,7.52,0.3,FNDDS:2706504,FNDDS,World,0
Ham and noodles with cream or white sauce,,139.0,6.81,15.3,5.44,0.6,FNDDS:2706505,FNDDS,World,0
Ham and rice with mushroom sauce,,136.0,5.37,16.3,5.19,0.4,FNDDS:2706506,FNDDS,World,0
Ham or pork with stuffing,,143.0,6.26,10.4,8.27,0.4,FNDDS:2706507,FNDDS,World,0
Ham croquette,,273.0,18.0,2.6,20.7,0.2,FNDDS:2706508,FNDDS,World,0
Pork and rice with tomato-based sauce,,140.0,6.42,16.8,5.0,0.7,FNDDS:2706509,FNDDS,World,0
Sausage and rice with tomato-based sauce,,134.0,4.63,16.4,5.49,0.7,FNDDS:2706510,FNDDS,World,0
Sausage and rice with mushroom sauce,,142.0,4.86,16.8,6.02,0.4,FNDDS:2706511,FNDDS,World,0
Sausage and rice with cheese sauce,,151.0,6.32,13.9,7.61,0.2,FNDDS:2706512,FNDDS,World,0
Sausage and noodles with cream or white sauce,,153.0,5.91,14.8,7.8,0.6,FNDDS:2706513,FNDDS,World,0
"Ham and noodles, no sauce",,144.0,7.15,15.9,5.54,0.8,FNDDS:2706514,FNDDS,World,0
"Ham or pork and rice, no sauce",,143.0,6.73,16.8,4.99,0.2,FNDDS:2706515,FNDDS,World,0
Ham or pork and potatoes with gravy,,126.0,5.4,11.7,6.33,0.9,FNDDS:2706516,FNDDS,World,0
Ham or pork and potatoes with cheese sauce,,127.0,7.86,11.1,5.69,0.9,FNDDS:2706517,FNDDS,World,0
"Stewed pig's feet, Puerto Rican style",,136.0,9.99,4.13,8.7,0.5,FNDDS:2706518,FNDDS,World,0
"Stew, pork",,109.0,8.35,6.29,5.42,1.3,FNDDS:2706519,FNDDS,World,0
"Stew, pork, with pasta",,133.0,9.35,10.8,5.58,1.1,FNDDS:2706520,FNDDS,World,0
Lamb or mutton loaf,,192.0,14.0,7.44,11.6,0.3,FNDDS:2706521,FNDDS,World,0
Lamb or mutton and potatoes with gravy,,129.0,5.13,12.5,6.46,1.0,FNDDS:2706522,FNDDS,World,0
Lamb or mutton and potatoes with tomato-based sauce,,126.0,5.26,12.5,6.22,1.5,FNDDS:2706523,FNDDS,World,0
Lamb or mutton and noodles with gravy,,141.0,6.8,15.6,5.48,0.7,FNDDS:2706524,FNDDS,World,0
Meat loaf made with venison/deer,,166.0,19.0,6.31,6.73,0.4,FNDDS:2706525,FNDDS,World,0
Venison or deer and noodles with cream or white sauce,,141.0,8.37,14.5,5.37,0.6,FNDDS:2706526,FNDDS,World,0
Chicken or turkey hash,,110.0,9.57,8.27,4.1,1.3,FNDDS:2706527,FNDDS,World,0
Chicken or turkey and potatoes with gravy,,122.0,7.47,9.04,6.35,0.9,FNDDS:2706528,FNDDS,World,0
"Chicken or turkey and noodles, no sauce",,148.0,7.73,15.5,6.14,0.7,FNDDS:2706529,FNDDS,World,0
Chicken or turkey and noodles with gravy,,140.0,6.99,15.2,5.67,0.7,FNDDS:2706530,FNDDS,World,0
Chicken or turkey and noodles with mushroom sauce,,136.0,6.92,14.9,5.46,0.8,FNDDS:2706531,FNDDS,World,0
Chicken or turkey and noodles with cream or white sauce,,140.0,7.39,15.2,5.51,0.6,FNDDS:2706532,FNDDS,World,0
Chicken or turkey and noodles with cheese sauce,,146.0,8.95,13.6,6.16,0.6,FNDDS:2706533,FNDDS,World,0
Chicken or turkey tetrazzini,,119.0,12.0,6.96,4.79,0.5,FNDDS:2706534,FNDDS,World,0
Chicken or turkey and noodles with tomato-based sauce,,137.0,7.12,15.2,5.44,1.1,FNDDS:2706535,FNDDS,World,0
Chicken or turkey and noodles with soy-based sauce,,157.0,11.6,7.6,9.02,0.6,FNDDS:2706536,FNDDS,World,0
"Chicken or turkey and rice, no sauce",,149.0,6.46,17.0,5.84,0.2,FNDDS:2706537,FNDDS,World,0
Biryani with chicken,,104.0,7.15,13.6,2.38,1.1,FNDDS:2706538,FNDDS,Indian,0
Chicken or turkey and rice with cream sauce,,136.0,8.13,12.8,5.86,0.5,FNDDS:2706539,FNDDS,World,0
Chicken or turkey and rice with mushroom sauce,,135.0,5.67,15.4,5.48,0.4,FNDDS:2706540,FNDDS,World,0
Chicken or turkey and rice with tomato-based sauce,,142.0,5.72,15.7,6.18,0.6,FNDDS:2706541,FNDDS,World,0
Chicken or turkey and rice with soy-based sauce,,162.0,12.0,8.01,9.21,0.5,FNDDS:2706542,FNDDS,World,0
Chicken or turkey with dumplings,,144.0,15.7,8.04,5.55,0.3,FNDDS:2706543,FNDDS,World,0
Chicken or turkey with stuffing,,172.0,20.0,11.7,4.88,0.5,FNDDS:2706544,FNDDS,World,0
"Chicken or turkey cake, patty, or croquette",,262.0,20.8,2.59,18.8,0.2,FNDDS:2706545,FNDDS,World,0
Chicken or turkey souffle,,171.0,11.7,5.59,11.3,0.1,FNDDS:2706546,FNDDS,World,0
Meat loaf made with chicken or turkey,,172.0,18.8,8.08,7.27,0.6,FNDDS:2706547,FNDDS,World,0
"Meat loaf made with chicken or turkey, with tomato-based sauce",,145.0,15.5,7.29,6.2,0.8,FNDDS:2706548,FNDDS,World,0
"Crab, cake",,214.0,14.4,4.48,15.0,0.3,FNDDS:2706549,FNDDS,World,0
"Fish, cake or patty",,212.0,13.6,10.4,12.6,1.2,FNDDS:2706550,FNDDS,World,0
Gefilte fish,,82.0,10.4,8.74,0.41,0.4,FNDDS:2706551,FNDDS,World,0
"Fish, salmon cake or patty",,285.0,16.1,4.46,22.1,0.3,FNDDS:2706552,FNDDS,World,0
"Shrimp and noodles, no sauce",,146.0,7.3,16.4,5.5,0.8,FNDDS:2706553,FNDDS,World,0
Shrimp and noodles with gravy,,131.0,6.02,14.7,5.18,0.6,FNDDS:2706554,FNDDS,World,0
Shrimp and noodles with mushroom sauce,,133.0,6.31,15.0,5.24,0.8,FNDDS:2706555,FNDDS,World,0
Shrimp and noodles with cream or white sauce,,143.0,7.14,16.2,5.32,0.7,FNDDS:2706556,FNDDS,World,0
Shrimp and noodles with soy-based sauce,,141.0,10.2,8.17,7.25,0.6,FNDDS:2706557,FNDDS,World,0
Shrimp and noodles with cheese sauce,,136.0,8.18,13.4,5.37,0.6,FNDDS:2706558,FNDDS,World,0
Shrimp and noodles with tomato sauce,,134.0,6.46,15.4,5.22,1.1,FNDDS:2706559,FNDDS,World,0
Tuna cake or patty,,206.0,15.3,2.65,14.9,0.2,FNDDS:2706560,FNDDS,World,0
Clam cake or patty,,246.0,19.0,6.79,15.4,0.2,FNDDS:2706561,FNDDS,World,0
Flounder with crab stuffing,,136.0,15.1,5.73,5.52,0.3,FNDDS:2706562,FNDDS,World,0
"Lobster with bread stuffing, baked",,177.0,15.0,9.83,8.26,0.5,FNDDS:2706563,FNDDS,World,0
Clams Casino,,162.0,11.8,10.3,7.9,1.0,FNDDS:2706564,FNDDS,World,0
"Shrimp, cake or patty",,218.0,13.9,5.26,15.3,0.3,FNDDS:2706565,FNDDS,World,0
Shrimp with crab stuffing,,174.0,16.4,6.16,9.01,0.3,FNDDS:2706566,FNDDS,World,0
Shrimp toast,,222.0,8.46,12.0,15.4,0.8,FNDDS:2706567,FNDDS,World,0
Imitation crab meat,,95.0,7.62,15.0,0.46,0.5,FNDDS:2706568,FNDDS,World,0
Seafood souffle,,153.0,9.94,5.56,9.98,0.1,FNDDS:2706569,FNDDS,World,0
Tuna noodle casserole with cream or white sauce,,168.0,10.1,15.4,7.3,0.7,FNDDS:2706570,FNDDS,World,0
Tuna noodle casserole with mushroom sauce,,139.0,9.02,13.9,5.18,0.8,FNDDS:2706571,FNDDS,World,0
Tuna and rice with mushroom sauce,,128.0,4.57,15.4,5.17,0.4,FNDDS:2706572,FNDDS,World,0
Fish and rice with tomato-based sauce,,135.0,5.41,16.5,5.12,0.7,FNDDS:2706573,FNDDS,World,0
Fish and rice with cream sauce,,133.0,5.54,15.8,4.98,0.2,FNDDS:2706574,FNDDS,World,0
Fish and rice with mushroom sauce,,135.0,5.34,16.1,5.16,0.4,FNDDS:2706575,FNDDS,World,0
Fish and noodles with mushroom sauce,,131.0,6.3,14.8,5.11,0.8,FNDDS:2706576,FNDDS,World,0
Shellfish and noodles with tomato-based sauce,,135.0,6.58,15.7,5.04,1.1,FNDDS:2706577,FNDDS,World,0
"Stewed salmon, Puerto Rican style",,146.0,12.0,8.47,7.02,1.3,FNDDS:2706578,FNDDS,World,0
"Meat loaf, NS as to type of meat",,202.0,17.5,7.2,11.0,0.4,FNDDS:2706579,FNDDS,World,0
"Meatballs, with breading, NS as to type of meat, with gravy",,143.0,12.2,6.28,7.51,0.4,FNDDS:2706580,FNDDS,World,0
Meat loaf made with beef and pork,,196.0,17.3,7.18,10.5,0.4,FNDDS:2706581,FNDDS,World,0
"Meat loaf made with beef, veal and pork",,196.0,17.3,7.18,10.5,0.4,FNDDS:2706582,FNDDS,World,0
"Meat loaf made with beef and pork, with tomato-based sauce",,157.0,13.6,6.75,8.18,0.7,FNDDS:2706583,FNDDS,World,0
"Hash, NS as to type of meat",,164.0,8.73,9.27,10.2,1.1,FNDDS:2706584,FNDDS,World,0
"Vienna sausages stewed with potatoes, Puerto Rican style",,219.0,5.08,13.1,16.4,1.7,FNDDS:2706585,FNDDS,World,0
"Stewed, seasoned, ground beef and pork with potatoes, Mexican style",,143.0,12.8,4.16,8.02,0.6,FNDDS:2706586,FNDDS,World,0
"Beef, potatoes, and vegetables including carrots, broccoli, and/or dark-green leafy; no sauce",,126.0,6.93,13.5,5.15,1.8,FNDDS:2706587,FNDDS,World,0
"Beef, potatoes, and vegetables, excluding carrots, broccoli, and dark-green leafy; no sauce",,131.0,6.97,15.0,5.1,1.7,FNDDS:2706588,FNDDS,World,0
"Corned beef, potatoes, and vegetables including carrots, broccoli, and/or dark-green leafy; no sauce",,127.0,4.76,13.7,6.0,1.8,FNDDS:2706589,FNDDS,World,0
"Corned beef, potatoes, and vegetables excluding carrots, broccoli, and dark-green leafy; no sauce",,127.0,4.84,15.4,5.38,1.7,FNDDS:2706590,FNDDS,World,0
"Stew, beef, canned",,100.0,5.0,6.54,5.96,1.1,FNDDS:2706591,FNDDS,World,0
"Stew, beef",,107.0,8.76,6.29,5.07,1.3,FNDDS:2706592,FNDDS,World,0
"Stew, beef, with pasta",,132.0,9.76,10.8,5.23,1.1,FNDDS:2706593,FNDDS,World,0
Shepherd's pie,,123.0,7.64,8.72,6.3,1.5,FNDDS:2706594,FNDDS,World,0
"Beef, potatoes, and vegetables including carrots, broccoli, and/or dark-green leafy; gravy",,129.0,5.23,11.2,7.16,1.4,FNDDS:2706595,FNDDS,World,0
"Beef, potatoes, and vegetables excluding carrots, broccoli, and dark-green leafy; gravy",,126.0,5.3,12.4,6.34,1.3,FNDDS:2706596,FNDDS,World,0
"Beef, potatoes, and vegetables including carrots, broccoli, and/or dark-green leafy; cream sauce, white sauce, or mushroom sauce",,127.0,5.28,11.1,7.06,1.4,FNDDS:2706597,FNDDS,World,0
"Beef, potatoes, and vegetables excluding carrots, broccoli, and dark-green leafy; cream sauce, white sauce, or mushroom sauce",,128.0,5.33,12.2,6.69,1.3,FNDDS:2706598,FNDDS,World,0
"Beef, potatoes, and vegetables including carrots, broccoli, and/or dark-green leafy; tomato-based sauce",,126.0,5.33,11.1,6.96,1.7,FNDDS:2706599,FNDDS,World,0
"Beef, potatoes, and vegetables excluding carrots, broccoli, and dark-green leafy; tomato-based sauce",,126.0,5.39,12.3,6.56,1.6,FNDDS:2706600,FNDDS,World,0
"Beef, potatoes, and vegetables including carrots, broccoli, and/or dark-green leafy; cheese sauce",,127.0,8.14,11.8,5.43,1.4,FNDDS:2706601,FNDDS,World,0
"Beef, potatoes, and vegetables excluding carrots, broccoli, and dark-green leafy; cheese sauce",,131.0,8.17,13.0,5.43,1.3,FNDDS:2706602,FNDDS,World,0
"Beef, potatoes, and vegetables including carrots, broccoli, and/or dark-green leafy; soy-based sauce",,149.0,11.8,5.96,8.82,1.1,FNDDS:2706603,FNDDS,World,0
"Beef, potatoes, and vegetables excluding carrots, broccoli, and dark-green leafy; soy-based sauce",,148.0,11.8,5.8,8.81,1.0,FNDDS:2706604,FNDDS,World,0
"Beef, noodles, and vegetables including carrots, broccoli, and/or dark-green leafy; no sauce",,148.0,8.71,16.7,5.19,1.5,FNDDS:2706605,FNDDS,World,0
"Beef, noodles, and vegetables excluding carrots, broccoli, and dark-green leafy; no sauce",,151.0,8.78,18.3,4.91,1.4,FNDDS:2706606,FNDDS,World,0
Beef chow mein or chop suey with noodles,,129.0,10.8,11.2,4.89,1.5,FNDDS:2706607,FNDDS,Chinese,0
"Beef, noodles, and vegetables including carrots, broccoli, and/or dark-green leafy; soy-based sauce",,139.0,10.3,7.6,7.58,1.2,FNDDS:2706608,FNDDS,World,0
"Beef, noodles, and vegetables excluding carrots, broccoli, and dark-green leafy; soy-based sauce",,139.0,10.4,7.44,7.64,1.0,FNDDS:2706609,FNDDS,World,0
"Beef, noodles, and vegetables including carrots, broccoli, and/or dark-green leafy; tomato-based sauce",,126.0,6.74,13.7,5.06,1.5,FNDDS:2706610,FNDDS,World,0
"Beef, noodles, and vegetables excluding carrots, broccoli, and dark-green leafy; tomato-based sauce",,130.0,6.77,14.9,5.07,1.4,FNDDS:2706611,FNDDS,World,0
"Beef, noodles, and vegetables including carrots, broccoli, and/or dark-green leafy; mushroom sauce",,125.0,6.6,13.6,5.06,1.2,FNDDS:2706612,FNDDS,World,0
"Beef, noodles, and vegetables excluding carrots, broccoli, and dark-green leafy; mushroom sauce",,129.0,6.63,14.6,5.03,1.1,FNDDS:2706613,FNDDS,World,0
"Beef, noodles, and vegetables including carrots, broccoli, and/or dark-green leafy; gravy",,127.0,6.65,13.8,5.04,1.1,FNDDS:2706614,FNDDS,World,0
"Beef, noodles, and vegetables excluding carrots, broccoli, and dark-green leafy; gravy",,131.0,6.68,14.9,5.05,1.0,FNDDS:2706615,FNDDS,World,0
"Beef, rice, and vegetables including carrots, broccoli, and/or dark-green leafy; no sauce",,149.0,7.54,18.4,4.86,1.0,FNDDS:2706616,FNDDS,World,0
"Beef, rice, and vegetables excluding carrots, broccoli, and dark-green leafy; no sauce",,149.0,7.62,20.0,4.29,0.9,FNDDS:2706617,FNDDS,World,0
"Beef, rice, and vegetables including carrots, broccoli, and/or dark-green leafy; tomato-based sauce",,131.0,5.85,14.9,5.4,1.1,FNDDS:2706618,FNDDS,World,0
"Beef, rice, and vegetables excluding carrots, broccoli, and/or dark-green leafy; tomato-based sauce",,132.0,5.91,16.1,4.99,1.0,FNDDS:2706619,FNDDS,World,0
Stuffed cabbage rolls with beef and rice,,114.0,8.3,8.83,5.06,1.3,FNDDS:2706620,FNDDS,World,0
Stuffed grape leaves with beef and rice,,228.0,8.15,11.3,17.0,3.1,FNDDS:2706621,FNDDS,World,0
"Beef, rice, and vegetables including carrots, broccoli, and/or dark-green leafy; mushroom sauce",,130.0,5.78,14.7,5.23,0.9,FNDDS:2706622,FNDDS,World,0
"Beef, rice, and vegetables excluding carrots, broccoli, and dark-green leafy; mushroom sauce",,133.0,5.81,15.7,5.23,0.8,FNDDS:2706623,FNDDS,World,0
"Beef, rice, and vegetables including carrots, broccoli, and/or dark-green leafy; cheese sauce",,147.0,8.58,15.5,5.51,0.8,FNDDS:2706624,FNDDS,World,0
"Beef, rice, and vegetables excluding carrots, broccoli, and dark-green leafy; cheese sauce",,143.0,8.18,15.8,5.24,0.7,FNDDS:2706625,FNDDS,World,0
"Beef, rice, and vegetables including carrots, broccoli, and/or dark-green leafy; gravy",,131.0,5.77,15.0,5.18,0.8,FNDDS:2706626,FNDDS,World,0
"Beef, rice, and vegetables excluding carrots, broccoli, and dark-green leafy; gravy",,135.0,5.8,16.1,5.18,0.7,FNDDS:2706627,FNDDS,World,0
"Beef, rice, and vegetables including carrots, broccoli, and/or dark-green leafy; soy-based sauce",,143.0,10.6,7.9,7.7,1.1,FNDDS:2706628,FNDDS,World,0
"Beef, rice, and vegetables excluding carrots, broccoli, and dark-green leafy; soy-based sauce",,145.0,10.9,7.75,7.96,0.9,FNDDS:2706629,FNDDS,World,0
"Pot pie, beef",,271.0,8.92,24.0,15.4,2.0,FNDDS:2706630,FNDDS,World,0
"Beef, dumplings, and vegetables including carrots, broccoli, and/or dark-green leafy; gravy",,127.0,6.15,11.7,6.36,0.9,FNDDS:2706631,FNDDS,World,0
"Beef, dumplings, and vegetables excluding carrots, broccoli, and dark-green leafy; gravy",,130.0,6.19,12.8,6.16,0.8,FNDDS:2706632,FNDDS,World,0
"Stuffed green pepper, Puerto Rican style",,152.0,8.89,15.6,5.84,1.7,FNDDS:2706633,FNDDS,World,0
"Ham or pork, noodles and vegetables excluding carrots, broccoli, and dark-green leafy; no sauce",,151.0,8.42,18.3,4.91,1.4,FNDDS:2706634,FNDDS,World,0
"Ham or pork, noodles, and vegetables including carrots, broccoli, and/or dark-green leafy; no sauce",,148.0,8.35,16.7,5.19,1.5,FNDDS:2706635,FNDDS,World,0
"Ham or pork, noodles and vegetables excluding carrots, broccoli, and dark-green leafy; cheese sauce",,155.0,9.18,15.3,6.42,1.1,FNDDS:2706636,FNDDS,World,0
"Pork, potatoes, and vegetables including carrots, broccoli, and/or dark-green leafy; no sauce",,128.0,6.55,13.4,5.43,1.8,FNDDS:2706637,FNDDS,World,0
"Ham or pork, noodles, and vegetables including carrots, broccoli, and/or dark-green leafy; tomato-based sauce",,125.0,6.48,13.8,5.02,1.5,FNDDS:2706638,FNDDS,World,0
"Sausage, noodles, and vegetables excluding carrots, broccoli, and dark-green leafy; tomato-based sauce",,131.0,5.26,15.3,5.69,1.4,FNDDS:2706639,FNDDS,World,0
"Sausage, noodles, and vegetables including carrots, broccoli, and/or dark-green leafy; tomato-based sauce",,127.0,5.22,14.2,5.69,1.5,FNDDS:2706640,FNDDS,World,0
"Pork, potatoes, and vegetables including carrots, broccoli, and/or dark-green leafy; tomato-based sauce",,128.0,5.03,11.2,7.06,1.7,FNDDS:2706641,FNDDS,World,0
"Pork, potatoes, and vegetables excluding carrots, broccoli, and dark-green leafy; tomato-based sauce",,127.0,5.12,12.3,6.64,1.6,FNDDS:2706642,FNDDS,World,0
"Sausage, potatoes, and vegetables including carrots, broccoli, and/or dark-green leafy; gravy",,128.0,3.73,11.6,7.53,1.4,FNDDS:2706643,FNDDS,World,0
"Sausage, potatoes, and vegetables excluding carrots, broccoli, and dark-green leafy; gravy",,128.0,3.78,12.8,7.12,1.3,FNDDS:2706644,FNDDS,World,0
"Pork, potatoes, and vegetables including carrots, broccoli, and/or dark-green leafy; gravy",,126.0,4.98,11.2,6.84,1.4,FNDDS:2706645,FNDDS,World,0
"Pork, potatoes, and vegetables excluding carrots, broccoli, and dark-green leafy; gravy",,126.0,5.03,12.4,6.43,1.3,FNDDS:2706646,FNDDS,World,0
"Pork, potatoes, and vegetables excluding carrots, broccoli, and dark-green leafy; no sauce",,133.0,6.59,14.9,5.44,1.7,FNDDS:2706647,FNDDS,World,0
Pork chow mein or chop suey with noodles,,143.0,10.4,11.2,6.38,1.5,FNDDS:2706648,FNDDS,Chinese,0
"Pork, rice, and vegetables including carrots, broccoli, and/or dark-green leafy; soy-based sauce",,144.0,9.96,7.9,7.89,1.1,FNDDS:2706649,FNDDS,World,0
"Pork, rice, and vegetables excluding carrots, broccoli, and dark-green leafy; soy-based sauce",,147.0,10.2,7.75,8.15,0.9,FNDDS:2706650,FNDDS,World,0
"Pork, rice, and vegetables including carrots, broccoli, and/or dark-green leafy; tomato-based sauce",,129.0,5.61,15.0,5.07,1.1,FNDDS:2706651,FNDDS,World,0
"Pork, rice, and vegetables excluding carrots, broccoli, and dark-green leafy; tomato-based sauce",,133.0,5.64,16.1,5.07,1.0,FNDDS:2706652,FNDDS,World,0
"Ham, potatoes, and vegetables excluding carrots, broccoli, and dark-green leafy; no sauce",,126.0,5.56,15.0,5.06,1.7,FNDDS:2706653,FNDDS,World,0
"Ham, potatoes, and vegetables including carrots, broccoli, and/or dark-green leafy; no sauce",,128.0,5.47,13.4,5.9,1.8,FNDDS:2706654,FNDDS,World,0
Sweet and sour pork with rice,,187.0,9.81,16.5,8.83,0.6,FNDDS:2706655,FNDDS,Chinese,0
"Lamb or mutton, rice, and vegetables excluding carrots, broccoli, and dark-green leafy; gravy",,136.0,5.05,16.3,5.51,0.7,FNDDS:2706656,FNDDS,World,0
"Lamb or mutton, rice, and vegetables including carrots, broccoli, and/or dark-green leafy; tomato-based sauce",,130.0,5.13,15.2,5.31,1.1,FNDDS:2706657,FNDDS,World,0
"Lamb or mutton, rice, and vegetables  including carrots, broccoli, and/or dark-green leafy; gravy",,133.0,5.02,15.2,5.5,0.8,FNDDS:2706658,FNDDS,World,0
Stuffed grape leaves with lamb and rice,,271.0,8.17,11.9,21.5,3.3,FNDDS:2706659,FNDDS,World,0
"Stew, lamb",,117.0,8.19,6.29,6.39,1.3,FNDDS:2706660,FNDDS,World,0
"Stewed rabbit, Puerto Rican style,",,214.0,17.1,6.83,12.7,1.0,FNDDS:2706661,FNDDS,World,0
"Venison or deer, potatoes, and vegetables including carrots, broccoli, and/or dark-green leafy; gravy",,127.0,5.95,11.2,6.5,1.4,FNDDS:2706662,FNDDS,World,0
"Venison or deer, potatoes, and vegetables excluding carrots, broccoli, and dark-green leafy; gravy",,127.0,6.01,12.3,6.1,1.3,FNDDS:2706663,FNDDS,World,0
"Venison or deer, noodles, and vegetables including carrots, broccoli, and/or dark-green leafy; tomato-based sauce",,130.0,7.43,13.6,5.11,1.5,FNDDS:2706664,FNDDS,World,0
"Venison or deer, noodles, and vegetables excluding carrots, broccoli, and dark-green leafy; tomato-based sauce",,134.0,7.47,14.8,5.11,1.4,FNDDS:2706665,FNDDS,World,0
"Chicken or turkey, potatoes, corn, and cheese, with gravy",,123.0,4.51,13.3,6.11,1.1,FNDDS:2706666,FNDDS,World,0
"Chicken or turkey, potatoes, and vegetables including carrots, broccoli, and/or dark-green leafy; no sauce",,129.0,6.16,13.3,5.97,1.8,FNDDS:2706667,FNDDS,World,0
"Chicken or turkey, potatoes, and vegetables excluding carrots, broccoli, and dark-green leafy; no sauce",,132.0,6.21,14.8,5.7,1.7,FNDDS:2706668,FNDDS,World,0
"Chicken or turkey, potatoes, and vegetables including carrots, broccoli, and/or dark-green leafy; gravy",,123.0,4.72,11.2,6.82,1.4,FNDDS:2706669,FNDDS,World,0
"Chicken or turkey, potatoes, and vegetables excluding carrots, broccoli, and dark-green leafy; gravy",,127.0,4.75,12.3,6.82,1.3,FNDDS:2706670,FNDDS,World,0
"Chicken or turkey, potatoes, and vegetables including carrots, broccoli, and/or dark-green leafy; cream sauce, white sauce, or mushroom sauce",,126.0,4.79,11.1,7.12,1.4,FNDDS:2706671,FNDDS,World,0
"Chicken or turkey, potatoes, and vegetables excluding carrots, broccoli, and dark-green leafy; cream sauce, white sauce, or mushroom sauce",,126.0,4.84,12.1,6.75,1.3,FNDDS:2706672,FNDDS,World,0
"Chicken or turkey, potatoes, and vegetables including carrots, broccoli, and/or dark-green leafy; cheese sauce",,129.0,7.54,11.7,5.93,1.4,FNDDS:2706673,FNDDS,World,0
"Chicken or turkey, potatoes, and vegetables excluding carrots, broccoli, and dark-green leafy; cheese sauce",,133.0,7.57,12.9,5.93,1.3,FNDDS:2706674,FNDDS,World,0
"Chicken or turkey, potatoes, and vegetables including carrots, broccoli, and/or dark-green leafy; tomato-based sauce",,124.0,4.81,11.1,7.02,1.7,FNDDS:2706675,FNDDS,World,0
"Chicken or turkey, potatoes, and vegetables excluding carrots, broccoli, and dark-green leafy; tomato-based sauce",,128.0,4.84,12.2,7.03,1.6,FNDDS:2706676,FNDDS,World,0
"Stew, chicken, with pasta",,108.0,10.2,10.8,2.49,1.1,FNDDS:2706677,FNDDS,World,0
"Stew, chicken",,84.0,9.24,6.29,2.34,1.3,FNDDS:2706678,FNDDS,World,0
"Chicken or turkey, noodles, and vegetables including carrots, broccoli, and/or dark-green leafy; no sauce",,147.0,7.95,16.6,5.46,1.5,FNDDS:2706679,FNDDS,World,0
"Chicken or turkey, noodles, and vegetables excluding carrots, broccoli, and dark-green leafy; no sauce",,151.0,8.0,18.1,5.41,1.4,FNDDS:2706680,FNDDS,World,0
"Chicken or turkey, noodles, and vegetables including carrots, broccoli, and/or dark-green leafy; gravy",,129.0,6.08,13.7,5.62,1.1,FNDDS:2706681,FNDDS,World,0
"Chicken or turkey, noodles, and vegetables excluding carrots, broccoli, and dark-green leafy; gravy",,130.0,6.13,14.9,5.2,1.0,FNDDS:2706682,FNDDS,World,0
"Chicken or turkey, noodles, and vegetables including carrots, broccoli, and/or dark-green leafy; cream sauce, white sauce, or mushroom sauce",,128.0,6.06,13.5,5.64,1.2,FNDDS:2706683,FNDDS,World,0
"Chicken or turkey, noodles, and vegetables excluding carrots, broccoli, and/or dark-green leafy; cream sauce, white sauce, or mushroom sauce",,132.0,6.09,14.5,5.64,1.1,FNDDS:2706684,FNDDS,World,0
"Chicken or turkey, noodles, and vegetables including carrots, broccoli, and/or dark-green leafy; tomato-based sauce",,130.0,6.16,13.6,5.84,1.5,FNDDS:2706685,FNDDS,World,0
"Chicken or turkey, noodles, and vegetables excluding carrots, broccoli, and dark-green leafy; tomato-based sauce",,134.0,6.19,14.7,5.84,1.4,FNDDS:2706686,FNDDS,World,0
Chicken or turkey chow mein or chop suey with noodles,,131.0,9.91,11.2,5.43,1.5,FNDDS:2706687,FNDDS,Chinese,0
"Chicken or turkey, noodles, and vegetables including carrots, broccoli, and/or dark-green leafy; cheese sauce",,145.0,8.9,14.2,5.97,1.1,FNDDS:2706688,FNDDS,World,0
"Chicken or turkey, noodles, and vegetables excluding carrots, broccoli, and dark-green leafy; cheese sauce",,149.0,8.93,15.3,5.97,1.1,FNDDS:2706689,FNDDS,World,0
"Chicken or turkey, rice, and vegetables including carrots, broccoli, and/or dark-green leafy; no sauce",,150.0,6.78,18.2,5.47,1.0,FNDDS:2706690,FNDDS,World,0
"Chicken or turkey, rice, and vegetables excluding carrots, broccoli, and dark-green leafy; no sauce",,151.0,6.85,19.8,4.96,0.9,FNDDS:2706691,FNDDS,World,0
"Chicken or turkey, rice, and vegetables including carrots, broccoli, and/or dark-green leafy; gravy",,132.0,5.21,14.9,5.66,0.8,FNDDS:2706692,FNDDS,World,0
"Chicken or turkey, rice, and vegetables excluding carrots, broccoli, and dark-green leafy; gravy",,135.0,5.25,16.0,5.46,0.7,FNDDS:2706693,FNDDS,World,0
"Chicken or turkey, rice, corn, and cheese, with gravy",,149.0,5.62,14.4,7.85,0.7,FNDDS:2706694,FNDDS,World,0
"Chicken or turkey, rice, and vegetables including carrots, broccoli, and/or dark-green leafy; soy-based sauce",,131.0,9.36,7.95,6.92,1.1,FNDDS:2706695,FNDDS,World,0
"Chicken or turkey, rice, and vegetables excluding carrots, broccoli, and dark-green leafy; soy-based sauce",,133.0,9.64,7.79,7.15,0.9,FNDDS:2706696,FNDDS,World,0
"Chicken or turkey, rice, and vegetables including carrots, broccoli, and/or dark-green leafy; cream sauce, white sauce, or mushroom sauce",,131.0,5.26,14.6,5.68,0.8,FNDDS:2706697,FNDDS,World,0
"Chicken or turkey, rice, and vegetables excluding carrots, broccoli, and dark-green leafy; cream sauce, white sauce, or mushroom sauce",,131.0,5.31,15.7,5.29,0.8,FNDDS:2706698,FNDDS,World,0
"Chicken or turkey, rice, and vegetables including carrots, broccoli, and/or dark-green leafy; cheese sauce",,142.0,8.05,15.5,5.15,0.8,FNDDS:2706699,FNDDS,World,0
"Chicken or turkey, rice, and vegetables excluding carrots, broccoli, and dark-green leafy; cheese sauce",,146.0,8.09,16.7,5.16,0.7,FNDDS:2706700,FNDDS,World,0
"Chicken or turkey, rice, and vegetables including carrots, broccoli, and/or dark-green leafy; tomato-based sauce",,130.0,5.32,14.8,5.47,1.1,FNDDS:2706701,FNDDS,World,0
"Chicken or turkey, rice, and vegetables excluding carrots, broccoli, and dark-green leafy; tomato-based sauce",,133.0,5.35,15.9,5.48,1.0,FNDDS:2706702,FNDDS,World,0
"Pot pie, chicken",,255.0,9.24,24.0,13.5,2.0,FNDDS:2706703,FNDDS,World,0
"Chicken or turkey, stuffing, and vegetables including carrots, broccoli, and/or dark-green leafy; no sauce",,159.0,7.12,13.3,8.74,1.3,FNDDS:2706704,FNDDS,World,0
"Chicken or turkey,stuffing, and vegetables excluding carrots, broccoli, and dark green leafy; no sauce",,165.0,7.17,14.8,8.75,1.2,FNDDS:2706705,FNDDS,World,0
"Chicken or turkey, stuffing, and vegetables including carrots, broccoli, and/or dark-green leafy; gravy",,131.0,5.46,11.3,7.18,1.0,FNDDS:2706706,FNDDS,World,0
"Chicken or turkey, stuffing, and vegetables excluding carrots, broccoli, and dark-green leafy; gravy",,128.0,5.22,11.8,6.82,0.8,FNDDS:2706707,FNDDS,World,0
"Chicken or turkey, dumplings, and vegetables including carrots, broccoli, and/or dark green leafy; gravy",,127.0,5.59,11.6,6.64,0.9,FNDDS:2706708,FNDDS,World,0
"Chicken or turkey, dumplings, and vegetables excluding carrots, broccoli, and dark green leafy; gravy",,128.0,5.65,12.8,6.22,0.8,FNDDS:2706709,FNDDS,World,0
"Chicken fricassee, Puerto Rican style",,172.0,12.1,7.17,10.6,1.2,FNDDS:2706710,FNDDS,World,0
Paella with seafood,,143.0,8.03,16.4,4.76,0.7,FNDDS:2706711,FNDDS,Spanish,0
Shrimp chow mein or chop suey with noodles,,117.0,9.05,11.4,4.03,1.5,FNDDS:2706712,FNDDS,Chinese,0
"Shrimp creole, with rice",,123.0,10.1,11.9,3.64,0.8,FNDDS:2706713,FNDDS,World,0
"Tuna noodle casserole with vegetables, cream or white sauce",,149.0,8.99,14.2,6.22,0.9,FNDDS:2706714,FNDDS,World,0
"Fish, noodles, and vegetables including carrots, broccoli, and/or dark green leafy; cheese sauce",,137.0,8.35,14.2,5.22,1.1,FNDDS:2706715,FNDDS,World,0
"Fish, noodles, and vegetables excluding carrots, broccoli, and dark-green leafy; cheese sauce",,141.0,8.39,15.3,5.22,1.1,FNDDS:2706716,FNDDS,World,0
"Soup, bouillabaisse",,67.0,8.25,1.59,3.05,0.3,FNDDS:2706717,FNDDS,World,0
Tuna noodle casserole with vegetables and mushroom sauce,,124.0,8.11,13.0,4.46,1.0,FNDDS:2706718,FNDDS,World,0
"Codfish with starchy vegetables, Puerto Rican style",,135.0,3.53,18.5,5.43,2.7,FNDDS:2706719,FNDDS,World,0
"Biscayne codfish, Puerto Rican style",,190.0,9.2,11.1,12.2,1.9,FNDDS:2706720,FNDDS,World,0
"Stew, NFS",,99.0,8.93,6.29,4.11,1.3,FNDDS:2706721,FNDDS,World,0
"Chow mein or chop suey, NS as to type of meat, with noodles",,131.0,9.91,11.2,5.43,1.5,FNDDS:2706722,FNDDS,Chinese,0
"Paella, NFS",,169.0,9.53,15.8,7.17,0.6,FNDDS:2706723,FNDDS,Spanish,0
"Chow mein or chop suey, various types of meat, with noodles",,134.0,10.4,11.2,5.57,1.5,FNDDS:2706724,FNDDS,Chinese,0
"Stewed tripe, with potatoes, Puerto Rican style",,109.0,8.56,9.49,4.05,1.6,FNDDS:2706725,FNDDS,World,0
Gumbo with rice,,89.0,8.16,6.55,3.43,0.9,FNDDS:2706726,FNDDS,World,0
Jambalaya with meat and rice,,161.0,13.8,8.65,7.97,0.7,FNDDS:2706727,FNDDS,World,0
"Beef and vegetables including carrots, broccoli, and/or dark-green leafy; no potatoes, no sauce",,116.0,11.4,3.0,6.73,1.4,FNDDS:2706728,FNDDS,World,0
"Beef and vegetables excluding carrots, broccoli, and dark-green leafy; no potatoes, no sauce",,121.0,10.0,5.16,7.09,1.1,FNDDS:2706729,FNDDS,World,0
"Beef shish kabob with vegetables, excluding potatoes",,122.0,14.8,5.06,4.88,0.8,FNDDS:2706730,FNDDS,Middle Eastern,0
"Beef with vegetables including carrots, broccoli, and/or dark-green leafy; no potatoes, tomato-based sauce",,110.0,8.24,4.48,6.99,1.7,FNDDS:2706731,FNDDS,World,0
Swiss steak,,115.0,15.5,3.67,4.42,0.9,FNDDS:2706732,FNDDS,World,0
"Beef rolls, stuffed with vegetables or meat mixture, tomato-based sauce",,195.0,20.6,6.61,9.08,0.7,FNDDS:2706733,FNDDS,World,0
"Beef with vegetables excluding carrots, broccoli, and dark-green leafy; no potatoes, tomato-based sauce",,115.0,7.67,5.96,7.18,1.4,FNDDS:2706734,FNDDS,World,0
"Beef with vegetables including carrots, broccoli, and/or dark-green leafy; no potatoes, mushroom sauce",,115.0,7.8,5.24,7.16,1.1,FNDDS:2706735,FNDDS,World,0
"Beef with vegetables excluding carrots, broccoli, and dark-green leafy; no potatoes, mushroom sauce",,121.0,7.85,6.97,7.16,1.0,FNDDS:2706736,FNDDS,World,0
"Beef and vegetables including carrots, broccoli, and/or dark-green leafy; no potatoes, soy-based sauce",,144.0,11.7,4.65,8.81,1.2,FNDDS:2706737,FNDDS,World,0
Beef and broccoli,,160.0,10.4,5.09,10.6,1.3,FNDDS:2706738,FNDDS,World,0
"Beef, tofu, and vegetables including carrots, broccoli, and/or dark-green leafy; no potatoes, soy-based sauce",,115.0,7.3,4.75,7.68,1.2,FNDDS:2706739,FNDDS,World,0
Szechuan beef,,105.0,7.08,7.29,5.3,1.5,FNDDS:2706740,FNDDS,Chinese,0
Hunan beef,,105.0,7.08,7.29,5.3,1.5,FNDDS:2706741,FNDDS,World,0
"Beef chow mein or chop suey, no noodles",,82.0,10.8,3.85,2.61,0.8,FNDDS:2706742,FNDDS,Chinese,0
Kung Pao beef,,216.0,17.9,4.55,14.4,1.0,FNDDS:2706743,FNDDS,Chinese,0
"Beef and vegetables excluding carrots, broccoli, and dark-green leafy; no potatoes, soy-based sauce",,147.0,12.1,4.34,9.15,1.0,FNDDS:2706744,FNDDS,World,0
"Beef, tofu, and vegetables excluding carrots, broccoli,  and dark-green leafy; no potatoes, soy-based sauce",,117.0,7.52,4.45,7.96,1.0,FNDDS:2706745,FNDDS,World,0
"Beef and vegetables, Hawaiian style",,93.0,4.79,14.2,2.24,1.8,FNDDS:2706746,FNDDS,World,0
Pepper steak,,145.0,11.9,4.34,9.12,0.7,FNDDS:2706747,FNDDS,World,0
"Beef, ground, with egg and onion",,228.0,21.9,1.05,14.5,0.1,FNDDS:2706748,FNDDS,World,0
Beef salad,,261.0,17.8,2.9,19.3,0.4,FNDDS:2706749,FNDDS,World,0
"Beef taco filling: beef, cheese, tomato, taco sauce",,181.0,13.0,6.37,11.3,0.9,FNDDS:2706750,FNDDS,Mexican,0
Stir fried beef and vegetables in soy sauce,,102.0,10.7,4.44,4.81,1.0,FNDDS:2706751,FNDDS,World,0
"Beef and vegetables including carrots, broccoli, and/or dark-green leafy; no potatoes, gravy",,115.0,8.06,4.5,7.34,1.0,FNDDS:2706752,FNDDS,World,0
"Beef and vegetables excluding carrots, broccoli, and dark-green leafy; no potatoes, gravy",,122.0,8.11,6.47,7.34,0.9,FNDDS:2706753,FNDDS,World,0
"Beef steak with onions, Puerto Rican style",,321.0,20.9,3.89,24.1,0.7,FNDDS:2706754,FNDDS,World,0
Cabbage with ham hocks,,75.0,7.75,4.9,2.58,1.7,FNDDS:2706755,FNDDS,World,0
Ham or pork salad,,230.0,13.3,2.83,18.1,0.4,FNDDS:2706756,FNDDS,World,0
Frankfurters or hot dogs and sauerkraut,,198.0,7.56,3.42,17.3,1.1,FNDDS:2706757,FNDDS,American,0
"Pork and vegetables including carrots, broccoli, and/or dark-green leafy; no potatoes, no sauce",,123.0,11.2,3.14,7.27,1.5,FNDDS:2706758,FNDDS,World,0
Greens with ham or pork,,47.0,4.91,4.68,1.41,3.6,FNDDS:2706759,FNDDS,World,0
"Pork, tofu, and vegetables including carrots, broccoli, and/or dark-green leafy; no potatoes, soy-base sauce",,116.0,7.0,4.75,7.77,1.2,FNDDS:2706760,FNDDS,World,0
"Pork and vegetables, Hawaiian style",,89.0,7.43,6.97,3.64,1.9,FNDDS:2706761,FNDDS,World,0
Pork and watercress with soy-based sauce,,190.0,14.9,3.35,12.7,0.5,FNDDS:2706762,FNDDS,World,0
Kung Pao pork,,219.0,16.9,4.55,14.8,1.0,FNDDS:2706763,FNDDS,Chinese,0
"Moo Shu pork, without Chinese pancake",,153.0,10.4,4.01,10.7,0.9,FNDDS:2706764,FNDDS,American,0
Pork and onions with soy-based sauce,,149.0,11.1,5.43,9.14,0.8,FNDDS:2706765,FNDDS,World,0
Pork hash,,186.0,12.9,1.96,13.7,0.5,FNDDS:2706766,FNDDS,World,0
"Ham and vegetables including carrots broccoli, and/or dark- green leafy; no potatoes, no sauce",,115.0,7.45,2.59,8.28,1.2,FNDDS:2706767,FNDDS,World,0
"Ham and vegetables excluding carrots, broccoli, and dark-green leafy; no potatoes, no sauce",,120.0,7.56,5.12,7.83,1.1,FNDDS:2706768,FNDDS,World,0
"Pork and vegetables excluding carrots, broccoli, and dark-green leafy; no potatoes, no sauce",,124.0,10.1,5.52,7.03,1.2,FNDDS:2706769,FNDDS,World,0
"Pork, tofu, and vegetables, excluding carrots, broccoli, and dark-green leafy; no potatoes, soy-based sauce",,118.0,7.21,4.45,8.05,1.0,FNDDS:2706770,FNDDS,World,0
"Pork chow mein or chop suey, no noodles",,98.0,10.3,3.85,4.3,0.8,FNDDS:2706771,FNDDS,Chinese,0
"Pork and vegetables including carrots, broccoli, and/or dark-green leafy; no potatoes, tomato-based sauce",,111.0,7.76,4.48,7.13,1.7,FNDDS:2706772,FNDDS,World,0
"Pork and vegetables excluding  carrots, broccoli, and dark-green leafy; no potatoes, tomato-based sauce",,118.0,7.81,6.44,7.14,1.5,FNDDS:2706773,FNDDS,World,0
"Sausage and vegetables including  carrots, broccoli, and/or dark-green leafy; no potatoes, tomato-based sauce",,113.0,5.56,4.94,8.34,1.7,FNDDS:2706774,FNDDS,World,0
"Sausage and vegetables, excluding carrots, broccoli, and dark-green leafy; no potatoes, tomato-based sauce",,120.0,5.62,6.94,8.34,1.6,FNDDS:2706775,FNDDS,World,0
"Sausage and peppers, no sauce",,247.0,14.0,3.26,19.9,0.3,FNDDS:2706776,FNDDS,World,0
"Pork and vegetables including carrots, broccoli, and/or dark-green leafy; no potatoes, soy-based sauce",,145.0,11.0,4.65,9.03,1.2,FNDDS:2706777,FNDDS,World,0
"Pork and vegetables excluding carrots, broccoli, and dark- green leafy; no potatoes, soy-based sauce",,149.0,11.4,4.34,9.37,1.0,FNDDS:2706778,FNDDS,World,0
"Pork shish kabob with vegetables, excluding potatoes",,124.0,13.9,5.06,5.17,0.8,FNDDS:2706779,FNDDS,Middle Eastern,0
"Lamb shish kabob with vegetables, excluding potatoes",,162.0,12.0,5.06,10.3,0.8,FNDDS:2706780,FNDDS,Middle Eastern,0
"Chicken or turkey and vegetables including carrots, broccoli, and/or dark-green leafy; no potatoes, no sauce",,118.0,9.66,2.88,7.78,1.4,FNDDS:2706781,FNDDS,World,0
"Chicken or turkey and vegetables excluding carrots, broccoli, and dark-green leafy; no potatoes, no sauce",,123.0,8.72,5.08,7.96,1.1,FNDDS:2706782,FNDDS,World,0
"Chicken or turkey shish kabob with vegetables, excluding potatoes",,104.0,13.0,5.06,3.69,0.8,FNDDS:2706783,FNDDS,Middle Eastern,0
"Chicken or turkey creole, without rice",,103.0,13.8,2.99,4.22,1.1,FNDDS:2706784,FNDDS,World,0
"Chicken or turkey and vegetables including carrots, broccoli, and/or dark-green leafy; no potatoes, gravy",,112.0,7.1,4.47,7.44,1.0,FNDDS:2706785,FNDDS,World,0
"Chicken or turkey and vegetables excluding carrots, broccoli, and dark-green leafy; no potatoes, gravy",,119.0,7.16,6.43,7.45,0.9,FNDDS:2706786,FNDDS,World,0
"Chicken or turkey a la king with vegetables including carrots, broccoli, and/or dark-green leafy; no potatoes, cream, white, or soup-based sauce",,187.0,9.41,6.76,13.8,0.6,FNDDS:2706787,FNDDS,World,0
"Chicken or turkey a la king with vegetables excluding carrorts, broccoli, and dark-green leafy; no potatoes, cream, white, or soup-based sauce",,181.0,9.57,6.31,13.3,0.5,FNDDS:2706788,FNDDS,World,0
Chicken or turkey divan,,140.0,15.5,4.01,7.26,1.3,FNDDS:2706789,FNDDS,World,0
"Chicken or turkey and vegetables including carrots, broccoli, and/or dark-green leafy; no potatoes, soy-based sauce",,95.0,8.18,5.38,4.56,0.9,FNDDS:2706790,FNDDS,World,0
"Chicken or turkey and vegetables excluding carrots, broccoli, and dark-green leafy; no potatoes, soy-based sauce",,133.0,10.7,4.39,8.22,1.0,FNDDS:2706791,FNDDS,World,0
"Chicken or turkey and vegetables including carrots, broccoli, and/or dark-green leafy; no potatoes, tomato-based sauce",,113.0,7.23,4.42,7.8,1.6,FNDDS:2706792,FNDDS,World,0
"Chicken or turkey and vegetables excluding carrots, broccoli, and dark-green leafy; no potatoes, tomato-based sauce",,120.0,7.28,6.35,7.81,1.5,FNDDS:2706793,FNDDS,World,0
General Tso chicken,,295.0,12.9,24.0,16.4,0.9,FNDDS:2706794,FNDDS,Chinese,0
Moo Goo Gai Pan,,69.0,7.11,4.87,2.44,1.4,FNDDS:2706795,FNDDS,Chinese,0
Kung pao chicken,,129.0,9.76,6.87,6.98,1.5,FNDDS:2706796,FNDDS,Chinese,0
Almond chicken,,195.0,15.7,4.46,13.2,1.2,FNDDS:2706797,FNDDS,World,0
"Chicken or turkey chow mein or chop suey, no noodles",,83.0,9.78,3.84,3.23,0.8,FNDDS:2706798,FNDDS,Chinese,0
"Chicken or turkey salad, made with mayonnaise",,235.0,13.9,2.88,18.8,0.4,FNDDS:2706799,FNDDS,World,0
Chicken or turkey salad with nuts and/or fruits,,235.0,12.5,6.11,17.9,1.0,FNDDS:2706800,FNDDS,World,0
Chicken or turkey salad with egg,,228.0,13.8,2.73,18.1,0.4,FNDDS:2706801,FNDDS,World,0
"Chicken or turkey salad, made with light mayonnaise",,146.0,13.6,4.76,8.15,0.4,FNDDS:2706802,FNDDS,World,0
"Chicken or turkey salad, made with mayonnaise-type salad dressing",,148.0,13.7,5.95,7.95,0.4,FNDDS:2706803,FNDDS,World,0
"Chicken or turkey salad, made with light mayonnaise-type salad dressing",,146.0,13.6,4.76,8.15,0.4,FNDDS:2706804,FNDDS,World,0
"Chicken or turkey salad, made with creamy dressing",,188.0,13.8,4.02,13.1,0.4,FNDDS:2706805,FNDDS,World,0
"Chicken or turkey salad, made with light creamy dressing",,128.0,13.8,4.28,6.36,0.4,FNDDS:2706806,FNDDS,World,0
"Chicken or turkey salad, made with Italian dressing",,146.0,13.6,5.37,7.84,0.4,FNDDS:2706807,FNDDS,World,0
"Chicken or turkey salad, made with light Italian dressing",,116.0,13.6,4.93,4.71,0.4,FNDDS:2706808,FNDDS,World,0
"Chicken or turkey salad, made with any type of fat free dressing",,111.0,13.3,6.28,3.81,0.9,FNDDS:2706809,FNDDS,World,0
"Chicken or turkey garden salad, chicken and/or turkey, tomato and/or carrots, other vegetables, no dressing",,64.0,10.1,3.04,1.33,1.0,FNDDS:2706810,FNDDS,World,0
"Chicken or turkey garden salad, chicken and/or turkey, other vegetables excluding tomato and carrots, no dressing",,66.0,10.8,2.62,1.41,0.8,FNDDS:2706811,FNDDS,World,0
"Chicken or turkey garden salad with bacon and cheese, chicken and/or turkey, bacon, cheese, lettuce and/or greens, tomato and/or carrots, other vegetables, no dressing",,106.0,11.0,3.0,5.61,0.9,FNDDS:2706812,FNDDS,World,0
"Chicken or turkey, breaded, fried, garden salad with bacon and cheese, chicken and/or turkey, bacon, cheese, lettuce and/or greens, tomato and/or carrots, other vegetables, no dressing",,122.0,6.78,6.36,7.72,1.2,FNDDS:2706813,FNDDS,World,0
"Chicken or turkey garden salad with cheese, chicken and/or turkey, cheese, lettuce and/or greens, tomato and/or carrots, other vegetables, no dressing",,93.0,10.3,3.02,4.52,0.9,FNDDS:2706814,FNDDS,World,0
"Chicken or turkey, breaded, fried, garden salad with cheese, chicken and/or turkey, cheese, lettuce and/or greens, tomato and/or carrots, other vegetables, no dressing",,123.0,6.5,6.47,7.9,1.3,FNDDS:2706815,FNDDS,World,0
"Asian chicken or turkey garden salad, chicken and/or turkey, lettuce, fruit, nuts, no dressing",,130.0,11.4,9.5,5.46,1.9,FNDDS:2706816,FNDDS,World,0
"Asian chicken or turkey garden salad with crispy noodles, chicken and/or turkey, lettuce, fruit, nuts, crispy noodles, no dressing",,116.0,10.2,8.11,5.26,1.8,FNDDS:2706817,FNDDS,World,0
"Chicken or turkey caesar garden salad, chicken and/or turkey, lettuce, tomato, cheese, no dressing",,63.0,8.52,2.99,1.94,1.0,FNDDS:2706818,FNDDS,World,0
"Chicken or turkey, breaded, fried, caesar garden salad, chicken and/or turkey, lettuce, tomatoes, cheese, no dressing",,115.0,6.31,7.08,6.85,1.2,FNDDS:2706819,FNDDS,World,0
"Chicken or turkey and vegetables including carrots, broccoli, and/or dark-green leafy; no potatoes, cheese sauce",,119.0,9.83,3.88,7.24,0.9,FNDDS:2706820,FNDDS,World,0
"Chicken or turkey and vegetables excluding carrots, broccoli, and dark-green leafy; no potatoes, cheese sauce",,124.0,9.87,5.54,7.24,0.7,FNDDS:2706821,FNDDS,World,0
"Chicken or turkey fricassee, with sauce, no potatoes, potatoes reported separately, Puerto Rican style",,183.0,14.0,2.54,13.1,0.7,FNDDS:2706822,FNDDS,World,0
"Chicken or turkey fricassee, no sauce, no potatoes, Puerto Rican style",,200.0,25.2,0.0,11.0,0.0,FNDDS:2706823,FNDDS,World,0
Crab salad,,188.0,9.4,1.27,15.9,0.4,FNDDS:2706824,FNDDS,World,0
Lobster salad,,187.0,10.3,1.22,15.4,0.4,FNDDS:2706825,FNDDS,World,0
Salmon salad,,213.0,10.8,2.73,17.4,0.4,FNDDS:2706826,FNDDS,World,0
"Shrimp chow mein or chop suey, no noodles",,69.0,8.8,4.27,1.69,0.8,FNDDS:2706827,FNDDS,Chinese,0
"Tuna salad, made with mayonnaise",,194.0,10.1,2.89,15.8,0.4,FNDDS:2706828,FNDDS,World,0
"Tuna salad, made with light mayonnaise",,106.0,9.78,4.75,5.4,0.4,FNDDS:2706829,FNDDS,World,0
"Tuna salad, made with mayonnaise-type salad dressing",,108.0,9.88,5.92,5.19,0.4,FNDDS:2706830,FNDDS,World,0
"Tuna salad, made with light mayonnaise-type salad dressing",,106.0,9.78,4.75,5.4,0.4,FNDDS:2706831,FNDDS,World,0
"Tuna salad, made with creamy dressing",,148.0,9.98,4.02,10.3,0.4,FNDDS:2706832,FNDDS,World,0
"Tuna salad, made with light creamy dressing",,78.0,9.82,7.38,1.16,0.4,FNDDS:2706833,FNDDS,World,0
"Tuna salad, made with Italian dressing",,106.0,9.83,5.35,5.08,0.4,FNDDS:2706834,FNDDS,World,0
"Tuna salad, made with light Italian dressing",,76.0,9.78,4.91,2.0,0.4,FNDDS:2706835,FNDDS,World,0
"Tuna salad, made with any type of fat free dressing",,72.0,9.6,6.25,1.15,0.8,FNDDS:2706836,FNDDS,World,0
Shrimp salad,,196.0,10.7,1.27,16.2,0.4,FNDDS:2706837,FNDDS,World,0
Seafood salad,,190.0,10.1,1.25,15.8,0.4,FNDDS:2706838,FNDDS,World,0
Tuna salad with cheese,,214.0,11.3,2.85,17.6,0.4,FNDDS:2706839,FNDDS,World,0
Tuna salad with egg,,190.0,10.3,2.74,15.4,0.4,FNDDS:2706840,FNDDS,World,0
"Shrimp garden salad, shrimp, lettuce, eggs, tomato and/or carrots, other vegetables, no dressing",,65.0,8.28,2.77,2.04,0.8,FNDDS:2706841,FNDDS,World,0
"Shrimp garden salad, shrimp, lettuce, eggs, vegetables excluding tomato and carrots, no dressing",,67.0,8.8,2.39,2.14,0.7,FNDDS:2706842,FNDDS,World,0
Crab salad made with imitation crab,,197.0,4.07,8.66,16.3,0.6,FNDDS:2706843,FNDDS,World,0
"Fish, tofu, and vegetables, tempura",,177.0,4.01,4.53,16.0,1.1,FNDDS:2706844,FNDDS,Japanese,0
"Seafood garden salad with seafood, lettuce, vegetables excluding tomato and carrots, no dressing",,47.0,7.66,2.62,0.5,0.8,FNDDS:2706845,FNDDS,World,0
"Seafood garden salad with seafood, lettuce, tomato and/or carrots, other vegetables, no dressing",,47.0,7.12,3.04,0.49,1.0,FNDDS:2706846,FNDDS,World,0
"Seafood garden salad with seafood, lettuce, eggs, vegetables excluding tomato and carrots, no dressing",,64.0,8.41,2.39,2.05,0.7,FNDDS:2706847,FNDDS,World,0
"Seafood garden salad with seafood, lettuce, eggs, tomato and/or carrots, other vegetables, no dressing",,62.0,7.91,2.77,1.95,0.8,FNDDS:2706848,FNDDS,World,0
Oysters Rockefeller,,134.0,7.64,9.38,7.53,1.9,FNDDS:2706849,FNDDS,World,0
Lomi salmon,,60.0,7.55,3.31,1.86,1.0,FNDDS:2706850,FNDDS,World,0
"Shrimp and vegetables including carrots, broccoli, and/or dark-green leafy; no potatoes, no sauce",,118.0,9.35,3.8,7.25,1.6,FNDDS:2706851,FNDDS,World,0
"Shrimp and vegetables excluding carrots, broccoli, and dark-green leafy; no potatoes, no sauce",,124.0,9.25,6.78,6.87,1.3,FNDDS:2706852,FNDDS,World,0
"Shrimp and vegetables including carrots, broccoli, and/or dark-green leafy; no potatoes, soy-based sauce",,116.0,9.16,5.15,6.4,1.2,FNDDS:2706853,FNDDS,World,0
"Shrimp and vegetables excluding carrots, broccoli, and dark-green leafy; no potatoes, soy-based sauce",,118.0,9.47,4.86,6.64,1.0,FNDDS:2706854,FNDDS,World,0
"Shrimp shish kabob with vegetables, excluding potatoes",,83.0,11.2,5.74,1.59,0.8,FNDDS:2706855,FNDDS,Middle Eastern,0
"Shrimp creole, no rice",,124.0,14.3,4.51,5.16,1.0,FNDDS:2706856,FNDDS,World,0
Kung Pao shrimp,,173.0,13.9,5.32,10.7,1.0,FNDDS:2706857,FNDDS,Chinese,0
"Tuna casserole with vegetables and mushroom sauce, no noodles",,115.0,9.04,8.39,5.12,0.9,FNDDS:2706858,FNDDS,World,0
"Shellfish mixture and vegetables including carrots, broccoli, and/or dark-green leafy; no potatoes, soy-based sauce",,120.0,9.41,5.89,6.38,1.2,FNDDS:2706859,FNDDS,World,0
"Shellfish mixture and vegetables excluding carrots, broccoli, and dark-green leafy; no potatoes, soy-based sauce",,122.0,9.73,5.63,6.62,1.0,FNDDS:2706860,FNDDS,World,0
"Shellfish mixture and vegetables including carrots, broccoli, and/or dark-green leafy; no potatoes, mushroom sauce",,111.0,6.25,5.92,6.92,1.1,FNDDS:2706861,FNDDS,World,0
"Shellfish mixture and vegetables excluding carrots, broccoli, and dark-green leafy; no potatoes, mushroom sauce",,117.0,6.3,7.63,6.93,1.0,FNDDS:2706862,FNDDS,World,0
"Fish and vegetables including carrots, broccoli, and/or dark-green leafy; no potatoes, tomato-based sauce",,106.0,6.28,4.39,7.26,1.6,FNDDS:2706863,FNDDS,World,0
"Fish and vegetables excluding carrots, broccoli, and dark- green leafy; no potatoes, tomato-based sauce",,112.0,6.33,6.3,7.26,1.5,FNDDS:2706864,FNDDS,World,0
"Fish and vegetables including carrots, broccoli, and/or dark-green leafy; no potatoes, soy-based sauce",,104.0,7.79,4.64,5.99,1.2,FNDDS:2706865,FNDDS,World,0
"Fish and vegetables excluding  carrots, broccoli, and dark-green leafy; no potatoes, soy-based sauce",,106.0,8.04,4.33,6.22,1.0,FNDDS:2706866,FNDDS,World,0
"Fish shish kabob with vegetables, excluding potatoes",,68.0,9.41,5.06,1.05,0.8,FNDDS:2706867,FNDDS,Middle Eastern,0
"Fried fish with sauce, Puerto Rican style",,155.0,11.8,3.42,10.3,0.8,FNDDS:2706868,FNDDS,World,0
"Lobster with sauce, Puerto Rican style",,154.0,10.8,3.94,10.6,0.9,FNDDS:2706869,FNDDS,World,0
"Octopus salad, Puerto Rican style",,170.0,9.67,5.56,12.0,1.0,FNDDS:2706870,FNDDS,World,0
"Codfish salad, Puerto Rican style, Serenata",,183.0,6.61,2.81,15.9,0.7,FNDDS:2706871,FNDDS,World,0
"Chow mein or chop suey, NS as to type of meat, no noodles",,83.0,9.78,3.84,3.23,0.8,FNDDS:2706872,FNDDS,Chinese,0
Lau lau,,140.0,15.2,0.0,8.32,0.0,FNDDS:2706873,FNDDS,World,0
"Antipasto with ham, fish, cheese, vegetables",,158.0,11.6,3.75,10.7,1.1,FNDDS:2706874,FNDDS,World,0
"Livers, chicken, chopped, with eggs and onion",,226.0,12.9,2.87,17.7,0.4,FNDDS:2706875,FNDDS,World,0
"Liver, beef or calves, and onions",,129.0,16.7,6.97,3.6,0.5,FNDDS:2706876,FNDDS,World,0
"Stewed chitterlings, Puerto Rican style",,214.0,8.38,3.83,18.5,0.9,FNDDS:2706877,FNDDS,World,0
"Stewed gizzards, Puerto Rican style",,179.0,20.3,4.41,8.69,1.1,FNDDS:2706878,FNDDS,World,0
"Gumbo, no rice",,83.0,8.54,4.03,3.68,0.9,FNDDS:2706879,FNDDS,World,0
"Sandwich, NFS",,287.0,12.8,33.8,12.0,1.9,FNDDS:2706880,FNDDS,American,0
"Sandwich wrap, NFS",,232.0,12.8,23.3,9.4,1.5,FNDDS:2706881,FNDDS,American,0
"Barbecue sandwich, NFS",,238.0,15.3,24.9,8.12,0.8,FNDDS:2706882,FNDDS,American,0
"Sloppy joe sandwich, on white bun",,185.0,11.3,20.0,6.42,1.1,FNDDS:2706883,FNDDS,American,0
"Sloppy joe sandwich, on wheat bun",,180.0,11.8,18.4,6.44,2.2,FNDDS:2706884,FNDDS,American,0
"Barbecue beef sandwich, on white bun",,245.0,16.5,24.9,8.5,0.8,FNDDS:2706885,FNDDS,American,0
"Barbecue beef sandwich, on wheat bun",,240.0,17.0,23.3,8.52,2.0,FNDDS:2706886,FNDDS,American,0
"Cheeseburger slider, from fast food",,298.0,16.2,25.0,14.3,0.9,FNDDS:2706887,FNDDS,American,0
"Cheeseburger, NFS",,296.0,17.9,18.7,16.2,0.6,FNDDS:2706888,FNDDS,American,0
"Cheeseburger, from fast food, 1 small patty",,299.0,16.4,24.0,14.8,0.8,FNDDS:2706889,FNDDS,American,0
Cheeseburger (Burger King),,265.0,14.0,23.7,12.3,1.0,FNDDS:2706890,FNDDS,American,0
Whopper Jr with cheese (Burger King),,235.0,12.0,19.0,12.1,0.9,FNDDS:2706891,FNDDS,American,0
Cheeseburger (McDonalds),,270.0,13.5,25.5,12.9,1.9,FNDDS:2706892,FNDDS,American,0
"Cheeseburger, from school cafeteria",,250.0,18.7,23.4,8.64,2.7,FNDDS:2706893,FNDDS,American,0
Cheeseburger slider,,297.0,18.1,17.9,16.4,0.6,FNDDS:2706894,FNDDS,American,0
"Cheeseburger, on white bun, 1 small patty",,298.0,17.6,19.6,16.0,0.7,FNDDS:2706895,FNDDS,American,0
"Cheeseburger, on wheat bun, 1 small patty",,292.0,18.2,17.8,16.1,2.0,FNDDS:2706896,FNDDS,American,0
"Cheeseburger, from fast food, 1 medium patty",,296.0,17.9,18.7,16.2,0.6,FNDDS:2706897,FNDDS,American,0
Quarter Pounder (McDonalds),,256.0,15.7,22.1,11.6,1.1,FNDDS:2706898,FNDDS,World,0
Whopper with cheese (Burger King),,268.0,13.7,17.7,15.8,1.1,FNDDS:2706899,FNDDS,American,0
Quarter Pounder with cheese (McDonalds),,269.0,15.2,19.7,14.4,1.2,FNDDS:2706900,FNDDS,World,0
"Cheeseburger, on white bun, 1 medium patty",,296.0,17.9,18.7,16.2,0.6,FNDDS:2706901,FNDDS,American,0
"Cheeseburger, on wheat bun, 1 medium patty",,291.0,18.5,17.0,16.2,1.9,FNDDS:2706902,FNDDS,American,0
"Cheeseburger, on white bun, 1 large patty",,299.0,18.7,15.3,17.6,0.5,FNDDS:2706903,FNDDS,American,0
"Cheeseburger, on wheat bun, 1 large patty",,295.0,19.2,13.9,17.6,1.6,FNDDS:2706904,FNDDS,American,0
"Double cheeseburger, on white bun, 2 small patties",,296.0,19.3,13.3,17.9,0.5,FNDDS:2706905,FNDDS,American,0
"Double cheeseburger, on wheat bun, 2 small patties",,292.0,19.7,12.1,17.9,1.4,FNDDS:2706906,FNDDS,American,0
"Double cheeseburger, on white bun, 2 medium patties",,300.0,19.6,11.8,18.8,0.4,FNDDS:2706907,FNDDS,American,0
"Double cheeseburger, on wheat bun, 2 medium patties",,297.0,20.0,10.8,18.8,1.2,FNDDS:2706908,FNDDS,American,0
"Cheeseburger, from fast food, 1 large patty",,299.0,18.7,15.3,17.6,0.5,FNDDS:2706909,FNDDS,American,0
"Double cheeseburger, on white bun, 2 large patties",,299.0,20.2,9.66,19.4,0.3,FNDDS:2706910,FNDDS,American,0
"Double cheeseburger, on wheat bun, 2 large patties",,296.0,20.5,8.81,19.4,1.0,FNDDS:2706911,FNDDS,American,0
"Double cheeseburger, from fast food, 2 small patties",,297.0,18.1,17.7,16.6,0.6,FNDDS:2706912,FNDDS,American,0
Double cheeseburger (Burger King),,278.0,16.3,16.9,15.7,0.7,FNDDS:2706913,FNDDS,American,0
Double cheeseburger (McDonalds),,282.0,16.2,18.0,16.2,0.9,FNDDS:2706914,FNDDS,American,0
McDouble (McDonalds),,282.0,16.2,18.0,16.2,0.9,FNDDS:2706915,FNDDS,World,0
Big Mac (McDonalds),,261.0,11.9,21.5,14.1,1.4,FNDDS:2706916,FNDDS,World,0
"Double cheeseburger, from fast food, 2 medium patties",,300.0,19.6,11.8,18.8,0.4,FNDDS:2706917,FNDDS,American,0
"Double cheeseburger, from fast food, 2 large patties",,299.0,20.2,9.66,19.4,0.3,FNDDS:2706918,FNDDS,American,0
"Hamburger slider, from fast food",,285.0,15.3,29.2,11.4,1.0,FNDDS:2706919,FNDDS,American,0
"Hamburger, NFS",,288.0,17.5,20.7,14.4,0.7,FNDDS:2706920,FNDDS,American,0
"Hamburger, from fast food, 1 small patty",,285.0,15.5,28.3,11.7,1.0,FNDDS:2706921,FNDDS,American,0
Hamburger (Burger King),,254.0,13.6,26.0,10.2,1.1,FNDDS:2706922,FNDDS,American,0
Whopper Jr (Burger King),,216.0,10.7,21.1,9.58,1.0,FNDDS:2706923,FNDDS,American,0
Hamburger (McDonalds),,263.0,13.3,29.6,10.2,1.8,FNDDS:2706924,FNDDS,American,0
"Hamburger, from school cafeteria",,243.0,17.8,25.7,7.36,3.0,FNDDS:2706925,FNDDS,American,0
Hamburger slider,,288.0,17.8,19.7,14.7,0.7,FNDDS:2706926,FNDDS,American,0
"Hamburger, on white bun, 1 small patty",,287.0,17.1,22.2,13.8,0.8,FNDDS:2706927,FNDDS,American,0
"Hamburger, on wheat bun, 1 small patty",,280.0,17.8,20.1,13.9,2.4,FNDDS:2706928,FNDDS,American,0
"Hamburger, from fast food, 1 medium patty",,288.0,17.5,20.7,14.4,0.7,FNDDS:2706929,FNDDS,American,0
"Hamburger, from fast food, 1 large patty",,289.0,18.4,17.1,15.6,0.6,FNDDS:2706930,FNDDS,American,0
Whopper (Burger King),,226.0,11.3,17.3,12.4,1.5,FNDDS:2706931,FNDDS,American,0
"Hamburger, on white bun, 1 medium patty",,288.0,17.5,20.7,14.4,0.7,FNDDS:2706932,FNDDS,American,0
"Hamburger, on wheat bun, 1 medium patty",,281.0,18.2,18.7,14.4,2.2,FNDDS:2706933,FNDDS,American,0
"Hamburger, on white bun, 1 large patty",,289.0,18.4,17.1,15.6,0.6,FNDDS:2706934,FNDDS,American,0
"Hamburger, on wheat bun, 1 large patty",,283.0,19.0,15.5,15.7,1.8,FNDDS:2706935,FNDDS,American,0
"Double hamburger, on white bun, 2 small patties",,289.0,19.2,14.3,16.6,0.5,FNDDS:2706936,FNDDS,American,0
"Double hamburger, on wheat bun, 2 small patties",,285.0,19.6,12.9,16.7,1.5,FNDDS:2706937,FNDDS,American,0
"Double hamburger, on white bun, 2 medium patties",,290.0,19.5,13.0,17.1,0.5,FNDDS:2706938,FNDDS,American,0
"Double hamburger, on wheat bun, 2 medium patties",,286.0,19.9,11.8,17.1,1.4,FNDDS:2706939,FNDDS,American,0
"Double hamburger, on white bun, 2 large patties",,290.0,20.2,10.3,18.0,0.4,FNDDS:2706940,FNDDS,American,0
"Double hamburger, on wheat bun, 2 large patties",,287.0,20.6,9.36,18.1,1.1,FNDDS:2706941,FNDDS,American,0
"Double hamburger, from fast food, 2 small patties",,288.0,17.8,19.7,14.7,0.7,FNDDS:2706942,FNDDS,American,0
"Double hamburger, from fast food, 2 medium patties",,290.0,19.5,13.0,17.1,0.5,FNDDS:2706943,FNDDS,American,0
"Double hamburger, from fast food, 2 large patties",,290.0,20.2,10.3,18.0,0.4,FNDDS:2706944,FNDDS,American,0
Meatball sandwich or sub,,207.0,11.3,21.3,8.23,1.2,FNDDS:2706945,FNDDS,American,0
Meatloaf sandwich,,217.0,11.8,28.7,6.15,1.3,FNDDS:2706946,FNDDS,American,0
"Chiliburger, with or without cheese, on bun",,232.0,14.8,17.7,11.0,1.5,FNDDS:2706947,FNDDS,American,0
Corned beef sandwich on white,,259.0,13.6,25.7,11.0,1.2,FNDDS:2706948,FNDDS,American,0
"Corned beef sandwich on white, with cheese",,274.0,14.7,22.5,13.7,1.0,FNDDS:2706949,FNDDS,American,0
Corned beef sandwich on wheat,,257.0,14.7,23.7,11.2,2.8,FNDDS:2706950,FNDDS,American,0
"Corned beef sandwich on wheat, with cheese",,273.0,15.6,20.9,13.9,2.4,FNDDS:2706951,FNDDS,American,0
Reuben sandwich,,282.0,10.0,16.4,19.4,2.2,FNDDS:2706952,FNDDS,American,0
Roast beef sandwich on white,,194.0,13.9,25.8,3.64,1.2,FNDDS:2706953,FNDDS,American,0
"Roast beef sandwich on white, with cheese",,219.0,14.9,22.6,7.44,1.0,FNDDS:2706954,FNDDS,American,0
Roast beef sandwich on wheat,,192.0,14.9,23.8,3.84,2.8,FNDDS:2706955,FNDDS,American,0
"Roast beef sandwich on wheat, with cheese",,217.0,15.7,20.9,7.61,2.4,FNDDS:2706956,FNDDS,American,0
French dip sandwich,,184.0,13.2,24.5,3.47,1.1,FNDDS:2706957,FNDDS,American,0
Steak sandwich or sub on white,,249.0,17.9,25.4,8.07,1.2,FNDDS:2706958,FNDDS,American,0
Steak sandwich or sub on wheat,,247.0,18.9,23.5,8.27,2.8,FNDDS:2706959,FNDDS,American,0
Cheese steak sandwich or sub on white,,270.0,18.4,21.5,12.0,1.0,FNDDS:2706960,FNDDS,American,0
Cheese steak sandwich or sub on wheat,,268.0,19.2,19.9,12.2,2.2,FNDDS:2706961,FNDDS,American,0
Gyro sandwich,,184.0,11.2,18.8,6.76,1.0,FNDDS:2706962,FNDDS,Middle Eastern,0
"Hamburger wrap sandwich, from fast food",,299.0,16.9,20.4,16.1,1.4,FNDDS:2706963,FNDDS,American,0
Ham sandwich on white,,187.0,12.9,25.6,3.66,1.2,FNDDS:2706964,FNDDS,American,0
"Ham sandwich on white, with cheese",,213.0,14.1,22.4,7.46,1.0,FNDDS:2706965,FNDDS,American,0
Ham sandwich on wheat,,185.0,14.0,23.6,3.86,2.8,FNDDS:2706966,FNDDS,American,0
"Ham sandwich on wheat, with cheese",,212.0,14.9,20.8,7.62,2.4,FNDDS:2706967,FNDDS,American,0
"Ham sandwich or sub, restaurant",,178.0,13.3,22.8,3.66,1.1,FNDDS:2706968,FNDDS,American,0
"Ham sandwich or sub, with cheese, restaurant",,210.0,14.6,19.7,8.06,0.9,FNDDS:2706969,FNDDS,American,0
Ham sandwich wrap,,230.0,13.5,22.5,9.38,1.5,FNDDS:2706970,FNDDS,American,0
Ham salad sandwich on white,,242.0,12.0,18.3,13.3,1.0,FNDDS:2706971,FNDDS,American,0
Ham salad sandwich on wheat,,241.0,12.6,17.0,13.4,2.1,FNDDS:2706972,FNDDS,American,0
Cuban sandwich,,228.0,15.9,16.3,10.7,0.8,FNDDS:2706973,FNDDS,American,0
Barbecue rib sandwich,,223.0,13.7,26.5,6.47,0.9,FNDDS:2706974,FNDDS,American,0
"Barbecue pork sandwich, on white bun",,243.0,15.0,24.9,8.83,0.8,FNDDS:2706975,FNDDS,American,0
"Barbecue pork sandwich, on wheat bun",,238.0,15.5,23.3,8.86,2.0,FNDDS:2706976,FNDDS,American,0
Pork sandwich,,226.0,17.7,25.4,5.47,1.2,FNDDS:2706977,FNDDS,American,0
"Pork sandwich, with cheese",,246.0,18.1,22.3,8.99,1.0,FNDDS:2706978,FNDDS,American,0
"Bacon, lettuce, tomato sandwich on white",,231.0,10.9,29.7,7.54,1.7,FNDDS:2706979,FNDDS,American,0
"Bacon, lettuce, tomato sandwich on wheat",,229.0,12.0,27.5,7.76,3.4,FNDDS:2706980,FNDDS,American,0
Turkey sandwich on white,,189.0,12.0,26.5,3.68,1.2,FNDDS:2706981,FNDDS,American,0
"Turkey sandwich on white, with cheese",,215.0,13.3,23.2,7.47,1.0,FNDDS:2706982,FNDDS,American,0
Turkey sandwich on wheat,,187.0,13.0,24.6,3.88,2.8,FNDDS:2706983,FNDDS,American,0
"Turkey sandwich on wheat, with cheese",,214.0,14.2,21.6,7.64,2.4,FNDDS:2706984,FNDDS,American,0
"Turkey sandwich or sub, restaurant",,180.0,12.3,23.9,3.69,1.1,FNDDS:2706985,FNDDS,American,0
"Turkey sandwich or sub, with cheese, restaurant",,212.0,13.8,20.6,8.07,0.9,FNDDS:2706986,FNDDS,American,0
Turkey sandwich wrap,,232.0,12.8,23.3,9.4,1.5,FNDDS:2706987,FNDDS,American,0
"Chicken deli sandwich or sub, restaurant",,176.0,13.7,24.3,2.66,1.1,FNDDS:2706988,FNDDS,American,0
"Chicken deli sandwich or sub, with cheese, restaurant",,208.0,14.9,20.9,7.23,0.9,FNDDS:2706989,FNDDS,American,0
Chicken salad sandwich on white,,246.0,12.4,18.3,13.7,1.0,FNDDS:2706990,FNDDS,American,0
Chicken salad sandwich on wheat,,245.0,13.1,17.1,13.8,2.1,FNDDS:2706991,FNDDS,American,0
Chicken salad sandwich wrap,,269.0,12.9,17.0,16.6,1.3,FNDDS:2706992,FNDDS,American,0
Club sandwich on white,,222.0,15.1,23.1,7.48,1.0,FNDDS:2706993,FNDDS,American,0
"Club sandwich on white, with cheese",,241.0,15.8,20.6,10.4,0.9,FNDDS:2706994,FNDDS,American,0
Club sandwich on wheat,,220.0,16.0,21.4,7.65,2.4,FNDDS:2706995,FNDDS,American,0
"Club sandwich on wheat, with cheese",,239.0,16.6,19.1,10.5,2.1,FNDDS:2706996,FNDDS,American,0
"Club sandwich or sub, restaurant",,234.0,16.0,18.4,10.6,0.8,FNDDS:2706997,FNDDS,American,0
"Barbecue chicken sandwich, on white bun",,204.0,15.9,24.9,4.4,0.8,FNDDS:2706998,FNDDS,American,0
"Barbecue chicken sandwich, on wheat bun",,199.0,16.5,23.3,4.42,2.0,FNDDS:2706999,FNDDS,American,0
"Chicken fillet sandwich, NFS",,281.0,12.2,27.5,13.5,1.7,FNDDS:2707000,FNDDS,American,0
"Chicken fillet sandwich, from school cafeteria",,251.0,14.6,29.8,8.06,4.4,FNDDS:2707001,FNDDS,American,0
"Chicken fillet biscuit, from fast food",,320.0,10.8,26.4,19.1,2.0,FNDDS:2707002,FNDDS,World,0
"Chicken fillet sandwich, fried, from fast food",,281.0,12.2,27.5,13.5,1.7,FNDDS:2707003,FNDDS,American,0
"Chicken fillet sandwich, fried, from fast food, with cheese",,291.0,13.2,24.7,15.3,1.5,FNDDS:2707004,FNDDS,American,0
"Chicken fillet sandwich, grilled, from fast food",,226.0,21.5,19.4,6.18,0.7,FNDDS:2707005,FNDDS,American,0
"Chicken fillet sandwich, grilled, from fast food, with cheese",,243.0,21.4,17.6,9.05,0.6,FNDDS:2707006,FNDDS,American,0
"Chicken fillet sandwich, NS as to fried or grilled, from fast food",,281.0,12.2,27.5,13.5,1.7,FNDDS:2707007,FNDDS,American,0
"Chicken fillet sandwich, fried, on white bun",,269.0,12.4,28.1,11.7,1.7,FNDDS:2707008,FNDDS,American,0
"Chicken fillet sandwich, fried, on white bun; with cheese",,280.0,13.5,25.2,13.8,1.5,FNDDS:2707009,FNDDS,American,0
"Chicken fillet sandwich, fried, on wheat bun",,263.0,13.1,26.3,11.7,3.1,FNDDS:2707010,FNDDS,American,0
"Chicken fillet sandwich, fried, on wheat bun, with cheese",,275.0,14.0,23.6,13.8,2.7,FNDDS:2707011,FNDDS,American,0
"Chicken fillet sandwich, grilled, on white bun",,216.0,21.8,19.7,4.84,0.7,FNDDS:2707012,FNDDS,American,0
"Chicken fillet sandwich, grilled, on white bun, with cheese",,235.0,21.6,17.8,7.92,0.6,FNDDS:2707013,FNDDS,American,0
"Chicken fillet sandwich, grilled, on wheat bun",,210.0,22.5,17.8,4.87,2.1,FNDDS:2707014,FNDDS,American,0
"Chicken fillet sandwich, grilled, on wheat bun, with cheese",,230.0,22.2,16.2,7.94,1.8,FNDDS:2707015,FNDDS,American,0
"Chicken fillet wrap sandwich, fried, from fast food",,299.0,12.7,24.4,16.7,2.0,FNDDS:2707016,FNDDS,American,0
"Chicken fillet wrap sandwich, grilled, from fast food",,252.0,20.8,17.3,10.4,1.2,FNDDS:2707017,FNDDS,American,0
"Turkey or chicken burger, on white bun",,234.0,20.0,20.7,7.69,0.7,FNDDS:2707018,FNDDS,American,0
"Turkey or chicken burger, on wheat bun",,227.0,20.7,18.7,7.72,2.2,FNDDS:2707019,FNDDS,American,0
"Fish sandwich, fried, from fast food",,235.0,14.5,25.7,8.15,0.9,FNDDS:2707020,FNDDS,American,0
"Fish sandwich, fried, from fast food, with cheese",,252.0,15.3,22.8,11.0,0.8,FNDDS:2707021,FNDDS,American,0
Crab cake sandwich,,231.0,12.7,19.4,11.2,1.0,FNDDS:2707022,FNDDS,American,0
Salmon cake sandwich,,279.0,13.9,19.4,15.9,1.0,FNDDS:2707023,FNDDS,American,0
Fried seafood sandwich,,234.0,11.3,24.7,9.82,1.1,FNDDS:2707024,FNDDS,American,0
"Fish sandwich, from school cafeteria",,209.0,15.0,27.4,4.34,3.5,FNDDS:2707025,FNDDS,American,0
"Fish sandwich, NFS",,252.0,15.3,22.8,11.0,0.8,FNDDS:2707026,FNDDS,American,0
"Fish sandwich, fried, on white bun",,236.0,14.5,25.7,8.16,0.9,FNDDS:2707027,FNDDS,American,0
"Fish sandwich, fried, on white bun, with cheese",,252.0,15.3,22.9,11.0,0.8,FNDDS:2707028,FNDDS,American,0
"Fish sandwich, fried, on wheat bun",,229.0,15.2,23.8,8.19,2.4,FNDDS:2707029,FNDDS,American,0
"Fish sandwich, fried, on wheat bun, with cheese",,247.0,15.9,21.2,11.0,2.1,FNDDS:2707030,FNDDS,American,0
"Fish sandwich, grilled",,180.0,16.1,21.2,3.29,0.8,FNDDS:2707031,FNDDS,American,0
Fish wrap sandwich,,262.0,14.7,22.6,12.4,1.4,FNDDS:2707032,FNDDS,American,0
Sardine sandwich,,234.0,17.9,21.9,7.96,1.0,FNDDS:2707033,FNDDS,American,0
Tuna salad sandwich on white,,218.0,9.86,18.3,11.8,1.0,FNDDS:2707034,FNDDS,American,0
"Tuna salad sandwich on white, with cheese",,233.0,11.0,16.9,13.5,0.9,FNDDS:2707035,FNDDS,American,0
Tuna salad sandwich on wheat,,217.0,10.5,17.1,11.9,2.1,FNDDS:2707036,FNDDS,American,0
"Tuna salad sandwich on wheat, with cheese",,232.0,11.6,15.8,13.6,1.9,FNDDS:2707037,FNDDS,American,0
Tuna salad sandwich wrap,,244.0,10.6,17.0,14.8,1.3,FNDDS:2707038,FNDDS,American,0
Seafood salad sandwich,,216.0,9.89,17.2,11.8,1.0,FNDDS:2707039,FNDDS,American,0
Bologna sandwich on white,,274.0,9.87,28.5,13.3,1.2,FNDDS:2707040,FNDDS,American,0
"Bologna sandwich on white, with cheese",,287.0,11.5,24.9,15.6,1.0,FNDDS:2707041,FNDDS,American,0
Bologna sandwich on wheat,,272.0,10.9,26.5,13.5,2.8,FNDDS:2707042,FNDDS,American,0
"Bologna sandwich on wheat, with cheese",,285.0,12.3,23.2,15.8,2.4,FNDDS:2707043,FNDDS,American,0
Corn dog,,250.0,8.57,27.0,12.0,1.0,FNDDS:2707044,FNDDS,World,0
Pig in a blanket,,310.0,11.4,19.2,20.8,0.7,FNDDS:2707045,FNDDS,World,0
Salami sandwich on white,,321.0,15.0,25.8,17.1,1.2,FNDDS:2707046,FNDDS,American,0
"Salami sandwich on white, with cheese",,326.0,15.9,22.6,18.9,1.0,FNDDS:2707047,FNDDS,American,0
Salami sandwich on wheat,,319.0,16.1,23.8,17.3,2.8,FNDDS:2707048,FNDDS,American,0
"Salami sandwich on wheat, with cheese",,325.0,16.7,21.0,19.0,2.4,FNDDS:2707049,FNDDS,American,0
Italian sandwich on white,,309.0,15.7,18.9,18.8,0.8,FNDDS:2707050,FNDDS,American,0
Italian sandwich on wheat,,308.0,16.4,17.5,18.9,2.0,FNDDS:2707051,FNDDS,American,0
"Italian sandwich or sub, restaurant",,313.0,16.2,16.4,20.0,0.7,FNDDS:2707052,FNDDS,American,0
Italian sausage sandwich on white,,300.0,14.4,23.5,16.3,0.8,FNDDS:2707053,FNDDS,American,0
Italian sausage sandwich on wheat,,293.0,15.2,21.4,16.3,2.4,FNDDS:2707054,FNDDS,American,0
Spam sandwich,,266.0,10.0,27.6,12.8,1.1,FNDDS:2707055,FNDDS,American,0
"Hot dog sandwich, NFS, on white bun",,296.0,10.8,23.7,17.4,0.8,FNDDS:2707056,FNDDS,American,0
"Hot dog sandwich, NFS, on wheat bun",,290.0,11.6,21.6,17.4,2.4,FNDDS:2707057,FNDDS,American,0
"Hot dog sandwich, NFS, on white bread",,295.0,10.9,18.9,19.6,0.8,FNDDS:2707058,FNDDS,American,0
"Hot dog sandwich, NFS, on wheat bread",,294.0,11.6,17.6,19.7,1.9,FNDDS:2707059,FNDDS,American,0
"Hot dog sandwich, beef, on white bun",,296.0,10.8,23.7,17.4,0.8,FNDDS:2707060,FNDDS,American,0
"Hot dog sandwich, beef, on wheat bun",,290.0,11.6,21.6,17.4,2.4,FNDDS:2707061,FNDDS,American,0
"Hot dog sandwich, beef, on white bread",,295.0,10.9,18.9,19.6,0.8,FNDDS:2707062,FNDDS,American,0
"Hot dog sandwich, beef, on wheat bread",,294.0,11.6,17.6,19.7,1.9,FNDDS:2707063,FNDDS,American,0
"Hot dog sandwich, meat and poultry, on white bun",,278.0,9.74,24.9,15.2,0.8,FNDDS:2707064,FNDDS,American,0
"Hot dog sandwich, meat and poultry, on wheat bun",,271.0,10.5,22.8,15.3,2.4,FNDDS:2707065,FNDDS,American,0
"Hot dog sandwich, meat and poultry, on white bread",,274.0,9.62,20.2,17.1,0.8,FNDDS:2707066,FNDDS,American,0
"Hot dog sandwich, meat and poultry, on wheat bread",,272.0,10.3,19.0,17.2,1.9,FNDDS:2707067,FNDDS,American,0
"Hot dog sandwich, turkey, on white bun",,248.0,11.1,24.2,11.4,0.8,FNDDS:2707068,FNDDS,American,0
"Hot dog sandwich, turkey, on wheat bun",,241.0,11.9,22.2,11.4,2.4,FNDDS:2707069,FNDDS,American,0
"Hot dog sandwich, turkey, on white bread",,238.0,11.3,19.5,12.6,0.8,FNDDS:2707070,FNDDS,American,0
"Hot dog sandwich, turkey, on wheat bread",,237.0,11.9,18.2,12.7,1.9,FNDDS:2707071,FNDDS,American,0
"Hot dog sandwich, reduced fat, on white bun",,244.0,12.0,25.0,10.5,0.8,FNDDS:2707072,FNDDS,American,0
"Hot dog sandwich, reduced fat, on wheat bun",,237.0,12.7,22.9,10.5,2.4,FNDDS:2707073,FNDDS,American,0
"Hot dog sandwich, reduced fat, on white bread",,234.0,12.3,20.3,11.5,0.8,FNDDS:2707074,FNDDS,American,0
"Hot dog sandwich, reduced fat, on wheat bread",,233.0,12.9,19.0,11.6,1.9,FNDDS:2707075,FNDDS,American,0
"Hot dog sandwich, vegetarian, on bun",,251.0,15.8,24.3,9.89,3.1,FNDDS:2707076,FNDDS,American,0
"Hot dog sandwich, vegetarian, on bread",,243.0,16.6,20.2,10.7,3.4,FNDDS:2707077,FNDDS,American,0
"Chili hot dog sandwich, on white bun",,223.0,9.94,18.8,12.0,1.7,FNDDS:2707078,FNDDS,American,0
"Chili hot dog sandwich, on wheat bun",,219.0,10.4,17.5,12.0,2.7,FNDDS:2707079,FNDDS,American,0
"Chili hot dog sandwich, on white bread",,215.0,9.89,15.4,12.7,1.8,FNDDS:2707080,FNDDS,American,0
"Chili hot dog sandwich, on wheat bread",,215.0,10.3,14.7,12.8,2.4,FNDDS:2707081,FNDDS,American,0
Multiple meat sandwich on white,,190.0,12.9,21.7,5.62,1.0,FNDDS:2707082,FNDDS,American,0
"Multiple meat sandwich on white, with cheese",,211.0,13.8,19.5,8.53,0.8,FNDDS:2707083,FNDDS,American,0
Multiple meat sandwich on wheat,,189.0,13.7,20.1,5.78,2.2,FNDDS:2707084,FNDDS,American,0
"Multiple meat sandwich on wheat, with cheese",,210.0,14.5,18.2,8.67,2.0,FNDDS:2707085,FNDDS,American,0
"Multiple meat sandwich or sub, restaurant",,183.0,13.2,19.2,5.76,0.8,FNDDS:2707086,FNDDS,American,0
"Multiple meat sandwich or sub, with cheese, restaurant",,208.0,14.2,17.2,9.07,0.7,FNDDS:2707087,FNDDS,American,0
Multiple meat sandwich wrap,,226.0,13.4,19.6,10.1,1.3,FNDDS:2707088,FNDDS,American,0
Turkey and ham sandwich on white,,172.0,13.1,21.2,3.68,1.0,FNDDS:2707089,FNDDS,American,0
"Turkey and ham sandwich on white, with cheese",,195.0,14.0,19.2,6.83,0.8,FNDDS:2707090,FNDDS,American,0
Turkey and ham sandwich on wheat,,170.0,13.9,19.6,3.84,2.2,FNDDS:2707091,FNDDS,American,0
"Turkey and ham sandwich on wheat, with cheese",,194.0,14.8,17.8,6.97,2.0,FNDDS:2707092,FNDDS,American,0
"Turkey and ham sandwich or sub, restaurant",,163.0,13.5,18.6,3.69,0.8,FNDDS:2707093,FNDDS,American,0
"Turkey and ham sandwich or sub, with cheese, restaurant",,191.0,14.5,16.6,7.26,0.7,FNDDS:2707094,FNDDS,American,0
"Frozen dinner, NFS",,146.0,6.82,10.9,8.4,1.2,FNDDS:2707095,FNDDS,World,0
"Beef dinner, NFS, frozen meal",,146.0,6.82,10.9,8.4,1.2,FNDDS:2707096,FNDDS,World,0
"Beef with vegetable, diet frozen meal",,125.0,10.6,4.69,6.95,0.8,FNDDS:2707097,FNDDS,World,0
"Salisbury steak dinner, NFS, frozen meal",,146.0,6.82,10.9,8.4,1.2,FNDDS:2707098,FNDDS,World,0
"Salisbury steak with gravy, potatoes, vegetable, frozen meal",,146.0,6.82,10.9,8.4,1.2,FNDDS:2707099,FNDDS,World,0
"Salisbury steak with gravy, whipped potatoes, vegetable, dessert, frozen meal",,141.0,7.65,12.6,6.66,1.0,FNDDS:2707100,FNDDS,World,0
"Salisbury steak with gravy, macaroni and cheese, frozen meal",,202.0,10.4,20.4,8.51,1.3,FNDDS:2707101,FNDDS,American,0
"Beef, sliced, with gravy, potatoes, vegetable, frozen meal",,125.0,8.12,6.59,7.28,0.7,FNDDS:2707102,FNDDS,World,0
"Meatballs, Swedish, in gravy, with noodles, diet frozen meal",,112.0,9.88,10.3,3.35,0.8,FNDDS:2707103,FNDDS,World,0
"Beef with spaetzle or rice, vegetable, frozen meal",,118.0,6.92,12.2,4.37,0.6,FNDDS:2707104,FNDDS,World,0
"Chicken dinner, NFS, frozen meal",,124.0,8.48,10.7,5.18,0.9,FNDDS:2707105,FNDDS,World,0
"Chicken, fried, with potatoes, vegetable, frozen meal",,157.0,10.3,10.6,8.13,1.7,FNDDS:2707106,FNDDS,World,0
"Chicken patty, or nuggets, boneless, breaded, potatoes, vegetable, frozen meal",,175.0,10.7,16.0,8.1,1.4,FNDDS:2707107,FNDDS,World,0
"Chicken, fried, with potatoes, vegetable, dessert, frozen meal, large meat portion",,201.0,10.9,18.0,9.93,1.3,FNDDS:2707108,FNDDS,World,0
"Teriyaki chicken with rice and vegetable, diet frozen meal",,126.0,5.65,22.5,1.56,0.7,FNDDS:2707109,FNDDS,Japanese,0
"Chicken with rice and vegetable, diet frozen meal",,111.0,9.81,11.0,3.03,0.8,FNDDS:2707110,FNDDS,World,0
"Chicken and vegetables au gratin with rice, diet frozen entree",,120.0,10.7,7.24,5.41,0.8,FNDDS:2707111,FNDDS,World,0
"Chicken and vegetable entree with rice, diet frozen meal",,171.0,10.4,19.6,5.57,0.7,FNDDS:2707112,FNDDS,World,0
"Chicken with noodles and cheese sauce, diet frozen meal",,114.0,10.1,11.7,2.86,0.7,FNDDS:2707113,FNDDS,World,0
"Chicken and vegetable entree with noodles, diet frozen meal",,85.0,7.58,9.78,1.89,1.6,FNDDS:2707114,FNDDS,World,0
"Chicken in soy-based sauce, rice and vegetables, frozen meal",,109.0,6.56,18.1,0.91,1.0,FNDDS:2707115,FNDDS,World,0
"Chicken and vegetable entree with noodles and cream sauce, frozen meal",,124.0,8.48,10.7,5.18,0.9,FNDDS:2707116,FNDDS,World,0
"Turkey with vegetable, stuffing, diet frozen meal",,96.0,9.3,10.7,1.82,1.5,FNDDS:2707117,FNDDS,World,0
"Turkey with gravy, dressing, potatoes, vegetable, frozen meal",,128.0,6.97,16.3,3.89,1.3,FNDDS:2707118,FNDDS,World,0
"Fish in lemon-butter sauce with starch item, vegetable, frozen meal",,101.0,5.46,11.0,3.78,1.1,FNDDS:2707119,FNDDS,World,0
"Shrimp and vegetables in sauce with noodles, diet frozen meal",,91.0,5.29,13.4,1.72,1.5,FNDDS:2707120,FNDDS,World,0
"Meat loaf dinner, NFS, frozen meal",,134.0,6.66,10.1,7.4,1.2,FNDDS:2707121,FNDDS,World,0
"Meat loaf with potatoes, vegetable, frozen meal",,134.0,6.66,10.1,7.4,1.2,FNDDS:2707122,FNDDS,World,0
"Soup, meatball",,52.0,2.65,5.53,2.17,0.9,FNDDS:2707123,FNDDS,World,0
"Soup, pho, with meat",,77.0,5.81,5.6,3.33,0.4,FNDDS:2707124,FNDDS,Vietnamese,0
"Soup, pho, no meat",,37.0,1.42,5.9,0.93,0.5,FNDDS:2707125,FNDDS,Vietnamese,0
"Soup, pepperpot",,91.0,3.06,6.79,5.75,0.9,FNDDS:2707126,FNDDS,World,0
"Soup, beef, canned",,37.0,1.94,4.86,1.17,0.9,FNDDS:2707127,FNDDS,World,0
"Soup, sopa or caldo de res",,71.0,5.91,4.04,3.4,0.8,FNDDS:2707128,FNDDS,World,0
"Soup, pozole",,43.0,3.38,4.59,1.23,0.9,FNDDS:2707129,FNDDS,World,0
"Soup, Italian wedding",,66.0,3.57,7.38,2.4,0.9,FNDDS:2707130,FNDDS,World,0
"Soup, pork or ham",,48.0,3.14,4.04,2.17,0.8,FNDDS:2707131,FNDDS,World,0
"Soup, broth",,6.0,0.89,0.24,0.22,0.0,FNDDS:2707132,FNDDS,World,0
"Soup, chicken, canned",,33.0,2.02,4.86,0.72,0.9,FNDDS:2707133,FNDDS,World,0
"Soup, chicken",,40.0,3.44,4.04,1.14,0.8,FNDDS:2707134,FNDDS,World,0
"Soup, sopa or caldo de pollo",,55.0,6.23,4.04,1.58,0.8,FNDDS:2707135,FNDDS,World,0
"Soup, hot and sour",,39.0,2.58,4.35,1.21,0.5,FNDDS:2707136,FNDDS,World,0
"Soup, cream of chicken",,91.0,4.0,6.79,5.42,0.9,FNDDS:2707137,FNDDS,World,0
"Soup, Manhattan clam chowder",,35.0,2.48,5.26,0.51,0.8,FNDDS:2707138,FNDDS,World,0
"Soup, New England clam chowder",,93.0,3.12,9.25,4.8,1.0,FNDDS:2707139,FNDDS,World,0
"Soup, bisque",,75.0,2.28,5.9,4.81,0.9,FNDDS:2707140,FNDDS,World,0
Lobster gumbo,,59.0,6.19,4.63,1.78,0.9,FNDDS:2707141,FNDDS,World,0
Shrimp gumbo,,61.0,6.52,4.63,1.89,0.9,FNDDS:2707142,FNDDS,World,0
"Soup, fish or shrimp",,30.0,2.58,4.04,0.47,0.8,FNDDS:2707143,FNDDS,World,0
"Gravy, poultry",,48.0,0.71,5.29,2.62,0.1,FNDDS:2707144,FNDDS,World,0
"Gravy, beef",,53.0,3.75,4.81,2.36,0.4,FNDDS:2707145,FNDDS,World,0
"Gravy, beef, fat free",,53.0,3.75,4.81,2.36,0.4,FNDDS:2707146,FNDDS,World,0
"Gravy, poultry, fat free",,48.0,0.71,5.29,2.62,0.1,FNDDS:2707147,FNDDS,World,0
"Gravy, made with soy sauce",,46.0,0.82,9.82,0.29,0.1,FNDDS:2707148,FNDDS,World,0
"Gravy, NFS",,53.0,3.75,4.81,2.36,0.4,FNDDS:2707149,FNDDS,World,0
Oyster sauce,,51.0,1.35,10.9,0.25,0.3,FNDDS:2707150,FNDDS,World,0
Mole sauce,,75.0,0.98,10.8,3.82,1.0,FNDDS:2707151,FNDDS,World,0
"Egg, whole, raw",,143.0,12.4,0.96,9.96,0.0,FNDDS:2707152,FNDDS,World,0
"Egg, whole, cooked, NS as to cooking method",,176.0,11.8,0.92,13.9,0.0,FNDDS:2707153,FNDDS,World,0
"Egg, whole, boiled or poached",,143.0,12.4,0.96,9.96,0.0,FNDDS:2707154,FNDDS,World,0
"Egg, whole, fried, NS as to fat",,185.0,11.6,0.91,15.0,0.0,FNDDS:2707155,FNDDS,World,0
"Egg, whole, fried no added fat",,143.0,12.4,0.96,9.93,0.0,FNDDS:2707156,FNDDS,World,0
"Egg, whole, fried with margarine",,171.0,11.6,0.95,13.5,0.0,FNDDS:2707157,FNDDS,World,0
"Egg, whole, fried with oil",,192.0,11.6,0.9,15.8,0.0,FNDDS:2707158,FNDDS,World,0
"Egg, whole, fried with butter",,182.0,11.6,0.9,14.6,0.0,FNDDS:2707159,FNDDS,World,0
"Egg, whole, fried with animal fat or meat drippings",,188.0,11.7,0.9,15.3,0.0,FNDDS:2707160,FNDDS,World,0
"Egg, whole, fried with cooking spray",,149.0,12.2,1.15,10.6,0.0,FNDDS:2707161,FNDDS,World,0
"Egg, whole, fried, NS as to fat type",,185.0,11.6,0.91,15.0,0.0,FNDDS:2707162,FNDDS,World,0
"Egg, whole, fried, from fast food / restaurant",,192.0,11.6,0.9,15.8,0.0,FNDDS:2707163,FNDDS,World,0
"Egg, whole, baked, NS as to fat",,185.0,11.6,0.91,15.0,0.0,FNDDS:2707164,FNDDS,World,0
"Egg, whole, baked, no added fat",,143.0,12.4,0.96,9.93,0.0,FNDDS:2707165,FNDDS,World,0
"Egg, whole, baked, fat added",,185.0,11.6,0.91,15.0,0.0,FNDDS:2707166,FNDDS,World,0
"Egg, whole, pickled",,154.0,12.5,1.11,10.5,0.0,FNDDS:2707167,FNDDS,World,0
"Egg, white only, raw",,52.0,10.7,2.36,0.0,0.0,FNDDS:2707168,FNDDS,World,0
"Egg, white, cooked, NS as to fat",,100.0,9.99,2.21,5.72,0.0,FNDDS:2707169,FNDDS,World,0
"Egg, white, cooked, no added fat",,52.0,10.7,2.35,0.0,0.0,FNDDS:2707170,FNDDS,World,0
"Egg, white, cooked, fat added",,100.0,9.99,2.21,5.72,0.0,FNDDS:2707171,FNDDS,World,0
"Egg, yolk only, raw",,328.0,16.2,1.02,28.8,0.0,FNDDS:2707172,FNDDS,World,0
"Egg, yolk only, cooked, NS as to fat",,357.0,15.1,0.96,32.6,0.0,FNDDS:2707173,FNDDS,World,0
"Egg, yolk only, cooked, no added fat",,327.0,16.2,1.02,28.7,0.0,FNDDS:2707174,FNDDS,World,0
"Egg, yolk only, cooked, fat added",,357.0,15.1,0.96,32.6,0.0,FNDDS:2707175,FNDDS,World,0
"Duck egg, cooked",,224.0,12.0,1.36,18.6,0.0,FNDDS:2707176,FNDDS,World,0
"Goose egg, cooked",,224.0,12.9,1.27,18.1,0.0,FNDDS:2707177,FNDDS,World,0
"Quail egg, canned",,158.0,13.0,0.41,11.1,0.0,FNDDS:2707178,FNDDS,World,0
"Egg, creamed",,148.0,7.79,5.52,10.4,0.1,FNDDS:2707179,FNDDS,World,0
"Egg, Benedict",,288.0,13.8,8.48,22.1,0.6,FNDDS:2707180,FNDDS,World,0
"Egg, deviled",,198.0,11.5,1.07,15.9,0.0,FNDDS:2707181,FNDDS,World,0
"Egg salad, made with mayonnaise",,257.0,10.3,1.01,23.1,0.0,FNDDS:2707182,FNDDS,World,0
"Egg salad, made with light mayonnaise",,172.0,9.97,2.82,13.0,0.0,FNDDS:2707183,FNDDS,World,0
"Egg salad, made with mayonnaise-type salad dressing",,174.0,10.1,3.93,12.8,0.0,FNDDS:2707184,FNDDS,World,0
"Egg salad, made with light mayonnaise-type salad dressing",,172.0,9.97,2.82,13.0,0.0,FNDDS:2707185,FNDDS,World,0
"Egg salad, made with creamy dressing",,212.0,10.2,2.12,17.7,0.0,FNDDS:2707186,FNDDS,World,0
"Egg salad, made with light creamy dressing",,155.0,10.2,2.37,11.3,0.0,FNDDS:2707187,FNDDS,World,0
"Egg salad, made with Italian dressing",,172.0,10.0,3.38,12.7,0.0,FNDDS:2707188,FNDDS,World,0
"Egg salad, made with light Italian dressing",,143.0,9.98,2.98,9.74,0.0,FNDDS:2707189,FNDDS,World,0
"Egg Salad, made with any type of fat free dressing",,139.0,9.8,4.29,8.82,0.4,FNDDS:2707190,FNDDS,World,0
Huevos rancheros,,121.0,6.68,8.85,6.65,1.7,FNDDS:2707191,FNDDS,World,0
"Egg casserole with bread, cheese, milk and meat",,175.0,11.4,10.2,9.75,0.4,FNDDS:2707192,FNDDS,World,0
"Egg foo yung, NFS",,125.0,11.7,5.2,6.16,0.3,FNDDS:2707193,FNDDS,World,0
Chicken egg foo yung,,137.0,12.8,4.78,7.38,0.3,FNDDS:2707194,FNDDS,World,0
Pork egg foo yung,,149.0,13.3,4.78,8.25,0.3,FNDDS:2707195,FNDDS,World,0
Shrimp egg foo yung,,125.0,11.7,5.2,6.16,0.3,FNDDS:2707196,FNDDS,World,0
Beef egg foo yung,,147.0,13.8,4.78,8.08,0.3,FNDDS:2707197,FNDDS,World,0
"Egg omelet or scrambled egg, NS as to fat",,185.0,11.6,0.91,15.0,0.0,FNDDS:2707198,FNDDS,World,0
"Egg omelet or scrambled egg, made with margarine",,171.0,11.6,0.95,13.5,0.0,FNDDS:2707199,FNDDS,World,0
"Egg omelet or scrambled egg, made with oil",,192.0,11.6,0.9,15.8,0.0,FNDDS:2707200,FNDDS,World,0
"Egg omelet or scrambled egg, made with butter",,182.0,11.6,0.9,14.6,0.0,FNDDS:2707201,FNDDS,World,0
"Egg omelet or scrambled egg, made with animal fat or meat drippings",,188.0,11.7,0.9,15.3,0.0,FNDDS:2707202,FNDDS,World,0
"Egg omelet or scrambled egg, made with cooking spray",,149.0,12.2,1.15,10.6,0.0,FNDDS:2707203,FNDDS,World,0
"Egg omelet or scrambled egg, NS as to fat type",,185.0,11.6,0.91,15.0,0.0,FNDDS:2707204,FNDDS,World,0
"Egg omelet or scrambled egg, no added fat",,143.0,12.4,0.96,9.93,0.0,FNDDS:2707205,FNDDS,World,0
"Egg omelet or scrambled egg, from fast food / restaurant",,192.0,11.6,0.9,15.8,0.0,FNDDS:2707206,FNDDS,World,0
"Egg omelet or scrambled egg, with cheese, made with margarine",,194.0,12.6,1.45,15.4,0.0,FNDDS:2707207,FNDDS,World,0
"Egg omelet or scrambled egg, with cheese, made with oil",,212.0,12.6,1.4,17.4,0.0,FNDDS:2707208,FNDDS,World,0
"Egg omelet or scrambled egg, with cheese, made with butter",,203.0,12.7,1.41,16.3,0.0,FNDDS:2707209,FNDDS,World,0
"Egg omelet or scrambled egg, with cheese, made with animal fat or meat drippings",,209.0,12.8,1.4,16.9,0.0,FNDDS:2707210,FNDDS,World,0
"Egg omelet or scrambled egg, with cheese, made with cooking spray",,176.0,13.3,1.65,12.9,0.0,FNDDS:2707211,FNDDS,World,0
"Egg omelet or scrambled egg, with cheese, no added fat",,171.0,13.4,1.49,12.3,0.0,FNDDS:2707212,FNDDS,World,0
"Egg omelet or scrambled egg, with meat, NS as to fat",,193.0,12.7,0.99,15.4,0.0,FNDDS:2707213,FNDDS,World,0
"Egg omelet or scrambled egg, with meat, made with margarine",,181.0,12.7,1.03,14.1,0.0,FNDDS:2707214,FNDDS,World,0
"Egg omelet or scrambled egg, with meat, made with oil",,199.0,12.7,0.98,16.1,0.0,FNDDS:2707215,FNDDS,World,0
"Egg omelet or scrambled egg, with meat, made with butter",,190.0,12.7,0.99,15.0,0.0,FNDDS:2707216,FNDDS,World,0
"Egg omelet or scrambled egg, with meat, made with animal fat or meat drippings",,196.0,12.8,0.98,15.6,0.0,FNDDS:2707217,FNDDS,World,0
"Egg omelet or scrambled egg, with meat, made with cooking spray",,162.0,13.4,1.21,11.5,0.0,FNDDS:2707218,FNDDS,World,0
"Egg omelet or scrambled egg, with meat, NS as to fat type",,193.0,12.7,0.99,15.4,0.0,FNDDS:2707219,FNDDS,World,0
"Egg omelet or scrambled egg, with meat, no added fat",,157.0,13.5,1.04,11.0,0.0,FNDDS:2707220,FNDDS,World,0
"Egg omelet or scrambled egg, with cheese and meat, NS as to fat",,209.0,13.3,1.43,16.7,0.0,FNDDS:2707221,FNDDS,World,0
"Egg omelet or scrambled egg, with cheese and meat, made with margarine",,198.0,13.3,1.46,15.5,0.0,FNDDS:2707222,FNDDS,World,0
"Egg omelet or scrambled egg, with cheese and meat, made with oil",,215.0,13.3,1.42,17.4,0.0,FNDDS:2707223,FNDDS,World,0
"Egg omelet or scrambled egg, with cheese and meat, made with butter",,207.0,13.3,1.42,16.4,0.0,FNDDS:2707224,FNDDS,World,0
"Egg omelet or scrambled egg, with cheese and meat, made with animal fat or meat drippings",,212.0,13.4,1.42,17.0,0.0,FNDDS:2707225,FNDDS,World,0
"Egg omelet or scrambled egg, with cheese and meat, made with cooking spray",,182.0,13.9,1.65,13.3,0.0,FNDDS:2707226,FNDDS,World,0
"Egg omelet or scrambled egg, with cheese and meat, NS as to fat type",,209.0,13.3,1.43,16.7,0.0,FNDDS:2707227,FNDDS,World,0
"Egg omelet or scrambled egg, with cheese and meat, no added fat",,177.0,14.0,1.5,12.8,0.0,FNDDS:2707228,FNDDS,World,0
"Egg omelet or scrambled egg, with tomatoes, fat added",,165.0,10.3,1.47,13.2,0.2,FNDDS:2707229,FNDDS,World,0
"Egg omelet or scrambled egg, with tomatoes, no added fat",,127.0,10.9,1.55,8.67,0.2,FNDDS:2707230,FNDDS,World,0
"Egg omelet or scrambled egg, with tomatoes, NS as to fat",,165.0,10.3,1.47,13.2,0.2,FNDDS:2707231,FNDDS,World,0
"Egg omelet or scrambled egg, with dark-green vegetables, fat added",,166.0,10.5,1.35,13.2,0.2,FNDDS:2707232,FNDDS,World,0
"Egg omelet or scrambled egg, with dark-green vegetables, no added fat",,129.0,11.1,1.42,8.71,0.3,FNDDS:2707233,FNDDS,World,0
"Egg omelet or scrambled egg, with dark-green vegetables, NS as to fat",,166.0,10.5,1.35,13.2,0.2,FNDDS:2707234,FNDDS,World,0
"Egg omelet or scrambled egg, with tomatoes and dark-green vegetables, fat added",,165.0,10.3,1.44,13.1,0.2,FNDDS:2707235,FNDDS,World,0
"Egg omelet or scrambled egg, with tomatoes and dark-green vegetables, no fat added",,127.0,10.9,1.51,8.62,0.2,FNDDS:2707236,FNDDS,World,0
"Egg omelet or scrambled egg, with tomatoes and dark-green vegetables, NS as to fat",,165.0,10.3,1.44,13.1,0.2,FNDDS:2707237,FNDDS,World,0
"Egg omelet or scrambled egg, with vegetables other than dark green and/or tomatoes, fat added",,167.0,10.6,1.5,13.2,0.3,FNDDS:2707238,FNDDS,World,0
"Egg omelet or scrambled egg, with vegetables other than dark green and/or tomatoes, no added fat",,129.0,11.2,1.58,8.69,0.3,FNDDS:2707239,FNDDS,World,0
"Egg omelet or scrambled egg, with vegetables other than dark green and/or tomatoes, NS as to fat",,167.0,10.6,1.5,13.2,0.3,FNDDS:2707240,FNDDS,World,0
"Egg omelet or scrambled egg, with cheese and tomatoes, fat added",,186.0,11.4,1.86,14.9,0.2,FNDDS:2707241,FNDDS,World,0
"Egg omelet or scrambled egg, with cheese and tomatoes, no added fat",,154.0,12.0,1.95,10.9,0.2,FNDDS:2707242,FNDDS,World,0
"Egg omelet or scrambled egg, with cheese and tomatoes, NS as to fat",,186.0,11.4,1.86,14.9,0.2,FNDDS:2707243,FNDDS,World,0
"Egg omelet or scrambled egg, with cheese and dark-green vegetables, fat added",,187.0,11.6,1.75,14.9,0.2,FNDDS:2707244,FNDDS,World,0
"Egg omelet or scrambled egg, with cheese and dark-green vegetables, no added fat",,155.0,12.2,1.84,11.0,0.2,FNDDS:2707245,FNDDS,World,0
"Egg omelet or scrambled egg, with cheese and dark-green vegetables, NS as to fat",,187.0,11.6,1.75,14.9,0.2,FNDDS:2707246,FNDDS,World,0
"Egg omelet or scrambled egg, with cheese, tomatoes, and dark-green vegetables, fat added",,186.0,11.4,1.83,14.8,0.2,FNDDS:2707247,FNDDS,World,0
"Egg omelet or scrambled egg, with cheese, tomatoes, and dark-green vegetables, no added fat",,153.0,12.0,1.92,10.9,0.2,FNDDS:2707248,FNDDS,World,0
"Egg omelet or scrambled egg, with cheese, tomatoes, and dark-green vegetables, NS as to fat",,186.0,11.4,1.83,14.8,0.2,FNDDS:2707249,FNDDS,World,0
"Egg omelet or scrambled egg, with cheese and vegetables other than dark green and/or tomatoes, fat added",,188.0,11.6,1.89,14.9,0.2,FNDDS:2707250,FNDDS,World,0
"Egg omelet or scrambled egg, with cheese and vegetables other than dark green and/or tomatoes, no added fat",,155.0,12.2,1.98,11.0,0.2,FNDDS:2707251,FNDDS,World,0
"Egg omelet or scrambled egg, with cheese and vegetables other than dark green and/or tomatoes, NS as to fat",,188.0,11.6,1.89,14.9,0.2,FNDDS:2707252,FNDDS,World,0
"Egg omelet or scrambled egg, with meat and tomatoes, fat added",,172.0,11.1,1.48,13.5,0.2,FNDDS:2707253,FNDDS,World,0
"Egg omelet or scrambled egg, with meat and tomatoes, no added fat",,137.0,11.7,1.55,9.4,0.2,FNDDS:2707254,FNDDS,World,0
"Egg omelet or scrambled egg, with meat and tomatoes, NS as to fat",,172.0,11.1,1.48,13.5,0.2,FNDDS:2707255,FNDDS,World,0
"Egg omelet or scrambled egg, with meat and dark-green vegetables, fat added",,173.0,11.3,1.37,13.6,0.2,FNDDS:2707256,FNDDS,World,0
"Egg omelet or scrambled egg, with meat and dark-green vegetables, no added fat",,138.0,11.9,1.44,9.44,0.2,FNDDS:2707257,FNDDS,World,0
"Egg omelet or scrambled egg, with meat and dark-green vegetables, NS as to fat",,173.0,11.3,1.37,13.6,0.2,FNDDS:2707258,FNDDS,World,0
"Egg omelet or scrambled egg, with meat, tomatoes, and dark-green vegetables, fat added",,174.0,11.5,1.46,13.6,0.2,FNDDS:2707259,FNDDS,World,0
"Egg omelet or scrambled egg, with meat, tomatoes, and dark-green vegetables, no added fat",,141.0,12.1,1.52,9.68,0.2,FNDDS:2707260,FNDDS,World,0
"Egg omelet or scrambled egg, with meat, tomatoes, and dark-green vegetables, NS as to fat",,174.0,11.5,1.46,13.6,0.2,FNDDS:2707261,FNDDS,World,0
"Egg omelet or scrambled egg, with meat and vegetables other than dark-green and/or tomatoes, fat added",,173.0,11.3,1.51,13.6,0.2,FNDDS:2707262,FNDDS,World,0
"Egg omelet or scrambled egg, with meat and vegetables other than dark-green and/or tomatoes, no added fat",,139.0,12.0,1.58,9.42,0.2,FNDDS:2707263,FNDDS,World,0
"Egg omelet or scrambled egg, with meat and vegetables other than dark-green and/or tomatoes, NS as to fat",,173.0,11.3,1.51,13.6,0.2,FNDDS:2707264,FNDDS,World,0
"Egg omelet or scrambled egg, with cheese, meat, and tomatoes, fat added",,199.0,12.6,1.66,15.8,0.1,FNDDS:2707265,FNDDS,World,0
"Egg omelet or scrambled egg, with cheese, meat, and tomatoes, no added fat",,168.0,13.2,1.74,12.0,0.1,FNDDS:2707266,FNDDS,World,0
"Egg omelet or scrambled egg, with cheese, meat, and tomatoes, NS as to fat",,199.0,12.6,1.66,15.8,0.1,FNDDS:2707267,FNDDS,World,0
"Egg omelet or scrambled egg, with cheese, meat, and dark-green vegetables, fat added",,199.0,12.7,1.6,15.8,0.1,FNDDS:2707268,FNDDS,World,0
"Egg omelet or scrambled egg, with cheese, meat, and dark-green vegetables, no added fat",,169.0,13.3,1.68,12.0,0.1,FNDDS:2707269,FNDDS,World,0
"Egg omelet or scrambled egg, with cheese, meat, and dark-green vegetables, NS as to fat",,199.0,12.7,1.6,15.8,0.1,FNDDS:2707270,FNDDS,World,0
"Egg omelet or scrambled egg, with cheese, meat, tomatoes, and dark-green vegetables, fat added",,190.0,12.1,1.81,15.0,0.2,FNDDS:2707271,FNDDS,World,0
"Egg omelet or scrambled egg, with cheese, meat, tomatoes, and dark-green vegetables, no added fat",,160.0,12.6,1.89,11.4,0.2,FNDDS:2707272,FNDDS,World,0
"Egg omelet or scrambled egg, with cheese, meat, tomatoes, and dark-green vegetables, NS as to fat",,190.0,12.1,1.81,15.0,0.2,FNDDS:2707273,FNDDS,World,0
"Egg omelet or scrambled egg, with cheese, meat, and vegetables other than dark-green and/or tomatoes, fat added",,200.0,12.7,1.67,15.8,0.1,FNDDS:2707274,FNDDS,World,0
"Egg omelet or scrambled egg, with cheese, meat, and vegetables other than dark-green and/or tomatoes, no added fat",,169.0,13.4,1.75,12.0,0.1,FNDDS:2707275,FNDDS,World,0
"Egg omelet or scrambled egg, with cheese, meat, and vegetables other than dark-green and/or tomatoes, NS as to fat",,200.0,12.7,1.67,15.8,0.1,FNDDS:2707276,FNDDS,World,0
"Egg omelet or scrambled egg, with potatoes and/or onions, fat added",,172.0,10.4,2.97,13.2,0.3,FNDDS:2707277,FNDDS,World,0
"Egg omelet or scrambled egg, with potatoes and/or onions, no added fat",,134.0,11.0,3.14,8.65,0.3,FNDDS:2707278,FNDDS,World,0
"Egg omelet or scrambled egg, with potatoes and/or onions, NS as to fat",,172.0,10.4,2.97,13.2,0.3,FNDDS:2707279,FNDDS,World,0
Egg salad sandwich on white,,260.0,9.98,17.1,16.6,0.8,FNDDS:2707280,FNDDS,American,0
Egg salad sandwich on wheat,,259.0,10.6,15.8,16.8,1.8,FNDDS:2707281,FNDDS,American,0
"Soup, egg drop",,27.0,1.16,4.29,0.61,0.4,FNDDS:2707282,FNDDS,World,0
"Egg white omelet, scrambled, or fried, NS as to fat",,100.0,9.99,2.21,5.72,0.0,FNDDS:2707283,FNDDS,World,0
"Egg white omelet, scrambled, or fried, made with margarine",,86.0,9.98,2.25,4.24,0.0,FNDDS:2707284,FNDDS,World,0
"Egg white omelet, scrambled, or fried, made with oil",,107.0,9.97,2.2,6.52,0.0,FNDDS:2707285,FNDDS,World,0
"Egg white omelet, scrambled, or fried, made with butter",,97.0,10.0,2.2,5.36,0.0,FNDDS:2707286,FNDDS,World,0
"Egg white omelet, scrambled, or fried, made with cooking spray",,59.0,10.6,2.53,0.78,0.0,FNDDS:2707287,FNDDS,World,0
"Egg white omelet, scrambled, or fried, NS as to fat type",,100.0,9.99,2.21,5.72,0.0,FNDDS:2707288,FNDDS,World,0
"Egg white omelet, scrambled, or fried, no added fat",,52.0,10.7,2.35,0.0,0.0,FNDDS:2707289,FNDDS,World,0
"Egg white, omelet, scrambled, or fried, with cheese",,132.0,11.3,2.56,8.51,0.0,FNDDS:2707290,FNDDS,World,0
"Egg white, omelet, scrambled, or fried, with meat",,119.0,11.3,2.14,7.21,0.0,FNDDS:2707291,FNDDS,World,0
"Egg white, omelet, scrambled, or fried, with vegetables",,92.0,9.13,2.49,5.09,0.2,FNDDS:2707292,FNDDS,World,0
"Egg white, omelet, scrambled, or fried, with cheese and meat",,141.0,12.0,2.49,9.21,0.0,FNDDS:2707293,FNDDS,World,0
"Egg white, omelet, scrambled, or fried, with cheese and vegetables",,121.0,10.4,2.77,7.64,0.2,FNDDS:2707294,FNDDS,World,0
"Egg white, omelet, scrambled, or fried, with meat and vegetables",,104.0,10.0,2.43,6.05,0.2,FNDDS:2707295,FNDDS,World,0
"Egg white, omelet, scrambled, or fried, with cheese, meat, and vegetables",,135.0,11.5,2.6,8.72,0.1,FNDDS:2707296,FNDDS,World,0
Meringues,,324.0,7.17,75.3,0.04,0.0,FNDDS:2707297,FNDDS,World,0
"Egg substitute, omelet, scrambled, or fried, fat added",,96.0,9.34,1.88,5.72,0.0,FNDDS:2707298,FNDDS,World,0
"Egg substitute, omelet, scrambled, or fried, no added fat",,48.0,9.97,1.99,0.0,0.0,FNDDS:2707299,FNDDS,World,0
"Egg substitute, omelet, scrambled, or fried, with cheese",,128.0,10.7,2.26,8.51,0.0,FNDDS:2707300,FNDDS,World,0
"Egg substitute, omelet, scrambled, or fried, with meat",,115.0,10.8,1.84,7.21,0.0,FNDDS:2707301,FNDDS,World,0
"Egg substitute, omelet, scrambled, or fried, with vegetables",,89.0,8.56,2.2,5.09,0.2,FNDDS:2707302,FNDDS,World,0
"Egg substitute, omelet, scrambled, or fried, with cheese and meat",,138.0,11.5,2.21,9.21,0.0,FNDDS:2707303,FNDDS,World,0
"Egg substitute, omelet, scrambled, or fried, with cheese and vegetables",,118.0,9.85,2.51,7.64,0.2,FNDDS:2707304,FNDDS,World,0
"Egg substitute, omelet, scrambled, or fried, with meat and vegetables",,101.0,9.48,2.15,6.05,0.2,FNDDS:2707305,FNDDS,World,0
"Egg substitute, omelet, scrambled, or fried, with cheese, meat, and vegetables",,132.0,11.0,2.35,8.72,0.1,FNDDS:2707306,FNDDS,World,0
Egg sandwich on white bread,,228.0,10.5,26.1,9.05,1.2,FNDDS:2707307,FNDDS,American,0
"Egg sandwich on white bread, with cheese",,248.0,12.0,22.8,12.0,1.0,FNDDS:2707308,FNDDS,American,0
"Egg sandwich on white bread, with meat",,267.0,12.1,19.4,15.6,0.9,FNDDS:2707309,FNDDS,American,0
"Egg sandwich on white bread, with meat and cheese",,278.0,13.1,17.7,17.2,0.8,FNDDS:2707310,FNDDS,American,0
Egg sandwich on wheat bread,,226.0,11.5,24.1,9.25,2.8,FNDDS:2707311,FNDDS,American,0
"Egg sandwich on wheat bread, with cheese",,246.0,12.9,21.2,12.2,2.4,FNDDS:2707312,FNDDS,American,0
"Egg sandwich on wheat bread, with meat",,266.0,12.9,18.0,15.8,2.1,FNDDS:2707313,FNDDS,American,0
"Egg sandwich on wheat bread, with meat and cheese",,277.0,13.8,16.5,17.3,1.8,FNDDS:2707314,FNDDS,American,0
Egg sandwich on English muffin,,230.0,11.7,20.6,11.2,1.5,FNDDS:2707315,FNDDS,American,0
"Egg sandwich on English muffin, with sausage",,264.0,12.9,16.0,16.5,1.2,FNDDS:2707316,FNDDS,American,0
"Egg sandwich on English muffin, with bacon",,255.0,14.1,18.6,13.7,1.4,FNDDS:2707317,FNDDS,American,0
"Egg sandwich on English muffin, with ham",,222.0,12.2,19.3,10.7,1.4,FNDDS:2707318,FNDDS,American,0
Egg sandwich on croissant,,309.0,11.4,21.4,19.7,1.1,FNDDS:2707319,FNDDS,American,0
"Egg sandwich on croissant, with sausage",,325.0,12.7,16.6,23.0,0.9,FNDDS:2707320,FNDDS,American,0
"Egg sandwich on croissant, with bacon",,326.0,13.8,19.3,21.3,1.0,FNDDS:2707321,FNDDS,American,0
"Egg sandwich on croissant, with ham",,284.0,12.3,18.8,17.8,1.0,FNDDS:2707322,FNDDS,American,0
Egg sandwich on biscuit,,298.0,10.7,21.6,18.8,1.2,FNDDS:2707323,FNDDS,American,0
"Egg sandwich on biscuit, with sausage",,310.0,11.0,18.6,21.4,1.0,FNDDS:2707324,FNDDS,American,0
"Egg sandwich on biscuit, with sausage and cheese",,316.0,12.0,17.0,22.1,0.9,FNDDS:2707325,FNDDS,American,0
"Egg sandwich on biscuit, with bacon",,309.0,11.9,21.8,19.2,1.2,FNDDS:2707326,FNDDS,American,0
"Egg sandwich on biscuit, with bacon and cheese",,315.0,13.0,19.6,20.4,1.1,FNDDS:2707327,FNDDS,American,0
Egg sandwich on bagel,,251.0,12.0,31.8,8.43,0.9,FNDDS:2707328,FNDDS,American,0
"Egg sandwich on bagel, with sausage",,274.0,12.8,26.2,13.1,0.8,FNDDS:2707329,FNDDS,American,0
"Egg sandwich on bagel, with bacon",,268.0,13.7,29.4,10.5,0.9,FNDDS:2707330,FNDDS,American,0
"Egg sandwich on bagel, with ham",,238.0,12.6,28.9,8.04,0.9,FNDDS:2707331,FNDDS,American,0
Egg sandwich on griddle/pancake,,242.0,8.32,22.8,13.2,0.8,FNDDS:2707332,FNDDS,American,0
"Egg sandwich on griddle/pancake, with meat",,287.0,11.7,15.6,19.8,0.5,FNDDS:2707333,FNDDS,American,0
Egg white sandwich,,166.0,9.41,24.1,3.62,1.8,FNDDS:2707334,FNDDS,American,0
"Egg white sandwich, with cheese",,196.0,11.1,21.2,7.45,1.5,FNDDS:2707335,FNDDS,American,0
"Egg white sandwich, with meat",,195.0,12.8,17.0,8.43,1.2,FNDDS:2707336,FNDDS,American,0
Bacon biscuit sandwich,,382.0,13.7,29.3,23.2,1.6,FNDDS:2707337,FNDDS,American,0
Ham biscuit sandwich,,322.0,11.6,28.2,18.1,1.6,FNDDS:2707338,FNDDS,American,0
Sausage biscuit sandwich,,372.0,10.7,27.2,24.5,1.6,FNDDS:2707339,FNDDS,American,0
"Sausage biscuit sandwich, with cheese",,370.0,12.2,23.7,25.1,1.3,FNDDS:2707340,FNDDS,American,0
Sausage English muffin sandwich,,300.0,13.5,22.8,17.2,1.7,FNDDS:2707341,FNDDS,American,0
Sausage griddle/pancake sandwich,,278.0,10.5,17.0,18.7,0.6,FNDDS:2707342,FNDDS,American,0
Egg burrito,,249.0,10.9,20.1,13.7,1.4,FNDDS:2707343,FNDDS,Mexican,0
"Egg burrito, with sausage",,257.0,11.3,18.9,15.0,1.3,FNDDS:2707344,FNDDS,Mexican,0
"Egg burrito, with bacon",,260.0,12.1,19.1,14.8,1.3,FNDDS:2707345,FNDDS,Mexican,0
"Egg burrito, with ham",,242.0,11.3,19.1,13.2,1.3,FNDDS:2707346,FNDDS,Mexican,0
"Beans, NFS",,189.0,8.34,23.8,7.08,8.3,FNDDS:2707347,FNDDS,World,0
"Beans, from dried, NS as to type, fat added",,189.0,8.34,23.8,7.08,8.3,FNDDS:2707348,FNDDS,World,0
"Beans, from dried, NS as to type, no added fat",,139.0,8.92,25.4,0.62,8.9,FNDDS:2707349,FNDDS,World,0
"Beans, from canned, NS as to type, fat added",,185.0,7.66,24.1,6.83,8.0,FNDDS:2707350,FNDDS,World,0
"Beans, from canned, NS as to type, no added fat",,136.0,7.96,25.0,0.81,8.3,FNDDS:2707351,FNDDS,World,0
"Beans, from fast food / restaurant, NS as to type",,206.0,8.77,22.6,9.32,5.7,FNDDS:2707352,FNDDS,World,0
"White beans, NFS",,188.0,9.04,23.3,6.83,5.9,FNDDS:2707353,FNDDS,World,0
"White beans, from dried, fat added",,188.0,9.04,23.3,6.83,5.9,FNDDS:2707354,FNDDS,World,0
"White beans, from dried, no added fat",,138.0,9.67,24.9,0.35,6.3,FNDDS:2707355,FNDDS,World,0
"White beans, from canned, fat added",,211.0,10.4,29.8,6.06,6.9,FNDDS:2707356,FNDDS,World,0
"White beans, from canned, no added fat",,168.0,10.8,30.9,0.57,7.2,FNDDS:2707357,FNDDS,World,0
"White beans, from canned, reduced sodium",,211.0,10.4,29.8,6.06,6.9,FNDDS:2707358,FNDDS,World,0
"Black beans, NFS",,181.0,8.23,22.0,7.01,8.1,FNDDS:2707359,FNDDS,World,0
"Black beans, from dried, fat added",,181.0,8.23,22.0,7.01,8.1,FNDDS:2707360,FNDDS,World,0
"Black beans, from dried, no added fat",,131.0,8.81,23.6,0.54,8.6,FNDDS:2707361,FNDDS,World,0
"Black beans, from canned, fat added",,178.0,8.54,23.4,5.92,9.8,FNDDS:2707362,FNDDS,World,0
"Black beans, from canned, no added fat",,134.0,8.87,24.3,0.43,10.1,FNDDS:2707363,FNDDS,World,0
"Black beans, from canned, reduced sodium",,178.0,8.54,23.4,5.92,9.8,FNDDS:2707364,FNDDS,World,0
"Black beans, from fast food / restaurant",,200.0,7.98,21.4,9.49,7.8,FNDDS:2707365,FNDDS,World,0
Black beans with meat,,177.0,10.6,19.1,6.81,7.0,FNDDS:2707366,FNDDS,World,0
"Fava beans, cooked",,161.0,7.06,18.3,6.88,5.0,FNDDS:2707367,FNDDS,World,0
"Lima beans, NFS",,165.0,7.25,19.4,6.86,6.5,FNDDS:2707368,FNDDS,World,0
"Lima beans, from dried",,165.0,7.25,19.4,6.86,6.5,FNDDS:2707369,FNDDS,World,0
"Pink beans, cooked",,197.0,8.42,25.9,6.96,4.9,FNDDS:2707370,FNDDS,World,0
"Pinto beans, NFS",,191.0,8.37,24.4,7.11,8.4,FNDDS:2707371,FNDDS,World,0
"Pinto beans, from dried, fat added",,191.0,8.37,24.4,7.11,8.4,FNDDS:2707372,FNDDS,World,0
"Pinto beans, from dried, no added fat",,142.0,8.96,26.1,0.65,8.9,FNDDS:2707373,FNDDS,World,0
"Pinto beans, from canned, fat added",,188.0,7.37,24.3,7.13,7.4,FNDDS:2707374,FNDDS,World,0
"Pinto beans, from canned, no added fat",,137.0,7.66,25.3,0.93,7.7,FNDDS:2707375,FNDDS,World,0
"Pinto beans, from canned, reduced sodium",,188.0,7.38,24.4,7.14,7.4,FNDDS:2707376,FNDDS,World,0
"Pinto beans, from fast food / restaurant",,210.0,8.12,23.6,9.6,8.1,FNDDS:2707377,FNDDS,World,0
Pinto beans with meat,,186.0,10.7,21.1,6.9,7.2,FNDDS:2707378,FNDDS,World,0
"Kidney beans, NFS",,177.0,8.06,21.2,6.97,6.9,FNDDS:2707379,FNDDS,World,0
"Kidney beans, from dried, fat added",,177.0,8.06,21.2,6.97,6.9,FNDDS:2707380,FNDDS,World,0
"Kidney beans, from dried, no added fat",,126.0,8.62,22.7,0.5,7.4,FNDDS:2707381,FNDDS,World,0
"Kidney beans, from canned, fat added",,186.0,8.37,23.8,6.82,7.7,FNDDS:2707382,FNDDS,World,0
"Kidney beans, from canned, no added fat",,135.0,8.7,24.7,0.6,8.0,FNDDS:2707383,FNDDS,World,0
"Kidney beans, from canned, reduced sodium",,186.0,8.37,23.8,6.82,8.5,FNDDS:2707384,FNDDS,World,0
"Kidney beans, from fast food / restaurant",,195.0,7.81,20.5,9.46,6.7,FNDDS:2707385,FNDDS,World,0
Kidney beans with meat,,173.0,10.5,18.3,6.78,5.9,FNDDS:2707386,FNDDS,World,0
"Peruvian beans, from dried",,192.0,8.51,23.5,7.51,9.7,FNDDS:2707387,FNDDS,World,0
"Soybeans, cooked",,218.0,16.9,7.77,14.8,5.6,FNDDS:2707388,FNDDS,World,0
"Mung beans, cooked",,156.0,6.52,17.8,6.86,7.1,FNDDS:2707389,FNDDS,World,0
Baked beans,,105.0,4.52,21.6,0.89,4.4,FNDDS:2707390,FNDDS,World,0
"Baked beans, vegetarian",,94.0,4.75,21.1,0.37,4.1,FNDDS:2707391,FNDDS,World,0
Baked beans from fast food / restaurant,,116.0,4.38,23.3,1.35,4.3,FNDDS:2707392,FNDDS,World,0
"Beans and tomatoes, no added fat",,101.0,6.37,18.8,0.51,6.4,FNDDS:2707393,FNDDS,World,0
"Beans and tomatoes, fat added",,142.0,6.05,17.8,5.58,6.1,FNDDS:2707394,FNDDS,World,0
Black bean salad,,94.0,3.08,12.6,3.85,3.4,FNDDS:2707395,FNDDS,World,0
Refried beans,,90.0,4.98,13.6,2.01,3.7,FNDDS:2707396,FNDDS,Mexican,0
"Refried beans, from fast food / restaurant",,177.0,6.7,16.3,9.48,7.8,FNDDS:2707397,FNDDS,Mexican,0
Refried beans with meat,,99.0,7.81,11.8,2.51,3.2,FNDDS:2707398,FNDDS,Mexican,0
"Refried beans, from canned, reduced sodium",,89.0,4.98,13.6,2.01,3.7,FNDDS:2707399,FNDDS,Mexican,0
"Bean dip, made with refried beans",,119.0,5.44,15.9,3.7,4.9,FNDDS:2707400,FNDDS,Mexican,0
Layer dip,,146.0,5.41,6.67,11.3,2.1,FNDDS:2707401,FNDDS,World,0
"Hummus, plain",,243.0,7.35,14.9,17.1,5.4,FNDDS:2707402,FNDDS,Middle Eastern,0
"Hummus, flavored",,241.0,7.22,14.6,17.1,5.3,FNDDS:2707403,FNDDS,Middle Eastern,0
Black bean sauce,,168.0,6.28,17.4,8.45,2.6,FNDDS:2707404,FNDDS,World,0
Beans and franks,,138.0,6.74,17.3,5.22,3.3,FNDDS:2707405,FNDDS,World,0
Pork and beans,,105.0,4.52,21.6,0.89,4.4,FNDDS:2707406,FNDDS,World,0
"Beans with meat, NS as to type",,184.0,10.7,20.6,6.88,7.1,FNDDS:2707407,FNDDS,World,0
Falafel,,514.0,8.28,29.0,41.2,4.8,FNDDS:2707408,FNDDS,Middle Eastern,0
Bean cake,,414.0,5.8,49.9,21.4,3.0,FNDDS:2707409,FNDDS,World,0
"Baked beans, reduced sodium",,104.0,4.77,20.4,0.4,5.5,FNDDS:2707410,FNDDS,World,0
"Chili, vegetarian",,119.0,6.28,18.9,2.42,6.0,FNDDS:2707411,FNDDS,World,0
"Blackeyed peas, NFS",,166.0,7.18,19.3,7.0,6.0,FNDDS:2707412,FNDDS,World,0
"Blackeyed peas, from dried",,166.0,7.18,19.3,7.0,6.0,FNDDS:2707413,FNDDS,World,0
"Chickpeas, NFS",,211.0,8.23,25.5,8.91,7.1,FNDDS:2707414,FNDDS,World,0
"Chickpeas, from dried, fat added",,211.0,8.23,25.5,8.91,7.1,FNDDS:2707415,FNDDS,World,0
"Chickpeas, from dried, no added fat",,163.0,8.81,27.3,2.58,7.6,FNDDS:2707416,FNDDS,World,0
"Chickpeas, from canned, fat added",,197.0,7.88,21.6,9.35,7.0,FNDDS:2707417,FNDDS,World,0
"Chickpeas, from canned, no added fat",,146.0,8.19,22.4,3.24,7.3,FNDDS:2707418,FNDDS,World,0
"Chickpeas, from canned, reduced sodium",,197.0,7.89,21.6,9.37,7.1,FNDDS:2707419,FNDDS,World,0
"Split peas, from dried, no added fat",,117.0,8.29,21.0,0.39,8.2,FNDDS:2707420,FNDDS,World,0
"Split peas, from dried, fat added",,168.0,7.75,19.6,6.87,7.7,FNDDS:2707421,FNDDS,World,0
Wasabi peas,,432.0,14.1,62.2,14.1,3.8,FNDDS:2707422,FNDDS,World,0
"Lentils, NFS",,166.0,8.38,18.7,6.86,7.3,FNDDS:2707423,FNDDS,World,0
"Lentils, from dried, fat added",,166.0,8.38,18.7,6.86,7.3,FNDDS:2707424,FNDDS,World,0
"Lentils, from dried, no added fat",,115.0,8.97,20.0,0.38,7.9,FNDDS:2707425,FNDDS,World,0
"Lentils, from canned",,166.0,8.36,18.7,6.84,7.3,FNDDS:2707426,FNDDS,World,0
Dal,,145.0,8.6,19.2,4.31,7.5,FNDDS:2707427,FNDDS,Indian,0
Bean chips,,448.0,14.6,53.1,21.6,9.7,FNDDS:2707428,FNDDS,World,0
"Papad, grilled or broiled",,371.0,25.6,59.9,3.25,18.6,FNDDS:2707429,FNDDS,World,0
"Sambar, vegetable stew",,86.0,4.33,11.8,2.71,4.0,FNDDS:2707430,FNDDS,World,0
Lentil curry,,111.0,3.68,12.3,5.65,3.4,FNDDS:2707431,FNDDS,Indian,0
Lentil curry with rice,,118.0,3.28,18.6,3.5,2.2,FNDDS:2707432,FNDDS,Indian,0
Soy nuts,,469.0,38.6,30.2,25.4,17.7,FNDDS:2707433,FNDDS,World,0
Soy chips,,385.0,26.5,53.2,7.35,3.5,FNDDS:2707434,FNDDS,World,0
Soybean curd,,61.0,7.17,1.18,3.69,0.2,FNDDS:2707435,FNDDS,World,0
"Edamame, cooked",,140.0,11.5,8.63,7.58,5.0,FNDDS:2707436,FNDDS,World,0
Soybean curd cheese,,151.0,12.5,6.9,8.1,0.0,FNDDS:2707437,FNDDS,World,0
Miso sauce,,429.0,3.43,14.0,41.0,1.2,FNDDS:2707438,FNDDS,Japanese,0
Miso,,198.0,12.8,25.4,6.01,5.4,FNDDS:2707439,FNDDS,Japanese,0
Natto,,211.0,19.4,12.7,11.0,5.4,FNDDS:2707440,FNDDS,World,0
Hoisin sauce,,220.0,3.31,44.1,3.39,2.8,FNDDS:2707441,FNDDS,World,0
Soy sauce,,53.0,8.14,4.93,0.57,0.8,FNDDS:2707442,FNDDS,World,0
"Soy sauce, reduced sodium",,57.0,9.05,5.59,0.3,0.7,FNDDS:2707443,FNDDS,World,0
"Yogurt, soy",,90.0,4.83,12.3,2.63,0.9,FNDDS:2707444,FNDDS,World,0
Teriyaki sauce,,89.0,5.93,15.6,0.02,0.1,FNDDS:2707445,FNDDS,Japanese,0
"Teriyaki sauce, reduced sodium",,89.0,5.93,15.6,0.02,0.1,FNDDS:2707446,FNDDS,Japanese,0
Worcestershire sauce,,77.0,0.0,19.2,0.0,0.0,FNDDS:2707447,FNDDS,World,0
"Soybean curd, deep fried",,270.0,18.8,8.86,20.2,3.9,FNDDS:2707448,FNDDS,World,0
"Soybean curd, breaded, fried",,150.0,8.39,8.71,9.62,0.7,FNDDS:2707449,FNDDS,World,0
"Vermicelli, made from soybeans",,126.0,0.04,31.4,0.04,1.5,FNDDS:2707450,FNDDS,World,0
"Textured vegetable protein, dry",,366.0,51.1,32.9,3.33,17.5,FNDDS:2707451,FNDDS,World,0
"Frozen dessert, non-dairy",,159.0,0.87,18.2,9.27,0.1,FNDDS:2707452,FNDDS,World,0
"Soup, bean",,67.0,3.76,11.6,0.76,4.0,FNDDS:2707453,FNDDS,World,0
"Soup, bean, canned",,47.0,2.44,8.1,0.68,2.7,FNDDS:2707454,FNDDS,World,0
"Soup, miso or tofu",,24.0,2.21,2.3,0.85,0.6,FNDDS:2707455,FNDDS,Japanese,0
"Soup, bean, canned, reduced sodium",,47.0,2.45,8.12,0.68,2.7,FNDDS:2707456,FNDDS,World,0
"Soup, bean, with meat",,84.0,5.88,10.0,2.35,3.5,FNDDS:2707457,FNDDS,World,0
"Soup, split pea, with meat",,80.0,5.57,9.1,2.42,3.3,FNDDS:2707458,FNDDS,World,0
"Soup, split pea",,61.0,3.55,10.6,0.7,3.8,FNDDS:2707459,FNDDS,World,0
"Soup, lentil, canned",,43.0,2.48,7.22,0.64,2.5,FNDDS:2707460,FNDDS,World,0
"Soup, lentil, canned, reduced sodium",,43.0,2.49,7.23,0.64,2.5,FNDDS:2707461,FNDDS,World,0
"Soup, lentil",,60.0,3.82,10.2,0.69,3.7,FNDDS:2707462,FNDDS,World,0
"Soup, lentil, with meat",,78.0,5.94,8.76,2.3,3.2,FNDDS:2707463,FNDDS,World,0
"Soup, mulligatawany",,48.0,1.68,7.0,1.67,1.8,FNDDS:2707464,FNDDS,World,0
"Bacon strip, meatless",,309.0,11.7,5.31,29.5,2.6,FNDDS:2707465,FNDDS,World,0
Bacon bits,,476.0,32.0,28.6,25.9,10.2,FNDDS:2707466,FNDDS,World,0
"Breakfast link, pattie, or slice, meatless",,255.0,20.3,8.09,18.2,2.8,FNDDS:2707467,FNDDS,World,0
"Chicken, meatless, NFS",,224.0,23.6,3.64,12.7,3.6,FNDDS:2707468,FNDDS,World,0
"Chicken, meatless, breaded, fried",,234.0,21.3,8.51,12.8,4.3,FNDDS:2707469,FNDDS,World,0
"Hot dog, vegetarian",,233.0,19.6,7.7,13.7,3.9,FNDDS:2707470,FNDDS,American,0
"Luncheon slice, meatless-beef, chicken, salami or turkey",,189.0,17.8,4.44,11.1,1.1,FNDDS:2707471,FNDDS,World,0
"Meatball, meatless",,197.0,21.0,8.0,9.0,4.6,FNDDS:2707472,FNDDS,World,0
"Veggie burger patty, no bun",,177.0,15.7,14.3,6.3,4.9,FNDDS:2707473,FNDDS,American,0
"Swiss steak, with gravy, meatless",,180.0,12.7,14.1,8.09,4.0,FNDDS:2707474,FNDDS,World,0
"Pot pie, no meat",,242.0,5.44,28.0,12.2,3.5,FNDDS:2707475,FNDDS,World,0
"Tofu and vegetables including carrots, broccoli, and/or dark-green leafy; no potatoes, with soy-based sauce",,92.0,4.11,4.68,6.71,1.2,FNDDS:2707476,FNDDS,World,0
"Tofu and vegetables excluding carrots, broccoli, and dark-green leafy; no potatoes, with soy-based sauce",,93.0,4.21,4.4,6.94,0.9,FNDDS:2707477,FNDDS,World,0
"Vegetarian, fillet",,290.0,23.0,9.0,18.0,6.1,FNDDS:2707478,FNDDS,World,0
Vegetarian stew,,33.0,0.67,3.12,2.15,1.1,FNDDS:2707479,FNDDS,World,0
Vegetarian stroganoff,,167.0,7.69,11.8,10.0,2.6,FNDDS:2707480,FNDDS,World,0
"Veggie burger, on bun",,224.0,13.0,30.8,5.2,3.5,FNDDS:2707481,FNDDS,American,0
"Veggie burger, on bun, with cheese",,243.0,14.0,27.2,8.43,3.0,FNDDS:2707482,FNDDS,American,0
Falafel sandwich,,265.0,6.22,27.0,14.8,2.5,FNDDS:2707483,FNDDS,Middle Eastern,0
"Nuts, NFS",,610.0,19.6,20.9,53.8,7.4,FNDDS:2707484,FNDDS,World,0
"Almonds, NFS",,598.0,21.0,21.0,52.5,10.9,FNDDS:2707485,FNDDS,World,0
"Almonds, unroasted",,626.0,21.4,20.0,51.1,10.8,FNDDS:2707486,FNDDS,World,0
"Almonds, salted",,601.0,20.1,20.2,53.4,10.5,FNDDS:2707487,FNDDS,World,0
"Almonds, lightly salted",,604.0,20.2,20.3,53.7,10.5,FNDDS:2707488,FNDDS,World,0
"Almonds, unsalted",,607.0,20.3,20.4,54.0,10.6,FNDDS:2707489,FNDDS,World,0
"Almonds, flavored",,599.0,20.1,20.1,53.3,10.4,FNDDS:2707490,FNDDS,World,0
"Almonds, honey roasted",,579.0,14.1,35.8,45.3,7.3,FNDDS:2707491,FNDDS,World,0
Brazil nuts,,659.0,14.3,11.7,67.1,7.5,FNDDS:2707492,FNDDS,World,0
"Cashews, NFS",,574.0,15.3,32.7,46.4,3.0,FNDDS:2707493,FNDDS,World,0
"Cashews, unroasted",,574.0,15.3,32.7,46.4,3.0,FNDDS:2707494,FNDDS,World,0
"Cashews, salted",,578.0,14.7,31.4,47.5,2.9,FNDDS:2707495,FNDDS,World,0
"Cashews, lightly salted",,581.0,14.8,31.6,47.7,2.9,FNDDS:2707496,FNDDS,World,0
"Cashews, unsalted",,584.0,14.8,31.7,48.0,2.9,FNDDS:2707497,FNDDS,World,0
"Cashews, honey roasted",,563.0,10.3,43.7,41.2,2.0,FNDDS:2707498,FNDDS,World,0
Chestnuts,,245.0,3.17,53.0,2.2,5.1,FNDDS:2707499,FNDDS,World,0
"Coconut, fresh",,354.0,3.33,15.2,33.5,9.0,FNDDS:2707500,FNDDS,World,0
"Coconut, packaged",,456.0,3.13,51.8,28.0,9.9,FNDDS:2707501,FNDDS,World,0
Hazelnuts,,628.0,15.0,16.7,60.8,9.7,FNDDS:2707502,FNDDS,World,0
Macadamia nuts,,716.0,7.79,12.8,76.1,8.0,FNDDS:2707503,FNDDS,World,0
"Mixed nuts, NFS",,610.0,19.6,20.9,53.8,7.4,FNDDS:2707504,FNDDS,World,0
"Mixed nuts, unroasted",,616.0,17.0,22.9,54.6,7.2,FNDDS:2707505,FNDDS,World,0
"Mixed nuts, with peanuts, salted",,610.0,19.6,20.9,53.8,7.4,FNDDS:2707506,FNDDS,World,0
"Mixed nuts, with peanuts, lightly salted",,612.0,19.7,21.0,54.0,7.4,FNDDS:2707507,FNDDS,World,0
"Mixed nuts, with peanuts, unsalted",,615.0,19.8,21.1,54.2,7.5,FNDDS:2707508,FNDDS,World,0
"Mixed nuts, without peanuts, salted",,620.0,16.3,22.0,55.5,6.9,FNDDS:2707509,FNDDS,World,0
"Mixed nuts, without peanuts, unsalted",,625.0,16.4,22.2,56.0,7.0,FNDDS:2707510,FNDDS,World,0
"Mixed nuts, honey roasted",,586.0,15.4,33.1,46.7,5.8,FNDDS:2707511,FNDDS,World,0
"Peanuts, NFS",,587.0,24.4,21.3,49.7,8.4,FNDDS:2707512,FNDDS,World,0
"Peanuts, boiled",,318.0,13.5,21.3,22.0,8.8,FNDDS:2707513,FNDDS,World,0
"Peanuts, unroasted",,567.0,25.8,16.1,49.2,8.5,FNDDS:2707514,FNDDS,World,0
"Peanuts, roasted, salted",,599.0,28.0,15.3,52.5,9.4,FNDDS:2707515,FNDDS,World,0
"Peanuts, roasted, unsalted",,599.0,28.0,15.3,52.5,9.4,FNDDS:2707516,FNDDS,World,0
"Peanuts, dry roasted, salted",,587.0,24.4,21.3,49.7,8.4,FNDDS:2707517,FNDDS,World,0
"Peanuts, dry roasted, lightly salted",,584.0,24.2,21.2,49.4,8.4,FNDDS:2707518,FNDDS,World,0
"Peanuts, dry roasted, unsalted",,587.0,24.4,21.3,49.7,8.4,FNDDS:2707519,FNDDS,World,0
"Peanuts, honey roasted",,574.0,20.7,30.0,45.2,7.1,FNDDS:2707520,FNDDS,World,0
"Pecans, NFS",,750.0,9.96,12.7,73.3,5.8,FNDDS:2707521,FNDDS,World,0
"Pecans, unroasted",,750.0,9.96,12.7,73.3,5.8,FNDDS:2707522,FNDDS,World,0
"Pecans, salted",,747.0,9.57,12.2,73.4,5.6,FNDDS:2707523,FNDDS,World,0
"Pecans, unsalted",,754.0,9.66,12.3,74.1,5.6,FNDDS:2707524,FNDDS,World,0
"Pecans, honey roasted",,681.0,6.71,30.2,59.3,3.9,FNDDS:2707525,FNDDS,World,0
Pine nuts,,673.0,13.7,13.1,68.4,3.7,FNDDS:2707526,FNDDS,World,0
"Pistachio nuts, NFS",,572.0,21.0,28.3,45.8,10.3,FNDDS:2707527,FNDDS,World,0
"Pistachio nuts, salted",,576.0,20.2,27.2,47.0,9.9,FNDDS:2707528,FNDDS,World,0
"Pistachio nuts, lightly salted",,579.0,20.3,27.3,47.2,9.9,FNDDS:2707529,FNDDS,World,0
"Pistachio nuts, unsalted",,582.0,20.4,27.4,47.4,10.0,FNDDS:2707530,FNDDS,World,0
"Walnuts, excluding honey roasted",,730.0,14.6,10.9,69.7,5.2,FNDDS:2707531,FNDDS,World,0
"Walnuts, honey roasted",,668.0,9.8,29.0,56.9,3.5,FNDDS:2707532,FNDDS,World,0
Almond butter,,641.0,20.7,21.1,52.7,9.6,FNDDS:2707533,FNDDS,World,0
"Almond butter, lower sodium",,645.0,20.8,21.2,53.0,9.7,FNDDS:2707534,FNDDS,World,0
Almond paste,,458.0,9.0,47.8,27.7,4.8,FNDDS:2707535,FNDDS,World,0
Cashew butter,,609.0,12.1,30.3,53.0,3.0,FNDDS:2707536,FNDDS,World,0
Peanut butter,,598.0,22.2,22.3,51.4,5.0,FNDDS:2707537,FNDDS,World,0
"Peanut butter, lower sodium",,598.0,22.2,22.3,51.4,5.0,FNDDS:2707538,FNDDS,World,0
"Peanut butter, lower sodium and lower sugar",,624.0,23.5,18.3,53.1,6.4,FNDDS:2707539,FNDDS,World,0
"Peanut butter, lower sugar",,650.0,24.8,14.2,54.9,7.8,FNDDS:2707540,FNDDS,World,0
"Peanut butter, reduced fat",,520.0,25.9,35.6,34.0,5.2,FNDDS:2707541,FNDDS,World,0
"Peanut butter, vitamin and mineral fortified",,591.0,25.7,18.8,50.8,5.6,FNDDS:2707542,FNDDS,World,0
Peanut butter and jelly,,432.0,11.2,46.1,25.7,3.0,FNDDS:2707543,FNDDS,World,0
Peanut butter and chocolate spread,,498.0,11.7,42.8,34.5,3.0,FNDDS:2707544,FNDDS,World,0
Soy nut butter,,613.0,23.0,23.0,50.0,10.6,FNDDS:2707545,FNDDS,World,0
Peanut sauce,,257.0,6.31,22.0,16.0,1.8,FNDDS:2707546,FNDDS,World,0
"Soup, peanut",,88.0,3.24,8.36,5.29,1.7,FNDDS:2707547,FNDDS,World,0
"Gravy, vegetarian",,144.0,3.84,9.21,10.2,0.2,FNDDS:2707548,FNDDS,World,0
"Peanut butter sandwich, NFS",,382.0,13.9,39.8,20.2,3.2,FNDDS:2707549,FNDDS,American,0
"Peanut butter sandwich, with regular peanut butter, on white bread",,382.0,13.9,39.8,20.2,3.2,FNDDS:2707550,FNDDS,American,0
"Peanut butter sandwich, with regular peanut butter, on wheat bread",,380.0,15.2,37.4,20.5,5.3,FNDDS:2707551,FNDDS,American,0
"Peanut butter sandwich, with reduced fat peanut butter, on white bread",,355.0,15.2,44.5,14.2,3.3,FNDDS:2707552,FNDDS,American,0
"Peanut butter sandwich, with reduced fat peanut butter, on wheat bread",,353.0,16.4,42.0,14.4,5.3,FNDDS:2707553,FNDDS,American,0
"Peanut butter and jelly sandwich, NFS",,361.0,11.4,45.2,16.6,2.8,FNDDS:2707554,FNDDS,American,0
"Peanut butter and jelly sandwich, with regular peanut butter, regular jelly, on white bread",,361.0,11.4,45.2,16.6,2.8,FNDDS:2707555,FNDDS,American,0
"Peanut butter and jelly sandwich, with regular peanut butter, regular jelly, on wheat bread",,360.0,12.5,43.2,16.8,4.5,FNDDS:2707556,FNDDS,American,0
"Peanut butter and jelly sandwich, with reduced fat peanut butter, on white bread",,339.0,12.5,49.0,11.6,2.9,FNDDS:2707557,FNDDS,American,0
"Peanut butter and jelly sandwich, with reduced fat peanut butter, on wheat bread",,337.0,13.5,47.0,11.8,4.6,FNDDS:2707558,FNDDS,American,0
"Peanut butter and jelly sandwich, with regular peanut butter, reduced sugar jelly, on white bread",,341.0,11.4,39.4,16.6,2.9,FNDDS:2707559,FNDDS,American,0
"Peanut butter and jelly sandwich, with regular peanut butter, reduced sugar jelly, on wheat bread",,339.0,12.4,37.4,16.8,4.6,FNDDS:2707560,FNDDS,American,0
"Peanut butter and jelly sandwich, frozen commercial product without crusts",,361.0,11.4,45.2,16.6,2.8,FNDDS:2707561,FNDDS,American,0
"Almond butter sandwich, on white bread",,397.0,13.3,39.4,20.7,4.9,FNDDS:2707562,FNDDS,American,0
"Almond butter sandwich, on wheat bread",,395.0,14.6,37.0,20.9,6.9,FNDDS:2707563,FNDDS,American,0
"Almond butter and jelly sandwich, on white bread",,374.0,11.0,44.9,17.0,4.2,FNDDS:2707564,FNDDS,American,0
"Almond butter and jelly sandwich, on wheat bread",,372.0,12.0,42.9,17.2,5.8,FNDDS:2707565,FNDDS,American,0
Nutella sandwich on white bread,,362.0,8.03,53.8,12.7,3.4,FNDDS:2707566,FNDDS,American,0
Nutella sandwich on wheat bread,,359.0,9.32,51.3,12.9,5.4,FNDDS:2707567,FNDDS,American,0
"Coconut milk, used in cooking",,230.0,2.29,5.54,23.8,2.2,FNDDS:2707568,FNDDS,World,0
"Yogurt, coconut milk",,108.0,2.37,12.9,5.61,1.2,FNDDS:2707569,FNDDS,World,0
"Yogurt, almond milk",,128.0,3.03,13.0,7.03,1.5,FNDDS:2707570,FNDDS,World,0
"Coconut cream, canned, sweetened",,357.0,1.17,53.2,16.3,0.2,FNDDS:2707571,FNDDS,World,0
"Coconut water, unsweetened",,18.0,0.22,4.24,0.0,0.0,FNDDS:2707572,FNDDS,World,0
"Coconut water, sweetened",,37.0,0.21,9.07,0.02,0.0,FNDDS:2707573,FNDDS,World,0
"Trail mix, NFS",,454.0,10.9,51.1,26.8,6.4,FNDDS:2707574,FNDDS,World,0
Trail mix with nuts,,604.0,20.1,21.1,53.0,7.9,FNDDS:2707575,FNDDS,World,0
Trail mix with nuts and fruit,,454.0,10.9,51.1,26.8,6.4,FNDDS:2707576,FNDDS,World,0
Trail mix with chocolate,,503.0,11.6,48.3,32.3,5.9,FNDDS:2707577,FNDDS,World,0
"Trail mix with pretzels, cereal, or granola",,476.0,13.1,50.6,27.7,6.0,FNDDS:2707578,FNDDS,World,0
"Pumpkin seeds, NFS",,574.0,29.8,14.7,49.0,6.5,FNDDS:2707579,FNDDS,World,0
"Pumpkin seeds, salted",,567.0,29.5,14.5,48.5,6.4,FNDDS:2707580,FNDDS,World,0
"Pumpkin seeds, unsalted",,574.0,29.8,14.7,49.0,6.5,FNDDS:2707581,FNDDS,World,0
"Sunflower seeds, plain, unsalted",,582.0,19.3,24.1,49.8,11.1,FNDDS:2707582,FNDDS,World,0
"Sunflower seeds, plain, salted",,575.0,19.1,23.8,49.2,11.0,FNDDS:2707583,FNDDS,World,0
"Sunflower seeds, flavored",,567.0,18.4,25.9,47.6,10.6,FNDDS:2707584,FNDDS,World,0
"Sunflower seeds, NFS",,582.0,19.3,24.1,49.8,11.1,FNDDS:2707585,FNDDS,World,0
Sesame seeds,,631.0,20.4,11.7,61.2,11.6,FNDDS:2707586,FNDDS,World,0
Tahini,,697.0,19.7,14.2,62.4,8.4,FNDDS:2707587,FNDDS,World,0
Flax seeds,,545.0,18.0,34.4,37.3,23.1,FNDDS:2707588,FNDDS,World,0
Mixed seeds,,580.0,22.0,21.7,49.6,10.0,FNDDS:2707589,FNDDS,World,0
Chia seeds,,486.0,16.5,42.1,30.7,34.4,FNDDS:2707590,FNDDS,World,0
"Bread, NS as to major flour",,267.0,9.43,49.2,3.59,2.3,FNDDS:2707591,FNDDS,World,0
"Bread, NS as to major flour, toasted",,293.0,10.4,54.1,3.94,2.5,FNDDS:2707592,FNDDS,World,0
"Bread, made from home recipe or purchased at a bakery, NS as to major flour",,272.0,10.1,50.3,3.44,1.7,FNDDS:2707593,FNDDS,World,0
"Bread, made from home recipe or purchased at a bakery, toasted, NS as to major flour",,299.0,11.1,55.2,3.78,1.9,FNDDS:2707594,FNDDS,World,0
"Roll, NS as to major flour",,279.0,9.77,50.1,3.91,1.8,FNDDS:2707595,FNDDS,World,0
"Roll, hard, NS as to major flour",,293.0,9.9,52.7,4.3,2.3,FNDDS:2707596,FNDDS,World,0
"Roll, bran, NS as to type of bran",,263.0,9.6,44.6,6.0,3.8,FNDDS:2707597,FNDDS,World,0
"Bread, white",,267.0,9.43,49.2,3.59,2.3,FNDDS:2707598,FNDDS,World,0
"Bread, white, toasted",,293.0,10.4,54.1,3.94,2.5,FNDDS:2707599,FNDDS,World,0
"Bread, white, made from home recipe or purchased at a bakery",,272.0,10.1,50.3,3.44,1.7,FNDDS:2707600,FNDDS,World,0
"Bread, white, made from home recipe or purchased at a bakery, toasted",,299.0,11.1,55.2,3.78,1.9,FNDDS:2707601,FNDDS,World,0
"Bread, white with whole wheat swirl",,260.0,10.9,46.2,3.57,4.2,FNDDS:2707602,FNDDS,World,0
"Bread, white with whole wheat swirl, toasted",,301.0,12.4,53.4,4.12,4.7,FNDDS:2707603,FNDDS,World,0
"Bread, Cuban",,272.0,10.8,51.9,2.42,2.2,FNDDS:2707604,FNDDS,World,0
"Bread, Cuban, toasted",,299.0,11.8,57.0,2.66,2.4,FNDDS:2707605,FNDDS,World,0
"Bread, native, water, Puerto Rican style",,279.0,10.4,52.2,3.25,1.8,FNDDS:2707606,FNDDS,World,0
"Bread, native, water, toasted, Puerto Rican style",,306.0,11.4,57.3,3.58,2.0,FNDDS:2707607,FNDDS,World,0
"Bread, lard, Puerto Rican style",,282.0,7.33,56.1,3.26,2.0,FNDDS:2707608,FNDDS,World,0
"Bread, lard, toasted, Puerto Rican style",,314.0,8.14,62.3,3.62,2.2,FNDDS:2707609,FNDDS,World,0
"Bread, French or Vienna",,272.0,10.8,51.9,2.42,2.2,FNDDS:2707610,FNDDS,World,0
"Bread, French or Vienna, toasted",,299.0,11.8,57.0,2.66,2.4,FNDDS:2707611,FNDDS,World,0
"Focaccia, Italian, plain",,249.0,8.77,35.8,7.89,1.8,FNDDS:2707612,FNDDS,World,0
"Bread, naan",,311.0,11.1,50.2,7.28,5.2,FNDDS:2707613,FNDDS,Indian,0
"Bread, Italian, Grecian, Armenian",,259.0,9.49,48.1,2.73,2.1,FNDDS:2707614,FNDDS,World,0
"Bread, Italian, Grecian, Armenian, toasted",,285.0,10.4,52.9,3.0,2.3,FNDDS:2707615,FNDDS,World,0
"Bread, pita",,275.0,9.1,55.7,1.2,2.2,FNDDS:2707616,FNDDS,Middle Eastern,0
"Bread, pita with fruit",,279.0,8.16,59.5,1.05,2.6,FNDDS:2707617,FNDDS,Middle Eastern,0
"Bread, cheese",,408.0,10.4,44.8,20.8,2.1,FNDDS:2707618,FNDDS,World,0
"Bread, cheese, toasted",,448.0,11.4,49.3,22.9,2.3,FNDDS:2707619,FNDDS,World,0
"Bread, cinnamon",,253.0,7.05,44.4,5.29,3.5,FNDDS:2707620,FNDDS,World,0
"Bread, cinnamon, toasted",,293.0,10.4,54.1,3.94,2.5,FNDDS:2707621,FNDDS,World,0
"Bread, cornmeal and molasses",,285.0,7.91,55.2,3.82,1.6,FNDDS:2707622,FNDDS,World,0
"Bread, cornmeal and molasses, toasted",,313.0,8.69,60.7,4.2,1.8,FNDDS:2707623,FNDDS,World,0
"Bread, egg, Challah",,287.0,9.5,47.8,6.0,2.3,FNDDS:2707624,FNDDS,World,0
"Bread, egg, Challah, toasted",,315.0,10.4,52.5,6.59,2.5,FNDDS:2707625,FNDDS,World,0
"Garlic bread, NFS",,349.0,8.34,41.6,16.6,2.5,FNDDS:2707626,FNDDS,World,0
"Garlic bread, from fast food / restaurant",,349.0,8.34,41.6,16.6,2.5,FNDDS:2707627,FNDDS,World,0
"Garlic bread, from frozen",,350.0,8.36,41.7,16.6,2.5,FNDDS:2707628,FNDDS,World,0
"Garlic bread, with parmesan cheese, from fast food / restaurant",,351.0,8.76,41.1,16.8,2.4,FNDDS:2707629,FNDDS,World,0
"Garlic bread, with parmesan cheese, from frozen",,351.0,8.78,41.1,16.8,2.5,FNDDS:2707630,FNDDS,World,0
"Garlic bread, with melted cheese, from fast food / restaurant",,339.0,11.4,34.2,17.3,2.0,FNDDS:2707631,FNDDS,World,0
"Garlic bread, with melted cheese, from frozen",,343.0,10.4,36.9,17.1,2.2,FNDDS:2707632,FNDDS,World,0
"Bread, onion",,238.0,8.81,44.3,2.95,1.7,FNDDS:2707633,FNDDS,World,0
"Bread, onion, toasted",,262.0,9.68,48.7,3.24,1.9,FNDDS:2707634,FNDDS,World,0
"Bread, reduced calorie and/or high fiber, white or NFS",,207.0,8.7,44.3,2.5,9.7,FNDDS:2707635,FNDDS,World,0
"Bread, reduced calorie and/or high fiber, white or NFS, toasted",,227.0,9.56,48.7,2.75,10.7,FNDDS:2707636,FNDDS,World,0
"Bread, reduced calorie and/or high fiber, white or NFS, with fruit and/or nuts",,222.0,7.83,50.0,2.14,8.9,FNDDS:2707637,FNDDS,World,0
"Bread, reduced calorie and/or high fiber, white or NFS, with fruit and/or nuts, toasted",,244.0,8.6,54.9,2.35,9.7,FNDDS:2707638,FNDDS,World,0
"Bread, white, special formula, added fiber",,238.0,10.7,43.9,2.15,9.2,FNDDS:2707639,FNDDS,World,0
"Bread, white, special formula, added fiber, toasted",,262.0,11.7,48.2,2.36,10.1,FNDDS:2707640,FNDDS,World,0
"Bread, high protein, toasted",,269.0,13.3,48.1,2.42,3.3,FNDDS:2707641,FNDDS,World,0
"Bread, potato",,266.0,12.5,47.1,3.13,6.3,FNDDS:2707642,FNDDS,World,0
"Bread, potato, toasted",,292.0,13.7,51.7,3.44,6.9,FNDDS:2707643,FNDDS,World,0
"Bread, raisin",,270.0,8.82,52.2,3.26,2.5,FNDDS:2707644,FNDDS,World,0
"Bread, raisin, toasted",,297.0,9.69,57.4,3.58,2.8,FNDDS:2707645,FNDDS,World,0
"Bread, sour dough",,272.0,10.8,51.9,2.42,2.2,FNDDS:2707646,FNDDS,World,0
"Bread, sour dough, toasted",,299.0,11.8,57.0,2.66,2.4,FNDDS:2707647,FNDDS,World,0
"Bread, sweet potato",,241.0,8.64,45.4,2.87,1.7,FNDDS:2707648,FNDDS,World,0
"Bread, sweet potato, toasted",,265.0,9.5,49.9,3.15,1.9,FNDDS:2707649,FNDDS,World,0
"Bread, vegetable",,259.0,9.67,48.0,3.26,1.8,FNDDS:2707650,FNDDS,World,0
"Bread, vegetable, toasted",,284.0,10.6,52.7,3.58,2.0,FNDDS:2707651,FNDDS,World,0
Bruschetta,,171.0,4.29,21.3,7.61,1.5,FNDDS:2707652,FNDDS,World,0
"Bread, dough, fried",,384.0,9.36,45.0,18.8,1.5,FNDDS:2707653,FNDDS,World,0
"Roll, white, soft",,279.0,9.77,50.1,3.91,1.8,FNDDS:2707654,FNDDS,World,0
"Roll, white, hard",,293.0,9.9,52.7,4.3,2.3,FNDDS:2707655,FNDDS,World,0
"Roll, white, hot dog bun",,267.0,9.43,49.2,3.59,2.3,FNDDS:2707656,FNDDS,American,0
"Roll, white, hamburger bun",,267.0,9.43,49.2,3.59,2.3,FNDDS:2707657,FNDDS,American,0
"Roll, diet",,272.0,10.8,51.9,2.42,2.2,FNDDS:2707658,FNDDS,World,0
"Roll, egg bread",,287.0,9.5,47.8,6.0,2.3,FNDDS:2707659,FNDDS,World,0
"Roll, cheese",,315.0,11.5,49.6,7.85,1.9,FNDDS:2707660,FNDDS,World,0
"Roll, French or Vienna",,272.0,10.8,51.9,2.42,2.2,FNDDS:2707661,FNDDS,World,0
"Roll, garlic",,309.0,10.8,51.9,6.44,2.0,FNDDS:2707662,FNDDS,World,0
"Roll, white, hoagie, submarine",,279.0,9.77,50.1,3.91,1.8,FNDDS:2707663,FNDDS,World,0
"Roll, Mexican, bolillo",,318.0,10.6,55.8,5.8,2.2,FNDDS:2707664,FNDDS,World,0
"Roll, sour dough",,272.0,10.8,51.9,2.42,2.2,FNDDS:2707665,FNDDS,World,0
"Roll, sweet, no frosting",,321.0,10.0,53.6,7.37,3.1,FNDDS:2707666,FNDDS,World,0
"Roll, sweet, cinnamon bun, no frosting",,372.0,6.2,50.9,16.4,2.4,FNDDS:2707667,FNDDS,World,0
"Roll, sweet, cinnamon bun, frosted",,452.0,4.45,48.6,26.6,1.2,FNDDS:2707668,FNDDS,World,0
"Pan dulce, NFS",,371.0,9.07,56.4,12.2,2.2,FNDDS:2707669,FNDDS,World,0
"Pan Dulce, with fruit, no frosting",,372.0,6.2,50.9,16.4,2.4,FNDDS:2707670,FNDDS,World,0
"Roll, sweet, with fruit, frosted",,379.0,5.23,53.6,16.4,2.0,FNDDS:2707671,FNDDS,World,0
"Roll, sweet, with fruit, frosted, diet",,452.0,4.45,48.6,26.6,1.2,FNDDS:2707672,FNDDS,World,0
"Roll, sweet, frosted",,404.0,5.54,50.8,20.1,2.3,FNDDS:2707673,FNDDS,World,0
"Pan Dulce, no topping",,367.0,9.42,56.4,11.6,2.3,FNDDS:2707674,FNDDS,World,0
"Pan Dulce, with sugar topping",,374.0,8.73,56.4,12.8,2.1,FNDDS:2707675,FNDDS,World,0
"Pan Dulce, with raisins and icing",,368.0,8.29,58.6,11.4,2.2,FNDDS:2707676,FNDDS,World,0
"Coffee cake, yeast type",,372.0,6.2,50.9,16.4,2.4,FNDDS:2707677,FNDDS,World,0
Croissant,,406.0,8.2,45.8,21.0,2.6,FNDDS:2707678,FNDDS,World,0
"Croissant, cheese",,414.0,9.2,47.0,20.9,2.6,FNDDS:2707679,FNDDS,World,0
"Croissant, chocolate",,421.0,7.4,49.4,22.8,3.3,FNDDS:2707680,FNDDS,World,0
"Croissant, fruit",,396.0,7.75,47.0,19.7,3.0,FNDDS:2707681,FNDDS,World,0
Brioche,,427.0,8.96,36.3,27.5,1.5,FNDDS:2707682,FNDDS,World,0
"Bread, Spanish coffee",,348.0,7.93,58.8,9.06,1.9,FNDDS:2707683,FNDDS,World,0
Bagel,,264.0,10.6,52.4,1.32,1.6,FNDDS:2707684,FNDDS,American,0
"Bagel, with raisins",,268.0,9.83,55.1,1.21,1.9,FNDDS:2707685,FNDDS,American,0
"Bagel, with fruit other than raisins",,243.0,9.55,48.4,1.25,1.7,FNDDS:2707686,FNDDS,American,0
Bread stuffing,,177.0,3.14,21.7,8.51,0.9,FNDDS:2707687,FNDDS,World,0
Bread stuffing made with egg,,192.0,3.31,17.8,11.9,0.8,FNDDS:2707688,FNDDS,World,0
"Breadsticks, NFS",,342.0,12.2,44.4,12.8,2.4,FNDDS:2707689,FNDDS,World,0
"Breadsticks, hard, NFS",,412.0,12.0,68.4,9.5,3.0,FNDDS:2707690,FNDDS,World,0
"Breadsticks, hard, reduced sodium",,434.0,12.0,72.2,10.9,2.5,FNDDS:2707691,FNDDS,World,0
"Breadsticks, soft, NFS",,342.0,12.2,44.4,12.8,2.4,FNDDS:2707692,FNDDS,World,0
"Breadsticks, soft, fast food / restaurant",,342.0,12.2,44.4,12.8,2.4,FNDDS:2707693,FNDDS,World,0
"Breadsticks, soft, frozen",,313.0,11.1,46.4,9.16,2.4,FNDDS:2707694,FNDDS,World,0
"Breadsticks, soft, with parmesan cheese, fast food / restaurant",,344.0,12.5,43.8,13.2,2.3,FNDDS:2707695,FNDDS,World,0
"Breadsticks, soft, stuffed or topped with melted cheese",,333.0,14.5,36.4,14.4,1.9,FNDDS:2707696,FNDDS,World,0
Croutons,,465.0,10.8,63.5,18.3,5.0,FNDDS:2707697,FNDDS,World,0
"Muffin, English",,227.0,8.87,44.2,1.69,3.5,FNDDS:2707698,FNDDS,American,0
"Muffin, English, with raisins",,234.0,8.31,47.7,1.55,3.6,FNDDS:2707699,FNDDS,American,0
"Muffin, English, cheese",,236.0,9.59,42.1,3.31,3.3,FNDDS:2707700,FNDDS,American,0
"Muffin, English, with fruit other than raisins",,244.0,9.31,47.6,1.79,3.9,FNDDS:2707701,FNDDS,American,0
Melba toast,,390.0,12.1,76.6,3.2,6.3,FNDDS:2707702,FNDDS,World,0
Anisette toast,,373.0,7.63,67.0,8.38,1.4,FNDDS:2707703,FNDDS,World,0
Pannetone,,325.0,9.76,53.8,8.39,2.3,FNDDS:2707704,FNDDS,World,0
Zwieback toast,,426.0,10.1,74.2,9.7,2.5,FNDDS:2707705,FNDDS,World,0
"Bread, whole grain white",,238.0,10.7,43.9,2.15,9.2,FNDDS:2707706,FNDDS,World,0
"Bread, whole grain white, toasted",,262.0,11.7,48.2,2.36,10.1,FNDDS:2707707,FNDDS,World,0
"Bagel, whole grain white",,250.0,10.2,48.9,1.53,4.1,FNDDS:2707708,FNDDS,American,0
"Bread, whole wheat",,254.0,12.3,43.1,3.55,6.0,FNDDS:2707709,FNDDS,World,0
"Bread, whole wheat, toasted",,279.0,13.5,47.4,3.9,6.6,FNDDS:2707710,FNDDS,World,0
"Bread, whole wheat, made from home recipe or purchased at bakery",,267.0,10.4,47.0,4.26,6.8,FNDDS:2707711,FNDDS,World,0
"Bread, whole wheat, made from home recipe or purchased at bakery, toasted",,293.0,11.4,51.6,4.68,7.4,FNDDS:2707712,FNDDS,World,0
"Bread, chappatti or roti",,299.0,7.85,46.1,9.2,9.7,FNDDS:2707713,FNDDS,Indian,0
"Bread, puri",,409.0,6.84,39.2,24.9,3.5,FNDDS:2707714,FNDDS,World,0
"Bread, paratha",,326.0,6.36,45.4,13.2,9.6,FNDDS:2707715,FNDDS,World,0
"Bread, whole wheat, with raisins",,290.0,8.63,56.4,4.14,6.5,FNDDS:2707716,FNDDS,World,0
"Bread, whole wheat, with raisins, toasted",,319.0,9.48,61.9,4.55,7.2,FNDDS:2707717,FNDDS,World,0
"Bread, sprouted wheat",,188.0,13.2,33.9,0.0,5.3,FNDDS:2707718,FNDDS,World,0
"Bread, sprouted wheat, toasted",,207.0,14.5,37.2,0.0,5.8,FNDDS:2707719,FNDDS,World,0
"Bread, wheat or cracked wheat",,274.0,10.7,47.5,4.53,4.0,FNDDS:2707720,FNDDS,World,0
"Bread, wheat or cracked wheat, toasted",,301.0,11.7,52.2,4.98,4.4,FNDDS:2707721,FNDDS,World,0
"Bread, wheat or cracked wheat, made from home recipe or purchased at bakery",,271.0,10.3,49.2,3.72,3.4,FNDDS:2707722,FNDDS,World,0
"Bread, wheat or cracked wheat, made from home recipe or purchased at bakery, toasted",,297.0,11.4,54.1,4.09,3.7,FNDDS:2707723,FNDDS,World,0
"Bread, wheat or cracked wheat, with raisins",,292.0,8.66,57.7,3.72,3.9,FNDDS:2707724,FNDDS,World,0
"Bread, wheat or cracked wheat, with raisins, toasted",,321.0,9.51,63.4,4.08,4.3,FNDDS:2707725,FNDDS,World,0
"Bread, wheat or cracked wheat, reduced calorie and/or high fiber",,207.0,8.91,44.9,2.55,10.7,FNDDS:2707726,FNDDS,World,0
"Bread, wheat or cracked wheat, reduced calorie and/or high fiber, toasted",,228.0,9.79,49.4,2.8,11.8,FNDDS:2707727,FNDDS,World,0
"Bread, French or Vienna, whole wheat",,239.0,8.33,49.1,1.04,4.2,FNDDS:2707728,FNDDS,World,0
"Bread, French or Vienna, whole wheat, toasted",,263.0,9.15,54.0,1.14,4.6,FNDDS:2707729,FNDDS,World,0
"Bread, pita, whole wheat",,262.0,9.8,55.9,1.71,6.1,FNDDS:2707730,FNDDS,Middle Eastern,0
"Bread, pita, wheat or cracked wheat",,262.0,9.8,55.9,1.71,6.1,FNDDS:2707731,FNDDS,Middle Eastern,0
"Bagel, wheat",,250.0,10.2,48.9,1.53,4.1,FNDDS:2707732,FNDDS,American,0
"Bagel, whole wheat",,250.0,10.2,48.9,1.53,4.1,FNDDS:2707733,FNDDS,American,0
"Bagel, wheat, with raisins",,255.0,9.51,51.9,1.4,4.1,FNDDS:2707734,FNDDS,American,0
"Bagel, whole wheat, with raisins",,255.0,9.51,51.9,1.4,4.1,FNDDS:2707735,FNDDS,American,0
"Bagel, wheat, with fruit and nuts",,263.0,9.52,50.8,2.77,4.4,FNDDS:2707736,FNDDS,American,0
"Bagel, wheat bran",,250.0,10.2,48.9,1.53,4.1,FNDDS:2707737,FNDDS,American,0
"Muffin, English, wheat bran",,223.0,8.7,44.8,2.0,4.6,FNDDS:2707738,FNDDS,American,0
"Muffin, English, wheat bran, with raisins",,231.0,8.16,48.2,1.82,4.6,FNDDS:2707739,FNDDS,American,0
"Muffin, English, wheat or cracked wheat",,223.0,8.7,44.8,2.0,4.6,FNDDS:2707740,FNDDS,American,0
"Muffin, English, whole wheat",,223.0,8.7,44.8,2.0,4.6,FNDDS:2707741,FNDDS,American,0
"Muffin, English, wheat or cracked wheat, with raisins",,230.0,8.21,47.9,1.84,4.6,FNDDS:2707742,FNDDS,American,0
"Muffin, English, whole wheat, with raisins",,230.0,8.21,47.9,1.84,4.6,FNDDS:2707743,FNDDS,American,0
"Muffin, English, whole grain white",,223.0,8.7,44.8,2.0,4.6,FNDDS:2707744,FNDDS,American,0
"Breadsticks, hard, whole wheat",,425.0,15.1,67.9,11.0,7.1,FNDDS:2707745,FNDDS,World,0
"Roll, wheat or cracked wheat",,273.0,8.6,46.0,6.3,3.8,FNDDS:2707746,FNDDS,World,0
"Roll, wheat or cracked wheat, hot dog bun",,269.0,11.7,47.3,3.61,4.2,FNDDS:2707747,FNDDS,American,0
"Roll, wheat or cracked wheat, hamburger bun",,269.0,11.7,47.3,3.61,4.2,FNDDS:2707748,FNDDS,American,0
"Roll, whole wheat",,273.0,8.6,46.0,6.3,3.8,FNDDS:2707749,FNDDS,World,0
"Roll, whole wheat, hot dog bun",,269.0,12.4,44.9,4.38,6.1,FNDDS:2707750,FNDDS,American,0
"Roll, whole wheat, hamburger bun",,269.0,12.4,44.9,4.38,6.1,FNDDS:2707751,FNDDS,American,0
"Roll, whole grain white",,255.0,9.3,46.5,3.49,2.3,FNDDS:2707752,FNDDS,World,0
"Roll, whole grain white, hot dog bun",,255.0,9.3,46.5,3.49,2.3,FNDDS:2707753,FNDDS,American,0
"Roll, whole grain white, hamburger bun",,255.0,9.3,46.5,3.49,2.3,FNDDS:2707754,FNDDS,American,0
"Bread, rye",,259.0,8.5,48.3,3.3,5.8,FNDDS:2707755,FNDDS,World,0
"Bread, rye, toasted",,285.0,9.34,53.1,3.63,6.4,FNDDS:2707756,FNDDS,World,0
"Bread, marble rye and pumpernickel",,259.0,8.5,48.3,3.3,5.8,FNDDS:2707757,FNDDS,World,0
"Bread, marble rye and pumpernickel, toasted",,285.0,9.34,53.1,3.63,6.4,FNDDS:2707758,FNDDS,World,0
"Muffin, English, rye",,259.0,8.5,48.3,3.3,5.8,FNDDS:2707759,FNDDS,American,0
"Bread, pumpernickel",,250.0,8.7,47.5,3.1,6.5,FNDDS:2707760,FNDDS,World,0
"Bread, pumpernickel, toasted",,275.0,9.56,52.2,3.41,7.1,FNDDS:2707761,FNDDS,World,0
"Bagel, pumpernickel",,250.0,10.2,48.9,1.53,4.1,FNDDS:2707762,FNDDS,American,0
"Muffin, English, pumpernickel",,250.0,8.7,47.5,3.1,6.5,FNDDS:2707763,FNDDS,American,0
"Bread, black",,250.0,8.7,47.5,3.1,6.5,FNDDS:2707764,FNDDS,World,0
"Bread, black, toasted",,275.0,9.56,52.2,3.41,7.1,FNDDS:2707765,FNDDS,World,0
"Roll, rye",,259.0,8.5,48.3,3.3,5.8,FNDDS:2707766,FNDDS,World,0
"Roll, pumpernickel",,250.0,8.7,47.5,3.1,6.5,FNDDS:2707767,FNDDS,World,0
"Bread, oatmeal",,269.0,8.4,48.5,4.4,4.0,FNDDS:2707768,FNDDS,World,0
"Bread, oatmeal, toasted",,296.0,9.23,53.3,4.84,4.4,FNDDS:2707769,FNDDS,World,0
"Bread, oat bran",,299.0,9.33,53.9,4.89,4.4,FNDDS:2707770,FNDDS,World,0
"Bread, oat bran, toasted",,296.0,9.23,53.3,4.84,4.4,FNDDS:2707771,FNDDS,World,0
"Bagel, oat bran",,250.0,10.2,48.9,1.53,4.1,FNDDS:2707772,FNDDS,American,0
"Roll, oatmeal",,269.0,8.4,48.5,4.4,4.0,FNDDS:2707773,FNDDS,World,0
"Muffin, English, oat bran",,269.0,8.4,48.5,4.4,4.0,FNDDS:2707774,FNDDS,American,0
"Muffin, English, oat bran, with raisins",,272.0,7.89,51.6,3.98,4.0,FNDDS:2707775,FNDDS,American,0
"Bread, multigrain, toasted",,291.0,14.7,47.6,4.65,8.1,FNDDS:2707776,FNDDS,World,0
"Bread, multigrain",,265.0,13.4,43.3,4.23,7.4,FNDDS:2707777,FNDDS,World,0
"Bread, multigrain, with raisins",,268.0,12.4,46.9,3.83,7.1,FNDDS:2707778,FNDDS,World,0
"Bread, multigrain, with raisins, toasted",,295.0,13.6,51.6,4.21,7.8,FNDDS:2707779,FNDDS,World,0
"Bread, multigrain, reduced calorie and/or high fiber",,207.0,8.91,44.9,2.55,10.7,FNDDS:2707780,FNDDS,World,0
"Bread, multigrain, reduced calorie and/or high fiber, toasted",,228.0,9.79,49.4,2.8,11.8,FNDDS:2707781,FNDDS,World,0
"Roll, multigrain",,263.0,9.6,44.6,6.0,3.8,FNDDS:2707782,FNDDS,World,0
"Roll, multigrain, hot dog bun",,263.0,9.6,44.6,6.0,3.8,FNDDS:2707783,FNDDS,American,0
"Roll, multigrain, hamburger bun",,263.0,9.6,44.6,6.0,3.8,FNDDS:2707784,FNDDS,American,0
"Bagel, multigrain",,250.0,10.2,48.9,1.53,4.1,FNDDS:2707785,FNDDS,American,0
"Bagel, multigrain, with raisins",,255.0,9.51,51.9,1.4,4.1,FNDDS:2707786,FNDDS,American,0
"Muffin, English, multigrain",,223.0,8.7,44.8,2.0,4.6,FNDDS:2707787,FNDDS,American,0
"Bread, barley",,274.0,10.7,47.5,4.53,4.0,FNDDS:2707788,FNDDS,World,0
"Bread, barley, toasted",,301.0,11.7,52.2,4.98,4.4,FNDDS:2707789,FNDDS,World,0
"Bread, soy",,267.0,16.4,42.0,3.84,4.4,FNDDS:2707790,FNDDS,World,0
"Bread, soy, toasted",,293.0,18.0,46.1,4.22,4.8,FNDDS:2707791,FNDDS,World,0
"Bread, sunflower meal",,306.0,11.2,48.0,8.23,2.7,FNDDS:2707792,FNDDS,World,0
"Bread, sunflower meal, toasted",,336.0,12.3,52.7,9.05,2.9,FNDDS:2707793,FNDDS,World,0
"Bread, rice",,248.0,4.31,45.8,5.24,4.3,FNDDS:2707794,FNDDS,World,0
"Bread, rice, toasted",,273.0,4.74,50.3,5.76,4.7,FNDDS:2707795,FNDDS,World,0
"Injera, Ethiopian bread",,93.0,2.55,19.4,0.68,2.8,FNDDS:2707796,FNDDS,World,0
"Bread, gluten free",,248.0,4.31,45.8,5.24,4.3,FNDDS:2707797,FNDDS,World,0
"Bread, gluten free, toasted",,273.0,4.74,50.3,5.76,4.7,FNDDS:2707798,FNDDS,World,0
"Breadsticks, hard, gluten free",,453.0,11.2,66.3,15.8,10.2,FNDDS:2707799,FNDDS,World,0
"Roll, gluten free",,239.0,3.34,50.5,2.65,5.1,FNDDS:2707800,FNDDS,World,0
"Biscuit, NFS",,370.0,7.08,42.8,18.9,2.5,FNDDS:2707801,FNDDS,World,0
"Biscuit, from refrigerated dough",,324.0,6.79,49.0,11.2,2.8,FNDDS:2707802,FNDDS,World,0
"Biscuit, from fast food / restaurant",,370.0,7.08,42.8,18.9,2.5,FNDDS:2707803,FNDDS,World,0
"Biscuit, home recipe",,350.0,7.03,44.9,16.0,1.4,FNDDS:2707804,FNDDS,World,0
"Biscuit, wheat",,362.0,7.5,43.9,18.2,4.5,FNDDS:2707805,FNDDS,World,0
"Biscuit, cheese",,374.0,8.7,38.8,20.4,2.2,FNDDS:2707806,FNDDS,World,0
Biscuit with fruit,,363.0,6.7,46.5,17.0,2.7,FNDDS:2707807,FNDDS,World,0
Scone,,382.0,6.67,48.1,18.4,1.2,FNDDS:2707808,FNDDS,World,0
"Scone, with fruit",,374.0,6.33,51.2,16.5,1.5,FNDDS:2707809,FNDDS,World,0
"Cornbread, prepared from mix",,330.0,6.59,54.5,9.58,2.3,FNDDS:2707810,FNDDS,World,0
"Cornbread, made from home recipe",,287.0,6.55,42.9,9.8,1.5,FNDDS:2707811,FNDDS,World,0
Cornbread stuffing,,179.0,2.9,21.9,8.8,2.9,FNDDS:2707812,FNDDS,World,0
"Cornbread muffin, stick, round",,305.0,5.9,51.0,8.4,3.4,FNDDS:2707813,FNDDS,American,0
"Cornbread muffin, stick, round, made from home recipe",,307.0,7.02,45.9,10.5,1.6,FNDDS:2707814,FNDDS,American,0
"Corn flour patty or tart, fried",,218.0,3.98,41.2,4.64,3.0,FNDDS:2707815,FNDDS,World,0
"Corn pone, baked",,214.0,3.5,39.7,4.31,1.9,FNDDS:2707816,FNDDS,World,0
"Corn pone, fried",,254.0,3.34,37.8,9.78,1.8,FNDDS:2707817,FNDDS,World,0
"Gordita/sope shell, plain, no filling",,260.0,3.85,37.2,11.2,2.9,FNDDS:2707818,FNDDS,World,0
Hush puppy,,296.0,6.16,40.2,13.2,2.9,FNDDS:2707819,FNDDS,World,0
Johnnycake,,277.0,7.98,43.8,7.46,1.8,FNDDS:2707820,FNDDS,World,0
Spoonbread,,166.0,6.68,18.6,7.06,0.7,FNDDS:2707821,FNDDS,World,0
"Tortilla, NFS",,262.0,6.95,47.0,5.42,4.9,FNDDS:2707822,FNDDS,World,0
"Tortilla, corn",,218.0,5.7,44.6,2.85,6.3,FNDDS:2707823,FNDDS,World,0
"Tortilla, flour",,306.0,8.2,49.4,7.99,3.5,FNDDS:2707824,FNDDS,World,0
"Tortilla, whole wheat",,310.0,9.76,45.9,9.76,9.8,FNDDS:2707825,FNDDS,World,0
"Taco shell, corn",,476.0,6.41,63.5,21.8,6.7,FNDDS:2707826,FNDDS,Mexican,0
"Taco shell, flour",,511.0,8.83,53.2,29.1,3.8,FNDDS:2707827,FNDDS,Mexican,0
Arepa Dominicana,,267.0,5.66,30.5,14.0,2.4,FNDDS:2707828,FNDDS,World,0
"Muffin, NFS",,375.0,4.49,53.0,16.1,1.1,FNDDS:2707829,FNDDS,American,0
"Muffin, fruit",,375.0,4.49,53.0,16.1,1.1,FNDDS:2707830,FNDDS,American,0
"Muffin, fruit, low fat",,255.0,4.23,50.0,4.22,4.2,FNDDS:2707831,FNDDS,American,0
"Muffin, chocolate chip",,402.0,5.77,55.4,19.0,1.8,FNDDS:2707832,FNDDS,American,0
"Muffin, chocolate",,395.0,6.54,50.9,18.8,1.9,FNDDS:2707833,FNDDS,American,0
"Muffin, whole wheat",,372.0,7.8,44.0,18.4,3.5,FNDDS:2707834,FNDDS,American,0
"Muffin, wheat",,372.0,6.92,45.7,18.0,1.8,FNDDS:2707835,FNDDS,American,0
"Muffin, whole grain",,372.0,6.92,45.7,18.0,1.8,FNDDS:2707836,FNDDS,American,0
"Muffin, wheat bran",,208.0,6.26,38.7,5.01,2.2,FNDDS:2707837,FNDDS,American,0
"Muffin, bran with fruit, lowfat",,179.0,5.42,40.0,1.5,2.7,FNDDS:2707838,FNDDS,American,0
"Muffin, oatmeal",,370.0,6.43,43.9,18.9,1.5,FNDDS:2707839,FNDDS,American,0
"Muffin, oat bran",,270.0,7.0,48.3,7.4,4.6,FNDDS:2707840,FNDDS,American,0
"Muffin, plain",,374.0,5.93,52.0,16.2,0.8,FNDDS:2707841,FNDDS,American,0
"Muffin, cheese",,367.0,9.72,30.5,23.0,1.0,FNDDS:2707842,FNDDS,American,0
"Muffin, pumpkin",,305.0,4.97,43.2,12.9,1.4,FNDDS:2707843,FNDDS,American,0
"Muffin, zucchini",,306.0,5.05,42.6,13.1,0.9,FNDDS:2707844,FNDDS,American,0
"Muffin, carrot",,314.0,5.01,44.4,13.2,1.4,FNDDS:2707845,FNDDS,American,0
Popover,,268.0,11.0,35.3,9.2,1.1,FNDDS:2707846,FNDDS,World,0
"Bread, Boston Brown",,274.0,10.7,47.5,4.53,4.0,FNDDS:2707847,FNDDS,World,0
"Bread, nut",,403.0,6.59,49.7,20.1,1.2,FNDDS:2707848,FNDDS,World,0
"Bread, pumpkin",,305.0,4.97,43.2,12.9,1.4,FNDDS:2707849,FNDDS,World,0
"Bread, fruit",,374.0,6.01,47.3,18.1,1.2,FNDDS:2707850,FNDDS,World,0
"Bread, zucchini",,306.0,5.05,42.6,13.1,0.9,FNDDS:2707851,FNDDS,World,0
"Bread, Irish soda",,301.0,6.48,51.1,8.96,2.3,FNDDS:2707852,FNDDS,World,0
"Cake or cupcake, NFS",,352.0,2.84,53.6,14.8,1.0,FNDDS:2707853,FNDDS,World,0
"Cake, angel food",,257.0,6.1,58.7,0.3,0.2,FNDDS:2707854,FNDDS,World,0
"Cake or cupcake, apple",,376.0,2.41,52.5,17.5,0.9,FNDDS:2707855,FNDDS,World,0
"Cake or cupcake, banana",,379.0,2.47,53.1,17.5,1.0,FNDDS:2707856,FNDDS,World,0
"Cake or cupcake, Black Forest",,228.0,3.49,31.3,10.7,1.7,FNDDS:2707857,FNDDS,World,0
"Cake, Boston cream pie",,252.0,2.4,42.9,8.5,1.4,FNDDS:2707858,FNDDS,World,0
"Cake or cupcake, carrot",,374.0,2.49,51.8,17.5,1.1,FNDDS:2707859,FNDDS,World,0
"Cake or cupcake, coconut",,368.0,2.5,54.5,15.7,1.3,FNDDS:2707860,FNDDS,World,0
"Cheesecake, plain",,399.0,5.29,34.8,26.5,0.5,FNDDS:2707861,FNDDS,World,0
"Cheesecake, fruit",,387.0,4.8,38.2,23.9,0.6,FNDDS:2707862,FNDDS,World,0
"Cheesecake, chocolate",,394.0,5.72,35.5,26.1,1.6,FNDDS:2707863,FNDDS,World,0
"Cake or cupcake, chocolate with white icing, bakery",,355.0,2.79,54.4,14.6,1.2,FNDDS:2707864,FNDDS,World,0
"Cake or cupcake, chocolate with white icing, from mix",,349.0,3.05,53.1,14.4,1.4,FNDDS:2707865,FNDDS,World,0
"Cake or cupcake, chocolate with chocolate icing, bakery",,345.0,3.29,52.2,15.2,1.6,FNDDS:2707866,FNDDS,World,0
"Cake or cupcake, chocolate with chocolate icing, from mix",,341.0,3.49,51.2,15.0,1.7,FNDDS:2707867,FNDDS,World,0
"Cake or cupcake, chocolate, no icing",,303.0,5.08,43.3,13.2,2.3,FNDDS:2707868,FNDDS,World,0
"Cake or cupcake, German chocolate",,360.0,3.7,49.9,17.6,2.4,FNDDS:2707869,FNDDS,World,0
"Cake or cupcake, gluten free",,410.0,4.87,37.9,29.4,2.4,FNDDS:2707870,FNDDS,World,0
"Cake, chocolate, flourless",,410.0,4.87,37.9,29.4,2.4,FNDDS:2707871,FNDDS,World,0
"Cake, cream",,286.0,3.84,30.0,17.0,0.4,FNDDS:2707872,FNDDS,World,0
"Snack cake, chocolate",,399.0,3.63,60.3,15.9,3.2,FNDDS:2707873,FNDDS,World,0
"Snack cake, white",,374.0,3.47,64.0,11.5,1.0,FNDDS:2707874,FNDDS,World,0
"Cake, fruit cake",,324.0,2.9,61.6,9.1,3.7,FNDDS:2707875,FNDDS,World,0
"Cake or cupcake, gingerbread",,276.0,3.64,45.3,9.16,1.0,FNDDS:2707876,FNDDS,World,0
Ice cream cake,,283.0,2.95,39.3,12.7,0.5,FNDDS:2707877,FNDDS,World,0
"Cake, jelly roll",,285.0,3.14,64.5,1.52,0.8,FNDDS:2707878,FNDDS,World,0
"Cake or cupcake, lemon",,339.0,2.42,51.9,13.5,0.4,FNDDS:2707879,FNDDS,World,0
"Cake or cupcake, marble",,347.0,3.07,52.6,15.1,1.2,FNDDS:2707880,FNDDS,World,0
"Cake or cupcake, peanut butter",,382.0,6.12,47.5,19.8,2.0,FNDDS:2707881,FNDDS,World,0
"Cake, pound",,353.0,5.0,53.6,14.0,0.6,FNDDS:2707882,FNDDS,World,0
"Cake or cupcake, pumpkin",,373.0,2.5,51.6,17.5,1.1,FNDDS:2707883,FNDDS,World,0
"Cake or cupcake, red velvet",,355.0,2.79,54.4,14.6,1.2,FNDDS:2707884,FNDDS,World,0
"Cake or cupcake, spice",,410.0,2.66,56.4,19.4,0.9,FNDDS:2707885,FNDDS,World,0
"Cake, sponge",,290.0,5.4,61.0,2.7,0.5,FNDDS:2707886,FNDDS,World,0
"Cake or cupcake, strawberry",,326.0,2.22,50.2,12.9,0.5,FNDDS:2707887,FNDDS,World,0
"Cake, torte",,241.0,3.28,33.9,10.4,0.9,FNDDS:2707888,FNDDS,World,0
"Cake, tres leche",,270.0,6.39,42.0,8.67,0.3,FNDDS:2707889,FNDDS,World,0
"Cake, pineapple, upside down",,273.0,2.38,39.1,12.2,0.7,FNDDS:2707890,FNDDS,World,0
"Cake or cupcake, white with white icing, bakery",,359.0,2.4,55.0,14.3,0.4,FNDDS:2707891,FNDDS,World,0
"Cake or cupcake, white with white icing, from mix",,353.0,2.62,53.8,14.2,0.4,FNDDS:2707892,FNDDS,World,0
"Cake or cupcake, white with chocolate icing, bakery",,349.0,2.9,52.8,15.0,0.8,FNDDS:2707893,FNDDS,World,0
"Cake or cupcake, white with chocolate icing, from mix",,345.0,3.06,51.9,14.7,0.7,FNDDS:2707894,FNDDS,World,0
"Cake or cupcake, white, no icing",,310.0,4.36,44.4,12.8,0.6,FNDDS:2707895,FNDDS,World,0
"Cake, strawberry shortcake",,214.0,3.31,40.1,4.73,0.9,FNDDS:2707896,FNDDS,World,0
"Cake or cupcake, zucchini",,371.0,2.52,51.1,17.5,0.9,FNDDS:2707897,FNDDS,World,0
"Cookie, batter or dough, raw",,435.0,4.97,54.5,22.4,0.9,FNDDS:2707898,FNDDS,American,0
"Cookie, NFS",,492.0,5.1,65.4,24.7,2.0,FNDDS:2707899,FNDDS,American,0
"Cookie, almond",,514.0,5.37,63.8,26.2,1.3,FNDDS:2707900,FNDDS,American,0
"Cookie, applesauce",,450.0,6.2,68.7,18.1,2.8,FNDDS:2707901,FNDDS,American,0
"Cookie, biscotti",,373.0,7.63,67.0,8.38,1.4,FNDDS:2707902,FNDDS,American,0
"Cookie, brownie, NS as to icing",,405.0,4.8,63.9,16.3,2.1,FNDDS:2707903,FNDDS,American,0
"Cookie, brownie, without icing",,405.0,4.8,63.9,16.3,2.1,FNDDS:2707904,FNDDS,American,0
"Cookie, brownie, with icing or filling",,401.0,2.94,63.6,17.0,1.5,FNDDS:2707905,FNDDS,American,0
"Cookie, brownie, reduced fat, NS as to icing",,345.0,2.77,61.6,9.68,11.1,FNDDS:2707906,FNDDS,American,0
"Cookie, butterscotch, brownie",,405.0,4.8,63.9,16.3,2.1,FNDDS:2707907,FNDDS,American,0
"Cookie, bar, with chocolate",,492.0,5.1,65.4,24.7,2.0,FNDDS:2707908,FNDDS,American,0
"Cookie, chocolate chip",,492.0,5.1,65.4,24.7,2.0,FNDDS:2707909,FNDDS,American,0
"Cookie, chocolate chip, made from home recipe or purchased at a bakery",,505.0,5.83,59.2,29.0,2.5,FNDDS:2707910,FNDDS,American,0
"Cookie, chocolate chip, reduced fat",,451.0,5.97,67.5,17.9,3.0,FNDDS:2707911,FNDDS,American,0
"Cookie, chocolate chip sandwich",,425.0,2.94,63.5,17.6,0.0,FNDDS:2707912,FNDDS,American,0
"Cookie, chocolate, made with rice cereal",,440.0,3.23,63.3,19.4,1.6,FNDDS:2707913,FNDDS,American,0
"Cookie, chocolate, made with oatmeal and coconut, no bake",,450.0,6.2,68.7,18.1,2.8,FNDDS:2707914,FNDDS,American,0
"Cookie, chocolate or fudge",,433.0,6.6,72.7,14.2,3.4,FNDDS:2707915,FNDDS,American,0
"Cookie, marshmallow, chocolate-covered",,421.0,4.0,67.7,16.9,2.0,FNDDS:2707916,FNDDS,American,0
"Cookie, marshmallow pie, chocolate covered",,421.0,4.0,67.7,16.9,2.0,FNDDS:2707917,FNDDS,American,0
"Cookie, chocolate, with icing or coating",,507.0,4.5,67.9,24.2,2.3,FNDDS:2707918,FNDDS,American,0
"Cookie, sugar wafer, chocolate-covered",,526.0,3.45,66.0,27.6,3.4,FNDDS:2707919,FNDDS,American,0
"Cookie, chocolate sandwich",,464.0,5.21,71.0,19.1,2.9,FNDDS:2707920,FNDDS,American,0
"Cookie, chocolate sandwich, reduced fat",,436.0,2.94,76.2,13.2,2.9,FNDDS:2707921,FNDDS,American,0
"Cookie, chocolate, sandwich, with extra filling",,497.0,4.33,68.2,24.5,2.7,FNDDS:2707922,FNDDS,American,0
"Cookie, chocolate and vanilla sandwich",,464.0,5.21,71.0,19.1,2.9,FNDDS:2707923,FNDDS,American,0
"Cookie, chocolate wafer",,433.0,6.6,72.7,14.2,3.4,FNDDS:2707924,FNDDS,American,0
"Cookie, graham cracker with chocolate and marshmallow",,465.0,6.36,69.0,18.6,2.8,FNDDS:2707925,FNDDS,American,0
"Cookie bar, with chocolate, nuts, and graham crackers",,492.0,5.1,65.4,24.7,2.0,FNDDS:2707926,FNDDS,American,0
"Cookie, coconut",,460.0,3.02,61.2,22.6,5.1,FNDDS:2707927,FNDDS,American,0
"Cookie, fruit-filled bar",,348.0,3.7,70.9,7.3,4.6,FNDDS:2707928,FNDDS,American,0
"Cookie, fig bar",,348.0,3.7,70.9,7.3,4.6,FNDDS:2707929,FNDDS,American,0
"Cookie, fortune",,378.0,4.2,84.0,2.7,1.6,FNDDS:2707930,FNDDS,American,0
"Cookie, cone shell, ice cream type, wafer or cake",,417.0,8.1,79.0,6.9,3.0,FNDDS:2707931,FNDDS,American,0
"Cookie, gingersnaps",,416.0,5.6,76.9,9.8,2.2,FNDDS:2707932,FNDDS,American,0
"Cookie, granola",,464.0,9.8,66.7,17.6,3.1,FNDDS:2707933,FNDDS,American,0
"Cookie, ladyfinger",,365.0,10.6,59.7,9.1,1.0,FNDDS:2707934,FNDDS,American,0
"Cookie, lemon bar",,437.0,5.13,62.6,18.9,0.8,FNDDS:2707935,FNDDS,American,0
"Cookie, macaroon",,460.0,3.02,61.2,22.6,5.1,FNDDS:2707936,FNDDS,American,0
"Cookie, marshmallow, with coconut",,421.0,4.0,67.7,16.9,2.0,FNDDS:2707937,FNDDS,American,0
"Cookie, marshmallow, with rice cereal, no bake",,417.0,3.4,80.5,9.0,0.0,FNDDS:2707938,FNDDS,American,0
"Cookie, marshmallow, with rice cereal and chocolate chips",,435.0,4.55,63.3,18.2,0.0,FNDDS:2707939,FNDDS,American,0
"Cookie, marshmallow and peanut butter, with oat cereal, no bake",,417.0,3.4,80.5,9.0,0.0,FNDDS:2707940,FNDDS,American,0
"Cookie, meringue",,350.0,5.66,81.3,0.26,0.0,FNDDS:2707941,FNDDS,American,0
"Cookie, molasses",,430.0,5.6,73.8,12.8,1.0,FNDDS:2707942,FNDDS,American,0
"Cookie, Lebkuchen",,430.0,5.6,73.8,12.8,1.0,FNDDS:2707943,FNDDS,American,0
"Cookie, multigrain, high fiber",,464.0,9.8,66.7,17.6,3.1,FNDDS:2707944,FNDDS,American,0
"Cookie, oatmeal",,450.0,6.2,68.7,18.1,2.8,FNDDS:2707945,FNDDS,American,0
"Cookie, oatmeal, with raisins",,450.0,6.2,68.7,18.1,2.8,FNDDS:2707946,FNDDS,American,0
"Cookie, oatmeal, reduced fat, NS as to raisins",,365.0,4.02,64.6,10.0,16.1,FNDDS:2707947,FNDDS,American,0
"Cookie, oatmeal sandwich, with creme filling",,398.0,2.61,55.6,18.3,2.6,FNDDS:2707948,FNDDS,American,0
"Cookie, oatmeal, with chocolate chips",,457.0,5.72,67.6,20.9,3.5,FNDDS:2707949,FNDDS,American,0
"Cookie, oatmeal sandwich, with peanut butter and jelly filling",,398.0,2.61,55.6,18.3,2.6,FNDDS:2707950,FNDDS,American,0
"Cookie, oatmeal, with chocolate and peanut butter, no bake",,450.0,6.2,68.7,18.1,2.8,FNDDS:2707951,FNDDS,American,0
"Cookie, peanut butter",,473.0,8.92,58.2,23.8,2.1,FNDDS:2707952,FNDDS,American,0
"Cookie, peanut butter, with chocolate",,475.0,7.8,59.5,25.3,3.0,FNDDS:2707953,FNDDS,American,0
"Cookie, peanut butter with rice cereal, no bake",,417.0,3.4,80.5,9.0,0.0,FNDDS:2707954,FNDDS,American,0
"Cookie, peanut butter sandwich",,478.0,8.8,65.6,21.1,1.9,FNDDS:2707955,FNDDS,American,0
"Cookie, with peanut butter filling, chocolate-coated",,562.0,8.1,52.9,35.3,3.5,FNDDS:2707956,FNDDS,American,0
"Cookie, Pfeffernusse",,514.0,5.37,63.8,26.2,1.3,FNDDS:2707957,FNDDS,American,0
"Cookie, Pizzelle",,417.0,8.1,79.0,6.9,3.0,FNDDS:2707958,FNDDS,American,0
"Cookie, pumpkin",,450.0,6.2,68.7,18.1,2.8,FNDDS:2707959,FNDDS,American,0
"Cookie, raisin",,401.0,4.1,68.0,13.6,1.2,FNDDS:2707960,FNDDS,American,0
"Cookie, raisin sandwich, cream-filled",,398.0,2.61,55.6,18.3,2.6,FNDDS:2707961,FNDDS,American,0
"Cookie, rum ball, no bake",,514.0,5.37,63.8,26.2,1.3,FNDDS:2707962,FNDDS,American,0
"Cookie, sandwich-type, not chocolate or vanilla",,483.0,4.5,72.1,20.0,1.5,FNDDS:2707963,FNDDS,American,0
"Cookie, shortbread",,514.0,5.37,63.8,26.2,1.3,FNDDS:2707964,FNDDS,American,0
"Cookie, shortbread, reduced fat",,451.0,5.37,76.0,14.0,1.3,FNDDS:2707965,FNDDS,American,0
"Cookie, shortbread, with icing or filling",,515.0,5.05,62.6,28.3,2.1,FNDDS:2707966,FNDDS,American,0
Pocky,,447.0,10.0,51.1,22.5,5.0,FNDDS:2707967,FNDDS,World,0
"Cookie, animal",,446.0,6.9,74.1,13.8,1.1,FNDDS:2707968,FNDDS,American,0
"Cookie, animal, with frosting or icing",,509.0,3.0,70.1,24.1,0.9,FNDDS:2707969,FNDDS,American,0
"Cookie, butter or sugar",,464.0,5.35,67.3,19.6,1.3,FNDDS:2707970,FNDDS,American,0
Marie biscuit,,406.0,7.05,70.5,10.6,3.5,FNDDS:2707971,FNDDS,World,0
"Cookie, butter or sugar, with fruit and/or nuts",,470.0,6.52,65.0,21.1,1.6,FNDDS:2707972,FNDDS,American,0
"Cookie, sugar wafer",,502.0,3.84,70.6,23.2,1.6,FNDDS:2707973,FNDDS,American,0
"Cookie, toffee bar",,492.0,5.1,65.4,24.7,2.0,FNDDS:2707974,FNDDS,American,0
"Cookie, vanilla sandwich",,483.0,4.5,72.1,20.0,1.5,FNDDS:2707975,FNDDS,American,0
"Cookie, vanilla sandwich, extra filling",,497.0,4.33,68.2,24.5,2.7,FNDDS:2707976,FNDDS,American,0
"Cookie, vanilla sandwich, reduced fat",,423.0,4.17,78.2,10.4,2.1,FNDDS:2707977,FNDDS,American,0
"Cookie, butter or sugar, with chocolate icing or filling",,503.0,4.1,68.8,23.5,1.9,FNDDS:2707978,FNDDS,American,0
"Cookie, butter or sugar, with icing or filling other than chocolate",,433.0,3.38,72.7,14.9,0.4,FNDDS:2707979,FNDDS,American,0
"Cookie, tea, Japanese",,378.0,4.2,84.0,2.7,1.6,FNDDS:2707980,FNDDS,American,0
"Cookie, vanilla wafer",,455.0,4.9,72.6,16.4,1.6,FNDDS:2707981,FNDDS,American,0
"Cookie, vanilla wafer, reduced fat",,441.0,5.0,73.6,15.2,1.9,FNDDS:2707982,FNDDS,American,0
"Cookie, vanilla with caramel, coconut, and chocolate coating",,489.0,3.5,64.1,25.8,4.4,FNDDS:2707983,FNDDS,American,0
"Cookie, rugelach",,348.0,3.7,70.9,7.3,4.6,FNDDS:2707984,FNDDS,American,0
"Cookie, chocolate chip, reduced sugar",,450.0,3.9,73.4,16.8,1.6,FNDDS:2707985,FNDDS,American,0
"Cookie, oatmeal, reduced sugar",,449.0,4.8,69.9,18.0,2.9,FNDDS:2707986,FNDDS,American,0
"Cookie, sandwich, reduced sugar",,461.0,4.5,68.0,22.1,4.1,FNDDS:2707987,FNDDS,American,0
"Cookie, sugar or plain, sugar free",,523.0,10.3,50.5,31.0,3.4,FNDDS:2707988,FNDDS,American,0
"Cookie, sugar wafer, sugar free",,531.0,3.57,66.3,28.6,14.3,FNDDS:2707989,FNDDS,American,0
"Cookie, peanut butter, sugar free",,523.0,10.3,50.5,31.0,3.4,FNDDS:2707990,FNDDS,American,0
"Cookie, gluten free",,474.0,2.19,76.0,17.9,2.5,FNDDS:2707991,FNDDS,American,0
"Cookies, Puerto Rican style",,506.0,6.32,67.9,23.2,1.6,FNDDS:2707992,FNDDS,American,0
"Pie, NFS",,296.0,2.7,37.6,15.3,1.8,FNDDS:2707993,FNDDS,World,0
"Tart, all types",,316.0,3.0,42.6,16.1,2.6,FNDDS:2707994,FNDDS,World,0
"Pie, apple",,296.0,2.7,37.6,15.3,1.8,FNDDS:2707995,FNDDS,World,0
"Pie, apple, fast food",,316.0,3.0,42.6,16.1,2.6,FNDDS:2707996,FNDDS,World,0
"Pie, berry",,306.0,3.16,39.5,15.4,3.6,FNDDS:2707997,FNDDS,World,0
"Pie, blueberry",,300.0,2.82,38.0,15.5,2.5,FNDDS:2707998,FNDDS,World,0
"Pie, cherry",,311.0,2.95,40.9,15.3,1.9,FNDDS:2707999,FNDDS,World,0
"Pie, lemon",,280.0,2.41,31.5,16.2,0.7,FNDDS:2708000,FNDDS,World,0
"Pie, key lime",,322.0,5.78,42.2,14.9,0.3,FNDDS:2708001,FNDDS,World,0
"Pie, peach",,296.0,2.83,37.1,15.3,1.9,FNDDS:2708002,FNDDS,World,0
"Pie, strawberry",,289.0,2.88,44.2,11.6,2.2,FNDDS:2708003,FNDDS,World,0
"Pie, banana cream",,284.0,2.42,32.4,16.2,0.7,FNDDS:2708004,FNDDS,World,0
"Pie, chocolate cream",,291.0,2.75,32.5,16.7,0.7,FNDDS:2708005,FNDDS,World,0
"Pie, coconut cream",,297.0,2.55,32.0,17.8,1.1,FNDDS:2708006,FNDDS,World,0
"Pie, custard",,210.0,5.5,20.8,11.6,1.6,FNDDS:2708007,FNDDS,World,0
Dessert pizza,,204.0,1.84,32.4,7.53,1.7,FNDDS:2708008,FNDDS,Italian,0
"Pie, peanut butter cream",,421.0,5.92,33.1,30.1,1.1,FNDDS:2708009,FNDDS,World,0
"Pie, pineapple cream",,274.0,2.36,31.2,15.6,0.7,FNDDS:2708010,FNDDS,World,0
"Pie, pumpkin",,249.0,4.76,36.3,9.78,1.7,FNDDS:2708011,FNDDS,World,0
"Pie, sweet potato",,269.0,4.96,41.1,9.75,1.3,FNDDS:2708012,FNDDS,World,0
"Pie, vanilla cream",,286.0,2.46,32.3,16.3,0.7,FNDDS:2708013,FNDDS,World,0
"Pie, lemon meringue",,294.0,4.53,43.7,11.3,1.1,FNDDS:2708014,FNDDS,World,0
"Pie, pecan",,449.0,6.02,49.5,25.2,1.9,FNDDS:2708015,FNDDS,World,0
"Pie, oatmeal",,396.0,6.14,56.9,16.0,2.2,FNDDS:2708016,FNDDS,World,0
Pie shell,,508.0,6.5,56.2,28.6,3.3,FNDDS:2708017,FNDDS,World,0
"Pie shell, graham cracker",,501.0,5.1,64.3,24.8,1.9,FNDDS:2708018,FNDDS,World,0
"Cobbler, apple",,217.0,2.05,33.6,8.66,1.6,FNDDS:2708019,FNDDS,World,0
"Cobbler, berry",,231.0,2.66,36.2,8.86,4.0,FNDDS:2708020,FNDDS,World,0
"Cobbler, cherry",,237.0,2.37,38.1,8.69,1.8,FNDDS:2708021,FNDDS,World,0
"Cobbler, peach",,217.0,2.22,33.0,8.66,1.7,FNDDS:2708022,FNDDS,World,0
"Crisp, apple",,215.0,2.81,30.2,9.59,2.7,FNDDS:2708023,FNDDS,World,0
"Fritter, plain",,378.0,6.56,27.5,26.9,0.9,FNDDS:2708024,FNDDS,World,0
"Fritter, fruit",,403.0,6.3,37.3,25.6,1.2,FNDDS:2708025,FNDDS,World,0
"Crisp, berry",,228.0,3.41,32.8,9.78,5.0,FNDDS:2708026,FNDDS,World,0
"Crisp, cherry",,234.0,3.13,34.7,9.61,2.8,FNDDS:2708027,FNDDS,World,0
"Crisp, peach",,214.0,2.98,29.6,9.59,2.7,FNDDS:2708028,FNDDS,World,0
"Cream puff, eclair, custard or cream filled, NS as to icing",,280.0,4.2,11.0,24.4,0.3,FNDDS:2708029,FNDDS,World,0
"Cream puff, eclair, custard or cream filled, not iced",,264.0,4.76,12.9,21.5,0.4,FNDDS:2708030,FNDDS,World,0
"Cream puff, eclair, custard or cream filled, iced",,334.0,4.41,37.4,18.5,0.9,FNDDS:2708031,FNDDS,World,0
"Cream puff, eclair, custard or cream filled, iced, reduced fat",,242.0,3.48,41.9,7.24,1.0,FNDDS:2708032,FNDDS,World,0
"Cream puff, no filling or icing",,360.0,9.0,22.8,25.9,0.8,FNDDS:2708033,FNDDS,World,0
"Sopaipilla, without syrup or honey",,367.0,5.79,41.5,20.2,1.4,FNDDS:2708034,FNDDS,World,0
Sopaipilla with syrup or honey,,361.0,4.38,51.7,16.2,1.1,FNDDS:2708035,FNDDS,World,0
"Crepe, chocolate filled",,170.0,4.87,22.9,6.52,0.2,FNDDS:2708036,FNDDS,World,0
"Crepe, fruit filled",,188.0,4.57,26.6,7.12,1.2,FNDDS:2708037,FNDDS,World,0
"Tamale, sweet",,259.0,2.22,35.6,12.6,2.3,FNDDS:2708038,FNDDS,Mexican,0
"Strudel, apple",,281.0,1.96,37.2,14.1,0.8,FNDDS:2708039,FNDDS,World,0
"Strudel, berry",,291.0,2.43,39.2,14.2,2.7,FNDDS:2708040,FNDDS,World,0
"Strudel, cherry",,296.0,2.22,40.7,14.1,1.0,FNDDS:2708041,FNDDS,World,0
"Strudel, cheese",,358.0,5.85,39.1,19.8,0.4,FNDDS:2708042,FNDDS,World,0
"Strudel, peach",,281.0,2.09,36.7,14.1,0.9,FNDDS:2708043,FNDDS,World,0
Baklava,,440.0,6.58,37.6,29.3,2.5,FNDDS:2708044,FNDDS,World,0
Basbousa,,282.0,4.81,43.8,9.94,0.8,FNDDS:2708045,FNDDS,World,0
"Turnover, fruit",,316.0,3.0,42.6,16.1,2.6,FNDDS:2708046,FNDDS,World,0
"Pastry, fruit-filled",,400.0,4.76,54.4,19.6,4.0,FNDDS:2708047,FNDDS,World,0
"Pastry, made with bean or lotus seed paste filling, baked",,340.0,6.99,68.1,4.45,2.7,FNDDS:2708048,FNDDS,World,0
"Pastry, made with bean paste and salted egg yolk filling, baked",,339.0,8.59,57.0,8.61,2.2,FNDDS:2708049,FNDDS,World,0
"Pastry, Chinese, made with rice flour",,242.0,2.78,45.0,6.0,0.5,FNDDS:2708050,FNDDS,World,0
"Pastry, cookie type, fried",,397.0,5.97,35.5,25.7,1.0,FNDDS:2708051,FNDDS,American,0
"Pastry, Italian, with cheese",,267.0,7.52,35.1,10.9,0.8,FNDDS:2708052,FNDDS,World,0
"Pastry, puff",,558.0,7.4,45.7,38.5,1.5,FNDDS:2708053,FNDDS,World,0
"Pastry, puff, custard or cream filled, iced or not iced",,410.0,5.68,30.1,29.7,0.8,FNDDS:2708054,FNDDS,World,0
Cheese pastry puffs,,265.0,9.3,13.4,19.5,0.4,FNDDS:2708055,FNDDS,World,0
"Pastry, mainly flour and water, fried",,434.0,7.75,59.2,18.1,3.7,FNDDS:2708056,FNDDS,World,0
"Empanada, fruit",,260.0,2.67,37.0,11.5,1.8,FNDDS:2708057,FNDDS,World,0
"Breakfast pastry, NFS",,371.0,5.4,47.8,18.5,1.9,FNDDS:2708058,FNDDS,World,0
"Danish pastry, plain or spice",,403.0,7.0,44.6,22.4,1.3,FNDDS:2708059,FNDDS,World,0
"Danish pastry, with fruit",,371.0,5.4,47.8,18.5,1.9,FNDDS:2708060,FNDDS,World,0
"Danish pastry, with cheese",,374.0,8.0,37.2,21.9,1.0,FNDDS:2708061,FNDDS,World,0
"Doughnut, NFS",,426.0,5.52,49.5,22.9,1.8,FNDDS:2708062,FNDDS,American,0
"Doughnut, cake type, plain",,434.0,5.31,47.1,24.9,1.7,FNDDS:2708063,FNDDS,American,0
"Doughnut, chocolate",,417.0,5.2,52.0,22.4,3.7,FNDDS:2708064,FNDDS,American,0
"Doughnut, cake type, powdered sugar",,431.0,4.9,51.1,23.0,1.6,FNDDS:2708065,FNDDS,American,0
"Doughnut, cake type, with icing",,431.0,4.25,51.2,23.2,1.4,FNDDS:2708066,FNDDS,American,0
"Doughnut, cake type, chocolate icing",,427.0,4.47,50.3,23.5,1.5,FNDDS:2708067,FNDDS,American,0
"Doughnut, chocolate, with chocolate icing",,413.0,5.42,51.0,22.7,3.9,FNDDS:2708068,FNDDS,American,0
Doughnut holes,,426.0,5.52,49.5,22.9,1.8,FNDDS:2708069,FNDDS,American,0
Churros,,419.0,6.05,48.9,22.2,2.6,FNDDS:2708070,FNDDS,Spanish,0
Beignet,,417.0,5.46,53.7,20.2,1.9,FNDDS:2708071,FNDDS,World,0
"Doughnut, yeast type",,421.0,6.14,47.9,22.7,2.1,FNDDS:2708072,FNDDS,American,0
"Doughnut, yeast type, with chocolate icing",,416.0,5.13,51.0,21.7,1.9,FNDDS:2708073,FNDDS,American,0
"Doughnut, jelly",,390.0,4.94,52.3,18.2,1.9,FNDDS:2708074,FNDDS,American,0
"Doughnut, custard-filled",,363.0,5.2,42.9,18.9,1.7,FNDDS:2708075,FNDDS,American,0
"Doughnut, custard-filled, with icing",,368.0,4.52,46.2,18.7,1.6,FNDDS:2708076,FNDDS,American,0
Breakfast tart,,385.0,4.01,71.8,9.02,1.8,FNDDS:2708077,FNDDS,World,0
"Breakfast tart, lowfat",,372.0,3.99,76.8,5.99,1.5,FNDDS:2708078,FNDDS,World,0
"Coffee cake, crumb or quick-bread type",,396.0,6.49,51.3,18.4,1.4,FNDDS:2708079,FNDDS,World,0
"Coffee cake, crumb or quick-bread type, with fruit",,322.0,4.2,50.2,11.8,1.2,FNDDS:2708080,FNDDS,World,0
"Coffee cake, crumb or quick-bread type, cheese-filled",,365.0,6.8,45.1,17.6,1.2,FNDDS:2708081,FNDDS,World,0
Cereal or granola bar (General Mills Fiber One Chewy Bar),,389.0,5.0,69.8,10.0,22.5,FNDDS:2708082,FNDDS,World,0
Cereal or granola bar (Kellogg's Nutri-Grain Cereal Bar),,365.0,4.22,67.6,8.67,3.0,FNDDS:2708083,FNDDS,World,0
Cereal or granola bar (Kellogg's Nutri-Grain Yogurt Bar),,365.0,4.22,67.6,8.67,3.0,FNDDS:2708084,FNDDS,World,0
Cereal or granola bar (Kellogg's Nutri-Grain Fruit and Nut Bar),,403.0,9.38,66.7,10.9,7.5,FNDDS:2708085,FNDDS,World,0
Milk 'n Cereal bar,,413.0,6.47,72.0,11.0,0.4,FNDDS:2708086,FNDDS,World,0
Cereal or granola bar (Kellogg's Special K bar),,409.0,9.09,72.7,9.09,1.8,FNDDS:2708087,FNDDS,World,0
Cereal or granola bar (Kashi Chewy),,390.0,16.7,63.4,7.69,7.7,FNDDS:2708088,FNDDS,World,0
Cereal or granola bar (Kashi Crunchy),,429.0,18.6,53.3,15.7,11.4,FNDDS:2708089,FNDDS,World,0
Cereal or granola bar (KIND Fruit and Nut Bar),,502.0,13.9,43.7,32.3,5.8,FNDDS:2708090,FNDDS,World,0
Cereal or granola bar (General Mills Nature Valley Chewy Trail Mix),,415.0,5.71,72.3,11.4,3.8,FNDDS:2708091,FNDDS,World,0
"Cereal or granola bar, with yogurt coating (General Mills Nature Valley Chewy Granola Bar)",,423.0,5.71,74.3,11.4,4.4,FNDDS:2708092,FNDDS,World,0
Cereal or granola bar (General Mills Nature Valley Sweet and Salty Granola Bar),,487.0,9.14,61.1,22.9,2.9,FNDDS:2708093,FNDDS,World,0
Cereal or granola bar (General Mills Nature Valley Crunchy Granola Bar),,471.0,10.1,64.4,19.8,5.3,FNDDS:2708094,FNDDS,World,0
Cereal or granola bar (Quaker Chewy Granola Bar),,418.0,5.65,70.2,16.6,3.8,FNDDS:2708095,FNDDS,World,0
Cereal or granola bar (Quaker Chewy 90 Calorie Granola Bar),,408.0,4.17,79.2,8.33,4.2,FNDDS:2708096,FNDDS,World,0
Cereal or granola bar (Quaker Chewy 25% Less Sugar Granola Bar),,412.0,5.55,69.4,12.5,3.1,FNDDS:2708097,FNDDS,World,0
Cereal or granola bar (Quaker Chewy Dipps Granola Bar),,480.0,7.52,65.0,20.4,3.2,FNDDS:2708098,FNDDS,World,0
Cereal or granola bar (Quaker Granola Bites),,451.0,7.17,66.3,17.5,5.7,FNDDS:2708099,FNDDS,World,0
"Snack bar, oatmeal",,389.0,6.67,75.5,6.67,4.6,FNDDS:2708100,FNDDS,World,0
"Cereal or Granola bar, NFS",,471.0,10.1,64.4,19.8,5.3,FNDDS:2708101,FNDDS,World,0
"Cereal or granola bar, lowfat, NFS",,408.0,4.17,79.2,8.33,4.2,FNDDS:2708102,FNDDS,World,0
"Cereal or granola bar, nonfat",,342.0,5.9,77.6,0.9,7.4,FNDDS:2708103,FNDDS,World,0
"Cereal or granola bar, reduced sugar, NFS",,412.0,5.55,69.4,12.5,3.1,FNDDS:2708104,FNDDS,World,0
"Cereal or granola bar, fruit and nut",,502.0,13.9,43.7,32.3,5.8,FNDDS:2708105,FNDDS,World,0
"Cereal or granola bar, peanuts , oats, sugar, wheat germ",,471.0,10.1,64.4,19.8,5.3,FNDDS:2708106,FNDDS,World,0
"Cereal or granola bar, chocolate coated, NFS",,480.0,7.52,65.0,20.4,3.2,FNDDS:2708107,FNDDS,World,0
"Cereal or granola bar, with coconut, chocolate coated",,531.0,5.2,55.2,32.2,6.2,FNDDS:2708108,FNDDS,World,0
"Cereal or granola bar with nuts, chocolate coated",,536.0,9.6,54.1,31.2,3.8,FNDDS:2708109,FNDDS,World,0
"Cereal or granola bar, oats, nuts, coated with non-chocolate coating",,455.0,8.6,60.1,20.0,4.3,FNDDS:2708110,FNDDS,World,0
"Cereal or granola bar, coated with non-chocolate coating",,508.0,10.2,53.4,31.1,2.8,FNDDS:2708111,FNDDS,World,0
"Cereal or granola bar, high fiber, coated with non-chocolate yogurt coating",,389.0,5.0,69.8,10.0,22.5,FNDDS:2708112,FNDDS,World,0
"Cereal or granola bar, with rice cereal",,417.0,3.4,80.5,9.0,0.0,FNDDS:2708113,FNDDS,World,0
"Breakfast bar, NFS",,376.0,4.4,72.8,7.5,2.1,FNDDS:2708114,FNDDS,World,0
"Breakfast bar, date, with yogurt coating",,348.0,3.7,70.9,7.3,4.6,FNDDS:2708115,FNDDS,World,0
"Breakfast bar, cereal crust with fruit filling, lowfat",,376.0,4.4,72.8,7.5,2.1,FNDDS:2708116,FNDDS,World,0
Nutrition bar (Balance Original Bar),,415.0,28.0,48.7,12.0,3.1,FNDDS:2708117,FNDDS,World,0
Nutrition bar (Clif Bar),,346.0,14.7,65.4,5.88,7.4,FNDDS:2708118,FNDDS,World,0
Nutrition bar (Clif Kids Organic Zbar),,416.0,5.55,74.7,9.72,8.3,FNDDS:2708119,FNDDS,World,0
Nutrition bar (PowerBar),,363.0,14.2,69.6,3.11,5.7,FNDDS:2708120,FNDDS,World,0
Nutrition bar (Slim Fast Original Meal Bar),,386.0,16.2,60.2,8.92,5.1,FNDDS:2708121,FNDDS,World,0
Nutrition bar (Snickers Marathon Protein Bar),,415.0,25.0,50.5,12.5,12.5,FNDDS:2708122,FNDDS,World,0
Nutrition bar (South Beach Living Meal Bar),,386.0,16.2,60.2,8.92,5.1,FNDDS:2708123,FNDDS,World,0
Nutrition bar (South Beach Living High Protein Bar),,412.0,30.3,38.4,15.2,7.3,FNDDS:2708124,FNDDS,World,0
Nutrition bar (Tiger's Milk),,387.0,16.8,56.5,14.3,2.3,FNDDS:2708125,FNDDS,World,0
Nutrition bar (Zone Perfect Classic Crunch),,426.0,30.0,45.0,14.0,2.0,FNDDS:2708126,FNDDS,World,0
"Nutrition bar or meal replacement bar, NFS",,386.0,22.4,55.2,9.94,4.7,FNDDS:2708127,FNDDS,World,0
"Baby Toddler snack, NFS",,359.0,7.34,83.4,3.29,3.4,FNDDS:2708128,FNDDS,World,0
Baby Toddler bar,,344.0,5.43,68.6,5.3,1.7,FNDDS:2708129,FNDDS,World,0
Baby Toddler cookie,,420.0,9.88,69.8,11.2,3.0,FNDDS:2708130,FNDDS,American,0
Baby Toddler biscuit,,395.0,11.4,80.5,2.97,1.5,FNDDS:2708131,FNDDS,World,0
"Crackers, NFS",,510.0,6.64,61.3,26.4,2.3,FNDDS:2708132,FNDDS,World,0
Graham crackers,,430.0,6.69,77.7,10.6,3.4,FNDDS:2708133,FNDDS,World,0
Graham crackers (Teddy Grahams),,430.0,6.69,77.7,10.6,3.4,FNDDS:2708134,FNDDS,World,0
"Graham crackers, chocolate covered",,500.0,4.0,66.8,25.8,2.2,FNDDS:2708135,FNDDS,World,0
"Crackers, oatmeal",,455.0,7.3,70.7,16.4,6.9,FNDDS:2708136,FNDDS,World,0
"Crackers, Cuban",,430.0,5.6,73.8,12.8,1.0,FNDDS:2708137,FNDDS,World,0
"Graham crackers, reduced fat",,386.0,5.71,78.0,5.71,5.7,FNDDS:2708138,FNDDS,World,0
"Graham crackers, sandwich, with filling",,483.0,4.5,72.1,20.0,1.5,FNDDS:2708139,FNDDS,American,0
"Crackers, breakfast biscuit",,427.0,7.12,71.0,15.1,7.3,FNDDS:2708140,FNDDS,World,0
"Crackers, butter, reduced sodium",,443.0,8.8,68.6,17.2,10.5,FNDDS:2708141,FNDDS,World,0
"Crackers, matzo, reduced sodium",,395.0,10.0,83.7,1.4,3.0,FNDDS:2708142,FNDDS,World,0
"Crackers, saltine, reduced sodium",,416.0,9.39,73.5,8.75,2.9,FNDDS:2708143,FNDDS,World,0
"Crackers, wheat, reduced sodium",,443.0,8.8,68.6,17.2,10.5,FNDDS:2708144,FNDDS,World,0
"Crackers, woven wheat, reduced sodium",,443.0,8.8,68.6,17.2,10.5,FNDDS:2708145,FNDDS,World,0
"Crackers, butter, plain",,510.0,6.64,61.3,26.4,2.3,FNDDS:2708146,FNDDS,World,0
"Crackers, butter, flavored",,510.0,6.64,61.3,26.4,2.3,FNDDS:2708147,FNDDS,World,0
"Crackers, butter (Ritz)",,510.0,6.64,61.3,26.4,2.3,FNDDS:2708148,FNDDS,World,0
"Crackers, butter, reduced fat",,444.0,9.34,71.5,13.4,3.4,FNDDS:2708149,FNDDS,World,0
"Crackers, cheese",,489.0,10.9,59.4,22.7,2.3,FNDDS:2708150,FNDDS,World,0
"Crackers, cheese (Cheez-It)",,489.0,10.9,59.4,22.7,2.3,FNDDS:2708151,FNDDS,World,0
"Crackers, cheese (Goldfish)",,489.0,10.9,59.4,22.7,2.3,FNDDS:2708152,FNDDS,World,0
"Crackers, cheese, reduced fat",,418.0,10.0,68.2,11.7,3.3,FNDDS:2708153,FNDDS,World,0
"Crackers, cheese, reduced sodium",,503.0,10.1,58.2,25.3,2.4,FNDDS:2708154,FNDDS,World,0
"Crackers, cheese, whole grain",,412.0,9.62,57.3,16.0,6.4,FNDDS:2708155,FNDDS,World,0
"Crackers, crispbread",,366.0,7.9,82.2,1.3,16.5,FNDDS:2708156,FNDDS,World,0
"Crackers, flatbread",,412.0,9.85,75.2,8.25,10.2,FNDDS:2708157,FNDDS,World,0
"Crackers, matzo",,395.0,10.0,83.7,1.4,3.0,FNDDS:2708158,FNDDS,World,0
"Crackers, milk",,446.0,7.6,71.7,13.8,3.4,FNDDS:2708159,FNDDS,World,0
"Crackers, oyster",,418.0,9.46,74.0,8.64,2.8,FNDDS:2708160,FNDDS,World,0
"Chips, rice",,384.0,8.2,81.5,2.8,4.2,FNDDS:2708161,FNDDS,World,0
Rice cake,,392.0,7.1,81.1,4.3,4.2,FNDDS:2708162,FNDDS,World,0
"Crackers, rice",,416.0,10.0,82.6,5.0,0.0,FNDDS:2708163,FNDDS,World,0
"Crackers, rice and nuts",,430.0,10.8,77.4,8.85,0.8,FNDDS:2708164,FNDDS,World,0
Popcorn cake,,384.0,9.7,80.1,3.1,2.9,FNDDS:2708165,FNDDS,World,0
Rice paper,,323.0,5.91,72.3,1.11,0.5,FNDDS:2708166,FNDDS,World,0
"Crackers, saltine",,418.0,9.46,74.0,8.64,2.8,FNDDS:2708167,FNDDS,World,0
"Crackers, saltine, reduced fat",,393.0,10.5,82.3,1.6,2.7,FNDDS:2708168,FNDDS,World,0
"Crackers, saltine, multigrain",,398.0,7.14,68.2,10.7,6.7,FNDDS:2708169,FNDDS,World,0
"Crackers, multigrain",,482.0,7.1,67.6,20.4,3.5,FNDDS:2708170,FNDDS,World,0
"Crackers, sandwich",,494.0,11.5,58.4,24.5,2.3,FNDDS:2708171,FNDDS,American,0
"Crackers, sandwich, peanut butter filled",,494.0,11.5,58.4,24.5,2.3,FNDDS:2708172,FNDDS,American,0
"Crackers, sandwich, peanut butter filled (Ritz)",,482.0,7.5,57.1,25.0,2.5,FNDDS:2708173,FNDDS,American,0
"Crackers, sandwich, reduced fat, peanut butter filled",,437.0,8.33,63.5,16.7,2.8,FNDDS:2708174,FNDDS,American,0
"Crackers, whole grain, sandwich, peanut butter filled",,465.0,14.1,54.6,21.2,9.4,FNDDS:2708175,FNDDS,American,0
"Crackers, sandwich, cheese filled",,477.0,9.3,61.7,21.1,1.9,FNDDS:2708176,FNDDS,American,0
"Crackers, sandwich, cheese filled (Ritz)",,479.0,7.66,56.0,25.1,2.5,FNDDS:2708177,FNDDS,American,0
"Crackers, water",,384.0,7.14,72.8,7.14,7.1,FNDDS:2708178,FNDDS,World,0
"Crackers, wonton",,521.0,10.3,51.9,31.7,1.9,FNDDS:2708179,FNDDS,Chinese,0
"Crackers, woven wheat",,441.0,8.94,70.1,15.3,8.6,FNDDS:2708180,FNDDS,World,0
"Crackers, woven wheat, plain (Triscuit)",,441.0,8.94,70.1,15.3,8.6,FNDDS:2708181,FNDDS,World,0
"Crackers, woven wheat, flavored (Triscuit)",,441.0,8.94,70.1,15.3,8.6,FNDDS:2708182,FNDDS,World,0
"Crackers, woven wheat, reduced fat",,416.0,11.3,75.5,7.59,10.9,FNDDS:2708183,FNDDS,World,0
"Crackers, wheat",,441.0,8.94,70.1,15.3,8.6,FNDDS:2708184,FNDDS,World,0
"Crackers, wheat, plain (Wheat Thins)",,441.0,8.94,70.1,15.3,8.6,FNDDS:2708185,FNDDS,World,0
"Crackers, wheat, flavored (Wheat Thins)",,441.0,8.94,70.1,15.3,8.6,FNDDS:2708186,FNDDS,World,0
"Crackers, wheat, reduced fat",,444.0,9.34,71.5,13.4,3.4,FNDDS:2708187,FNDDS,World,0
"Crackers, gluten free, plain",,453.0,11.2,66.3,15.8,10.2,FNDDS:2708188,FNDDS,World,0
"Crackers, gluten free, flavored",,453.0,11.2,66.3,15.8,10.2,FNDDS:2708189,FNDDS,World,0
Baby Toddler crackers,,391.0,12.5,83.2,0.87,0.0,FNDDS:2708190,FNDDS,World,0
"Baby Toddler puffs, fruit",,344.0,6.19,85.8,2.3,3.8,FNDDS:2708191,FNDDS,World,0
"Baby Toddler puffs, vegetable",,344.0,6.19,85.8,2.3,3.8,FNDDS:2708192,FNDDS,World,0
Baby Toddler crunchies,,462.0,3.2,69.1,19.2,1.2,FNDDS:2708193,FNDDS,World,0
Baby Toddler wheels,,413.0,10.0,78.9,6.41,0.0,FNDDS:2708194,FNDDS,World,0
Corn nuts,,446.0,8.5,71.9,15.6,6.9,FNDDS:2708195,FNDDS,World,0
"Corn chips, plain",,535.0,6.12,56.8,33.1,4.0,FNDDS:2708196,FNDDS,World,0
"Corn chips, flavored",,543.0,6.11,56.7,34.0,4.0,FNDDS:2708197,FNDDS,World,0
"Corn chips, plain (Fritos)",,539.0,6.17,57.3,33.4,4.0,FNDDS:2708198,FNDDS,World,0
"Corn chips, flavored (Fritos)",,536.0,6.14,57.0,33.2,4.0,FNDDS:2708199,FNDDS,World,0
Cheese flavored corn snacks,,567.0,5.46,54.5,36.5,0.8,FNDDS:2708200,FNDDS,World,0
"Cheese flavored corn snacks, reduced fat",,432.0,8.5,72.4,12.1,3.6,FNDDS:2708201,FNDDS,World,0
"Tortilla chips, plain",,472.0,7.1,67.8,20.7,5.4,FNDDS:2708202,FNDDS,World,0
Cheese flavored corn snacks (Cheetos),,567.0,5.46,54.5,36.5,0.8,FNDDS:2708203,FNDDS,World,0
"Tortilla chips, flavored",,519.0,7.36,60.8,27.4,5.1,FNDDS:2708204,FNDDS,World,0
"Corn chips, reduced sodium",,549.0,6.84,56.8,33.6,3.9,FNDDS:2708205,FNDDS,World,0
"Tortilla chips, nacho cheese flavor (Doritos)",,519.0,7.36,60.8,27.4,5.1,FNDDS:2708206,FNDDS,Mexican,0
"Tortilla chips, cool ranch flavor (Doritos)",,470.0,7.06,67.4,20.6,5.4,FNDDS:2708207,FNDDS,World,0
"Tortilla chips, other flavors (Doritos)",,519.0,7.36,60.8,27.4,5.1,FNDDS:2708208,FNDDS,World,0
"Tortilla chips, reduced fat, plain",,411.0,10.9,79.1,5.63,5.2,FNDDS:2708209,FNDDS,World,0
"Tortilla chips, reduced fat, flavored",,411.0,10.9,79.1,5.63,5.2,FNDDS:2708210,FNDDS,World,0
"Tortilla chips, low fat, unsalted",,416.0,11.0,80.1,5.7,5.3,FNDDS:2708211,FNDDS,World,0
"Tortilla chips, reduced sodium",,489.0,9.35,68.1,19.8,4.5,FNDDS:2708212,FNDDS,World,0
Snack mix,,504.0,6.87,63.1,25.8,3.1,FNDDS:2708213,FNDDS,World,0
"Potato chips, restructured, multigrain",,505.0,5.3,65.3,24.7,2.7,FNDDS:2708214,FNDDS,World,0
Pita chips,,457.0,11.8,68.3,15.2,3.8,FNDDS:2708215,FNDDS,Middle Eastern,0
"Popcorn, NFS",,518.0,9.13,55.0,30.6,10.2,FNDDS:2708216,FNDDS,World,0
"Popcorn, movie theater, with added butter",,656.0,4.96,31.6,58.8,5.4,FNDDS:2708217,FNDDS,World,0
"Popcorn, movie theater, no butter added",,603.0,6.18,39.9,48.7,6.9,FNDDS:2708218,FNDDS,World,0
"Popcorn, air-popped, no butter added",,385.0,12.9,77.5,4.52,14.4,FNDDS:2708219,FNDDS,World,0
"Popcorn, air-popped, with added butter",,430.0,11.0,65.8,15.3,12.2,FNDDS:2708220,FNDDS,World,0
"Popcorn, popped in oil, no butter added",,498.0,8.96,57.9,28.0,10.0,FNDDS:2708221,FNDDS,World,0
"Popcorn, popped in oil, with added butter",,525.0,7.69,49.1,35.2,8.4,FNDDS:2708222,FNDDS,World,0
"Popcorn, microwave, NFS",,518.0,9.13,55.0,30.6,10.2,FNDDS:2708223,FNDDS,World,0
"Popcorn, microwave, plain",,518.0,9.13,55.0,30.6,10.2,FNDDS:2708224,FNDDS,World,0
"Popcorn, microwave, plain, light",,409.0,11.9,71.7,10.1,13.4,FNDDS:2708225,FNDDS,World,0
"Popcorn, microwave, low sodium",,496.0,8.93,57.6,27.9,9.9,FNDDS:2708226,FNDDS,World,0
"Popcorn, microwave, butter flavored",,518.0,9.13,55.0,30.6,10.2,FNDDS:2708227,FNDDS,World,0
"Popcorn, microwave, flavored, light",,406.0,11.8,71.2,10.0,13.3,FNDDS:2708228,FNDDS,World,0
"Popcorn, microwave, cheese flavored",,516.0,9.1,54.8,30.4,10.2,FNDDS:2708229,FNDDS,World,0
"Popcorn, microwave, kettle",,504.0,9.35,58.0,27.5,10.5,FNDDS:2708230,FNDDS,World,0
"Popcorn, ready-to-eat, NFS",,530.0,8.88,53.4,32.5,10.0,FNDDS:2708231,FNDDS,World,0
"Popcorn, ready-to-eat, plain",,482.0,10.2,61.2,23.3,11.4,FNDDS:2708232,FNDDS,World,0
"Popcorn, ready-to-eat, plain, light",,437.0,11.3,68.1,14.9,12.7,FNDDS:2708233,FNDDS,World,0
"Popcorn, ready-to-eat, low sodium",,486.0,10.3,61.7,23.4,11.5,FNDDS:2708234,FNDDS,World,0
"Popcorn, ready-to-eat, butter flavored",,530.0,8.88,53.4,32.5,10.0,FNDDS:2708235,FNDDS,World,0
"Popcorn, ready-to-eat, cheese flavored",,526.0,9.3,51.6,33.2,9.9,FNDDS:2708236,FNDDS,World,0
"Popcorn, ready-to-eat, flavored, light",,435.0,11.3,67.8,14.8,12.6,FNDDS:2708237,FNDDS,World,0
"Popcorn, ready-to-eat, kettle",,531.0,5.48,61.0,30.2,6.1,FNDDS:2708238,FNDDS,World,0
"Popcorn, caramel coated",,428.0,3.77,78.5,12.7,5.2,FNDDS:2708239,FNDDS,World,0
"Popcorn, caramel coated, with nuts",,397.0,6.35,80.1,7.74,3.8,FNDDS:2708240,FNDDS,World,0
"Popcorn, chocolate coated",,407.0,5.34,76.4,12.8,8.3,FNDDS:2708241,FNDDS,World,0
"Popcorn chips, plain",,438.0,10.2,74.2,11.2,4.9,FNDDS:2708242,FNDDS,World,0
"Popcorn chips, other flavors",,438.0,10.2,74.2,11.2,4.9,FNDDS:2708243,FNDDS,World,0
"Popcorn chips, sweet flavors",,455.0,8.75,74.6,13.5,4.2,FNDDS:2708244,FNDDS,World,0
Onion flavored rings,,499.0,7.7,65.1,22.6,3.9,FNDDS:2708245,FNDDS,World,0
Shrimp chips,,426.0,7.14,59.1,17.9,5.6,FNDDS:2708246,FNDDS,World,0
"Pretzels, NFS",,384.0,10.0,80.4,2.93,3.4,FNDDS:2708247,FNDDS,World,0
"Pretzels, hard, NFS",,384.0,10.0,80.4,2.93,3.4,FNDDS:2708248,FNDDS,World,0
"Pretzels, hard, plain, salted",,384.0,10.0,80.4,2.93,3.4,FNDDS:2708249,FNDDS,World,0
"Pretzels, hard, plain, lightly salted",,382.0,9.57,79.8,3.22,3.1,FNDDS:2708250,FNDDS,World,0
"Pretzels, hard, plain, unsalted",,381.0,9.1,79.2,3.5,2.8,FNDDS:2708251,FNDDS,World,0
"Pretzels, hard, flavored",,388.0,9.92,79.4,3.88,3.4,FNDDS:2708252,FNDDS,World,0
"Pretzels, hard, multigrain",,381.0,10.2,80.1,2.96,4.2,FNDDS:2708253,FNDDS,World,0
"Pretzels, hard, plain, gluten free",,389.0,3.52,78.6,6.67,3.3,FNDDS:2708254,FNDDS,World,0
"Pretzels, hard, flavored, gluten free",,393.0,3.48,77.7,7.58,3.3,FNDDS:2708255,FNDDS,World,0
"Pretzel chips, hard, plain",,375.0,9.8,78.4,2.86,3.3,FNDDS:2708256,FNDDS,World,0
"Pretzel chips, hard, flavored",,370.0,9.68,77.5,2.82,3.3,FNDDS:2708257,FNDDS,World,0
"Pretzel chips, hard, gluten free",,380.0,3.43,76.7,6.51,3.2,FNDDS:2708258,FNDDS,World,0
"Pretzels, hard, coated, NFS",,467.0,7.05,70.1,17.6,3.5,FNDDS:2708259,FNDDS,World,0
"Pretzels, hard, chocolate coated",,467.0,7.05,70.1,17.6,3.5,FNDDS:2708260,FNDDS,World,0
"Pretzels, hard, white chocolate coated",,445.0,5.94,74.7,14.2,1.2,FNDDS:2708261,FNDDS,World,0
"Pretzels, hard, yogurt coated",,438.0,5.94,76.6,12.2,1.1,FNDDS:2708262,FNDDS,World,0
"Pretzels, hard, coated, gluten free",,451.0,3.76,75.1,15.6,1.4,FNDDS:2708263,FNDDS,World,0
"Pretzels, hard, filled, NFS",,463.0,9.85,66.5,16.9,3.6,FNDDS:2708264,FNDDS,World,0
"Pretzels, hard, cheese filled",,463.0,9.85,66.5,16.9,3.6,FNDDS:2708265,FNDDS,World,0
"Pretzels, hard, peanut butter filled",,454.0,14.0,60.8,19.0,3.9,FNDDS:2708266,FNDDS,World,0
"Pretzels, soft, NFS",,345.0,8.01,69.4,4.0,1.7,FNDDS:2708267,FNDDS,World,0
"Pretzels, soft, ready-to-eat, NFS",,345.0,8.01,69.4,4.0,1.7,FNDDS:2708268,FNDDS,World,0
"Pretzels, soft, ready-to-eat, salted, buttered",,345.0,8.01,69.4,4.0,1.7,FNDDS:2708269,FNDDS,World,0
"Pretzels, soft, ready-to-eat, unsalted, buttered",,350.0,8.12,70.3,4.05,1.7,FNDDS:2708270,FNDDS,World,0
"Pretzels, soft, ready-to-eat, salted, no butter",,340.0,8.09,70.1,3.06,1.7,FNDDS:2708271,FNDDS,World,0
"Pretzels, soft, ready-to-eat, unsalted, no butter",,345.0,8.2,71.0,3.1,1.7,FNDDS:2708272,FNDDS,World,0
"Pretzels, soft, ready-to-eat, cinnamon sugar coated",,374.0,6.22,74.0,6.14,2.1,FNDDS:2708273,FNDDS,World,0
"Pretzels, soft, ready-to-eat, coated or flavored",,365.0,7.89,66.0,7.75,1.6,FNDDS:2708274,FNDDS,World,0
"Pretzels, soft, ready-to-eat, topped with meat",,349.0,11.5,53.4,9.93,1.3,FNDDS:2708275,FNDDS,World,0
"Pretzels, soft, ready-to-eat, topped with cheese",,339.0,10.2,62.4,5.36,1.5,FNDDS:2708276,FNDDS,World,0
"Pretzels, soft, from frozen, NFS",,345.0,8.01,69.4,4.0,1.7,FNDDS:2708277,FNDDS,World,0
"Pretzels, soft, from frozen, salted",,340.0,8.09,70.1,3.06,1.7,FNDDS:2708278,FNDDS,World,0
"Pretzels, soft, from frozen, unsalted",,345.0,8.2,71.0,3.1,1.7,FNDDS:2708279,FNDDS,World,0
"Pretzels, soft, from frozen, cinnamon sugar coated",,374.0,6.22,74.0,6.14,2.1,FNDDS:2708280,FNDDS,World,0
"Pretzels, soft, from frozen, coated or flavored",,365.0,7.89,66.0,7.75,1.6,FNDDS:2708281,FNDDS,World,0
"Pretzels, soft, from frozen, topped with meat",,349.0,11.5,53.4,9.93,1.3,FNDDS:2708282,FNDDS,World,0
"Pretzels, soft, from frozen, topped with cheese",,339.0,10.2,62.4,5.36,1.5,FNDDS:2708283,FNDDS,World,0
"Pretzels, soft, filled with cheese",,339.0,10.2,62.4,5.36,1.5,FNDDS:2708284,FNDDS,World,0
"Pretzels, soft, from school lunch",,339.0,8.55,70.7,3.16,3.7,FNDDS:2708285,FNDDS,World,0
"Pretzels, soft, multigrain",,337.0,8.49,70.3,3.13,3.6,FNDDS:2708286,FNDDS,World,0
"Pretzels, soft, gluten free",,297.0,4.03,57.3,5.74,4.0,FNDDS:2708287,FNDDS,World,0
"Pretzels, soft, gluten free, cinnamon sugar coated",,339.0,3.1,63.8,8.14,3.8,FNDDS:2708288,FNDDS,World,0
"Pretzels, soft, gluten free, coated or flavored",,326.0,4.1,54.2,10.4,3.7,FNDDS:2708289,FNDDS,World,0
Multigrain chips (Sun Chips),,491.0,7.95,67.3,21.1,8.8,FNDDS:2708290,FNDDS,World,0
"Snack mix, plain (Chex Mix)",,417.0,8.74,72.2,10.3,4.6,FNDDS:2708291,FNDDS,World,0
Bagel chips,,451.0,12.3,66.4,15.1,4.1,FNDDS:2708292,FNDDS,American,0
Cracker chips,,491.0,7.95,67.3,21.1,8.8,FNDDS:2708293,FNDDS,World,0
"Pancakes, NFS",,282.0,7.41,35.3,12.1,2.1,FNDDS:2708294,FNDDS,American,0
"Pancakes, plain, frozen",,233.0,5.23,37.8,6.83,1.0,FNDDS:2708295,FNDDS,American,0
"Pancakes, fruit, frozen",,224.0,4.99,36.5,6.52,1.1,FNDDS:2708296,FNDDS,American,0
"Pancakes, chocolate, frozen",,248.0,5.35,38.8,7.97,1.1,FNDDS:2708297,FNDDS,American,0
"Pancakes, whole grain, frozen",,232.0,5.54,38.6,6.75,2.3,FNDDS:2708298,FNDDS,American,0
"Pancakes, plain, fast food / restaurant",,307.0,7.16,34.1,15.5,2.1,FNDDS:2708299,FNDDS,American,0
"Pancakes, fruit, fast food / restaurant",,253.0,5.71,29.8,12.3,2.3,FNDDS:2708300,FNDDS,American,0
"Pancakes, chocolate, fast food / restaurant",,360.0,7.46,40.0,18.7,2.4,FNDDS:2708301,FNDDS,American,0
"Pancakes, whole grain, fast food / restaurant",,299.0,7.59,31.8,15.8,3.1,FNDDS:2708302,FNDDS,American,0
"Pancakes, school",,231.0,6.26,40.4,6.57,5.2,FNDDS:2708303,FNDDS,American,0
"Pancakes, plain",,282.0,7.41,35.3,12.1,2.1,FNDDS:2708304,FNDDS,American,0
"Pancakes, plain, reduced fat",,264.0,7.57,36.1,9.74,2.2,FNDDS:2708305,FNDDS,American,0
"Pancakes, fruit",,232.0,5.86,30.6,9.54,2.4,FNDDS:2708306,FNDDS,American,0
"Pancakes, pumpkin",,241.0,6.37,31.0,10.1,2.3,FNDDS:2708307,FNDDS,American,0
"Pancakes, chocolate",,341.0,7.68,41.2,15.9,2.4,FNDDS:2708308,FNDDS,American,0
"Pancakes, whole grain",,273.0,7.86,32.9,12.3,3.2,FNDDS:2708309,FNDDS,American,0
"Pancakes, whole grain, reduced fat",,256.0,8.04,33.6,9.89,3.3,FNDDS:2708310,FNDDS,American,0
"Pancakes, gluten free",,215.0,3.31,40.3,4.55,1.5,FNDDS:2708311,FNDDS,American,0
"Waffle, NFS",,309.0,7.42,48.4,9.49,2.6,FNDDS:2708312,FNDDS,American,0
"Waffle, plain, frozen",,309.0,7.42,48.4,9.49,2.6,FNDDS:2708313,FNDDS,American,0
"Waffle, plain, reduced fat",,292.0,9.72,46.8,7.35,1.5,FNDDS:2708314,FNDDS,American,0
"Waffle, fruit, frozen",,296.0,7.07,46.6,9.05,2.6,FNDDS:2708315,FNDDS,American,0
"Waffle, chocolate, frozen",,320.0,7.43,48.9,10.5,2.6,FNDDS:2708316,FNDDS,American,0
"Waffle, whole grain, frozen",,289.0,6.78,46.7,8.39,4.1,FNDDS:2708317,FNDDS,American,0
"Waffle, whole grain, reduced fat",,257.0,7.14,49.2,3.57,4.3,FNDDS:2708318,FNDDS,American,0
"Waffle, whole grain, fruit, frozen",,278.0,6.48,45.1,8.02,4.0,FNDDS:2708319,FNDDS,American,0
"Waffle, plain, fast food / restaurant",,428.0,8.16,38.9,26.4,2.4,FNDDS:2708320,FNDDS,American,0
"Waffle, chocolate, fast food / restaurant",,480.0,8.59,46.1,28.9,2.7,FNDDS:2708321,FNDDS,American,0
"Waffle, fruit, fast food / restaurant",,354.0,6.6,34.5,21.1,2.7,FNDDS:2708322,FNDDS,American,0
"Waffle, whole grain, fast food / restaurant",,421.0,8.64,36.2,26.9,3.5,FNDDS:2708323,FNDDS,American,0
"Waffle, school",,257.0,7.14,49.2,3.57,4.3,FNDDS:2708324,FNDDS,American,0
"Waffle, plain",,373.0,8.7,41.5,18.8,2.5,FNDDS:2708325,FNDDS,American,0
"Waffle, fruit",,307.0,6.94,36.2,14.9,2.8,FNDDS:2708326,FNDDS,American,0
"Waffle, chocolate",,437.0,9.07,48.6,22.7,2.9,FNDDS:2708327,FNDDS,American,0
"Waffle, cinnamon",,373.0,8.7,41.7,18.8,2.7,FNDDS:2708328,FNDDS,American,0
"Waffle, whole grain",,364.0,9.23,38.6,19.2,3.8,FNDDS:2708329,FNDDS,American,0
"Waffle, gluten free",,263.0,2.72,43.0,8.84,1.4,FNDDS:2708330,FNDDS,American,0
"French toast, NFS",,273.0,10.4,32.3,11.4,1.2,FNDDS:2708331,FNDDS,World,0
"French toast, frozen",,183.0,7.24,29.9,3.82,1.1,FNDDS:2708332,FNDDS,World,0
"French toast, fast food / restaurant",,310.0,9.84,35.7,14.3,1.3,FNDDS:2708333,FNDDS,World,0
"French toast, school",,162.0,9.15,22.6,3.8,2.9,FNDDS:2708334,FNDDS,World,0
"French toast, plain",,273.0,10.4,32.3,11.4,1.2,FNDDS:2708335,FNDDS,World,0
"French toast, whole grain",,271.0,11.3,30.4,11.6,2.7,FNDDS:2708336,FNDDS,World,0
"French toast, gluten free",,264.0,7.79,30.6,12.2,2.2,FNDDS:2708337,FNDDS,World,0
French toast sticks,,278.0,7.52,40.6,9.18,1.3,FNDDS:2708338,FNDDS,World,0
"French toast sticks, fast food / restaurant",,400.0,7.06,48.5,20.9,1.6,FNDDS:2708339,FNDDS,World,0
"French toast sticks, school",,162.0,9.15,22.6,3.8,2.9,FNDDS:2708340,FNDDS,World,0
"Crepe, NFS",,224.0,8.85,22.0,11.3,0.6,FNDDS:2708341,FNDDS,World,0
"Crepe, plain",,224.0,8.85,22.0,11.3,0.6,FNDDS:2708342,FNDDS,World,0
Chinese pancake,,207.0,4.05,45.4,0.38,0.7,FNDDS:2708343,FNDDS,American,0
"Dumpling, no meat",,125.0,3.45,20.5,3.37,0.7,FNDDS:2708344,FNDDS,World,0
Cake made with glutinous rice,,279.0,2.49,53.6,6.51,0.7,FNDDS:2708345,FNDDS,World,0
Idli,,128.0,6.36,25.0,0.35,5.8,FNDDS:2708346,FNDDS,World,0
"Dosa, plain",,210.0,5.7,37.0,4.05,1.8,FNDDS:2708347,FNDDS,World,0
Cake made with glutinous rice and dried beans,,185.0,7.76,36.1,0.6,3.4,FNDDS:2708348,FNDDS,World,0
Funnel cake with sugar,,353.0,7.87,43.5,16.6,1.0,FNDDS:2708349,FNDDS,World,0
Funnel cake with sugar and fruit,,380.0,5.84,55.2,15.7,0.9,FNDDS:2708350,FNDDS,World,0
"Pasta, vegetable, cooked",,128.0,4.52,26.6,0.11,4.3,FNDDS:2708351,FNDDS,World,0
"Noodles, cooked",,137.0,4.51,25.0,2.06,1.2,FNDDS:2708352,FNDDS,World,0
"Noodles, whole grain, cooked",,148.0,5.96,29.9,1.7,3.9,FNDDS:2708353,FNDDS,World,0
"Noodles, chow mein",,521.0,10.3,51.9,31.7,1.9,FNDDS:2708354,FNDDS,Chinese,0
"Long rice noodles, made from mung beans, cooked",,84.0,0.04,20.7,0.01,0.1,FNDDS:2708355,FNDDS,World,0
"Rice noodles, cooked",,107.0,1.78,23.9,0.2,1.0,FNDDS:2708356,FNDDS,World,0
"Pasta, cooked",,157.0,5.76,30.7,0.92,1.8,FNDDS:2708357,FNDDS,World,0
"Pasta, whole grain, cooked",,148.0,5.95,29.9,1.7,3.9,FNDDS:2708358,FNDDS,World,0
"Pasta, gluten free",,179.0,3.2,38.0,1.0,1.4,FNDDS:2708359,FNDDS,World,0
"Cereal, cooked, NFS",,64.0,2.21,11.4,1.09,1.7,FNDDS:2708360,FNDDS,World,0
Barley,,139.0,2.2,27.2,2.74,3.7,FNDDS:2708361,FNDDS,World,0
Buckwheat groats,,118.0,3.24,19.0,3.97,2.6,FNDDS:2708362,FNDDS,World,0
"Grits, NFS",,71.0,1.19,12.2,1.84,0.7,FNDDS:2708363,FNDDS,World,0
"Grits, regular or quick, made with water, NS as to fat",,71.0,1.19,12.2,1.84,0.7,FNDDS:2708364,FNDDS,World,0
"Grits, regular or quick, made with water, no added fat",,58.0,1.2,12.4,0.28,0.7,FNDDS:2708365,FNDDS,World,0
"Grits, regular or quick, made with water, fat added",,71.0,1.19,12.2,1.84,0.7,FNDDS:2708366,FNDDS,World,0
"Grits, with cheese, NS as to fat",,108.0,3.56,11.4,5.28,0.6,FNDDS:2708367,FNDDS,World,0
"Grits, with cheese, no added fat",,97.0,3.6,11.5,3.92,0.7,FNDDS:2708368,FNDDS,World,0
"Grits, with cheese, fat added",,108.0,3.56,11.4,5.28,0.6,FNDDS:2708369,FNDDS,World,0
"Grits, instant, made with water, no added fat",,65.0,1.38,14.8,0.4,0.8,FNDDS:2708370,FNDDS,World,0
"Grits, instant, made with water, fat added",,85.0,1.36,14.4,2.85,0.8,FNDDS:2708371,FNDDS,World,0
"Grits, instant, made with water, NS as to fat",,85.0,1.36,14.4,2.85,0.8,FNDDS:2708372,FNDDS,World,0
"Cornmeal mush, NS as to fat",,71.0,1.11,12.2,1.84,0.6,FNDDS:2708373,FNDDS,World,0
"Cornmeal mush, no added fat",,58.0,1.12,12.5,0.28,0.6,FNDDS:2708374,FNDDS,World,0
"Cornmeal mush, fat added",,71.0,1.11,12.2,1.84,0.6,FNDDS:2708375,FNDDS,World,0
"Masa harina, cooked",,97.0,2.26,20.5,0.99,1.7,FNDDS:2708376,FNDDS,World,0
Millet,,118.0,3.5,23.6,1.0,1.3,FNDDS:2708377,FNDDS,World,0
"Oatmeal, fast food, plain",,80.0,2.6,11.9,2.54,1.7,FNDDS:2708378,FNDDS,World,0
"Oatmeal, fast food, flavored",,110.0,2.4,20.3,2.33,1.6,FNDDS:2708379,FNDDS,World,0
"Oatmeal, NFS",,76.0,2.18,11.2,2.63,1.7,FNDDS:2708380,FNDDS,World,0
"Oatmeal, regular or quick, made with water, no added fat",,64.0,2.21,11.4,1.09,1.7,FNDDS:2708381,FNDDS,World,0
"Oatmeal, regular or quick, made with water, fat added",,76.0,2.18,11.2,2.63,1.7,FNDDS:2708382,FNDDS,World,0
"Oatmeal, regular or quick, made with milk, no added fat",,116.0,5.56,16.2,3.25,1.7,FNDDS:2708383,FNDDS,World,0
"Oatmeal, regular or quick, made with milk, fat added",,128.0,5.48,16.0,4.75,1.7,FNDDS:2708384,FNDDS,World,0
"Oatmeal, regular or quick, made with non-dairy milk, no added fat",,95.0,3.35,14.4,2.71,1.8,FNDDS:2708385,FNDDS,World,0
"Oatmeal, regular or quick, made with non-dairy milk, fat added",,107.0,3.31,14.2,4.21,1.8,FNDDS:2708386,FNDDS,World,0
"Oatmeal, instant, plain, made with water, no added fat",,68.0,2.26,13.2,1.3,1.9,FNDDS:2708387,FNDDS,World,0
"Oatmeal, instant, plain, made with water, fat added",,88.0,2.2,12.7,3.72,1.8,FNDDS:2708388,FNDDS,World,0
"Oatmeal, instant, plain, made with milk, no added fat",,111.0,4.96,17.1,3.04,1.9,FNDDS:2708389,FNDDS,World,0
"Oatmeal, instant, plain, made with milk, fat added",,129.0,4.81,16.5,5.4,1.8,FNDDS:2708390,FNDDS,World,0
"Oatmeal, instant, plain, made with non-dairy milk, no added fat",,94.0,3.18,15.6,2.6,2.0,FNDDS:2708391,FNDDS,World,0
"Oatmeal, instant, plain, made with non-dairy milk, fat added",,113.0,3.09,15.1,4.98,1.9,FNDDS:2708392,FNDDS,World,0
"Oatmeal, instant, maple flavored, no added fat",,102.0,2.44,20.2,1.25,1.9,FNDDS:2708393,FNDDS,World,0
"Oatmeal, instant, maple flavored, fat added",,119.0,2.38,19.6,3.45,1.8,FNDDS:2708394,FNDDS,World,0
"Oatmeal, instant, fruit flavored, no added fat",,100.0,2.34,20.1,1.19,1.9,FNDDS:2708395,FNDDS,World,0
"Oatmeal, instant, fruit flavored, fat added",,117.0,2.29,19.5,3.4,1.9,FNDDS:2708396,FNDDS,World,0
"Oatmeal, reduced sugar",,85.0,2.35,16.6,1.28,1.9,FNDDS:2708397,FNDDS,World,0
"Oatmeal, multigrain",,56.0,2.12,12.2,0.46,2.0,FNDDS:2708398,FNDDS,World,0
"Quinoa, NS as to fat",,146.0,4.2,20.2,5.42,2.7,FNDDS:2708399,FNDDS,World,0
"Quinoa, no added fat",,120.0,4.38,21.2,1.91,2.8,FNDDS:2708400,FNDDS,World,0
"Quinoa, fat added",,146.0,4.2,20.2,5.42,2.7,FNDDS:2708401,FNDDS,World,0
"Rice, cooked, NFS",,129.0,2.67,28.0,0.28,0.4,FNDDS:2708402,FNDDS,World,0
"Rice, white, cooked, NS as to fat",,129.0,2.67,28.0,0.28,0.4,FNDDS:2708403,FNDDS,World,0
"Rice, white, cooked, made with oil",,151.0,2.6,27.2,3.12,0.4,FNDDS:2708404,FNDDS,World,0
"Rice, white, cooked, made with butter",,147.0,2.62,27.2,2.61,0.4,FNDDS:2708405,FNDDS,World,0
"Rice, white, cooked, made with margarine",,142.0,2.6,27.2,2.12,0.4,FNDDS:2708406,FNDDS,World,0
"Rice, white, cooked, fat added, NS as to fat type",,148.0,2.6,27.2,2.77,0.4,FNDDS:2708407,FNDDS,World,0
"Rice, white, cooked, no added fat",,129.0,2.67,28.0,0.28,0.4,FNDDS:2708408,FNDDS,World,0
"Rice, brown, cooked, NS as to fat",,123.0,2.44,25.8,1.11,1.0,FNDDS:2708409,FNDDS,World,0
"Rice, brown, cooked, fat added, made with oil",,141.0,2.38,25.2,3.41,1.0,FNDDS:2708410,FNDDS,World,0
"Rice, brown, cooked, made with butter",,137.0,2.4,25.2,3.0,1.0,FNDDS:2708411,FNDDS,World,0
"Rice, brown, cooked, made with margarine",,134.0,2.38,25.2,2.6,1.0,FNDDS:2708412,FNDDS,World,0
"Rice, brown, cooked, fat added, NS as to fat type",,138.0,2.38,25.2,3.12,1.0,FNDDS:2708413,FNDDS,World,0
"Rice, brown, cooked, no added fat",,123.0,2.43,25.8,1.11,1.0,FNDDS:2708414,FNDDS,World,0
Cream of rice,,69.0,1.17,15.3,0.09,0.1,FNDDS:2708415,FNDDS,World,0
"Rice, cooked, with milk",,144.0,5.13,25.0,2.31,0.3,FNDDS:2708416,FNDDS,World,0
"Rice, sweet, cooked with honey",,139.0,2.52,31.1,0.26,0.4,FNDDS:2708417,FNDDS,World,0
Congee,,39.0,0.8,8.4,0.08,0.1,FNDDS:2708418,FNDDS,World,0
"Yellow rice, cooked, NS as to fat",,88.0,1.8,19.1,0.45,0.5,FNDDS:2708419,FNDDS,World,0
"Yellow rice, cooked, no added fat",,88.0,1.8,19.1,0.45,0.5,FNDDS:2708420,FNDDS,World,0
"Yellow rice, cooked, fat added",,103.0,1.76,18.7,2.43,0.4,FNDDS:2708421,FNDDS,World,0
"Rice, white, cooked, glutinous",,96.0,2.01,21.0,0.19,1.0,FNDDS:2708422,FNDDS,World,0
"Rice, wild, 100%, cooked, NS as to fat",,122.0,3.86,20.6,3.08,1.7,FNDDS:2708423,FNDDS,World,0
"Rice, wild, 100%, cooked, no added fat",,100.0,3.97,21.2,0.34,1.8,FNDDS:2708424,FNDDS,World,0
"Rice, wild, 100%, cooked, fat added",,122.0,3.86,20.6,3.08,1.7,FNDDS:2708425,FNDDS,World,0
"Rice, white and wild, cooked, no added fat",,79.0,1.82,17.2,0.16,0.5,FNDDS:2708426,FNDDS,World,0
"Rice, brown and wild, cooked, no added fat",,120.0,2.89,24.9,0.88,1.6,FNDDS:2708427,FNDDS,World,0
"Rice, white and wild, cooked, fat added",,112.0,2.17,20.6,2.14,0.5,FNDDS:2708428,FNDDS,World,0
"Rice, white and wild, cooked, NS as to fat",,112.0,2.17,20.6,2.14,0.5,FNDDS:2708429,FNDDS,World,0
"Rice, brown and wild, cooked, fat added",,138.0,2.82,24.3,3.24,1.6,FNDDS:2708430,FNDDS,World,0
"Rice, brown and wild, cooked, NS as to fat",,112.0,2.2,19.9,2.72,0.9,FNDDS:2708431,FNDDS,World,0
"Rice, white, cooked with fat, Puerto Rican style",,200.0,2.84,31.9,6.3,0.5,FNDDS:2708432,FNDDS,World,0
"Cream of wheat, NFS",,65.0,1.44,10.4,1.8,0.5,FNDDS:2708433,FNDDS,World,0
"Cream of wheat, regular or quick, made with water, no added fat",,51.0,1.45,10.6,0.21,0.5,FNDDS:2708434,FNDDS,World,0
"Cream of wheat, regular or quick, made with water, fat added",,65.0,1.44,10.4,1.8,0.5,FNDDS:2708435,FNDDS,World,0
"Cream of wheat, instant, made with water, no added fat",,67.0,1.52,14.4,0.21,0.5,FNDDS:2708436,FNDDS,World,0
"Cream of wheat, instant, made with water, fat added",,82.0,1.5,14.1,2.09,0.5,FNDDS:2708437,FNDDS,World,0
"Bulgur, no added fat",,83.0,3.06,18.5,0.24,4.5,FNDDS:2708438,FNDDS,World,0
"Bulgur, fat added",,121.0,2.9,17.3,5.07,4.2,FNDDS:2708439,FNDDS,World,0
"Bulgur, NS as to fat",,83.0,3.06,18.5,0.24,4.5,FNDDS:2708440,FNDDS,World,0
"Couscous, plain, cooked",,111.0,3.77,23.1,0.16,1.4,FNDDS:2708441,FNDDS,World,0
"Whole wheat cereal, cooked",,47.0,1.55,10.4,0.28,1.3,FNDDS:2708442,FNDDS,World,0
"Wheat cereal, chocolate flavored, cooked",,49.0,1.79,11.0,0.47,1.8,FNDDS:2708443,FNDDS,World,0
"Oat bran cereal, cooked",,46.0,3.21,12.3,1.3,2.9,FNDDS:2708444,FNDDS,World,0
"Cereal, ready-to-eat, NFS",,379.0,7.74,77.7,4.01,6.6,FNDDS:2708445,FNDDS,World,0
"Cereal, O's, flavored",,385.0,8.62,76.0,5.37,7.6,FNDDS:2708446,FNDDS,World,0
"Cereal, crunch",,398.0,4.31,82.1,5.53,2.7,FNDDS:2708447,FNDDS,World,0
"Cereal, O's, plain",,374.0,12.4,67.9,6.17,10.5,FNDDS:2708448,FNDDS,World,0
"Cereal, chocolate puffs",,388.0,5.39,81.0,4.98,5.0,FNDDS:2708449,FNDDS,World,0
"Cereal, cinnamon toast",,414.0,5.88,75.2,9.92,5.1,FNDDS:2708450,FNDDS,World,0
"Cereal, chocolate crispy",,380.0,5.35,81.8,4.24,1.4,FNDDS:2708451,FNDDS,World,0
"Cereal, corn squares",,369.0,7.88,77.1,2.61,5.4,FNDDS:2708452,FNDDS,World,0
"Cereal, corn flakes, plain",,365.0,6.4,79.5,1.6,3.5,FNDDS:2708453,FNDDS,World,0
"Cereal, corn puffs",,371.0,7.74,77.8,2.57,7.3,FNDDS:2708454,FNDDS,World,0
"Cereal, rice crispy, plain",,358.0,6.96,79.8,1.21,0.4,FNDDS:2708455,FNDDS,World,0
"Cereal, bran flakes, plain",,361.0,9.65,75.0,2.42,20.5,FNDDS:2708456,FNDDS,World,0
"Cereal, shredded wheat, flavored",,367.0,9.52,78.9,1.41,10.3,FNDDS:2708457,FNDDS,World,0
"Cereal, rice crispy, flavored",,372.0,4.95,86.0,0.92,0.3,FNDDS:2708458,FNDDS,World,0
"Cereal, fruit rings",,383.0,5.14,82.2,3.23,5.4,FNDDS:2708459,FNDDS,World,0
"Cereal, fruit crispy",,384.0,4.28,82.9,3.89,0.3,FNDDS:2708460,FNDDS,World,0
"Cereal, granola",,420.0,9.82,67.4,13.0,7.4,FNDDS:2708461,FNDDS,World,0
"Cereal, oat bunches",,392.0,7.43,76.2,6.06,4.6,FNDDS:2708462,FNDDS,World,0
"Cereal, corn squares, flavored",,380.0,5.58,80.7,3.32,4.7,FNDDS:2708463,FNDDS,World,0
"Cereal, O's, honey nut",,385.0,8.62,76.0,5.37,7.6,FNDDS:2708464,FNDDS,World,0
"Cereal, multigrain",,373.0,11.6,74.0,3.59,14.6,FNDDS:2708465,FNDDS,World,0
"Cereal, oat squares",,379.0,10.4,73.3,5.22,8.0,FNDDS:2708466,FNDDS,World,0
"Cereal, frosted oats with marshmallows",,372.0,8.17,76.6,4.07,6.1,FNDDS:2708467,FNDDS,World,0
"Cereal, O's, multigrain",,373.0,8.54,76.2,3.76,10.9,FNDDS:2708468,FNDDS,World,0
"Cereal, bran flakes, flavored",,353.0,8.13,78.7,1.18,12.4,FNDDS:2708469,FNDDS,World,0
"Cereal, rice squares",,357.0,7.01,77.4,2.19,5.4,FNDDS:2708470,FNDDS,World,0
"Cereal, K's, plain",,356.0,19.0,68.0,1.58,3.2,FNDDS:2708471,FNDDS,World,0
"Cereal, K's, flavored",,363.0,7.33,80.9,1.15,8.0,FNDDS:2708472,FNDDS,World,0
"Cereal, flavored puffs",,380.0,5.66,83.8,2.16,2.2,FNDDS:2708473,FNDDS,World,0
"Cereal, corn flakes, flavored",,375.0,4.77,84.7,1.27,2.6,FNDDS:2708474,FNDDS,World,0
"Cereal, O's, NFS",,379.0,10.5,72.0,5.77,9.1,FNDDS:2708475,FNDDS,World,0
"Cereal, wheat squares",,356.0,10.5,75.0,1.52,13.5,FNDDS:2708476,FNDDS,World,0
Wheat germ,,382.0,29.1,49.6,10.7,15.1,FNDDS:2708477,FNDDS,World,0
"Cereal, plain puffs",,357.0,9.5,77.2,1.66,8.7,FNDDS:2708478,FNDDS,World,0
"Cereal, shredded wheat, plain",,358.0,11.9,73.8,1.68,13.0,FNDDS:2708479,FNDDS,World,0
"Cereal, wheat flakes",,359.0,10.1,76.3,1.47,10.4,FNDDS:2708480,FNDDS,World,0
"Cereal, other, NFS",,381.0,6.88,78.5,4.44,4.8,FNDDS:2708481,FNDDS,World,0
"Cereal, other, plain",,370.0,9.41,73.7,3.89,7.0,FNDDS:2708482,FNDDS,World,0
"Cereal, other, fruit flavored",,383.0,4.71,82.6,3.56,2.9,FNDDS:2708483,FNDDS,World,0
"Cereal, other, chocolate",,384.0,5.37,81.4,4.61,3.2,FNDDS:2708484,FNDDS,World,0
"Cereal, other, peanut butter",,422.0,7.34,73.0,11.1,5.0,FNDDS:2708485,FNDDS,World,0
"Cereal, other, honey",,388.0,8.02,76.1,5.71,6.1,FNDDS:2708486,FNDDS,World,0
"Cereal, reduced sugar",,376.0,8.42,76.9,3.67,6.4,FNDDS:2708487,FNDDS,World,0
Wheat bran,,216.0,15.6,64.5,4.25,42.8,FNDDS:2708488,FNDDS,World,0
"Oats, raw",,379.0,13.2,67.7,6.52,10.1,FNDDS:2708489,FNDDS,World,0
"Cereal, oat bran, ready-to-eat",,403.0,10.4,68.3,10.2,12.9,FNDDS:2708490,FNDDS,World,0
"Baby Toddler cereal, barley, dry",,376.0,13.2,69.4,6.6,6.6,FNDDS:2708491,FNDDS,World,0
"Baby Toddler cereal, oatmeal, dry",,394.0,11.0,73.5,6.36,7.3,FNDDS:2708492,FNDDS,World,0
"Baby Toddler cereal, rice, dry",,390.0,6.65,83.1,2.19,1.3,FNDDS:2708493,FNDDS,World,0
"Baby Toddler cereal, rice with fruit, dry",,388.0,6.51,83.4,2.17,1.7,FNDDS:2708494,FNDDS,World,0
"Baby Toddler cereal, multigrain with fruit, dry",,404.0,6.53,80.5,6.43,6.9,FNDDS:2708495,FNDDS,World,0
"Baby Toddler cereal, multigrain, dry",,407.0,6.67,80.1,6.67,6.7,FNDDS:2708496,FNDDS,World,0
"Baby Toddler cereal, oatmeal with fruit, dry",,392.0,10.6,74.2,6.13,7.4,FNDDS:2708497,FNDDS,World,0
"Baby Toddler cereal, NFS",,89.0,1.92,18.4,0.96,1.8,FNDDS:2708498,FNDDS,World,0
"Baby Toddler cereal, rice, ready-to-eat",,73.0,1.38,16.1,0.3,0.1,FNDDS:2708499,FNDDS,World,0
"Baby Toddler cereal, oatmeal, ready-to-eat",,76.0,2.54,13.8,1.3,1.9,FNDDS:2708500,FNDDS,World,0
"Baby Toddler cereal, multigrain, ready-to-eat",,75.0,1.87,15.0,0.89,1.1,FNDDS:2708501,FNDDS,World,0
"Baby Toddler cereal, multigrain with fruit, ready-to-eat",,88.0,1.46,19.2,0.68,1.2,FNDDS:2708502,FNDDS,World,0
"Baby Toddler cereal, oatmeal with fruit, ready-to-eat",,89.0,1.92,18.4,0.96,1.8,FNDDS:2708503,FNDDS,World,0
"Baby Toddler cereal, rice with fruit, ready-to-eat",,87.0,1.12,20.0,0.27,0.6,FNDDS:2708504,FNDDS,World,0
Chilaquiles,,195.0,10.6,14.9,10.7,2.1,FNDDS:2708505,FNDDS,World,0
Frito pie,,328.0,9.96,26.3,21.0,2.9,FNDDS:2708506,FNDDS,World,0
Mexican pizza,,249.0,15.5,15.3,13.9,2.1,FNDDS:2708507,FNDDS,Italian,0
Taco or tostada salad with meat,,179.0,7.45,16.5,9.32,2.9,FNDDS:2708508,FNDDS,Mexican,0
Taco or tostada salad with chicken,,167.0,7.83,16.3,8.02,2.8,FNDDS:2708509,FNDDS,Mexican,0
"Taco or tostada salad, meatless",,163.0,5.28,19.3,7.36,3.7,FNDDS:2708510,FNDDS,Mexican,0
Taco or tostada salad with meat and sour cream,,181.0,6.91,15.1,10.4,2.5,FNDDS:2708511,FNDDS,Mexican,0
Taco or tostada salad with chicken and sour cream,,171.0,7.24,15.0,9.26,2.5,FNDDS:2708512,FNDDS,Mexican,0
"Taco or tostada salad, meatless with sour cream",,167.0,5.0,17.6,8.7,3.3,FNDDS:2708513,FNDDS,Mexican,0
"Taco, NFS",,246.0,15.3,15.6,13.6,2.2,FNDDS:2708514,FNDDS,Mexican,0
"Taco, corn tortilla, beef, cheese",,249.0,15.5,15.3,13.9,2.1,FNDDS:2708515,FNDDS,Mexican,0
"Taco, corn tortilla, beef, with beans, cheese",,212.0,10.6,19.1,10.6,3.2,FNDDS:2708516,FNDDS,Mexican,0
"Taco, corn tortilla, pork, cheese",,251.0,14.8,15.3,14.5,2.1,FNDDS:2708517,FNDDS,Mexican,0
"Taco, corn tortilla, pork, with beans, cheese",,214.0,10.3,19.1,10.9,3.2,FNDDS:2708518,FNDDS,Mexican,0
"Taco, corn tortilla, chicken, cheese",,211.0,16.2,15.3,9.6,2.1,FNDDS:2708519,FNDDS,Mexican,0
"Taco, corn tortilla, chicken, with beans, cheese",,193.0,11.0,19.1,8.44,3.2,FNDDS:2708520,FNDDS,Mexican,0
"Taco, corn tortilla, with beans, cheese",,176.0,5.8,23.0,7.28,4.2,FNDDS:2708521,FNDDS,Mexican,0
"Taco, flour tortilla, beef, cheese",,257.0,16.7,18.9,12.3,1.3,FNDDS:2708522,FNDDS,Mexican,0
"Taco, flour tortilla, beef, with beans, cheese",,221.0,11.8,22.7,8.92,2.4,FNDDS:2708523,FNDDS,Mexican,0
"Taco, flour tortilla, pork, cheese",,260.0,16.1,18.9,12.8,1.3,FNDDS:2708524,FNDDS,Mexican,0
"Taco, flour tortilla, pork, with beans, cheese",,222.0,11.5,22.7,9.2,2.4,FNDDS:2708525,FNDDS,Mexican,0
"Taco, flour tortilla, chicken, cheese",,220.0,17.5,18.9,7.91,1.3,FNDDS:2708526,FNDDS,Mexican,0
"Taco, flour tortilla, chicken, with beans, cheese",,202.0,12.2,22.7,6.74,2.4,FNDDS:2708527,FNDDS,Mexican,0
"Taco, flour tortilla, with beans, cheese",,184.0,6.99,26.6,5.57,3.4,FNDDS:2708528,FNDDS,Mexican,0
"Taco, fish",,275.0,11.6,23.0,15.3,2.5,FNDDS:2708529,FNDDS,Mexican,0
"Taco, meat, no cheese",,243.0,15.2,15.9,13.2,2.2,FNDDS:2708530,FNDDS,Mexican,0
"Taco, meat, with beans, no cheese",,205.0,10.1,20.0,9.68,3.4,FNDDS:2708531,FNDDS,Mexican,0
"Taco, with beans, no cheese",,167.0,5.0,24.0,6.18,4.5,FNDDS:2708532,FNDDS,Mexican,0
"Taco, cheese only",,275.0,12.2,27.8,13.4,3.8,FNDDS:2708533,FNDDS,Mexican,0
"Burrito, NFS",,219.0,11.1,23.9,8.54,2.5,FNDDS:2708534,FNDDS,Mexican,0
"Burrito, beef, cheese",,267.0,13.3,28.3,10.7,2.0,FNDDS:2708535,FNDDS,Mexican,0
"Burrito, beef, with rice, cheese",,231.0,10.4,28.2,8.03,1.5,FNDDS:2708536,FNDDS,Mexican,0
"Burrito, beef, with beans, cheese",,219.0,11.1,23.9,8.54,2.5,FNDDS:2708537,FNDDS,Mexican,0
"Burrito, beef, with beans and rice, cheese",,225.0,10.8,26.0,8.29,2.0,FNDDS:2708538,FNDDS,Mexican,0
"Burrito, pork, cheese",,268.0,12.9,28.3,11.0,2.0,FNDDS:2708539,FNDDS,Mexican,0
"Burrito, pork, with rice, cheese",,232.0,10.2,28.2,8.26,1.5,FNDDS:2708540,FNDDS,Mexican,0
"Burrito, pork, with beans, cheese",,220.0,10.8,23.9,8.78,2.5,FNDDS:2708541,FNDDS,Mexican,0
"Burrito, pork, with beans and rice, cheese",,226.0,10.5,26.0,8.52,2.0,FNDDS:2708542,FNDDS,Mexican,0
"Burrito, chicken, cheese",,244.0,13.7,28.3,8.06,2.0,FNDDS:2708543,FNDDS,Mexican,0
"Burrito, chicken, with rice, cheese",,215.0,10.8,28.2,6.2,1.5,FNDDS:2708544,FNDDS,Mexican,0
"Burrito, chicken, with beans, cheese",,203.0,11.4,23.9,6.71,2.5,FNDDS:2708545,FNDDS,Mexican,0
"Burrito, chicken, with beans and rice, cheese",,209.0,11.1,26.0,6.45,2.0,FNDDS:2708546,FNDDS,Mexican,0
"Burrito, with beans, no cheese",,188.0,7.41,30.8,3.95,5.1,FNDDS:2708547,FNDDS,Mexican,0
"Burrito, with beans, cheese",,196.0,8.1,29.5,5.16,4.9,FNDDS:2708548,FNDDS,Mexican,0
"Burrito, with beans and rice, cheese",,202.0,6.89,32.2,4.87,3.2,FNDDS:2708549,FNDDS,Mexican,0
"Burrito, meat, no cheese",,262.0,12.8,29.6,9.75,2.1,FNDDS:2708550,FNDDS,Mexican,0
"Burrito, meat, with rice, no cheese",,224.0,9.84,29.6,6.91,1.6,FNDDS:2708551,FNDDS,Mexican,0
"Burrito, meat, with beans, no cheese",,211.0,10.6,25.0,7.45,2.6,FNDDS:2708552,FNDDS,Mexican,0
"Burrito, meat, with beans and rice, no cheese",,218.0,10.2,27.3,7.18,2.1,FNDDS:2708553,FNDDS,Mexican,0
"Burrito, cheese only",,328.0,13.7,30.6,16.5,2.1,FNDDS:2708554,FNDDS,Mexican,0
"Burrito bowl, NFS",,145.0,13.0,10.6,5.44,1.0,FNDDS:2708555,FNDDS,Mexican,0
"Burrito bowl, beef or pork",,213.0,20.0,0.27,14.2,0.0,FNDDS:2708556,FNDDS,Mexican,0
"Burrito bowl, beef or pork, with rice",,181.0,11.9,14.2,8.05,0.2,FNDDS:2708557,FNDDS,Mexican,0
"Burrito bowl, beef or pork, with beans",,161.0,13.1,6.94,8.91,1.8,FNDDS:2708558,FNDDS,Mexican,0
"Burrito bowl, beef or pork, with beans and rice",,171.0,12.5,10.6,8.48,1.0,FNDDS:2708559,FNDDS,Mexican,0
"Burrito bowl, chicken",,161.0,21.0,0.27,8.11,0.0,FNDDS:2708560,FNDDS,Mexican,0
"Burrito bowl, chicken, with rice",,155.0,12.5,14.2,5.0,0.2,FNDDS:2708561,FNDDS,Mexican,0
"Burrito bowl, chicken, with beans",,135.0,13.6,6.94,5.87,1.8,FNDDS:2708562,FNDDS,Mexican,0
"Burrito bowl, chicken, with beans and rice",,145.0,13.0,10.6,5.44,1.0,FNDDS:2708563,FNDDS,Mexican,0
"Burrito bowl, with beans",,129.0,8.04,17.3,3.42,5.7,FNDDS:2708564,FNDDS,Mexican,0
"Enchilada, NFS",,178.0,10.0,14.6,9.02,2.3,FNDDS:2708565,FNDDS,Mexican,0
"Enchilada, beef",,191.0,9.76,14.6,10.5,2.3,FNDDS:2708566,FNDDS,Mexican,0
"Enchilada, pork",,192.0,9.54,14.6,10.7,2.3,FNDDS:2708567,FNDDS,Mexican,0
"Enchilada, chicken",,178.0,10.0,14.6,9.02,2.3,FNDDS:2708568,FNDDS,Mexican,0
"Enchilada, no meat",,165.0,6.37,17.3,8.2,3.1,FNDDS:2708569,FNDDS,Mexican,0
"Tamale, NFS",,174.0,7.38,15.8,9.04,2.4,FNDDS:2708570,FNDDS,Mexican,0
"Tamale, beef",,174.0,7.38,15.8,9.04,2.4,FNDDS:2708571,FNDDS,Mexican,0
"Tamale, pork",,174.0,7.38,15.8,9.04,2.4,FNDDS:2708572,FNDDS,Mexican,0
"Tamale, chicken",,174.0,7.38,15.8,9.04,2.4,FNDDS:2708573,FNDDS,Mexican,0
"Tamale, no meat",,186.0,3.48,26.7,7.21,3.2,FNDDS:2708574,FNDDS,Mexican,0
Tamale casserole with meat,,174.0,7.38,15.8,9.04,2.4,FNDDS:2708575,FNDDS,Mexican,0
"Nachos, NFS",,265.0,7.6,23.8,15.8,1.7,FNDDS:2708576,FNDDS,Mexican,0
"Nachos, cheese only",,266.0,4.46,27.8,15.7,2.0,FNDDS:2708577,FNDDS,Mexican,0
"Nachos, beef or pork",,265.0,10.7,19.9,16.0,1.4,FNDDS:2708578,FNDDS,Mexican,0
"Nachos, beef or pork, with beans",,220.0,9.28,18.3,12.4,2.0,FNDDS:2708579,FNDDS,Mexican,0
"Nachos, chicken",,242.0,11.2,19.9,13.3,1.4,FNDDS:2708580,FNDDS,Mexican,0
"Nachos, chicken, with beans",,203.0,9.62,18.3,10.5,2.0,FNDDS:2708581,FNDDS,Mexican,0
"Nachos, with beans",,210.0,4.62,23.3,11.4,2.5,FNDDS:2708582,FNDDS,Mexican,0
"Gordita, cheese only",,324.0,10.6,22.4,21.6,1.7,FNDDS:2708583,FNDDS,World,0
"Gordita, with beans",,207.0,5.83,20.2,11.8,2.9,FNDDS:2708584,FNDDS,World,0
"Gordita, meat",,296.0,17.0,13.1,19.4,1.0,FNDDS:2708585,FNDDS,World,0
"Gordita, meat, with beans",,252.0,11.4,16.6,15.6,2.0,FNDDS:2708586,FNDDS,World,0
"Chimichanga, meat",,324.0,12.1,25.8,18.8,1.8,FNDDS:2708587,FNDDS,Mexican,0
"Chimichanga, with beans",,260.0,7.36,26.8,13.8,4.4,FNDDS:2708588,FNDDS,Mexican,0
"Chimichanga, chicken",,304.0,12.5,25.8,16.4,1.8,FNDDS:2708589,FNDDS,Mexican,0
"Quesadilla, NFS",,316.0,13.4,28.6,16.2,2.0,FNDDS:2708590,FNDDS,Mexican,0
"Quesadilla, cheese only",,316.0,13.4,28.6,16.2,2.0,FNDDS:2708591,FNDDS,Mexican,0
"Quesadilla, beef or pork",,305.0,14.1,27.3,15.1,1.9,FNDDS:2708592,FNDDS,Mexican,0
"Quesadilla, chicken",,287.0,14.4,27.3,13.0,1.9,FNDDS:2708593,FNDDS,Mexican,0
"Quesadilla, with vegetables",,253.0,8.14,29.2,11.3,2.2,FNDDS:2708594,FNDDS,Mexican,0
"Quesadilla, beef or pork, with vegetables",,279.0,11.1,28.2,13.2,2.1,FNDDS:2708595,FNDDS,Mexican,0
"Quesadilla, chicken, with vegetables",,270.0,11.3,28.2,12.1,2.1,FNDDS:2708596,FNDDS,Mexican,0
"Quesadilla, egg",,249.0,10.9,20.1,13.7,1.4,FNDDS:2708597,FNDDS,Mexican,0
"Quesadilla, egg, with meat",,249.0,11.4,19.1,13.9,1.3,FNDDS:2708598,FNDDS,Mexican,0
"Taquito, cheese only",,309.0,11.2,32.2,15.3,3.3,FNDDS:2708599,FNDDS,World,0
"Taquito, beef or pork",,287.0,12.2,31.6,12.5,3.3,FNDDS:2708600,FNDDS,World,0
"Taquito, chicken",,269.0,12.5,31.6,10.4,3.3,FNDDS:2708601,FNDDS,World,0
"Taquito, egg",,281.0,9.9,29.2,13.6,2.0,FNDDS:2708602,FNDDS,World,0
"Fajita, NFS",,219.0,11.7,18.0,11.0,1.5,FNDDS:2708603,FNDDS,Mexican,0
"Fajita, chicken",,206.0,11.3,18.0,9.8,1.5,FNDDS:2708604,FNDDS,Mexican,0
"Fajita, beef or pork",,231.0,12.1,18.0,12.2,1.5,FNDDS:2708605,FNDDS,Mexican,0
"Fajita, shrimp",,189.0,8.33,18.4,8.92,1.5,FNDDS:2708606,FNDDS,Mexican,0
"Fajita, vegetable",,166.0,3.22,20.4,7.84,2.0,FNDDS:2708607,FNDDS,Mexican,0
"Pupusa, cheese only",,256.0,11.7,22.4,13.2,2.9,FNDDS:2708608,FNDDS,World,0
"Pupusa, with beans",,229.0,5.59,31.5,9.01,5.8,FNDDS:2708609,FNDDS,World,0
"Pupusa, meat",,232.0,11.5,23.0,10.4,2.6,FNDDS:2708610,FNDDS,World,0
"Pupusa, meat, with beans",,230.0,8.55,27.3,9.72,4.2,FNDDS:2708611,FNDDS,World,0
"Pizza, cheese, from frozen, thin crust",,263.0,11.9,28.8,11.1,3.0,FNDDS:2708612,FNDDS,Italian,0
"Pizza, cheese, from frozen, thick crust",,268.0,10.4,29.0,12.3,2.2,FNDDS:2708613,FNDDS,Italian,0
"Pizza, cheese, from restaurant or fast food, NS as to type of crust",,266.0,11.4,33.3,9.69,2.3,FNDDS:2708614,FNDDS,Italian,0
"Pizza, cheese, from restaurant or fast food, thin crust",,266.0,11.4,33.3,9.69,2.3,FNDDS:2708615,FNDDS,Italian,0
"Pizza, cheese, from restaurant or fast food, medium crust",,266.0,11.4,33.3,9.69,2.3,FNDDS:2708616,FNDDS,Italian,0
"Pizza, cheese, from restaurant or fast food, thick crust",,271.0,10.8,33.2,10.5,2.2,FNDDS:2708617,FNDDS,Italian,0
"Pizza, cheese, stuffed crust",,274.0,12.2,30.0,11.6,1.7,FNDDS:2708618,FNDDS,Italian,0
"Pizza, cheese, from school lunch, medium crust",,250.0,13.7,29.7,8.59,3.4,FNDDS:2708619,FNDDS,Italian,0
"Pizza, cheese, from school lunch, thin crust",,247.0,12.7,31.3,7.91,4.0,FNDDS:2708620,FNDDS,Italian,0
"Pizza, cheese, from school lunch, thick crust",,254.0,14.6,28.1,9.27,2.9,FNDDS:2708621,FNDDS,Italian,0
"Pizza, extra cheese, thin crust",,268.0,12.1,31.7,10.3,2.2,FNDDS:2708622,FNDDS,Italian,0
"Pizza, extra cheese, thick crust",,272.0,11.4,31.8,11.0,2.1,FNDDS:2708623,FNDDS,Italian,0
"Pizza, cheese, with vegetables, from frozen, thin crust",,240.0,9.24,26.5,10.8,2.1,FNDDS:2708624,FNDDS,Italian,0
"Pizza, cheese with vegetables, from frozen, thick crust",,253.0,9.76,27.7,11.5,2.1,FNDDS:2708625,FNDDS,Italian,0
"Pizza, cheese, with vegetables, from restaurant or fast food, thin crust",,234.0,9.96,29.9,8.37,2.2,FNDDS:2708626,FNDDS,Italian,0
"Pizza, cheese, with vegetables, from restaurant or fast food, medium crust",,242.0,10.3,30.7,8.69,2.2,FNDDS:2708627,FNDDS,Italian,0
"Pizza, cheese, with vegetables, from restaurant or fast food, thick crust",,245.0,9.74,30.4,9.39,2.1,FNDDS:2708628,FNDDS,Italian,0
"Pizza with cheese and extra vegetables, thin crust",,208.0,8.68,26.0,7.8,2.1,FNDDS:2708629,FNDDS,Italian,0
"Pizza with cheese and extra vegetables, medium crust",,221.0,9.29,27.6,8.22,2.1,FNDDS:2708630,FNDDS,Italian,0
"Pizza with cheese and extra vegetables, thick crust",,240.0,9.51,29.4,9.46,2.1,FNDDS:2708631,FNDDS,Italian,0
"Pizza, cheese, with fruit, thin crust",,230.0,9.51,30.0,8.06,2.1,FNDDS:2708632,FNDDS,Italian,0
"Pizza, cheese, with fruit, medium crust",,239.0,9.96,30.8,8.45,2.1,FNDDS:2708633,FNDDS,Italian,0
"Pizza, cheese, with fruit, thick crust",,246.0,9.57,30.9,9.3,2.0,FNDDS:2708634,FNDDS,Italian,0
"Pizza with pepperoni, from frozen, thin crust",,274.0,12.2,27.5,12.7,2.9,FNDDS:2708635,FNDDS,Italian,0
"Pizza with pepperoni, from frozen, medium crust",,275.0,11.5,27.8,13.1,2.5,FNDDS:2708636,FNDDS,Italian,0
"Pizza with pepperoni, from frozen, thick crust",,276.0,10.7,28.1,13.4,2.1,FNDDS:2708637,FNDDS,Italian,0
"Pizza with pepperoni, from restaurant or fast food, NS as to type of crust",,282.0,11.7,32.0,11.9,2.3,FNDDS:2708638,FNDDS,Italian,0
"Pizza with pepperoni, from restaurant or fast food, thin crust",,282.0,11.7,32.0,11.9,2.3,FNDDS:2708639,FNDDS,Italian,0
"Pizza with pepperoni, from restaurant or fast food,  medium crust",,282.0,11.7,32.0,11.9,2.3,FNDDS:2708640,FNDDS,Italian,0
"Pizza with pepperoni, from restaurant or fast food, thick crust",,287.0,11.5,31.8,12.6,2.2,FNDDS:2708641,FNDDS,Italian,0
"Pizza with pepperoni, stuffed crust",,296.0,12.9,27.2,15.0,1.5,FNDDS:2708642,FNDDS,Italian,0
"Pizza with pepperoni, from school lunch, thin crust",,254.0,12.8,31.2,8.62,4.3,FNDDS:2708643,FNDDS,Italian,0
"Pizza, with pepperoni, from school lunch, medium crust",,256.0,13.6,29.8,9.22,4.3,FNDDS:2708644,FNDDS,Italian,0
"Pizza with pepperoni, from school lunch, thick crust",,259.0,14.4,28.3,9.82,4.3,FNDDS:2708645,FNDDS,Italian,0
"Pizza with meat other than pepperoni, from frozen, thin crust",,267.0,12.3,27.0,12.1,2.8,FNDDS:2708646,FNDDS,Italian,0
"Pizza with meat other than pepperoni, from frozen, medium crust",,269.0,11.6,27.3,12.5,2.4,FNDDS:2708647,FNDDS,Italian,0
"Pizza with meat other than pepperoni, from frozen, thick crust",,270.0,10.8,27.7,13.0,2.1,FNDDS:2708648,FNDDS,Italian,0
"Pizza with meat other than pepperoni, from restaurant or fast food, NS as to type of crust",,280.0,11.5,30.6,12.4,2.3,FNDDS:2708649,FNDDS,Italian,0
"Pizza with meat other than pepperoni, from restaurant or fast food, thin crust",,280.0,11.5,30.6,12.4,2.3,FNDDS:2708650,FNDDS,Italian,0
"Pizza with meat other than pepperoni, from restaurant or fast food, medium crust",,280.0,11.5,30.6,12.4,2.3,FNDDS:2708651,FNDDS,Italian,0
"Pizza with meat other than pepperoni, from restaurant or fast food, thick crust",,282.0,11.1,30.4,12.9,2.3,FNDDS:2708652,FNDDS,Italian,0
"Pizza, with meat other than pepperoni, stuffed crust",,278.0,12.8,27.3,13.0,1.5,FNDDS:2708653,FNDDS,Italian,0
"Pizza, with meat other than pepperoni, from school lunch, medium crust",,254.0,12.9,31.4,8.45,4.0,FNDDS:2708654,FNDDS,Italian,0
"Pizza, with meat other than pepperoni, from school lunch, thin crust",,250.0,12.6,32.2,7.83,3.9,FNDDS:2708655,FNDDS,Italian,0
"Pizza, with meat other than pepperoni, from school lunch, thick crust",,257.0,13.3,30.6,9.07,4.0,FNDDS:2708656,FNDDS,Italian,0
"Pizza with extra meat, thin crust",,277.0,14.7,24.2,13.4,1.7,FNDDS:2708657,FNDDS,Italian,0
"Pizza with extra meat, medium crust",,274.0,13.8,26.6,12.4,1.8,FNDDS:2708658,FNDDS,Italian,0
"Pizza with extra meat, thick crust",,278.0,13.3,26.6,13.0,1.8,FNDDS:2708659,FNDDS,Italian,0
"Pizza with meat and vegetables, from frozen, thin crust",,276.0,11.3,25.1,14.4,2.2,FNDDS:2708660,FNDDS,Italian,0
"Pizza with meat and vegetables, from frozen, medium crust",,276.0,11.3,25.1,14.4,2.2,FNDDS:2708661,FNDDS,Italian,0
"Pizza with meat and vegetables, from frozen, thick crust",,276.0,11.3,25.1,14.4,2.2,FNDDS:2708662,FNDDS,Italian,0
"Pizza with meat and vegetables, from restaurant or fast food, thin crust",,241.0,11.6,26.6,9.87,1.9,FNDDS:2708663,FNDDS,Italian,0
"Pizza with meat and vegetables, from restaurant or fast food, medium crust",,248.0,11.5,28.4,9.83,2.0,FNDDS:2708664,FNDDS,Italian,0
"Pizza with meat and vegetables, from restaurant or fast food, thick crust",,259.0,10.9,30.1,10.5,2.0,FNDDS:2708665,FNDDS,Italian,0
"Pizza with extra meat and extra vegetables, thin crust",,222.0,11.4,23.7,9.16,1.9,FNDDS:2708666,FNDDS,Italian,0
"Pizza with extra meat and extra vegetables, thick crust",,239.0,11.0,26.4,9.97,1.9,FNDDS:2708667,FNDDS,Italian,0
"Pizza with extra meat and extra vegetables, medium crust",,233.0,11.4,26.0,9.29,2.0,FNDDS:2708668,FNDDS,Italian,0
"Pizza with meat and fruit, thin crust",,227.0,10.9,27.0,8.34,1.8,FNDDS:2708669,FNDDS,Italian,0
"Pizza with meat and fruit, medium crust",,234.0,11.0,28.2,8.59,1.9,FNDDS:2708670,FNDDS,Italian,0
"Pizza with meat and fruit, thick crust",,245.0,10.6,29.1,9.53,1.9,FNDDS:2708671,FNDDS,Italian,0
"Pizza with beans and vegetables, thin crust",,203.0,9.29,26.9,6.63,3.2,FNDDS:2708672,FNDDS,Italian,0
"Pizza with beans and vegetables, thick crust",,225.0,9.46,28.6,8.18,2.8,FNDDS:2708673,FNDDS,Italian,0
"Pizza, no cheese, thin crust",,276.0,7.46,31.0,13.7,1.8,FNDDS:2708674,FNDDS,Italian,0
"Pizza, no cheese, thick crust",,293.0,7.58,38.3,12.3,1.9,FNDDS:2708675,FNDDS,Italian,0
"White pizza, cheese, thin crust",,285.0,12.4,27.6,13.7,1.1,FNDDS:2708676,FNDDS,Italian,0
"White pizza, cheese, thick crust",,280.0,11.8,31.8,11.4,1.3,FNDDS:2708677,FNDDS,Italian,0
"White pizza, cheese, with vegetables, thin crust",,241.0,10.1,23.6,11.7,1.2,FNDDS:2708678,FNDDS,Italian,0
"White pizza, cheese, with vegetables, thick crust",,244.0,10.0,27.8,10.1,1.3,FNDDS:2708679,FNDDS,Italian,0
"White pizza, cheese, with meat, thin crust",,304.0,13.6,22.8,17.4,0.9,FNDDS:2708680,FNDDS,Italian,0
"White pizza, cheese, with meat, thick crust",,296.0,12.8,27.2,14.8,1.1,FNDDS:2708681,FNDDS,Italian,0
"White pizza, cheese, with meat and vegetables, thin crust",,272.0,12.1,21.1,15.3,1.0,FNDDS:2708682,FNDDS,Italian,0
"White pizza, cheese, with meat and vegetables, thick crust",,270.0,11.7,25.3,13.3,1.1,FNDDS:2708683,FNDDS,Italian,0
"Calzone, with cheese, meatless",,389.0,17.6,29.5,22.5,1.3,FNDDS:2708684,FNDDS,Italian,0
"Calzone, with meat and cheese",,343.0,14.8,31.3,17.7,1.4,FNDDS:2708685,FNDDS,Italian,0
Pizza rolls,,345.0,9.19,53.4,10.5,1.3,FNDDS:2708686,FNDDS,Italian,0
"Pizza, cheese, whole wheat thin crust",,267.0,11.8,28.6,12.4,3.5,FNDDS:2708687,FNDDS,Italian,0
"Pizza, cheese, whole wheat thick crust",,265.0,11.4,33.0,10.4,3.9,FNDDS:2708688,FNDDS,Italian,0
"Pizza, with meat, whole wheat thin crust",,289.0,13.0,23.6,16.4,2.9,FNDDS:2708689,FNDDS,Italian,0
"Pizza, with meat, whole wheat thick crust",,284.0,12.5,28.1,14.0,3.3,FNDDS:2708690,FNDDS,Italian,0
"Pizza, cheese and vegetables, whole wheat thin crust",,226.0,9.61,24.4,10.6,3.1,FNDDS:2708691,FNDDS,Italian,0
"Pizza, cheese and vegetables, whole wheat thick crust",,231.0,9.67,28.7,9.29,3.5,FNDDS:2708692,FNDDS,Italian,0
"Pizza, cheese, gluten-free thin crust",,264.0,8.73,26.5,13.6,2.5,FNDDS:2708693,FNDDS,Italian,0
"Pizza, cheese, gluten-free thick crust",,261.0,7.81,30.5,11.9,2.9,FNDDS:2708694,FNDDS,Italian,0
"Pizza, with meat, gluten-free thin crust",,287.0,10.6,21.9,17.4,2.1,FNDDS:2708695,FNDDS,Italian,0
"Pizza, with meat, gluten-free thick crust",,280.0,9.48,26.1,15.2,2.5,FNDDS:2708696,FNDDS,Italian,0
"Pizza, cheese and vegetables, gluten-free thin crust",,223.0,7.18,22.7,11.6,2.3,FNDDS:2708697,FNDDS,Italian,0
"Pizza, cheese and vegetables, gluten-free thick crust",,228.0,6.68,26.7,10.5,2.7,FNDDS:2708698,FNDDS,Italian,0
Breakfast pizza with egg,,292.0,14.0,25.6,14.5,1.1,FNDDS:2708699,FNDDS,Italian,0
"Egg roll, meatless",,270.0,5.62,30.0,14.1,2.3,FNDDS:2708700,FNDDS,Chinese,0
"Egg roll, with shrimp",,258.0,6.68,27.1,13.6,2.0,FNDDS:2708701,FNDDS,Chinese,0
"Egg roll, with beef and/or pork",,272.0,7.58,27.0,14.7,2.0,FNDDS:2708702,FNDDS,Chinese,0
"Egg roll, with chicken or turkey",,266.0,7.59,27.0,14.1,2.0,FNDDS:2708703,FNDDS,Chinese,0
"Roll with meat and/or shrimp, vegetables and rice paper, not fried",,112.0,5.65,17.2,2.65,1.9,FNDDS:2708704,FNDDS,World,0
"Wonton, dumpling or pot sticker, fried",,192.0,8.76,14.0,11.1,1.5,FNDDS:2708705,FNDDS,Chinese,0
"Wonton, dumpling or pot sticker, fried, no meat",,192.0,8.76,14.0,11.1,1.5,FNDDS:2708706,FNDDS,Chinese,0
"Puffs, fried, crab meat and cream cheese filled",,314.0,9.4,35.1,15.1,1.2,FNDDS:2708707,FNDDS,World,0
"Wonton, dumpling or pot sticker, steamed",,113.0,6.9,11.1,4.6,1.2,FNDDS:2708708,FNDDS,Chinese,0
"Empanada, NFS",,291.0,7.19,29.9,16.0,2.0,FNDDS:2708709,FNDDS,World,0
"Empanada, no meat",,265.0,5.75,31.5,13.2,3.4,FNDDS:2708710,FNDDS,World,0
"Empanada, beef",,333.0,12.1,27.4,19.2,1.6,FNDDS:2708711,FNDDS,World,0
"Empanada, beef, with vegetables",,291.0,7.19,29.9,16.0,2.0,FNDDS:2708712,FNDDS,World,0
"Empanada, chicken",,309.0,12.6,27.4,16.5,1.6,FNDDS:2708713,FNDDS,World,0
"Empanada, chicken, with vegetables",,283.0,7.35,29.9,15.1,2.0,FNDDS:2708714,FNDDS,World,0
"Cornmeal stick, Puerto Rican style",,415.0,6.92,48.4,21.0,2.4,FNDDS:2708715,FNDDS,World,0
"Kibby, Puerto Rican style",,168.0,8.76,18.0,7.2,3.1,FNDDS:2708716,FNDDS,World,0
Bacalaitos fritos,,281.0,14.4,36.1,8.63,1.2,FNDDS:2708717,FNDDS,World,0
"Hayacas, Puerto Rican style",,157.0,5.82,9.37,10.8,1.1,FNDDS:2708718,FNDDS,World,0
"Crepe, with meat",,173.0,12.9,7.73,10.1,0.3,FNDDS:2708719,FNDDS,World,0
Pierogi,,195.0,5.26,29.6,6.14,0.9,FNDDS:2708720,FNDDS,World,0
"Gnocchi, cheese",,178.0,8.51,9.38,12.0,0.2,FNDDS:2708721,FNDDS,Italian,0
"Gnocchi, potato",,135.0,2.44,17.2,6.33,1.0,FNDDS:2708722,FNDDS,Italian,0
Knish,,345.0,10.5,31.9,19.7,1.1,FNDDS:2708723,FNDDS,World,0
Bao bun,,273.0,11.2,39.8,7.58,1.2,FNDDS:2708724,FNDDS,World,0
"Bao bun, no meat",,268.0,6.73,54.3,2.94,3.4,FNDDS:2708725,FNDDS,World,0
"Pastry, cheese-filled",,274.0,9.92,15.4,19.2,0.4,FNDDS:2708726,FNDDS,World,0
"Pastry, egg and cheese filled",,349.0,8.38,43.8,15.7,1.6,FNDDS:2708727,FNDDS,World,0
"Pastry, meat / poultry-filled",,341.0,11.5,30.9,19.2,1.1,FNDDS:2708728,FNDDS,World,0
Spanakopita,,212.0,8.27,10.4,15.2,1.0,FNDDS:2708729,FNDDS,Middle Eastern,0
Samosa,,310.0,5.14,33.2,17.5,1.8,FNDDS:2708730,FNDDS,Indian,0
"Quiche with meat, poultry or fish",,387.0,15.5,12.1,30.6,0.7,FNDDS:2708731,FNDDS,World,0
"Spinach quiche, meatless",,299.0,10.3,11.7,23.5,1.0,FNDDS:2708732,FNDDS,World,0
"Cheese quiche, meatless",,365.0,11.9,13.7,29.2,0.8,FNDDS:2708733,FNDDS,World,0
"Turnover or hot pocket, NFS",,260.0,10.3,27.9,11.9,1.6,FNDDS:2708734,FNDDS,World,0
"Turnover or hot pocket, meatless",,198.0,5.07,27.0,7.78,1.6,FNDDS:2708735,FNDDS,World,0
"Turnover or hot pocket, beef",,233.0,10.4,24.5,10.2,1.3,FNDDS:2708736,FNDDS,World,0
"Turnover or hot pocket, ham",,256.0,9.32,27.8,11.8,1.5,FNDDS:2708737,FNDDS,World,0
"Turnover or hot pocket, pizza pocket, meat",,260.0,10.3,27.9,11.9,1.6,FNDDS:2708738,FNDDS,Italian,0
"Turnover or hot pocket, pizza pocket",,244.0,9.66,29.7,9.62,1.7,FNDDS:2708739,FNDDS,Italian,0
"Turnover or hot pocket, chicken",,215.0,10.7,24.5,8.21,1.3,FNDDS:2708740,FNDDS,World,0
"Turnover, seafood",,207.0,9.39,24.6,7.91,1.3,FNDDS:2708741,FNDDS,World,0
Turnover or lean pocket,,208.0,10.6,24.4,7.5,1.4,FNDDS:2708742,FNDDS,World,0
"Turnover or breakfast pocket, egg",,265.0,10.0,30.9,11.3,1.5,FNDDS:2708743,FNDDS,World,0
Biscuit with gravy,,224.0,6.2,17.0,14.7,0.8,FNDDS:2708744,FNDDS,World,0
Chicken cornbread,,167.0,13.8,9.38,8.21,0.4,FNDDS:2708745,FNDDS,World,0
Cornmeal dressing with chicken or turkey and vegetables,,237.0,7.6,19.3,14.4,1.2,FNDDS:2708746,FNDDS,World,0
Dressing with oysters,,189.0,4.95,18.4,10.8,1.2,FNDDS:2708747,FNDDS,World,0
Dressing with chicken or turkey and vegetables,,217.0,8.2,21.0,11.2,1.4,FNDDS:2708748,FNDDS,World,0
Dressing with meat and vegetables,,243.0,7.94,20.4,14.6,1.3,FNDDS:2708749,FNDDS,World,0
Lasagna with meat,,139.0,7.45,16.2,4.97,1.6,FNDDS:2708750,FNDDS,Italian,0
"Lasagna with meat, canned",,97.0,3.24,13.3,3.41,1.5,FNDDS:2708751,FNDDS,Italian,0
"Lasagna with meat, from restaurant",,185.0,10.8,11.4,10.7,1.5,FNDDS:2708752,FNDDS,Italian,0
"Lasagna with meat, home recipe",,206.0,13.6,13.1,10.9,1.1,FNDDS:2708753,FNDDS,Italian,0
"Lasagna with meat, frozen",,124.0,6.63,14.4,4.42,1.4,FNDDS:2708754,FNDDS,Italian,0
Lasagna with meat and spinach,,207.0,13.3,13.8,10.8,1.1,FNDDS:2708755,FNDDS,Italian,0
Lasagna with chicken or turkey,,205.0,13.7,14.0,10.4,1.0,FNDDS:2708756,FNDDS,Italian,0
"Lasagna, with chicken or turkey, and spinach",,201.0,13.5,13.8,10.1,1.1,FNDDS:2708757,FNDDS,Italian,0
"Lasagna, meatless",,130.0,6.54,13.8,5.33,1.7,FNDDS:2708758,FNDDS,Italian,0
"Lasagna, meatless, with vegetables",,188.0,11.2,14.5,9.38,1.2,FNDDS:2708759,FNDDS,Italian,0
"Ravioli, NS as to filling, no sauce",,185.0,10.3,19.9,6.97,0.7,FNDDS:2708760,FNDDS,Italian,0
"Ravioli, NS as to filling, with tomato sauce",,138.0,6.92,14.6,5.9,0.9,FNDDS:2708761,FNDDS,Italian,0
"Ravioli, NS as to filling, with cream sauce",,169.0,8.12,15.2,8.38,0.5,FNDDS:2708762,FNDDS,Italian,0
"Ravioli, meat-filled, no sauce",,190.0,12.6,17.7,7.42,0.6,FNDDS:2708763,FNDDS,Italian,0
"Ravioli, meat-filled, with tomato sauce or meat sauce",,148.0,8.74,14.5,6.25,1.0,FNDDS:2708764,FNDDS,Italian,0
"Ravioli, meat-filled, with tomato sauce or meat sauce, canned",,97.0,3.24,13.3,3.41,1.5,FNDDS:2708765,FNDDS,Italian,0
"Ravioli, meat-filled, with cream sauce",,176.0,10.2,13.7,8.8,0.4,FNDDS:2708766,FNDDS,Italian,0
"Ravioli, cheese-filled, no sauce",,173.0,7.39,21.7,6.25,0.7,FNDDS:2708767,FNDDS,Italian,0
"Ravioli, cheese-filled, with tomato sauce",,98.0,3.98,15.2,2.3,1.2,FNDDS:2708768,FNDDS,Italian,0
"Ravioli, cheese-filled, with tomato sauce, canned",,77.0,2.48,13.6,1.45,1.3,FNDDS:2708769,FNDDS,Italian,0
"Ravioli, cheese-filled, with meat sauce",,137.0,6.37,14.3,6.14,0.8,FNDDS:2708770,FNDDS,Italian,0
"Ravioli, cheese-filled, with cream sauce",,160.0,6.06,16.2,7.91,0.5,FNDDS:2708771,FNDDS,Italian,0
"Ravioli, cheese and spinach-filled, no sauce",,150.0,6.62,20.8,4.51,1.0,FNDDS:2708772,FNDDS,Italian,0
"Ravioli, cheese and spinach-filled, with cream sauce",,145.0,5.56,15.7,6.74,0.7,FNDDS:2708773,FNDDS,Italian,0
"Ravioli, cheese and spinach filled, with tomato sauce",,117.0,5.19,16.8,3.37,1.2,FNDDS:2708774,FNDDS,Italian,0
"Manicotti, cheese-filled, no sauce",,207.0,10.4,20.4,9.3,0.6,FNDDS:2708775,FNDDS,Italian,0
"Manicotti, cheese-filled, with tomato sauce, meatless",,153.0,7.63,16.2,6.59,0.9,FNDDS:2708776,FNDDS,Italian,0
"Manicotti, cheese-filled, with meat sauce",,160.0,8.83,15.1,7.28,0.8,FNDDS:2708777,FNDDS,Italian,0
"Manicotti, vegetable- and cheese-filled, with tomato sauce, meatless",,135.0,6.43,15.9,5.18,1.0,FNDDS:2708778,FNDDS,Italian,0
"Stuffed shells, cheese-filled, no sauce",,205.0,9.93,22.2,8.51,0.7,FNDDS:2708779,FNDDS,World,0
"Stuffed shells, cheese-filled, with tomato sauce, meatless",,146.0,7.0,16.9,5.76,0.9,FNDDS:2708780,FNDDS,World,0
"Stuffed shells, cheese-filled, with meat sauce",,158.0,8.46,16.6,6.54,1.0,FNDDS:2708781,FNDDS,World,0
"Stuffed shells, cheese- and spinach- filled, no sauce",,187.0,9.56,22.4,6.63,1.0,FNDDS:2708782,FNDDS,World,0
"Stuffed shells, with chicken, with tomato sauce",,136.0,10.8,16.3,3.36,1.1,FNDDS:2708783,FNDDS,World,0
"Stuffed shells, with fish and/or shellfish, with tomato sauce",,116.0,8.85,16.1,1.94,1.1,FNDDS:2708784,FNDDS,World,0
"Tortellini, meat-filled, with tomato sauce",,134.0,6.62,15.8,4.92,1.0,FNDDS:2708785,FNDDS,Italian,0
"Tortellini, meat-filled, with tomato sauce, canned",,89.0,3.24,15.8,1.63,1.4,FNDDS:2708786,FNDDS,Italian,0
"Tortellini, cheese-filled, meatless, with tomato sauce",,149.0,6.18,23.0,3.65,1.6,FNDDS:2708787,FNDDS,Italian,0
"Tortellini, cheese-filled, meatless, with tomato sauce, canned",,91.0,3.48,16.0,1.5,0.8,FNDDS:2708788,FNDDS,Italian,0
"Tortellini, cheese-filled, meatless, with vinaigrette dressing",,193.0,6.23,18.8,10.4,0.6,FNDDS:2708789,FNDDS,Italian,0
"Tortellini, meat-filled, no sauce",,190.0,12.3,18.0,7.51,0.6,FNDDS:2708790,FNDDS,Italian,0
"Tortellini, cheese-filled, with cream sauce",,153.0,5.82,16.7,6.99,0.5,FNDDS:2708791,FNDDS,Italian,0
"Tortellini, cheese-filled, no sauce",,236.0,10.4,36.2,5.56,1.5,FNDDS:2708792,FNDDS,Italian,0
"Tortellini, spinach-filled, with tomato sauce",,121.0,4.49,16.1,4.36,1.2,FNDDS:2708793,FNDDS,Italian,0
"Tortellini, spinach-filled, no sauce",,188.0,8.94,21.4,7.4,0.9,FNDDS:2708794,FNDDS,Italian,0
"Cannelloni, cheese- and spinach-filled, no sauce",,157.0,6.31,18.4,6.51,1.1,FNDDS:2708795,FNDDS,World,0
Chow fun noodles with meat and vegetables,,102.0,7.09,11.5,2.74,0.9,FNDDS:2708796,FNDDS,World,0
"Chow fun noodles with vegetables, meatless",,74.0,1.56,14.5,0.97,1.1,FNDDS:2708797,FNDDS,World,0
"Lo mein, NFS",,121.0,4.77,20.2,2.35,1.3,FNDDS:2708798,FNDDS,Chinese,0
"Lo mein, meatless",,121.0,4.77,20.2,2.35,1.3,FNDDS:2708799,FNDDS,Chinese,0
"Lo mein, with shrimp",,121.0,8.56,16.2,2.21,1.0,FNDDS:2708800,FNDDS,Chinese,0
"Lo mein, with pork",,138.0,9.48,16.2,3.79,1.0,FNDDS:2708801,FNDDS,Chinese,0
"Lo mein, with beef",,129.0,9.73,16.2,2.77,1.0,FNDDS:2708802,FNDDS,Chinese,0
"Lo mein, with chicken",,130.0,9.15,16.2,3.15,1.0,FNDDS:2708803,FNDDS,Chinese,0
"Pad Thai, NFS",,154.0,8.13,14.4,7.5,1.2,FNDDS:2708804,FNDDS,Thai,0
"Pad Thai, meatless",,165.0,5.79,16.3,9.2,1.8,FNDDS:2708805,FNDDS,Thai,0
Pad Thai with chicken,,154.0,8.13,14.4,7.5,1.2,FNDDS:2708806,FNDDS,Thai,0
Pad Thai with seafood,,147.0,6.84,15.0,6.82,1.2,FNDDS:2708807,FNDDS,Thai,0
Pad Thai with meat,,160.0,8.18,14.7,7.92,1.2,FNDDS:2708808,FNDDS,Thai,0
"Adobo, with noodles",,172.0,16.9,8.14,7.66,0.4,FNDDS:2708809,FNDDS,World,0
"Macaroni with tuna, Puerto Rican style",,147.0,7.71,18.1,4.74,0.9,FNDDS:2708810,FNDDS,World,0
Macaroni or noodles with cheese,,223.0,8.68,23.1,10.5,1.2,FNDDS:2708811,FNDDS,World,0
"Macaroni or noodles with cheese, from restaurant",,151.0,5.42,18.8,6.06,1.1,FNDDS:2708812,FNDDS,World,0
"Macaroni or noodles with cheese, made from packaged mix",,179.0,4.64,22.2,8.04,1.0,FNDDS:2708813,FNDDS,World,0
"Macaroni or noodles with cheese, canned",,82.0,3.38,11.5,2.46,0.5,FNDDS:2708814,FNDDS,World,0
"Macaroni or noodles with cheese, Easy Mac type",,110.0,3.26,20.1,1.86,0.5,FNDDS:2708815,FNDDS,World,0
"Macaroni or noodles with cheese, made from reduced fat packaged mix",,131.0,4.57,17.3,4.82,0.6,FNDDS:2708816,FNDDS,World,0
Macaroni or noodles with cheese and tuna,,164.0,7.59,18.2,6.79,0.8,FNDDS:2708817,FNDDS,World,0
Macaroni or noodles with cheese and meat,,210.0,11.8,15.1,11.2,0.7,FNDDS:2708818,FNDDS,World,0
"Macaroni or noodles with cheese and meat, prepared from Hamburger Helper mix",,144.0,8.24,10.3,7.59,0.3,FNDDS:2708819,FNDDS,American,0
Macaroni or noodles with cheese and tomato,,148.0,3.94,18.7,6.53,1.1,FNDDS:2708820,FNDDS,World,0
Macaroni or noodles with cheese and frankfurters or hot dogs,,209.0,6.17,18.7,12.2,0.8,FNDDS:2708821,FNDDS,American,0
Macaroni or noodles with cheese and egg,,185.0,5.91,19.0,9.52,0.8,FNDDS:2708822,FNDDS,World,0
Macaroni or noodles with cheese and chicken or turkey,,178.0,12.5,14.8,7.61,0.7,FNDDS:2708823,FNDDS,World,0
"Macaroni or noodles with cheese, whole grain",,219.0,8.77,22.7,10.9,2.2,FNDDS:2708824,FNDDS,World,0
"Pasta with tomato-based sauce, cheese and meat",,147.0,7.61,13.3,7.1,0.8,FNDDS:2708825,FNDDS,World,0
Pasta with tomato-based sauce and cheese,,119.0,3.74,15.0,4.83,1.7,FNDDS:2708826,FNDDS,World,0
"Pasta with vegetables, no sauce or dressing",,144.0,4.46,23.1,3.54,2.3,FNDDS:2708827,FNDDS,World,0
"Pasta with sauce, NFS",,125.0,5.86,19.2,2.58,1.6,FNDDS:2708828,FNDDS,World,0
"Pasta with sauce, meatless, school lunch",,102.0,3.78,19.4,1.6,2.9,FNDDS:2708829,FNDDS,World,0
"Pasta with tomato-based sauce, restaurant",,160.0,3.41,18.4,7.97,1.7,FNDDS:2708830,FNDDS,World,0
"Pasta with tomato-based sauce, home recipe",,106.0,3.69,19.9,1.2,1.8,FNDDS:2708831,FNDDS,World,0
"Pasta with tomato-based sauce, ready-to-heat",,120.0,3.61,19.4,2.98,1.8,FNDDS:2708832,FNDDS,World,0
"Pasta with tomato-based sauce, and added vegetables, restaurant",,158.0,3.46,18.1,7.84,1.6,FNDDS:2708833,FNDDS,World,0
"Pasta with tomato-based sauce, and added vegetables, home recipe",,104.0,3.74,19.6,1.06,1.8,FNDDS:2708834,FNDDS,World,0
"Pasta with tomato-based sauce, and added vegetables, ready-to-heat",,118.0,3.66,19.2,2.85,1.7,FNDDS:2708835,FNDDS,World,0
"Pasta with sauce and meat, from school lunch",,117.0,5.95,17.5,3.12,2.6,FNDDS:2708836,FNDDS,World,0
"Pasta with tomato-based sauce and meat, restaurant",,178.0,5.43,17.7,9.25,1.5,FNDDS:2708837,FNDDS,World,0
"Pasta with tomato-based sauce and meat, home recipe",,125.0,5.86,19.2,2.58,1.6,FNDDS:2708838,FNDDS,World,0
"Pasta with tomato-based sauce and meat, ready-to-heat",,139.0,5.74,18.7,4.34,1.6,FNDDS:2708839,FNDDS,World,0
"Pasta with tomato-based sauce, meat, and added vegetables, restaurant",,176.0,5.47,17.5,9.15,1.5,FNDDS:2708840,FNDDS,World,0
"Pasta with tomato-based sauce, meat, and added vegetables, home recipe",,123.0,5.91,18.9,2.47,1.6,FNDDS:2708841,FNDDS,World,0
"Pasta with tomato-based sauce, meat, and added vegetables, ready-to-heat",,137.0,5.78,18.5,4.23,1.6,FNDDS:2708842,FNDDS,World,0
"Pasta with tomato-based sauce and poultry, restaurant",,171.0,5.59,17.7,8.47,1.5,FNDDS:2708843,FNDDS,World,0
"Pasta with tomato-based sauce and poultry, home recipe",,118.0,6.04,19.2,1.74,1.6,FNDDS:2708844,FNDDS,World,0
"Pasta with tomato-based sauce and poultry, ready-to-heat",,132.0,5.91,18.7,3.52,1.6,FNDDS:2708845,FNDDS,World,0
"Pasta with tomato-based sauce, poultry, and added vegetables, restaurant",,169.0,5.63,17.5,8.37,1.5,FNDDS:2708846,FNDDS,World,0
"Pasta with tomato-based sauce, poultry, and added vegetables, home recipe",,116.0,6.08,18.9,1.63,1.6,FNDDS:2708847,FNDDS,World,0
"Pasta with tomato-based sauce, poultry, and added vegetables, ready-to-heat",,130.0,5.95,18.5,3.41,1.6,FNDDS:2708848,FNDDS,World,0
"Pasta with tomato-based sauce and seafood, restaurant",,166.0,5.16,18.0,7.97,1.5,FNDDS:2708849,FNDDS,World,0
"Pasta with tomato-based sauce and seafood, home recipe",,113.0,5.58,19.4,1.19,1.6,FNDDS:2708850,FNDDS,World,0
"Pasta with tomato-based sauce and seafood, ready-to-heat",,127.0,5.45,19.0,2.98,1.6,FNDDS:2708851,FNDDS,World,0
"Pasta with tomato-based sauce, seafood, and added vegetables, restaurant",,164.0,5.2,17.8,7.87,1.5,FNDDS:2708852,FNDDS,World,0
"Pasta with tomato-based sauce, seafood, and added vegetables, home recipe",,111.0,5.62,19.2,1.09,1.6,FNDDS:2708853,FNDDS,World,0
"Pasta with tomato-based sauce, seafood, and added vegetables, ready-to-heat",,125.0,5.5,18.8,2.87,1.6,FNDDS:2708854,FNDDS,World,0
"Pasta with cream sauce, restaurant",,204.0,3.72,15.6,14.0,0.9,FNDDS:2708855,FNDDS,World,0
"Pasta with cream sauce, home recipe",,154.0,4.03,16.8,7.7,0.9,FNDDS:2708856,FNDDS,World,0
"Pasta with cream sauce, ready-to-heat",,167.0,3.94,16.5,9.35,0.9,FNDDS:2708857,FNDDS,World,0
"Pasta with cream sauce and added vegetables, restaurant",,191.0,3.7,16.0,12.4,1.0,FNDDS:2708858,FNDDS,World,0
"Pasta with cream sauce and added vegetables, from home recipe",,141.0,4.0,17.3,6.04,1.1,FNDDS:2708859,FNDDS,World,0
"Pasta with cream sauce and added vegetables, ready-to-heat",,154.0,3.92,16.9,7.72,1.1,FNDDS:2708860,FNDDS,World,0
"Pasta with cream sauce and meat, restaurant",,213.0,5.67,15.4,14.1,0.9,FNDDS:2708861,FNDDS,World,0
"Pasta with cream sauce and meat, home recipe",,164.0,6.14,16.7,7.87,0.9,FNDDS:2708862,FNDDS,World,0
"Pasta with cream sauce and meat, ready-to-heat",,177.0,6.01,16.3,9.51,0.9,FNDDS:2708863,FNDDS,World,0
"Pasta with cream sauce, meat, and added vegetables, restaurant",,203.0,5.65,15.7,12.8,1.0,FNDDS:2708864,FNDDS,World,0
"Pasta with cream sauce, meat, and added vegetables, home recipe",,153.0,6.12,17.0,6.52,1.1,FNDDS:2708865,FNDDS,World,0
"Pasta with cream sauce, meat, and added vegetables, ready-to-heat",,166.0,5.99,16.7,8.19,1.0,FNDDS:2708866,FNDDS,World,0
"Pasta with cream sauce and poultry, restaurant",,206.0,5.83,15.4,13.3,0.9,FNDDS:2708867,FNDDS,World,0
"Pasta with cream sauce and poultry, home recipe",,157.0,6.32,16.7,7.03,0.9,FNDDS:2708868,FNDDS,World,0
"Pasta with cream sauce and poultry, ready-to-heat",,170.0,6.18,16.3,8.69,0.9,FNDDS:2708869,FNDDS,World,0
"Pasta with cream sauce, poultry, and added vegetables, restaurant",,196.0,5.81,15.7,12.1,1.0,FNDDS:2708870,FNDDS,World,0
"Pasta with cream sauce, poultry, and added vegetables, home recipe",,146.0,6.3,17.0,5.68,1.1,FNDDS:2708871,FNDDS,World,0
"Pasta with cream sauce, poultry, and added vegetables, ready-to-heat",,159.0,6.16,16.7,7.37,1.0,FNDDS:2708872,FNDDS,World,0
"Pasta with cream sauce and seafood, restaurant",,202.0,5.4,15.7,12.8,0.9,FNDDS:2708873,FNDDS,World,0
"Pasta with cream sauce and seafood, home recipe",,152.0,5.86,17.0,6.48,0.9,FNDDS:2708874,FNDDS,World,0
"Pasta with cream sauce and seafood, ready-to-heat",,165.0,5.73,16.6,8.15,0.9,FNDDS:2708875,FNDDS,World,0
"Pasta with cream sauce, seafood, and added vegetables, restaurant",,191.0,5.38,16.0,11.6,1.0,FNDDS:2708876,FNDDS,World,0
"Pasta with cream sauce, seafood, and added vegetables, home recipe",,141.0,5.83,17.3,5.13,1.1,FNDDS:2708877,FNDDS,World,0
"Pasta with cream sauce, seafood, and added vegetables, ready-to-heat",,154.0,5.71,16.9,6.83,1.0,FNDDS:2708878,FNDDS,World,0
"Pasta, whole grain, with tomato-based sauce, restaurant",,156.0,3.51,18.0,8.34,2.7,FNDDS:2708879,FNDDS,World,0
"Pasta, whole grain, with tomato-based sauce, home recipe",,102.0,3.78,19.5,1.6,2.9,FNDDS:2708880,FNDDS,World,0
"Pasta, whole grain, with tomato-based sauce, ready-to-heat",,116.0,3.7,19.0,3.38,2.8,FNDDS:2708881,FNDDS,World,0
"Pasta, whole grain, with tomato-based sauce and added vegetables, restaurant",,154.0,3.56,17.8,8.22,2.6,FNDDS:2708882,FNDDS,World,0
"Pasta, whole grain, with tomato-based sauce and added vegetables, home recipe",,99.0,3.84,19.2,1.47,2.9,FNDDS:2708883,FNDDS,World,0
"Pasta, whole grain, with tomato-based sauce and added vegetables, ready-to-heat",,114.0,3.76,18.8,3.25,2.8,FNDDS:2708884,FNDDS,World,0
"Pasta, whole grain, with tomato-based sauce and meat, restaurant",,174.0,5.52,17.4,9.62,2.5,FNDDS:2708885,FNDDS,World,0
"Pasta, whole grain, with tomato-based sauce and meat, home recipe",,121.0,5.96,18.7,2.98,2.7,FNDDS:2708886,FNDDS,World,0
"Pasta, whole grain, with tomato-based sauce and meat, ready-to-heat",,134.0,5.83,18.3,4.73,2.7,FNDDS:2708887,FNDDS,World,0
"Pasta, whole grain, with tomato-based sauce, meat, and added vegetables, restaurant",,172.0,5.57,17.1,9.52,2.5,FNDDS:2708888,FNDDS,World,0
"Pasta, whole grain, with tomato-based sauce, meat, and added vegetables, home recipe",,119.0,6.01,18.5,2.88,2.7,FNDDS:2708889,FNDDS,World,0
"Pasta, whole grain, with tomato-based sauce, meat, and added vegetables, ready-to-heat",,133.0,5.88,18.1,4.62,2.6,FNDDS:2708890,FNDDS,World,0
"Pasta, whole grain, with tomato-based sauce and poultry, restaurant",,167.0,5.68,17.4,8.85,2.5,FNDDS:2708891,FNDDS,World,0
"Pasta, whole grain, with tomato-based sauce and poultry, home recipe",,113.0,6.14,18.7,2.15,2.7,FNDDS:2708892,FNDDS,World,0
"Pasta, whole grain, with tomato-based sauce and poultry, ready-to-heat",,127.0,6.0,18.3,3.91,2.7,FNDDS:2708893,FNDDS,World,0
"Pasta, whole grain, with tomato-based sauce, poultry, and added vegetables, restaurant",,165.0,5.72,17.1,8.75,2.5,FNDDS:2708894,FNDDS,World,0
"Pasta, whole grain, with tomato-based sauce, poultry, and added vegetables, home recipe",,111.0,6.18,18.5,2.04,2.7,FNDDS:2708895,FNDDS,World,0
"Pasta, whole grain, with tomato-based sauce, poultry, and added vegetables, ready-to-heat",,125.0,6.05,18.1,3.8,2.6,FNDDS:2708896,FNDDS,World,0
"Pasta, whole grain, with tomato-based sauce and seafood, restaurant",,162.0,5.26,17.6,8.34,2.5,FNDDS:2708897,FNDDS,World,0
"Pasta, whole grain, with tomato-based sauce and seafood, home recipe",,108.0,5.67,19.0,1.6,2.7,FNDDS:2708898,FNDDS,World,0
"Pasta, whole grain, with tomato-based sauce and seafood, ready-to-heat",,122.0,5.55,18.6,3.38,2.7,FNDDS:2708899,FNDDS,World,0
"Pasta, whole grain, with tomato-based sauce, seafood, and added vegetables, restaurant",,160.0,5.3,17.4,8.24,2.5,FNDDS:2708900,FNDDS,World,0
"Pasta, whole grain, with tomato-based sauce, seafood, and added vegetables, home recipe",,106.0,5.72,18.8,1.49,2.7,FNDDS:2708901,FNDDS,World,0
"Pasta, whole grain, with tomato-based sauce, seafood, and added vegetables, ready-to-heat",,120.0,5.59,18.4,3.27,2.6,FNDDS:2708902,FNDDS,World,0
"Pasta, whole grain, with cream sauce, restaurant",,200.0,3.81,15.2,14.3,1.9,FNDDS:2708903,FNDDS,World,0
"Pasta, whole grain, with cream sauce, home recipe",,150.0,4.13,16.4,8.11,2.0,FNDDS:2708904,FNDDS,World,0
"Pasta, whole grain, with cream sauce, ready-to-heat",,163.0,4.04,16.1,9.74,2.0,FNDDS:2708905,FNDDS,World,0
"Pasta, whole grain, with cream sauce, and added vegetables, restaurant",,187.0,3.79,15.6,12.8,2.0,FNDDS:2708906,FNDDS,World,0
"Pasta, whole grain, with cream sauce, and added vegetables, home recipe",,136.0,4.1,16.9,6.44,2.2,FNDDS:2708907,FNDDS,World,0
"Pasta, whole grain, with cream sauce, and added vegetables, ready-to-heat",,149.0,4.01,16.5,8.12,2.1,FNDDS:2708908,FNDDS,World,0
"Pasta, whole grain, with cream sauce and meat, restaurant",,209.0,5.76,15.0,14.5,1.9,FNDDS:2708909,FNDDS,World,0
"Pasta, whole grain, with cream sauce and meat, home recipe",,160.0,6.24,16.3,8.27,2.0,FNDDS:2708910,FNDDS,World,0
"Pasta, whole grain, with cream sauce and meat, ready-to-heat",,172.0,6.11,15.9,9.9,2.0,FNDDS:2708911,FNDDS,World,0
"Pasta, whole grain, with cream sauce, meat, and added vegetables, restaurant",,199.0,5.74,15.4,13.2,2.0,FNDDS:2708912,FNDDS,World,0
"Pasta, whole grain, with cream sauce, meat, and added vegetables, home recipe",,149.0,6.22,16.6,6.92,2.2,FNDDS:2708913,FNDDS,World,0
"Pasta, whole grain, with cream sauce, meat, and added vegetables, ready-to-heat",,162.0,6.09,16.3,8.58,2.1,FNDDS:2708914,FNDDS,World,0
"Pasta, whole grain, with cream sauce and poultry, restaurant",,202.0,5.92,15.0,13.7,1.9,FNDDS:2708915,FNDDS,World,0
"Pasta, whole grain, with cream sauce and poultry, home recipe",,152.0,6.42,16.3,7.44,2.0,FNDDS:2708916,FNDDS,World,0
"Pasta, whole grain, with cream sauce and poultry, ready-to-heat",,165.0,6.28,15.9,9.09,2.0,FNDDS:2708917,FNDDS,World,0
"Pasta, whole grain, with cream sauce, poultry, and added vegetables, restaurant",,192.0,5.9,15.4,12.4,2.0,FNDDS:2708918,FNDDS,World,0
"Pasta, whole grain, with cream sauce, poultry, and added vegetables, home recipe",,141.0,6.39,16.6,6.08,2.2,FNDDS:2708919,FNDDS,World,0
"Pasta, whole grain, with cream sauce, poultry, and added vegetables, ready-to-heat",,154.0,6.26,16.3,7.76,2.1,FNDDS:2708920,FNDDS,World,0
"Pasta, whole grain, with cream sauce and seafood, restaurant",,197.0,5.5,15.3,13.2,1.9,FNDDS:2708921,FNDDS,World,0
"Pasta, whole grain, with cream sauce and seafood, home recipe",,147.0,5.95,16.6,6.89,2.0,FNDDS:2708922,FNDDS,World,0
"Pasta, whole grain, with cream sauce and seafood, ready-to-heat",,160.0,5.82,16.2,8.55,2.0,FNDDS:2708923,FNDDS,World,0
"Pasta, whole grain, with cream sauce, seafood, and added vegetables, restaurant",,187.0,5.48,15.6,12.0,2.0,FNDDS:2708924,FNDDS,World,0
"Pasta, whole grain, with cream sauce, seafood, and added vegetables, home recipe",,136.0,5.93,16.9,5.54,2.2,FNDDS:2708925,FNDDS,World,0
"Pasta, whole grain, with cream sauce, seafood, and added vegetables, ready-to-heat",,149.0,5.8,16.5,7.23,2.1,FNDDS:2708926,FNDDS,World,0
Pasta with tomato-based sauce and beans or lentils,,125.0,5.23,20.9,2.28,3.0,FNDDS:2708927,FNDDS,World,0
"Macaroni or noodles, creamed, with cheese",,158.0,4.72,22.0,5.49,1.3,FNDDS:2708928,FNDDS,World,0
"Macaroni or noodles, creamed, with cheese and tuna",,143.0,7.85,17.4,4.52,1.0,FNDDS:2708929,FNDDS,World,0
Flavored pasta,,87.0,2.47,14.4,2.21,0.4,FNDDS:2708930,FNDDS,World,0
"Yat Ga Mein with meat, fish, or poultry",,134.0,10.4,11.2,5.57,1.5,FNDDS:2708931,FNDDS,World,0
"Macaroni or pasta salad, made with mayonnaise",,221.0,4.46,24.6,11.5,1.4,FNDDS:2708932,FNDDS,World,0
"Macaroni or pasta salad, made with light mayonnaise",,159.0,4.32,25.7,4.16,1.4,FNDDS:2708933,FNDDS,World,0
"Macaroni or pasta salad, made with mayonnaise-type salad dressing",,160.0,4.38,26.6,4.01,1.4,FNDDS:2708934,FNDDS,World,0
"Macaroni or pasta salad, made with light mayonnaise-type salad dressing",,159.0,4.32,25.7,4.16,1.4,FNDDS:2708935,FNDDS,World,0
"Macaroni or pasta salad, made with Italian dressing",,133.0,3.7,20.9,3.72,1.6,FNDDS:2708936,FNDDS,World,0
"Macaroni or pasta salad, made with light Italian dressing",,116.0,3.68,20.6,2.0,1.6,FNDDS:2708937,FNDDS,World,0
"Macaroni or pasta salad, made with creamy dressing",,156.0,3.8,20.1,6.62,1.6,FNDDS:2708938,FNDDS,World,0
"Macaroni or pasta salad, made with light creamy dressing",,123.0,3.82,20.2,2.92,1.6,FNDDS:2708939,FNDDS,World,0
"Macaroni or pasta salad, made with any type of fat free dressing",,134.0,4.25,26.5,1.14,1.7,FNDDS:2708940,FNDDS,World,0
Macaroni or pasta salad with egg,,215.0,5.18,22.5,11.4,1.3,FNDDS:2708941,FNDDS,World,0
Macaroni or pasta salad with tuna,,200.0,6.69,20.9,9.9,1.2,FNDDS:2708942,FNDDS,World,0
Macaroni or pasta salad with crab meat,,201.0,6.48,20.9,9.9,1.2,FNDDS:2708943,FNDDS,World,0
Macaroni or pasta salad with shrimp,,203.0,6.86,20.9,9.99,1.2,FNDDS:2708944,FNDDS,World,0
Macaroni or pasta salad with tuna and egg,,197.0,7.14,19.4,9.96,1.1,FNDDS:2708945,FNDDS,World,0
Macaroni or pasta salad with chicken,,213.0,7.82,20.9,10.8,1.2,FNDDS:2708946,FNDDS,World,0
Macaroni or pasta salad with cheese,,246.0,6.89,21.8,14.4,1.3,FNDDS:2708947,FNDDS,World,0
Macaroni or pasta salad with meat,,211.0,7.65,20.8,10.6,1.2,FNDDS:2708948,FNDDS,World,0
Noodle pudding,,209.0,5.94,31.0,7.4,1.6,FNDDS:2708949,FNDDS,World,0
"Bibimbap, Korean",,76.0,5.5,8.11,2.44,1.1,FNDDS:2708950,FNDDS,Korean,0
"Rice, fried, meatless",,174.0,3.84,32.5,3.19,1.1,FNDDS:2708951,FNDDS,World,0
"Rice, fried, NFS",,174.0,3.84,32.5,3.19,1.1,FNDDS:2708952,FNDDS,World,0
"Rice, fried, with chicken",,173.0,7.28,27.6,3.66,0.9,FNDDS:2708953,FNDDS,World,0
"Rice, fried, with pork",,179.0,7.56,27.6,4.16,0.9,FNDDS:2708954,FNDDS,World,0
"Rice, fried, with beef",,178.0,7.86,27.6,4.06,0.9,FNDDS:2708955,FNDDS,World,0
"Rice, fried, with shrimp",,166.0,6.68,27.8,2.97,0.9,FNDDS:2708956,FNDDS,World,0
"Dukboki or Tteokbokki, Korean",,131.0,4.11,19.6,4.05,0.8,FNDDS:2708957,FNDDS,World,0
"Adobo, with rice",,181.0,17.7,8.86,7.94,0.2,FNDDS:2708958,FNDDS,World,0
"Sushi, NFS",,94.0,2.92,18.4,0.67,1.0,FNDDS:2708959,FNDDS,Japanese,0
"Sushi roll, avocado",,93.0,1.8,17.6,1.47,1.4,FNDDS:2708960,FNDDS,Japanese,0
"Sushi roll, California",,94.0,2.92,18.4,0.67,1.0,FNDDS:2708961,FNDDS,Japanese,0
"Sushi roll, eel",,116.0,5.95,15.3,2.98,0.7,FNDDS:2708962,FNDDS,Japanese,0
"Sushi roll, salmon",,103.0,6.88,15.3,1.28,0.7,FNDDS:2708963,FNDDS,Japanese,0
"Sushi roll, shrimp",,100.0,7.01,15.7,0.55,0.7,FNDDS:2708964,FNDDS,Japanese,0
Sushi roll tuna,,97.0,7.4,15.3,0.26,0.7,FNDDS:2708965,FNDDS,Japanese,0
"Sushi roll, vegetable",,93.0,1.8,17.6,1.47,1.4,FNDDS:2708966,FNDDS,Japanese,0
"Sushi, topped with crab",,95.0,3.85,18.6,0.28,0.8,FNDDS:2708967,FNDDS,Japanese,0
"Sushi, topped with eel",,126.0,7.6,13.4,4.16,0.6,FNDDS:2708968,FNDDS,Japanese,0
"Sushi, topped with salmon",,107.0,8.92,13.4,1.74,0.6,FNDDS:2708969,FNDDS,Japanese,0
"Sushi, topped with shrimp",,103.0,9.1,13.9,0.7,0.6,FNDDS:2708970,FNDDS,Japanese,0
"Sushi, topped with tuna",,100.0,9.66,13.4,0.29,0.6,FNDDS:2708971,FNDDS,Japanese,0
"Sushi, topped with egg",,119.0,7.32,10.2,5.23,0.4,FNDDS:2708972,FNDDS,Japanese,0
"Seafood paella, Puerto Rican style",,146.0,7.59,15.7,5.64,0.9,FNDDS:2708973,FNDDS,Spanish,0
"Soupy rice with chicken, Puerto Rican style",,151.0,12.1,16.5,4.04,1.4,FNDDS:2708974,FNDDS,World,0
"Soupy rice mixture with chicken and potatoes, Puerto Rican style",,112.0,6.34,12.1,4.26,0.9,FNDDS:2708975,FNDDS,World,0
"Stewed rice, Puerto Rican style",,224.0,3.96,33.4,7.8,0.7,FNDDS:2708976,FNDDS,World,0
"Rice with squid, Puerto Rican style",,264.0,8.87,29.3,11.8,0.8,FNDDS:2708977,FNDDS,World,0
"Rice with vienna sausage, Puerto Rican style",,269.0,6.46,33.5,11.6,0.8,FNDDS:2708978,FNDDS,World,0
"Rice with Spanish sausage, Puerto Rican style",,289.0,8.39,32.4,13.6,0.8,FNDDS:2708979,FNDDS,World,0
"Rice with stewed beans, Puerto Rican style",,138.0,3.66,23.0,3.23,1.5,FNDDS:2708980,FNDDS,World,0
"Congee, with meat, poultry, and/or seafood",,58.0,4.34,7.0,1.28,0.1,FNDDS:2708981,FNDDS,World,0
"Congee, with meat, poultry, and/or seafood, and vegetables",,48.0,2.73,7.44,0.7,0.3,FNDDS:2708982,FNDDS,World,0
"Congee, with vegetables",,38.0,1.12,7.88,0.12,0.4,FNDDS:2708983,FNDDS,World,0
"Congee, with egg",,60.0,3.12,6.91,2.06,0.1,FNDDS:2708984,FNDDS,World,0
Biryani with vegetables,,109.0,1.93,17.9,3.2,1.2,FNDDS:2708985,FNDDS,Indian,0
"Beans and rice, from fast food / restaurant",,185.0,6.29,24.4,6.99,3.6,FNDDS:2708986,FNDDS,World,0
"Kidney beans and rice, from fast food / restaurant",,179.0,5.72,23.2,7.07,4.2,FNDDS:2708987,FNDDS,World,0
"Black beans and rice, from fast food / restaurant",,182.0,5.82,23.7,7.09,4.9,FNDDS:2708988,FNDDS,World,0
"Pinto beans and rice, from fast food / restaurant",,188.0,5.9,25.0,7.15,5.0,FNDDS:2708989,FNDDS,World,0
Beans and white rice,,164.0,6.5,25.2,4.21,3.7,FNDDS:2708990,FNDDS,World,0
"Beans and rice, with tomatoes",,137.0,4.7,21.9,3.46,3.8,FNDDS:2708991,FNDDS,World,0
"Beans and rice, with meat",,162.0,7.49,23.5,4.24,4.4,FNDDS:2708992,FNDDS,World,0
Kidney beans and white rice,,158.0,5.9,23.9,4.29,4.3,FNDDS:2708993,FNDDS,World,0
Black beans and white rice,,160.0,6.01,24.4,4.32,5.0,FNDDS:2708994,FNDDS,World,0
Pinto beans and white rice,,167.0,6.09,25.8,4.38,5.2,FNDDS:2708995,FNDDS,World,0
"Rice, white, with corn, NS as to fat",,134.0,2.58,25.2,2.5,0.9,FNDDS:2708996,FNDDS,World,0
"Rice, white, with corn, no added fat",,117.0,2.64,25.8,0.38,0.9,FNDDS:2708997,FNDDS,World,0
"Rice, white, with corn, fat added",,134.0,2.58,25.2,2.5,0.9,FNDDS:2708998,FNDDS,World,0
"Rice, white, with peas, NS as to fat",,133.0,3.22,24.0,2.42,1.4,FNDDS:2708999,FNDDS,World,0
"Rice, white, with peas, no added fat",,116.0,3.29,24.6,0.28,1.4,FNDDS:2709000,FNDDS,World,0
"Rice, white, with peas, fat added",,133.0,3.22,24.0,2.42,1.4,FNDDS:2709001,FNDDS,World,0
"Rice, white, with carrots, NS as to fat",,123.0,2.16,22.6,2.42,1.0,FNDDS:2709002,FNDDS,World,0
"Rice, white, with carrots, no added fat",,106.0,2.2,23.1,0.25,1.0,FNDDS:2709003,FNDDS,World,0
"Rice, white, with carrots, fat added",,123.0,2.16,22.6,2.42,1.0,FNDDS:2709004,FNDDS,World,0
"Rice, white, with peas and carrots, NS as to fat",,128.0,2.69,23.2,2.45,1.2,FNDDS:2709005,FNDDS,World,0
"Rice, white, with peas and carrots, no added fat",,111.0,2.75,23.8,0.3,1.3,FNDDS:2709006,FNDDS,World,0
"Rice, white, with peas and carrots, fat added",,128.0,2.69,23.2,2.45,1.2,FNDDS:2709007,FNDDS,World,0
"Rice, white, with tomatoes and/or tomato-based sauce, NS as to fat",,107.0,2.0,19.4,2.18,0.9,FNDDS:2709008,FNDDS,World,0
"Rice, white, with tomatoes and/or tomato-based sauce, no added fat",,91.0,2.04,19.8,0.27,0.9,FNDDS:2709009,FNDDS,World,0
"Rice, white, with tomatoes and/or tomato-based sauce, fat added",,107.0,2.0,19.4,2.18,0.9,FNDDS:2709010,FNDDS,World,0
"Rice, white, with dark green vegetables, NS as to fat",,125.0,2.62,22.2,2.45,0.9,FNDDS:2709011,FNDDS,World,0
"Rice, white, with dark green vegetables, no added fat",,107.0,2.67,22.7,0.3,0.9,FNDDS:2709012,FNDDS,World,0
"Rice, white, with dark green vegetables, fat added",,125.0,2.62,22.2,2.45,0.9,FNDDS:2709013,FNDDS,World,0
"Rice, white, with carrots and tomatoes and/or tomato-based sauce, NS as to fat",,114.0,2.07,20.9,2.29,0.9,FNDDS:2709014,FNDDS,World,0
"Rice, white, with carrots and tomatoes and/or tomato-based sauce, no added fat",,98.0,2.12,21.3,0.26,1.0,FNDDS:2709015,FNDDS,World,0
"Rice, white, with carrots and tomatoes and/or tomato-based sauce, fat added",,114.0,2.07,20.9,2.29,0.9,FNDDS:2709016,FNDDS,World,0
"Rice, white, with dark green vegetables and tomatoes and/or tomato-based sauce, NS as to fat",,115.0,2.29,20.8,2.32,0.9,FNDDS:2709017,FNDDS,World,0
"Rice, white, with dark green vegetables and tomatoes and/or tomato-based sauce, no added fat",,99.0,2.34,21.2,0.28,0.9,FNDDS:2709018,FNDDS,World,0
"Rice, white, with dark green vegetables and tomatoes and/or tomato-based sauce, fat added",,115.0,2.29,20.8,2.32,0.9,FNDDS:2709019,FNDDS,World,0
"Rice, white, with carrots and dark green vegetables, NS as to fat",,124.0,2.38,22.5,2.44,0.9,FNDDS:2709020,FNDDS,World,0
"Rice, white, with carrots and dark green vegetables, no added fat",,107.0,2.44,23.0,0.28,1.0,FNDDS:2709021,FNDDS,World,0
"Rice, white, with carrots and dark green vegetables, fat added",,124.0,2.38,22.5,2.44,0.9,FNDDS:2709022,FNDDS,World,0
"Rice, white, with carrots, dark green vegetables, and tomatoes and/or tomato-based sauce, NS as to fat",,115.0,2.26,20.8,2.28,1.0,FNDDS:2709023,FNDDS,World,0
"Rice, white, with carrots, dark green vegetables, and tomatoes and/or tomato-based sauce, no added fat",,101.0,2.3,21.8,0.27,0.9,FNDDS:2709024,FNDDS,World,0
"Rice, white, with carrots, dark green vegetables, and tomatoes and/or tomato-based sauce, fat added",,118.0,2.25,21.4,2.35,0.9,FNDDS:2709025,FNDDS,World,0
"Rice, white, with other vegetables, NS as to fat",,124.0,2.3,22.7,2.41,0.8,FNDDS:2709026,FNDDS,World,0
"Rice, white, with other vegetables, no added fat",,107.0,2.36,23.2,0.26,0.7,FNDDS:2709027,FNDDS,World,0
"Rice, white, with other vegetables, fat added",,124.0,2.3,22.7,2.41,0.8,FNDDS:2709028,FNDDS,World,0
"Rice, white, with lentils, NS as to fat",,150.0,5.5,21.4,4.83,4.1,FNDDS:2709029,FNDDS,World,0
"Rice, white, with lentils, fat added",,150.0,5.5,21.4,4.83,4.1,FNDDS:2709030,FNDDS,World,0
"Rice, white, with lentils, no added fat",,115.0,5.76,22.4,0.33,4.3,FNDDS:2709031,FNDDS,World,0
"Rice, cooked with coconut milk",,267.0,3.57,26.6,17.2,1.9,FNDDS:2709032,FNDDS,World,0
Beans and brown rice,,162.0,6.4,24.3,4.54,3.9,FNDDS:2709033,FNDDS,World,0
Kidney beans and brown rice,,155.0,5.81,23.0,4.63,4.5,FNDDS:2709034,FNDDS,World,0
Black beans and brown rice,,158.0,5.91,23.5,4.65,5.3,FNDDS:2709035,FNDDS,World,0
Pinto beans and brown rice,,164.0,6.0,24.9,4.71,5.4,FNDDS:2709036,FNDDS,World,0
"Rice, brown, with corn, NS as to fat",,128.0,2.64,23.7,2.71,1.7,FNDDS:2709037,FNDDS,World,0
"Rice, brown, with corn, no added fat",,113.0,2.69,24.1,0.9,1.8,FNDDS:2709038,FNDDS,World,0
"Rice, brown, with corn, fat added",,128.0,2.64,23.7,2.71,1.7,FNDDS:2709039,FNDDS,World,0
"Rice, brown, with peas, NS as to fat",,127.0,3.18,22.6,2.64,2.2,FNDDS:2709040,FNDDS,World,0
"Rice, brown, with peas, no added fat",,113.0,3.24,23.1,0.82,2.2,FNDDS:2709041,FNDDS,World,0
"Rice, brown, with peas, fat added",,127.0,3.18,22.6,2.64,2.2,FNDDS:2709042,FNDDS,World,0
"Rice, brown, with carrots, NS as to fat",,119.0,2.27,21.4,2.63,1.9,FNDDS:2709043,FNDDS,World,0
"Rice, brown, with carrots, no added fat",,104.0,2.31,21.8,0.8,1.9,FNDDS:2709044,FNDDS,World,0
"Rice, brown, with carrots, fat added",,119.0,2.27,21.4,2.63,1.9,FNDDS:2709045,FNDDS,World,0
"Rice, brown, with peas and carrots, NS as to fat",,123.0,2.73,22.0,2.66,2.0,FNDDS:2709046,FNDDS,World,0
"Rice, brown, with peas and carrots, no added fat",,109.0,2.78,22.4,0.84,2.1,FNDDS:2709047,FNDDS,World,0
"Rice, brown, with peas and carrots, fat added",,123.0,2.73,22.0,2.66,2.0,FNDDS:2709048,FNDDS,World,0
"Rice, brown, with tomatoes and/or tomato based sauce, NS as to fat",,105.0,2.13,18.8,2.41,1.7,FNDDS:2709049,FNDDS,World,0
"Rice, brown, with tomatoes and/or tomato based sauce, no added fat",,92.0,2.16,19.1,0.76,1.7,FNDDS:2709050,FNDDS,World,0
"Rice, brown, with tomatoes and/or tomato based sauce, fat added",,105.0,2.13,18.8,2.41,1.7,FNDDS:2709051,FNDDS,World,0
"Rice, brown, with dark green vegetables, NS as to fat",,120.0,2.67,21.1,2.67,1.7,FNDDS:2709052,FNDDS,World,0
"Rice, brown, with dark green vegetables, no added fat",,105.0,2.72,21.5,0.84,1.8,FNDDS:2709053,FNDDS,World,0
"Rice, brown, with dark green vegetables, fat added",,120.0,2.67,21.1,2.67,1.7,FNDDS:2709054,FNDDS,World,0
"Rice, brown, with carrots and tomatoes and/or tomato-based sauce, NS as to fat",,111.0,2.2,20.0,2.51,1.7,FNDDS:2709055,FNDDS,World,0
"Rice, brown, with carrots and tomatoes and/or tomato-based sauce, no added fat",,97.0,2.24,20.4,0.78,1.8,FNDDS:2709056,FNDDS,World,0
"Rice, brown, with carrots and tomatoes and/or tomato-based sauce, fat added",,111.0,2.2,20.0,2.51,1.7,FNDDS:2709057,FNDDS,World,0
"Rice, brown, with dark green vegetables and tomatoes and/or tomato-based sauce, NS as to fat",,112.0,2.38,19.9,2.54,1.7,FNDDS:2709058,FNDDS,World,0
"Rice, brown, with dark green vegetables and tomatoes and/or tomato-based sauce, no added fat",,98.0,2.42,20.3,0.8,1.7,FNDDS:2709059,FNDDS,World,0
"Rice, brown, with dark green vegetables and tomatoes and/or tomato-based sauce, fat added",,110.0,2.39,19.4,2.46,1.7,FNDDS:2709060,FNDDS,World,0
"Rice, brown, with carrots and dark green vegetables, NS as to fat",,120.0,2.47,21.3,2.66,1.8,FNDDS:2709061,FNDDS,World,0
"Rice, brown, with carrots and dark green vegetables, no added fat",,105.0,2.51,21.7,0.82,1.8,FNDDS:2709062,FNDDS,World,0
"Rice, brown, with carrots and dark green vegetables, fat added",,120.0,2.47,21.3,2.66,1.8,FNDDS:2709063,FNDDS,World,0
Grape leaves stuffed with rice,,168.0,2.28,13.9,12.0,3.1,FNDDS:2709064,FNDDS,World,0
"Rice, brown, with carrots, dark green vegetables, and tomatoes and/or tomato-based sauce, NS as to fat",,114.0,2.35,20.4,2.57,1.7,FNDDS:2709065,FNDDS,World,0
"Rice, brown, with carrots, dark green vegetables, and tomatoes and/or tomato-based sauce, no added fat",,100.0,2.39,20.8,0.8,1.8,FNDDS:2709066,FNDDS,World,0
"Rice, brown, with carrots, dark green vegetables, and tomatoes and/or tomato-based sauce, fat added",,114.0,2.35,20.4,2.57,1.7,FNDDS:2709067,FNDDS,World,0
"Rice, brown, with other vegetables, NS as to fat",,119.0,2.4,21.5,2.64,1.6,FNDDS:2709068,FNDDS,World,0
"Rice, brown, with other vegetables, no added fat",,105.0,2.45,21.9,0.81,1.6,FNDDS:2709069,FNDDS,World,0
"Rice, brown, with other vegetables, fat added",,119.0,2.4,21.5,2.64,1.6,FNDDS:2709070,FNDDS,World,0
Rice croquette,,154.0,3.35,20.1,6.58,0.9,FNDDS:2709071,FNDDS,World,0
"Stuffed pepper, with meat",,198.0,9.2,4.23,15.9,0.7,FNDDS:2709072,FNDDS,World,0
"Stuffed pepper, with rice and meat",,178.0,7.83,9.93,11.7,0.7,FNDDS:2709073,FNDDS,World,0
"Stuffed pepper, with rice, meatless",,166.0,3.75,12.0,11.3,0.7,FNDDS:2709074,FNDDS,World,0
"Stuffed tomato, with rice and meat",,99.0,4.75,9.86,4.54,1.0,FNDDS:2709075,FNDDS,World,0
"Stuffed tomato, with rice, meatless",,77.0,1.59,13.0,2.15,1.1,FNDDS:2709076,FNDDS,World,0
Rice pilaf,,137.0,3.29,24.1,3.03,0.4,FNDDS:2709077,FNDDS,World,0
Dirty rice,,112.0,5.12,17.2,2.25,0.6,FNDDS:2709078,FNDDS,World,0
Flavored rice mixture,,127.0,1.87,19.8,4.26,0.4,FNDDS:2709079,FNDDS,World,0
Flavored rice mixture with cheese,,124.0,2.99,25.2,1.2,0.6,FNDDS:2709080,FNDDS,World,0
"Flavored rice, brown and wild",,106.0,2.72,19.3,2.15,1.1,FNDDS:2709081,FNDDS,World,0
Flavored rice and pasta mixture,,118.0,2.68,19.1,3.49,0.3,FNDDS:2709082,FNDDS,World,0
"Flavored rice and pasta mixture, reduced sodium",,111.0,2.59,17.3,3.43,0.6,FNDDS:2709083,FNDDS,World,0
"Spanish rice, from restaurant",,185.0,3.28,31.2,5.29,1.2,FNDDS:2709084,FNDDS,World,0
"Spanish rice, fat added",,115.0,2.87,19.6,2.6,1.1,FNDDS:2709085,FNDDS,World,0
"Spanish rice, no added fat",,101.0,2.91,19.9,1.01,1.1,FNDDS:2709086,FNDDS,World,0
"Spanish rice, NS as to fat",,115.0,2.87,19.6,2.6,1.1,FNDDS:2709087,FNDDS,World,0
Spanish rice with ground beef,,163.0,9.68,14.8,6.91,0.8,FNDDS:2709088,FNDDS,World,0
Rice dressing,,110.0,1.98,17.6,3.29,0.6,FNDDS:2709089,FNDDS,World,0
Rice with raisins,,162.0,2.65,32.1,2.58,0.8,FNDDS:2709090,FNDDS,World,0
Rice dessert or salad with fruit,,154.0,1.39,20.8,7.29,0.6,FNDDS:2709091,FNDDS,World,0
"Rice, white, with cheese and/or cream based sauce, NS as to fat",,166.0,5.16,20.0,7.03,0.3,FNDDS:2709092,FNDDS,World,0
"Rice, white, with cheese and/or cream based sauce, no added fat",,152.0,5.26,20.4,5.22,0.3,FNDDS:2709093,FNDDS,World,0
"Rice, white, with cheese and/or cream based sauce, fat added",,166.0,5.16,20.0,7.03,0.3,FNDDS:2709094,FNDDS,World,0
"Rice, white, with gravy, NS as to fat",,117.0,1.98,20.0,2.96,0.3,FNDDS:2709095,FNDDS,World,0
"Rice, white, with gravy, no added fat",,102.0,2.02,20.4,1.06,0.3,FNDDS:2709096,FNDDS,World,0
"Rice, white, with gravy, fat added",,117.0,1.98,20.0,2.96,0.3,FNDDS:2709097,FNDDS,World,0
"Rice, white, with soy-based sauce, NS as to fat",,117.0,2.01,21.5,2.19,0.3,FNDDS:2709098,FNDDS,World,0
"Rice, white, with soy-based sauce, no added fat",,101.0,2.05,21.9,0.28,0.3,FNDDS:2709099,FNDDS,World,0
"Rice, white, with soy-based sauce, fat added",,117.0,2.01,21.5,2.19,0.3,FNDDS:2709100,FNDDS,World,0
"Rice, brown, with cheese and/or cream based sauce, NS as to fat",,157.0,4.87,19.3,6.62,1.1,FNDDS:2709101,FNDDS,World,0
"Rice, brown, with cheese and/or cream based sauce, no added fat",,144.0,4.95,19.6,5.04,1.2,FNDDS:2709102,FNDDS,World,0
"Rice, brown, with cheese and/or cream based sauce, fat added",,157.0,4.87,19.3,6.62,1.1,FNDDS:2709103,FNDDS,World,0
"Rice, brown, with gravy, NS as to fat",,114.0,2.11,19.3,3.08,1.1,FNDDS:2709104,FNDDS,World,0
"Rice, brown, with gravy, no added fat",,101.0,2.14,19.6,1.44,1.2,FNDDS:2709105,FNDDS,World,0
"Rice, brown, with gravy, fat added",,114.0,2.11,19.3,3.08,1.1,FNDDS:2709106,FNDDS,World,0
"Rice, brown, with soy-based sauce, NS as to fat",,114.0,2.14,20.6,2.42,1.1,FNDDS:2709107,FNDDS,World,0
"Rice, brown, with soy-based sauce, no added fat",,100.0,2.17,20.9,0.77,1.2,FNDDS:2709108,FNDDS,World,0
"Rice, brown, with soy-based sauce, fat added",,114.0,2.14,20.6,2.42,1.1,FNDDS:2709109,FNDDS,World,0
"Rice, white, with vegetables, cheese and/or cream based sauce, NS as to fat",,146.0,4.7,18.6,5.66,1.1,FNDDS:2709110,FNDDS,World,0
"Rice, white, with vegetables, cheese and/or cream based sauce, no added fat",,134.0,4.77,18.9,4.2,1.1,FNDDS:2709111,FNDDS,World,0
"Rice, white, with vegetables, cheese and/or cream based sauce, fat added",,146.0,4.7,18.6,5.66,1.1,FNDDS:2709112,FNDDS,World,0
"Rice, white, with vegetables and gravy, NS as to fat",,107.0,2.15,18.6,2.4,1.1,FNDDS:2709113,FNDDS,World,0
"Rice, white, with vegetables and gravy, no added fat",,95.0,2.19,18.9,0.88,1.1,FNDDS:2709114,FNDDS,World,0
"Rice, white, with vegetables and gravy, fat added",,107.0,2.15,18.6,2.4,1.1,FNDDS:2709115,FNDDS,World,0
"Rice, white, with vegetables, soy-based sauce, NS as to fat",,106.0,2.18,19.8,1.79,1.1,FNDDS:2709116,FNDDS,World,0
"Rice, white, with vegetables, soy-based sauce, no added fat",,94.0,2.22,20.1,0.26,1.1,FNDDS:2709117,FNDDS,World,0
"Rice, white, with vegetables, soy-based sauce, fat added",,106.0,2.18,19.8,1.79,1.1,FNDDS:2709118,FNDDS,World,0
"Rice, brown, with vegetables, cheese and/or cream based sauce, NS as to fat",,140.0,4.51,18.2,5.47,1.7,FNDDS:2709119,FNDDS,World,0
"Rice, brown, with vegetables, cheese and/or cream based sauce, no added fat",,130.0,4.57,18.4,4.17,1.7,FNDDS:2709120,FNDDS,World,0
"Rice, brown, with vegetables, cheese and/or cream based sauce, fat added",,140.0,4.51,18.2,5.47,1.7,FNDDS:2709121,FNDDS,World,0
"Rice, brown, with vegetables and gravy, NS as to fat",,105.0,2.24,18.2,2.56,1.7,FNDDS:2709122,FNDDS,World,0
"Rice, brown, with vegetables and gravy, no added fat",,94.0,2.27,18.4,1.21,1.7,FNDDS:2709123,FNDDS,World,0
"Rice, brown, with vegetables and gravy, fat added",,105.0,2.24,18.2,2.56,1.7,FNDDS:2709124,FNDDS,World,0
"Rice, brown, with vegetables, soy-based sauce, NS as to fat",,105.0,2.27,19.2,2.02,1.7,FNDDS:2709125,FNDDS,World,0
"Rice, brown, with vegetables, soy-based sauce, no added fat",,94.0,2.3,19.5,0.66,1.7,FNDDS:2709126,FNDDS,World,0
"Rice, brown, with vegetables, soy-based sauce, fat added",,105.0,2.27,19.2,2.02,1.7,FNDDS:2709127,FNDDS,World,0
Upma,,87.0,1.98,13.8,2.64,1.3,FNDDS:2709128,FNDDS,World,0
"Dosa, with filling",,184.0,5.46,30.8,4.27,2.2,FNDDS:2709129,FNDDS,World,0
Vada,,266.0,12.8,33.2,9.73,5.8,FNDDS:2709130,FNDDS,World,0
Tabbouleh,,127.0,1.64,9.65,9.66,1.8,FNDDS:2709131,FNDDS,Middle Eastern,0
Vegetable sandwich on white,,120.0,3.94,21.5,2.11,1.6,FNDDS:2709132,FNDDS,American,0
"Vegetable sandwich on white, with cheese",,147.0,5.82,19.6,5.11,1.4,FNDDS:2709133,FNDDS,American,0
Vegetable sandwich on wheat,,119.0,4.67,20.1,2.25,2.7,FNDDS:2709134,FNDDS,American,0
"Vegetable sandwich on wheat, with cheese",,146.0,6.46,18.4,5.24,2.4,FNDDS:2709135,FNDDS,American,0
Vegetable sandwich wrap,,160.0,5.42,19.7,6.55,1.8,FNDDS:2709136,FNDDS,American,0
"Jelly sandwich, NFS",,267.0,5.72,57.5,2.16,1.8,FNDDS:2709137,FNDDS,American,0
"Jelly sandwich, on white bread",,267.0,5.72,57.5,2.16,1.8,FNDDS:2709138,FNDDS,American,0
"Jelly sandwich, on wheat bread",,265.0,6.9,55.2,2.39,3.6,FNDDS:2709139,FNDDS,American,0
"Noodles with vegetables in tomato-based sauce, diet frozen meal",,70.0,3.63,10.8,1.55,1.7,FNDDS:2709140,FNDDS,World,0
"Spaghetti and meatballs dinner, NFS, frozen meal",,113.0,5.58,15.1,3.39,1.5,FNDDS:2709141,FNDDS,Italian,0
"Spaghetti with meat sauce, diet frozen meal",,113.0,5.58,15.1,3.39,1.5,FNDDS:2709142,FNDDS,Italian,0
"Pancakes and sausage, frozen meal",,272.0,9.0,27.9,13.8,0.6,FNDDS:2709143,FNDDS,American,0
"Soup, NFS",,49.0,3.51,6.09,1.3,1.8,FNDDS:2709144,FNDDS,World,0
"Soup, noodle, NFS",,90.0,5.48,10.1,2.99,0.8,FNDDS:2709145,FNDDS,World,0
"Soup, rice",,51.0,3.54,6.78,1.15,0.5,FNDDS:2709146,FNDDS,World,0
"Soup, barley",,58.0,3.34,6.66,2.07,1.1,FNDDS:2709147,FNDDS,World,0
"Soup, chicken noodle, canned",,42.0,2.38,6.02,0.98,0.8,FNDDS:2709148,FNDDS,World,0
"Soup, chicken noodle",,53.0,3.84,6.21,1.4,0.7,FNDDS:2709149,FNDDS,World,0
"Soup, chicken, canned, reduced sodium",,34.0,2.02,4.87,0.72,0.9,FNDDS:2709150,FNDDS,World,0
"Soup, Matzo ball",,73.0,3.09,10.7,1.96,0.9,FNDDS:2709151,FNDDS,World,0
"Soup, ramen noodles, water added",,66.0,1.53,9.04,2.64,0.4,FNDDS:2709152,FNDDS,Japanese,0
"Ramen bowl, NFS",,127.0,7.13,14.0,4.57,0.9,FNDDS:2709153,FNDDS,Japanese,0
Ramen bowl with beef,,137.0,6.81,15.4,5.19,1.0,FNDDS:2709154,FNDDS,Japanese,0
Ramen bowl with chicken,,126.0,7.04,15.4,3.86,1.0,FNDDS:2709155,FNDDS,Japanese,0
Ramen bowl with fish,,112.0,5.78,15.4,2.87,1.0,FNDDS:2709156,FNDDS,Japanese,0
"Ramen bowl, vegetarian",,108.0,4.01,15.6,3.33,1.1,FNDDS:2709157,FNDDS,Japanese,0
Ramen bowl with meat and egg,,127.0,7.13,14.0,4.57,0.9,FNDDS:2709158,FNDDS,Japanese,0
"Ramen bowl, vegetarian with egg",,112.0,4.85,14.1,3.99,1.0,FNDDS:2709159,FNDDS,Japanese,0
"Soup, wonton",,33.0,2.39,2.95,1.31,0.3,FNDDS:2709160,FNDDS,Chinese,0
"Soup, sopa de fideo aguada",,95.0,2.54,13.7,3.29,1.1,FNDDS:2709161,FNDDS,World,0
"Soup, tortilla",,102.0,4.22,12.6,4.17,1.3,FNDDS:2709162,FNDDS,World,0
"Meat substitute, cereal- and vegetable protein-based, fried",,359.0,12.8,61.2,7.23,8.9,FNDDS:2709163,FNDDS,World,0
"Clementine, raw",,53.0,0.81,13.3,0.31,1.8,FNDDS:2709164,FNDDS,World,0
"Grapefruit, raw",,42.0,0.77,10.7,0.14,1.6,FNDDS:2709165,FNDDS,World,0
"Grapefruit, canned",,36.0,0.58,9.15,0.1,0.4,FNDDS:2709166,FNDDS,World,0
"Kumquat, raw",,71.0,1.88,15.9,0.86,6.5,FNDDS:2709167,FNDDS,World,0
"Lemon, raw",,29.0,1.1,9.32,0.3,2.8,FNDDS:2709168,FNDDS,World,0
Lemon pie filling,,354.0,4.71,68.9,6.93,0.4,FNDDS:2709169,FNDDS,World,0
"Lime, raw",,30.0,0.7,10.5,0.2,2.8,FNDDS:2709170,FNDDS,World,0
"Orange, raw",,50.0,0.92,11.8,0.14,2.2,FNDDS:2709171,FNDDS,World,0
"Orange, canned, NFS",,46.0,0.6,11.8,0.04,0.7,FNDDS:2709172,FNDDS,World,0
"Orange, canned, juice pack",,37.0,0.62,9.57,0.03,0.7,FNDDS:2709173,FNDDS,World,0
"Orange, canned, in syrup",,55.0,0.59,14.1,0.04,0.7,FNDDS:2709174,FNDDS,World,0
"Tangerine, raw",,53.0,0.81,13.3,0.31,1.8,FNDDS:2709175,FNDDS,World,0
"Grapefruit juice, 100%, freshly squeezed",,39.0,0.5,9.2,0.1,0.1,FNDDS:2709176,FNDDS,World,0
"Grapefruit juice, 100%, NS as to form",,40.0,0.56,8.35,0.48,0.2,FNDDS:2709177,FNDDS,World,0
"Grapefruit juice, 100%, canned, bottled or in a carton",,40.0,0.56,8.35,0.48,0.2,FNDDS:2709178,FNDDS,World,0
"Grapefruit juice, 100%, with calcium added",,39.0,0.51,7.74,0.68,0.3,FNDDS:2709179,FNDDS,World,0
"Lemon juice, 100%, NS as to form",,22.0,0.35,6.9,0.24,0.3,FNDDS:2709180,FNDDS,World,0
"Lemon juice, 100%, freshly squeezed",,22.0,0.35,6.9,0.24,0.3,FNDDS:2709181,FNDDS,World,0
"Lemon juice, 100%, canned or bottled",,17.0,0.45,5.62,0.07,0.7,FNDDS:2709182,FNDDS,World,0
"Lime juice, 100%, NS as to form",,25.0,0.42,8.42,0.07,0.4,FNDDS:2709183,FNDDS,World,0
"Lime juice, 100%, freshly squeezed",,25.0,0.42,8.42,0.07,0.4,FNDDS:2709184,FNDDS,World,0
"Lime juice, 100%, canned or bottled",,21.0,0.25,6.69,0.23,0.4,FNDDS:2709185,FNDDS,World,0
"Orange juice, 100%, NFS",,47.0,0.77,10.2,0.34,0.3,FNDDS:2709186,FNDDS,World,0
"Orange juice, 100%,  freshly squeezed",,47.0,0.81,10.0,0.36,0.3,FNDDS:2709187,FNDDS,World,0
"Orange juice, 100%, canned, bottled or in a carton",,47.0,0.77,10.2,0.34,0.3,FNDDS:2709188,FNDDS,World,0
"Orange juice, 100%, with calcium added, canned, bottled or in a carton",,47.0,0.77,10.2,0.34,0.3,FNDDS:2709189,FNDDS,World,0
"Orange juice, 100%, frozen, reconstituted",,42.0,0.68,10.0,0.07,0.3,FNDDS:2709190,FNDDS,World,0
"Orange juice, 100%, frozen, not reconstituted",,148.0,2.4,35.2,0.25,1.0,FNDDS:2709191,FNDDS,World,0
"Orange juice, 100%, with calcium added, frozen, reconstituted",,42.0,0.68,9.67,0.07,0.3,FNDDS:2709192,FNDDS,World,0
"Tangerine juice, 100%",,43.0,0.5,10.1,0.2,0.2,FNDDS:2709193,FNDDS,World,0
"Fruit juice blend, citrus, 100% juice",,47.0,0.77,10.2,0.34,0.3,FNDDS:2709194,FNDDS,World,0
"Dried, fruit, NFS",,298.0,2.28,78.6,0.62,4.8,FNDDS:2709195,FNDDS,World,0
"Apple, dried",,243.0,0.93,65.9,0.32,8.7,FNDDS:2709196,FNDDS,World,0
"Apricot, dried",,241.0,3.39,62.6,0.51,7.3,FNDDS:2709197,FNDDS,World,0
"Blueberries, dried",,317.0,2.5,80.0,2.5,7.5,FNDDS:2709198,FNDDS,World,0
"Cherries, dried",,333.0,1.25,80.4,0.73,2.5,FNDDS:2709199,FNDDS,World,0
Banana chips,,519.0,2.3,58.4,33.6,7.7,FNDDS:2709200,FNDDS,World,0
"Currants, dried",,290.0,3.43,77.0,0.22,4.4,FNDDS:2709201,FNDDS,World,0
"Cranberries, dried",,308.0,0.17,82.8,1.09,5.3,FNDDS:2709202,FNDDS,World,0
Date,,282.0,2.45,75.0,0.39,8.0,FNDDS:2709203,FNDDS,World,0
"Fig, dried",,277.0,3.3,63.9,0.92,9.8,FNDDS:2709204,FNDDS,World,0
"Mango, dried",,319.0,2.45,78.6,1.18,2.4,FNDDS:2709205,FNDDS,World,0
"Papaya, dried",,302.0,1.25,75.4,0.84,4.5,FNDDS:2709206,FNDDS,World,0
"Peach, dried",,239.0,3.61,61.3,0.76,8.2,FNDDS:2709207,FNDDS,World,0
"Pear, dried",,262.0,1.87,69.7,0.63,7.5,FNDDS:2709208,FNDDS,World,0
"Persimmon, dried",,374.0,1.54,96.1,0.66,9.6,FNDDS:2709209,FNDDS,World,0
"Pineapple, dried",,347.0,1.22,84.1,0.71,2.4,FNDDS:2709210,FNDDS,World,0
"Prune, dried",,240.0,2.18,63.9,0.38,7.1,FNDDS:2709211,FNDDS,World,0
Raisins,,299.0,3.3,79.3,0.25,4.5,FNDDS:2709212,FNDDS,World,0
"Fruit, NFS",,68.0,0.68,16.2,0.21,1.8,FNDDS:2709213,FNDDS,World,0
"Fruit, pickled",,63.0,0.56,15.3,0.24,1.4,FNDDS:2709214,FNDDS,World,0
"Apple, raw",,61.0,0.17,14.8,0.15,2.1,FNDDS:2709215,FNDDS,World,0
"Applesauce, regular",,75.0,0.25,18.0,0.17,1.0,FNDDS:2709216,FNDDS,World,0
"Applesauce, unsweetened",,52.0,0.27,12.3,0.16,1.1,FNDDS:2709217,FNDDS,World,0
"Applesauce, flavored",,75.0,0.25,18.0,0.17,1.0,FNDDS:2709218,FNDDS,World,0
Apple pie filling,,100.0,0.1,26.1,0.1,1.0,FNDDS:2709219,FNDDS,World,0
"Apple, baked",,113.0,0.32,22.7,3.08,2.5,FNDDS:2709220,FNDDS,World,0
"Apricot, raw",,48.0,1.4,11.1,0.39,2.0,FNDDS:2709221,FNDDS,World,0
"Apricot, canned",,57.0,0.65,13.8,0.17,1.5,FNDDS:2709222,FNDDS,World,0
"Avocado, raw",,160.0,2.0,8.53,14.7,6.7,FNDDS:2709223,FNDDS,World,0
"Banana, raw",,97.0,0.74,22.7,0.28,1.7,FNDDS:2709224,FNDDS,World,0
"Banana, baked",,161.0,0.82,32.4,3.21,1.8,FNDDS:2709225,FNDDS,World,0
"Cantaloupe, raw",,38.0,0.82,8.16,0.18,0.8,FNDDS:2709226,FNDDS,World,0
"Melon, frozen",,35.0,0.66,8.27,0.16,0.7,FNDDS:2709227,FNDDS,World,0
"Starfruit, raw",,31.0,1.04,6.73,0.33,2.8,FNDDS:2709228,FNDDS,World,0
"Cherries, maraschino",,165.0,0.22,42.0,0.21,3.2,FNDDS:2709229,FNDDS,World,0
Cherry pie filling,,122.0,0.6,28.6,0.91,0.9,FNDDS:2709230,FNDDS,World,0
"Cherries, raw",,71.0,1.04,16.2,0.19,2.1,FNDDS:2709231,FNDDS,World,0
"Cherries, canned",,74.0,0.71,18.8,0.14,1.4,FNDDS:2709232,FNDDS,World,0
"Cherries, frozen",,71.0,1.04,16.2,0.19,2.1,FNDDS:2709233,FNDDS,World,0
Dragon fruit,,68.0,0.68,16.2,0.21,1.8,FNDDS:2709234,FNDDS,World,0
"Fig, raw",,74.0,0.75,19.2,0.3,2.9,FNDDS:2709235,FNDDS,World,0
"Fig, canned",,76.0,0.56,19.4,0.24,2.2,FNDDS:2709236,FNDDS,World,0
"Grapes, raw",,83.0,0.9,19.4,0.2,0.9,FNDDS:2709237,FNDDS,World,0
"Guava, raw",,68.0,2.55,14.3,0.95,5.4,FNDDS:2709238,FNDDS,World,0
"Kiwi fruit, raw",,64.0,1.06,14.0,0.44,3.0,FNDDS:2709239,FNDDS,World,0
Lychee,,66.0,0.83,16.5,0.44,1.3,FNDDS:2709240,FNDDS,World,0
"Honeydew melon, raw",,36.0,0.54,9.09,0.14,0.8,FNDDS:2709241,FNDDS,World,0
"Mango, raw",,60.0,0.82,15.0,0.38,1.6,FNDDS:2709242,FNDDS,World,0
"Mango, canned",,65.0,0.62,16.2,0.3,1.2,FNDDS:2709243,FNDDS,World,0
"Mango, frozen",,60.0,0.82,15.0,0.38,1.6,FNDDS:2709244,FNDDS,World,0
"Nectarine, raw",,43.0,1.06,9.18,0.28,1.5,FNDDS:2709245,FNDDS,World,0
"Papaya, raw",,43.0,0.47,10.8,0.26,1.7,FNDDS:2709246,FNDDS,World,0
"Papaya, canned",,52.0,0.35,13.1,0.21,1.3,FNDDS:2709247,FNDDS,World,0
"Passion fruit, raw",,97.0,2.2,23.4,0.7,10.4,FNDDS:2709248,FNDDS,World,0
"Peach, raw",,46.0,0.91,10.1,0.27,1.5,FNDDS:2709249,FNDDS,World,0
"Peach, canned, NFS",,48.0,0.43,11.9,0.09,1.2,FNDDS:2709250,FNDDS,World,0
"Peach, canned, in syrup",,54.0,0.4,13.6,0.08,1.2,FNDDS:2709251,FNDDS,World,0
"Peach, canned, juice pack",,41.0,0.45,10.3,0.1,1.2,FNDDS:2709252,FNDDS,World,0
"Peach, frozen",,46.0,0.91,10.1,0.27,1.5,FNDDS:2709253,FNDDS,World,0
"Pear, raw",,59.0,0.37,15.2,0.15,3.1,FNDDS:2709254,FNDDS,World,0
"Pear, Asian, raw",,42.0,0.5,10.6,0.23,3.6,FNDDS:2709255,FNDDS,World,0
"Pear, canned, NFS",,52.0,0.2,13.5,0.06,1.5,FNDDS:2709256,FNDDS,World,0
"Pear, canned, in syrup",,59.0,0.18,15.2,0.05,1.5,FNDDS:2709257,FNDDS,World,0
"Pear, canned, juice pack",,45.0,0.23,11.8,0.07,1.5,FNDDS:2709258,FNDDS,World,0
"Persimmon, raw",,70.0,0.58,18.6,0.19,3.6,FNDDS:2709259,FNDDS,World,0
"Pineapple, raw",,60.0,0.46,14.1,0.21,0.9,FNDDS:2709260,FNDDS,World,0
"Pineapple, canned, NFS",,55.0,0.42,13.9,0.12,0.7,FNDDS:2709261,FNDDS,World,0
"Pineapple, canned, in syrup",,62.0,0.4,15.6,0.11,0.7,FNDDS:2709262,FNDDS,World,0
"Pineapple, canned, juice pack",,48.0,0.44,12.2,0.12,0.8,FNDDS:2709263,FNDDS,World,0
"Pineapple, frozen",,60.0,0.46,14.1,0.21,0.9,FNDDS:2709264,FNDDS,World,0
"Plum, raw",,46.0,0.7,11.4,0.28,1.4,FNDDS:2709265,FNDDS,World,0
"Plum, canned",,55.0,0.52,13.5,0.23,1.0,FNDDS:2709266,FNDDS,World,0
"Pomegranate, raw",,83.0,1.67,18.7,1.17,4.0,FNDDS:2709267,FNDDS,World,0
Rhubarb,,73.0,0.81,17.4,0.22,1.6,FNDDS:2709268,FNDDS,World,0
Tamarind,,239.0,2.8,62.5,0.6,5.1,FNDDS:2709269,FNDDS,World,0
"Watermelon, raw",,30.0,0.61,7.55,0.15,0.4,FNDDS:2709270,FNDDS,World,0
"Berries, NFS",,44.0,0.66,9.94,0.25,2.0,FNDDS:2709271,FNDDS,World,0
"Berries, frozen",,52.0,0.76,12.5,0.34,4.1,FNDDS:2709272,FNDDS,World,0
"Blackberries, raw",,43.0,1.39,9.61,0.49,5.3,FNDDS:2709273,FNDDS,World,0
"Blackberries, frozen",,64.0,1.18,15.7,0.43,5.0,FNDDS:2709274,FNDDS,World,0
"Blueberries, raw",,64.0,0.7,14.6,0.31,2.4,FNDDS:2709275,FNDDS,World,0
"Bluberries, canned",,88.0,1.04,22.7,0.4,2.6,FNDDS:2709276,FNDDS,World,0
"Blueberries, frozen",,51.0,0.42,12.2,0.64,2.7,FNDDS:2709277,FNDDS,World,0
Blueberry pie filling,,181.0,0.41,44.4,0.2,2.6,FNDDS:2709278,FNDDS,World,0
"Cranberries, raw",,46.0,0.46,12.0,0.13,3.6,FNDDS:2709279,FNDDS,World,0
Cranberry sauce,,159.0,0.9,40.4,0.15,1.1,FNDDS:2709280,FNDDS,World,0
"Raspberries, raw",,57.0,1.01,12.9,0.19,6.5,FNDDS:2709281,FNDDS,World,0
"Raspberries, frozen",,57.0,1.01,12.9,0.19,6.5,FNDDS:2709282,FNDDS,World,0
"Strawberries, raw",,36.0,0.64,7.96,0.22,1.8,FNDDS:2709283,FNDDS,World,0
"Strawberries, canned",,92.0,0.56,23.5,0.26,1.7,FNDDS:2709284,FNDDS,World,0
"Strawberries, frozen",,35.0,0.43,9.13,0.11,2.1,FNDDS:2709285,FNDDS,World,0
Ambrosia,,75.0,0.81,16.4,0.98,2.0,FNDDS:2709286,FNDDS,World,0
"Fruit salad, fresh or raw, excluding citrus fruits, no dressing",,59.0,0.64,13.9,0.21,1.5,FNDDS:2709287,FNDDS,World,0
"Fruit salad, fresh or raw, including citrus fruits, no dressing",,56.0,0.71,13.5,0.19,1.7,FNDDS:2709288,FNDDS,World,0
"Fruit cocktail, canned, NFS",,55.0,0.41,14.1,0.08,0.9,FNDDS:2709289,FNDDS,World,0
"Fruit cocktail, canned, in syrup",,62.0,0.39,15.8,0.07,0.9,FNDDS:2709290,FNDDS,World,0
"Fruit cocktail, canned, juice pack",,48.0,0.43,12.4,0.09,0.9,FNDDS:2709291,FNDDS,World,0
"Fruit mixture, frozen",,48.0,0.69,11.3,0.23,1.4,FNDDS:2709292,FNDDS,World,0
Apple salad with dressing,,180.0,1.45,12.2,14.2,2.0,FNDDS:2709293,FNDDS,World,0
"Apple, candied",,134.0,1.34,29.6,2.15,1.8,FNDDS:2709294,FNDDS,World,0
"Fruit, chocolate covered",,133.0,1.41,20.1,6.69,2.7,FNDDS:2709295,FNDDS,World,0
"Fruit salad, excluding citrus fruits, with salad dressing or mayonnaise",,247.0,1.78,13.6,20.7,1.5,FNDDS:2709296,FNDDS,World,0
"Fruit salad, excluding citrus fruits, with whipped cream",,164.0,1.99,15.2,10.6,1.6,FNDDS:2709297,FNDDS,World,0
"Fruit salad, excluding citrus fruits, with nondairy whipped topping",,153.0,1.93,17.3,8.67,1.7,FNDDS:2709298,FNDDS,World,0
"Fruit salad, excluding citrus fruits, with marshmallows",,251.0,1.78,17.5,19.5,1.4,FNDDS:2709299,FNDDS,World,0
"Fruit salad, including citrus fruits, with pudding",,133.0,1.95,17.5,6.34,1.8,FNDDS:2709300,FNDDS,World,0
"Fruit salad, excluding citrus fruits, with pudding",,137.0,1.86,18.1,6.48,1.4,FNDDS:2709301,FNDDS,World,0
"Fruit salad, including citrus fruits, with salad dressing or mayonnaise",,240.0,1.87,13.0,20.3,1.8,FNDDS:2709302,FNDDS,World,0
"Fruit salad, including citrus fruit, with whipped cream",,158.0,2.08,14.6,10.4,2.0,FNDDS:2709303,FNDDS,World,0
"Fruit salad, including citrus fruits, with nondairy whipped topping",,148.0,2.03,16.6,8.45,2.1,FNDDS:2709304,FNDDS,World,0
"Fruit salad, including citrus fruits, with marshmallows",,244.0,1.87,17.0,19.1,1.7,FNDDS:2709305,FNDDS,World,0
Lime souffle,,328.0,8.82,39.8,15.0,0.8,FNDDS:2709306,FNDDS,World,0
"Guacamole, NFS",,155.0,1.95,8.45,14.2,6.5,FNDDS:2709307,FNDDS,Mexican,0
Guacamole with tomatoes,,145.0,1.87,8.09,13.1,6.1,FNDDS:2709308,FNDDS,Mexican,0
Chutney,,246.0,0.33,60.6,0.06,1.0,FNDDS:2709309,FNDDS,World,0
Pineapple salad with dressing,,105.0,0.5,12.8,5.79,0.8,FNDDS:2709310,FNDDS,World,0
"Soup, fruit",,30.0,0.54,7.04,0.12,0.8,FNDDS:2709311,FNDDS,World,0
Frozen fruit juice bar,,106.0,0.81,25.4,0.06,0.5,FNDDS:2709312,FNDDS,World,0
"Frozen fruit juice bar, no sugar added",,30.0,0.12,7.35,0.01,0.1,FNDDS:2709313,FNDDS,World,0
Sorbet,,110.0,0.79,27.1,0.05,0.5,FNDDS:2709314,FNDDS,World,0
"Fruit juice, NFS",,51.0,0.29,12.1,0.26,0.2,FNDDS:2709315,FNDDS,World,0
"Fruit juice blend, 100% juice",,50.0,0.16,12.5,0.12,0.2,FNDDS:2709316,FNDDS,World,0
"Cranberry juice blend, 100% juice",,46.0,0.12,11.2,0.18,0.2,FNDDS:2709317,FNDDS,World,0
"Cranberry juice blend, 100% juice, with calcium added",,45.0,0.27,10.9,0.12,0.1,FNDDS:2709318,FNDDS,World,0
Apple cider,,46.0,0.1,11.3,0.13,0.2,FNDDS:2709319,FNDDS,World,0
"Apple juice, 100%",,48.0,0.09,11.3,0.25,0.2,FNDDS:2709320,FNDDS,World,0
"Apple juice, 100%, with calcium added",,48.0,0.12,11.5,0.17,0.3,FNDDS:2709321,FNDDS,World,0
"Blackberry juice, 100%",,38.0,0.3,7.8,0.6,0.1,FNDDS:2709322,FNDDS,World,0
Blueberry juice,,42.0,0.46,9.47,0.2,1.6,FNDDS:2709323,FNDDS,World,0
"Cranberry juice, 100%, not a blend",,32.0,0.0,7.26,0.34,0.1,FNDDS:2709324,FNDDS,World,0
"Grape juice, 100%",,66.0,0.18,15.7,0.28,0.2,FNDDS:2709325,FNDDS,World,0
"Grape juice, 100%, with calcium added",,62.0,0.37,14.8,0.13,0.2,FNDDS:2709326,FNDDS,World,0
"Papaya juice, 100%",,57.0,0.17,14.5,0.15,0.6,FNDDS:2709327,FNDDS,World,0
"Passion fruit juice, 100%",,51.0,0.39,13.6,0.05,0.2,FNDDS:2709328,FNDDS,World,0
"Pineapple juice, 100%",,53.0,0.36,12.9,0.12,0.2,FNDDS:2709329,FNDDS,World,0
"Pomegranate juice, 100%",,54.0,0.15,13.1,0.29,0.1,FNDDS:2709330,FNDDS,World,0
"Prune juice, 100%",,71.0,0.61,17.4,0.03,1.0,FNDDS:2709331,FNDDS,World,0
"Strawberry juice, 100%",,23.0,0.42,5.17,0.14,1.2,FNDDS:2709332,FNDDS,World,0
"Watermelon juice, 100%",,30.0,0.61,7.55,0.15,0.4,FNDDS:2709333,FNDDS,World,0
"Fruit smoothie, with whole fruit, no dairy",,54.0,0.61,12.7,0.35,1.5,FNDDS:2709334,FNDDS,World,0
"Fruit smoothie, with whole fruit, no dairy, added protein",,76.0,6.23,12.2,0.44,1.6,FNDDS:2709335,FNDDS,World,0
"Fruit smoothie, with whole fruit, non-dairy",,60.0,1.45,11.6,1.06,1.1,FNDDS:2709336,FNDDS,World,0
"Fruit smoothie juice drink, no dairy",,51.0,0.6,11.9,0.24,1.0,FNDDS:2709337,FNDDS,World,0
"Fruit smoothie, light",,53.0,2.61,9.71,0.61,1.0,FNDDS:2709338,FNDDS,World,0
"Fruit smoothie, bottled",,50.0,0.48,11.7,0.27,0.6,FNDDS:2709339,FNDDS,World,0
"Fruit nectar, NFS",,51.0,0.11,13.1,0.06,0.3,FNDDS:2709340,FNDDS,World,0
Apricot nectar,,56.0,0.17,13.6,0.45,0.1,FNDDS:2709341,FNDDS,World,0
Banana nectar,,74.0,0.26,18.0,0.13,0.6,FNDDS:2709342,FNDDS,World,0
Cantaloupe nectar,,65.0,0.33,15.6,0.11,0.3,FNDDS:2709343,FNDDS,World,0
Guava nectar,,48.0,0.3,13.3,0.07,1.2,FNDDS:2709344,FNDDS,World,0
Mango nectar,,51.0,0.11,13.1,0.06,0.3,FNDDS:2709345,FNDDS,World,0
Peach nectar,,49.0,0.1,11.6,0.57,0.1,FNDDS:2709346,FNDDS,World,0
Papaya nectar,,57.0,0.17,14.5,0.15,0.6,FNDDS:2709347,FNDDS,World,0
Passion fruit nectar,,69.0,0.16,17.4,0.06,0.1,FNDDS:2709348,FNDDS,World,0
Pear nectar,,60.0,0.11,15.8,0.01,0.6,FNDDS:2709349,FNDDS,World,0
"Soursop, nectar",,59.0,0.11,14.9,0.17,0.1,FNDDS:2709350,FNDDS,World,0
Vinegar,,21.0,0.0,0.93,0.0,0.0,FNDDS:2709351,FNDDS,World,0
"Baby Toddler fruit, NFS",,68.0,0.68,16.4,0.21,1.7,FNDDS:2709352,FNDDS,World,0
"Baby Toddler multiple fruit, Stage 2",,68.0,0.68,16.4,0.21,1.7,FNDDS:2709353,FNDDS,World,0
"Baby Toddler multiple fruit, Stage 3",,68.0,0.68,16.4,0.21,1.7,FNDDS:2709354,FNDDS,World,0
"Baby Toddler fruit, with grain",,78.0,1.07,18.0,0.41,2.0,FNDDS:2709355,FNDDS,World,0
"Baby Toddler fruit, with yogurt",,76.0,1.87,13.4,1.83,1.1,FNDDS:2709356,FNDDS,World,0
"Baby Toddler fruit and vegetables, Stage 2",,59.0,0.98,13.7,0.23,1.7,FNDDS:2709357,FNDDS,World,0
"Baby Toddler fruit and vegetables, Stage 3",,59.0,0.98,13.7,0.23,1.7,FNDDS:2709358,FNDDS,World,0
"Baby Toddler fruit and vegetables, with grain",,69.0,1.48,15.3,0.48,2.0,FNDDS:2709359,FNDDS,World,0
"Baby Toddler fruit and vegetables, with yogurt",,69.0,2.1,11.3,1.84,1.0,FNDDS:2709360,FNDDS,World,0
"Baby Toddler fruit, vegetables, and meat",,75.0,2.63,14.1,1.06,1.8,FNDDS:2709361,FNDDS,World,0
Baby Toddler fruit and meat,,82.0,2.26,16.4,0.99,1.8,FNDDS:2709362,FNDDS,World,0
"Baby Toddler apples, Stage 1",,41.0,0.2,10.8,0.2,1.7,FNDDS:2709363,FNDDS,World,0
"Baby Toddler apples, Stage 2",,37.0,0.0,10.3,0.0,1.7,FNDDS:2709364,FNDDS,World,0
"Baby Toddler bananas, Stage 1",,91.0,1.0,21.3,0.2,1.6,FNDDS:2709365,FNDDS,World,0
"Baby Toddler bananas, Stage 2",,91.0,1.0,21.3,0.2,1.6,FNDDS:2709366,FNDDS,World,0
"Baby Toddler peaches, Stage 1",,65.0,0.94,14.5,0.33,1.3,FNDDS:2709367,FNDDS,World,0
"Baby Toddler peaches, Stage 2",,65.0,0.94,14.5,0.33,1.3,FNDDS:2709368,FNDDS,World,0
"Baby Toddler pears, Stage 1",,42.0,0.3,10.8,0.2,2.8,FNDDS:2709369,FNDDS,World,0
"Baby Toddler pears, Stage 2",,44.0,0.3,11.6,0.1,2.8,FNDDS:2709370,FNDDS,World,0
Baby Toddler prunes,,100.0,1.0,23.5,0.2,2.7,FNDDS:2709371,FNDDS,World,0
Baby Toddler mangoes,,60.0,0.82,15.0,0.38,1.6,FNDDS:2709372,FNDDS,World,0
"Baby Toddler juice, NFS",,47.0,0.0,11.7,0.1,0.1,FNDDS:2709373,FNDDS,World,0
"Baby Toddler juice, apple",,47.0,0.0,11.7,0.1,0.1,FNDDS:2709374,FNDDS,World,0
"Baby Toddler juice, grape",,62.0,0.0,15.4,0.0,0.0,FNDDS:2709375,FNDDS,World,0
"Baby Toddler juice, mixed fruit",,47.0,0.0,11.7,0.1,0.1,FNDDS:2709376,FNDDS,World,0
"Baby Toddler juice, pear",,43.0,0.0,11.9,0.0,0.1,FNDDS:2709377,FNDDS,World,0
"Baby Toddler juice, fruit and vegetable",,47.0,0.3,11.4,0.1,0.5,FNDDS:2709378,FNDDS,World,0
"Baby Toddler juice, fruit and yogurt blend",,69.0,1.56,12.7,1.48,1.0,FNDDS:2709379,FNDDS,World,0
Baby Toddler pudding,,86.0,1.76,17.6,0.98,0.2,FNDDS:2709380,FNDDS,World,0
Baby Toddler yogurt melts,,380.0,14.3,71.8,4.0,2.3,FNDDS:2709381,FNDDS,World,0
"Potato, NFS",,126.0,1.87,20.4,4.25,1.4,FNDDS:2709382,FNDDS,World,0
"Potato, baked, NFS",,93.0,1.95,21.4,0.1,1.5,FNDDS:2709383,FNDDS,World,0
"Potato, baked, peel not eaten",,93.0,1.95,21.4,0.1,1.5,FNDDS:2709384,FNDDS,World,0
"Potato, boiled, NFS",,126.0,1.87,20.4,4.25,1.4,FNDDS:2709385,FNDDS,World,0
"Potato, boiled, ready-to-heat",,126.0,1.87,20.4,4.25,1.4,FNDDS:2709386,FNDDS,World,0
"Potato, boiled, from fresh, peel not eaten, NS as to fat",,126.0,1.87,20.4,4.25,1.4,FNDDS:2709387,FNDDS,World,0
"Potato, boiled, from fresh, peel not eaten, no added fat",,93.0,1.95,21.5,0.1,1.5,FNDDS:2709388,FNDDS,World,0
"Potato, boiled, from fresh, peel not eaten, fat added, NS as to fat type",,126.0,1.87,20.4,4.25,1.4,FNDDS:2709389,FNDDS,World,0
"Potato, boiled, from fresh, peel not eaten, made with oil",,131.0,1.86,20.4,4.84,1.4,FNDDS:2709390,FNDDS,World,0
"Potato, boiled, from fresh, peel not eaten, made with butter",,123.0,1.9,20.4,3.99,1.4,FNDDS:2709391,FNDDS,World,0
"Potato, boiled, from fresh, peel not eaten, made with margarine",,116.0,1.87,20.5,3.18,1.4,FNDDS:2709392,FNDDS,World,0
"Potato, boiled, from fresh, peel eaten, NS as to fat",,126.0,2.39,20.1,4.28,2.1,FNDDS:2709393,FNDDS,World,0
"Potato, boiled, from fresh, peel eaten, fat added, NS as to fat type",,126.0,2.39,20.1,4.28,2.1,FNDDS:2709394,FNDDS,World,0
"Potato, boiled, from fresh,  peel eaten, no added fat",,93.0,2.49,21.1,0.13,2.2,FNDDS:2709395,FNDDS,World,0
"Potato, boiled, from fresh, peel eaten, made with oil",,131.0,2.37,20.1,4.87,2.1,FNDDS:2709396,FNDDS,World,0
"Potato, boiled, from fresh, peel eaten, made with butter",,123.0,2.41,20.1,4.02,2.1,FNDDS:2709397,FNDDS,World,0
"Potato, boiled, from fresh, peel eaten, made with margarine",,116.0,2.38,20.1,3.21,2.1,FNDDS:2709398,FNDDS,World,0
"Potato, canned, NS as to fat",,94.0,1.34,12.9,4.35,2.3,FNDDS:2709399,FNDDS,World,0
"Potato, canned, fat added, NS as to fat type",,94.0,1.34,12.9,4.35,2.3,FNDDS:2709400,FNDDS,World,0
"Potato, canned, no added fat",,60.0,1.39,13.6,0.2,2.4,FNDDS:2709401,FNDDS,World,0
"Potato, roasted, NFS",,126.0,1.87,20.4,4.25,1.4,FNDDS:2709402,FNDDS,World,0
"Potato, roasted, from fresh, peel eaten, NS as to fat",,126.0,2.39,20.1,4.28,2.1,FNDDS:2709403,FNDDS,World,0
"Potato, roasted, from fresh, peel eaten, no added fat",,93.0,2.49,21.1,0.13,2.2,FNDDS:2709404,FNDDS,World,0
"Potato, roasted, from fresh, peel eaten, fat added, NS as to fat type",,126.0,2.39,20.1,4.28,2.1,FNDDS:2709405,FNDDS,World,0
"Potato, roasted, from fresh, peel eaten, made with oil",,131.0,2.37,20.1,4.87,2.1,FNDDS:2709406,FNDDS,World,0
"Potato, roasted, from fresh, peel eaten, made with butter",,123.0,2.41,20.1,4.02,2.1,FNDDS:2709407,FNDDS,World,0
"Potato, roasted, from fresh, peel eaten, made with margarine",,116.0,2.38,20.1,3.21,2.1,FNDDS:2709408,FNDDS,World,0
"Potato, roasted, from fresh, peel not eaten, NS as to fat",,126.0,1.87,20.4,4.25,1.4,FNDDS:2709409,FNDDS,World,0
"Potato, roasted, from fresh, peel not eaten, fat added, NS as to fat type",,126.0,1.87,20.4,4.25,1.4,FNDDS:2709410,FNDDS,World,0
"Potato, roasted, from fresh, peel not eaten, no added fat",,93.0,1.95,21.5,0.1,1.5,FNDDS:2709411,FNDDS,World,0
"Potato, roasted, from fresh, peel not eaten, made with oil",,131.0,1.86,20.4,4.84,1.4,FNDDS:2709412,FNDDS,World,0
"Potato, roasted, from fresh, peel not eaten, made with butter",,123.0,1.9,20.4,3.99,1.4,FNDDS:2709413,FNDDS,World,0
"Potato, roasted, from fresh, peel not eaten, made with margarine",,116.0,1.87,20.5,3.18,1.4,FNDDS:2709414,FNDDS,World,0
"Potato, roasted, ready-to-heat",,126.0,1.87,20.4,4.25,1.4,FNDDS:2709415,FNDDS,World,0
"Stewed potatoes, Puerto Rican style",,115.0,2.09,18.8,3.71,1.8,FNDDS:2709416,FNDDS,World,0
"Potato only from Puerto Rican mixed dishes, gravy and other components reported separately",,85.0,1.7,19.9,0.1,1.8,FNDDS:2709417,FNDDS,World,0
"Potato from Puerto Rican style stuffed pot roast, with gravy",,74.0,2.46,14.4,0.93,1.3,FNDDS:2709418,FNDDS,World,0
"Potato from Puerto Rican beef stew, with gravy",,74.0,2.46,14.4,0.93,1.3,FNDDS:2709419,FNDDS,World,0
"Potato from Puerto Rican chicken fricassee, with sauce",,72.0,1.34,14.6,1.02,1.2,FNDDS:2709420,FNDDS,World,0
"Potato chips, NFS",,532.0,6.39,53.8,34.0,3.1,FNDDS:2709421,FNDDS,World,0
"Potato chips, plain",,532.0,6.39,53.8,34.0,3.1,FNDDS:2709422,FNDDS,World,0
"Potato chips, barbecue flavored",,487.0,6.51,55.9,31.1,3.8,FNDDS:2709423,FNDDS,American,0
"Potato chips, sour cream and onion flavored",,487.0,6.51,55.9,31.1,3.8,FNDDS:2709424,FNDDS,World,0
"Potato chips, cheese flavored",,487.0,6.51,55.9,31.1,3.8,FNDDS:2709425,FNDDS,World,0
"Potato chips, other flavored",,487.0,6.51,55.9,31.1,3.8,FNDDS:2709426,FNDDS,World,0
"Potato chips, ruffled, plain",,532.0,6.39,53.8,34.0,3.1,FNDDS:2709427,FNDDS,World,0
"Potato chips, ruffled, barbecue flavored",,487.0,6.51,55.9,31.1,3.8,FNDDS:2709428,FNDDS,American,0
"Potato chips, ruffled, sour cream and onion flavored",,487.0,6.51,55.9,31.1,3.8,FNDDS:2709429,FNDDS,World,0
"Potato chips, ruffled, cheese flavored",,487.0,6.51,55.9,31.1,3.8,FNDDS:2709430,FNDDS,World,0
"Potato chips, ruffled, other flavored",,487.0,6.51,55.9,31.1,3.8,FNDDS:2709431,FNDDS,World,0
"Potato chips, restructured, plain",,543.0,4.61,55.2,35.2,2.9,FNDDS:2709432,FNDDS,World,0
"Potato chips, restructured, flavored",,542.0,4.59,55.0,35.1,2.9,FNDDS:2709433,FNDDS,World,0
"Potato chips, baked, plain",,469.0,5.0,71.4,18.2,4.8,FNDDS:2709434,FNDDS,World,0
"Potato chips, baked, flavored",,467.0,4.97,71.0,18.1,4.8,FNDDS:2709435,FNDDS,World,0
"Potato chips, reduced fat",,482.0,7.03,67.1,20.6,6.0,FNDDS:2709436,FNDDS,World,0
"Potato chips, restructured, reduced fat, lightly salted",,502.0,4.56,64.8,26.1,3.2,FNDDS:2709437,FNDDS,World,0
"Potato chips, unsalted",,537.0,6.25,59.7,30.3,5.4,FNDDS:2709438,FNDDS,World,0
"Potato chips, lightly salted",,559.0,6.71,53.4,35.3,4.2,FNDDS:2709439,FNDDS,World,0
"Potato chips, restructured, lightly salted",,559.0,6.71,53.4,35.3,4.2,FNDDS:2709440,FNDDS,World,0
"Potato chips, popped, plain",,469.0,5.0,71.4,18.2,4.8,FNDDS:2709441,FNDDS,World,0
"Potato chips, popped, flavored",,467.0,4.97,71.0,18.1,4.8,FNDDS:2709442,FNDDS,World,0
"Potato chips, popped, NFS",,469.0,5.0,71.4,18.2,4.8,FNDDS:2709443,FNDDS,World,0
"Potato sticks, plain",,522.0,6.7,53.3,34.4,3.4,FNDDS:2709444,FNDDS,World,0
"Potato sticks, flavored",,517.0,6.63,52.8,34.1,3.4,FNDDS:2709445,FNDDS,World,0
"Potato sticks, fry shaped",,517.0,6.63,52.8,34.1,3.4,FNDDS:2709446,FNDDS,World,0
Vegetable chips,,495.0,4.72,59.2,26.6,7.8,FNDDS:2709447,FNDDS,World,0
"Potato, scalloped, NFS",,168.0,7.13,13.5,9.63,0.8,FNDDS:2709448,FNDDS,World,0
"Potato, scalloped, from fast food or restaurant",,206.0,6.66,13.0,14.3,0.7,FNDDS:2709449,FNDDS,World,0
"Potato, scalloped, from fresh",,168.0,7.13,13.5,9.63,0.8,FNDDS:2709450,FNDDS,World,0
"Potato, scalloped, from fresh, with meat",,173.0,7.44,12.9,10.4,0.7,FNDDS:2709451,FNDDS,World,0
"Potato, scalloped, from dry mix",,169.0,6.91,13.5,9.79,0.8,FNDDS:2709452,FNDDS,World,0
"Potato, scalloped, from dry mix, with meat",,167.0,7.3,13.1,9.6,0.7,FNDDS:2709453,FNDDS,World,0
"Potato, scalloped, ready-to-heat",,178.0,6.8,13.3,11.0,0.7,FNDDS:2709454,FNDDS,World,0
"Potato, scalloped, ready-to-heat, with meat",,183.0,7.1,12.7,11.6,0.7,FNDDS:2709455,FNDDS,World,0
"Potato, french fries, NFS",,225.0,2.5,23.2,14.1,1.8,FNDDS:2709456,FNDDS,American,0
"Potato, french fries, NS as to fresh or frozen",,225.0,2.5,23.2,14.1,1.8,FNDDS:2709457,FNDDS,American,0
"Potato, french fries, from fresh, fried",,198.0,1.93,18.5,13.1,1.6,FNDDS:2709458,FNDDS,American,0
"Potato, french fries, from fresh, baked",,166.0,2.02,19.3,9.16,1.7,FNDDS:2709459,FNDDS,American,0
"Potato, french fries, from frozen, baked",,158.0,2.75,25.6,5.48,2.0,FNDDS:2709460,FNDDS,American,0
"Potato, french fries, fast food",,312.0,3.43,41.4,14.7,3.8,FNDDS:2709461,FNDDS,American,0
"Potato, french fries, restaurant",,289.0,3.49,37.2,14.0,3.9,FNDDS:2709462,FNDDS,American,0
"Potato, french fries, from frozen, fried",,225.0,2.5,23.2,14.1,1.8,FNDDS:2709463,FNDDS,American,0
"Potato, french fries, school",,166.0,2.02,19.3,9.16,1.7,FNDDS:2709464,FNDDS,American,0
"Potato, french fries, with cheese, fast food / restaurant",,260.0,3.33,29.8,14.2,2.6,FNDDS:2709465,FNDDS,American,0
"Potato, french fries, with cheese, school",,181.0,4.55,17.7,10.3,1.5,FNDDS:2709466,FNDDS,American,0
"Potato, french fries, with chili, fast food / restaurant",,241.0,5.2,30.8,10.8,3.6,FNDDS:2709467,FNDDS,American,0
"Potato, french fries, with chili and cheese, fast food / restaurant",,221.0,4.66,24.9,11.4,2.7,FNDDS:2709468,FNDDS,American,0
"Potato, french fries, with cheese",,260.0,3.33,29.8,14.2,2.6,FNDDS:2709469,FNDDS,American,0
"Potato, french fries, with chili and cheese",,221.0,4.66,24.9,11.4,2.7,FNDDS:2709470,FNDDS,American,0
"Potato, french fries, with chili",,241.0,5.2,30.8,10.8,3.6,FNDDS:2709471,FNDDS,American,0
"Potato, home fries, NFS",,197.0,1.92,18.4,13.0,1.6,FNDDS:2709472,FNDDS,American,0
"Potato, home fries, from restaurant / fast food",,213.0,1.87,17.9,15.2,1.6,FNDDS:2709473,FNDDS,American,0
"Potato, home fries, from fresh",,185.0,1.96,18.8,11.5,1.6,FNDDS:2709474,FNDDS,American,0
"Potato, home fries, ready-to-heat",,197.0,1.92,18.4,13.0,1.6,FNDDS:2709475,FNDDS,American,0
"Potato, home fries, with vegetables",,173.0,1.72,15.6,11.8,1.5,FNDDS:2709476,FNDDS,American,0
"Potato, hash brown, NFS",,217.0,2.62,28.2,11.5,3.2,FNDDS:2709477,FNDDS,World,0
"Potato, hash brown, from fast food",,272.0,2.58,28.9,17.0,2.7,FNDDS:2709478,FNDDS,World,0
"Potato, hash brown, from fast food, with cheese",,295.0,6.03,24.5,19.9,2.2,FNDDS:2709479,FNDDS,World,0
"Potato, hash brown, from restaurant",,272.0,2.58,28.9,17.0,2.7,FNDDS:2709480,FNDDS,World,0
"Potato, hash brown, from restaurant, with cheese",,295.0,6.03,24.5,19.9,2.2,FNDDS:2709481,FNDDS,World,0
"Potato, hash brown, from school lunch",,218.0,2.64,28.4,11.5,3.2,FNDDS:2709482,FNDDS,World,0
"Potato, hash brown, from fresh",,190.0,1.94,18.6,12.3,1.6,FNDDS:2709483,FNDDS,World,0
"Potato, hash brown, from fresh, with cheese",,223.0,5.1,16.2,15.5,1.4,FNDDS:2709484,FNDDS,World,0
"Potato, hash brown, from dry mix",,217.0,2.62,28.2,11.5,3.2,FNDDS:2709485,FNDDS,World,0
"Potato, hash brown, ready-to-heat",,217.0,2.62,28.2,11.5,3.2,FNDDS:2709486,FNDDS,World,0
"Potato, hash brown, ready-to-heat, with cheese",,249.0,6.04,24.0,15.2,2.6,FNDDS:2709487,FNDDS,World,0
Potato skins without topping,,151.0,2.12,19.5,7.45,1.8,FNDDS:2709488,FNDDS,World,0
"Potato skins, with cheese",,199.0,6.07,16.3,12.4,1.5,FNDDS:2709489,FNDDS,World,0
"Potato skins, with cheese and bacon",,215.0,7.64,15.5,13.7,1.4,FNDDS:2709490,FNDDS,World,0
"Potato skins, NFS",,199.0,6.07,16.3,12.4,1.5,FNDDS:2709491,FNDDS,World,0
"Potato, mashed, NFS",,114.0,2.15,17.6,4.07,1.2,FNDDS:2709492,FNDDS,World,0
"Potato, mashed, from fast food",,89.0,1.65,14.6,2.82,1.3,FNDDS:2709493,FNDDS,World,0
"Potato, mashed, from fast food, with gravy",,81.0,1.46,12.8,2.78,1.1,FNDDS:2709494,FNDDS,World,0
"Potato, mashed, ready-to-heat",,106.0,1.97,13.3,5.01,1.9,FNDDS:2709495,FNDDS,World,0
"Potato, mashed, from fresh, made with milk",,114.0,2.15,17.6,4.07,1.2,FNDDS:2709496,FNDDS,World,0
"Potato, mashed, from fresh, made with milk, with cheese",,145.0,4.41,16.0,7.28,1.0,FNDDS:2709497,FNDDS,World,0
"Potato, mashed, from fresh, made with milk, with gravy",,100.0,1.86,15.1,3.78,1.0,FNDDS:2709498,FNDDS,World,0
"Potato, mashed, from fresh, NFS",,114.0,2.15,17.6,4.07,1.2,FNDDS:2709499,FNDDS,World,0
"Potato, mashed, from restaurant",,138.0,2.07,16.8,7.22,1.1,FNDDS:2709500,FNDDS,World,0
"Potato, mashed, from restaurant, with gravy",,120.0,1.8,14.5,6.3,0.9,FNDDS:2709501,FNDDS,World,0
"Potato, mashed, from school lunch",,77.0,2.14,13.2,1.89,1.0,FNDDS:2709502,FNDDS,World,0
"Potato, mashed, from dry mix, NFS",,117.0,2.05,12.6,6.7,0.9,FNDDS:2709503,FNDDS,World,0
"Potato, mashed, from dry mix, made with milk",,117.0,2.05,12.6,6.7,0.9,FNDDS:2709504,FNDDS,World,0
"Potato, mashed, from dry mix, made with milk, with cheese",,148.0,4.32,11.5,9.62,0.8,FNDDS:2709505,FNDDS,World,0
"Potato, mashed, from dry mix, made with milk, with gravy",,103.0,1.78,11.2,5.88,0.8,FNDDS:2709506,FNDDS,World,0
"Potato, mashed, ready-to-heat, NFS",,106.0,1.97,13.3,5.01,1.9,FNDDS:2709507,FNDDS,World,0
"Potato, mashed, ready-to-heat, with cheese",,138.0,4.26,12.1,8.12,1.7,FNDDS:2709508,FNDDS,World,0
"Potato, mashed, ready-to-heat, with gravy",,94.0,1.72,11.7,4.53,1.5,FNDDS:2709509,FNDDS,World,0
Potato patty,,171.0,3.89,13.5,11.3,1.5,FNDDS:2709510,FNDDS,World,0
"Potato tots, NFS",,237.0,1.9,24.4,15.5,2.3,FNDDS:2709511,FNDDS,World,0
"Potato tots, fast food / restaurant",,236.0,1.89,24.3,15.4,2.3,FNDDS:2709512,FNDDS,World,0
"Potato tots, school",,166.0,2.02,19.3,9.16,1.7,FNDDS:2709513,FNDDS,World,0
"Potato tots, from fresh, fried or baked",,237.0,1.9,24.4,15.5,2.3,FNDDS:2709514,FNDDS,World,0
"Potato tots, frozen, baked",,187.0,2.03,26.1,9.17,2.4,FNDDS:2709515,FNDDS,World,0
"Potato tots, frozen, fried",,237.0,1.9,24.4,15.5,2.3,FNDDS:2709516,FNDDS,World,0
"Potato tots, frozen, NS as to fried or baked",,237.0,1.9,24.4,15.5,2.3,FNDDS:2709517,FNDDS,World,0
"Potato, baked, peel not eaten, with butter",,125.0,1.9,20.4,4.19,1.4,FNDDS:2709518,FNDDS,World,0
"Potato, baked, peel not eaten, with sour cream",,131.0,2.0,19.0,5.44,1.3,FNDDS:2709519,FNDDS,World,0
"Potato, baked, peel not eaten, with cheese",,153.0,3.66,17.8,7.66,1.2,FNDDS:2709520,FNDDS,World,0
"Potato, baked, peel not eaten, with meat",,160.0,4.32,17.4,8.26,1.2,FNDDS:2709521,FNDDS,World,0
"Potato, baked, peel not eaten, with chili",,143.0,4.45,17.6,6.21,1.6,FNDDS:2709522,FNDDS,World,0
"Potato, baked, peel not eaten, with vegetables",,142.0,3.68,18.1,6.34,1.4,FNDDS:2709523,FNDDS,World,0
"Potato, baked, peel eaten",,93.0,2.49,21.0,0.13,2.2,FNDDS:2709524,FNDDS,World,0
"Potato, baked, peel eaten, with butter",,125.0,2.41,20.0,4.22,2.1,FNDDS:2709525,FNDDS,World,0
"Potato, baked, peel eaten, with sour cream",,131.0,2.47,18.7,5.46,1.9,FNDDS:2709526,FNDDS,World,0
"Potato, baked, peel eaten, with cheese",,153.0,4.09,17.4,7.69,1.7,FNDDS:2709527,FNDDS,World,0
"Potato, baked, peel eaten, with meat",,160.0,4.74,17.1,8.28,1.7,FNDDS:2709528,FNDDS,World,0
"Potato, baked, peel eaten, with chili",,143.0,4.85,17.3,6.23,2.1,FNDDS:2709529,FNDDS,World,0
"Potato, baked, peel eaten, with vegetables",,142.0,4.12,17.8,6.37,2.0,FNDDS:2709530,FNDDS,World,0
"Potato salad with egg, from restaurant",,175.0,3.04,15.4,11.4,1.1,FNDDS:2709531,FNDDS,World,0
"Potato salad with egg, made with mayonnaise",,157.0,1.96,16.2,9.4,1.3,FNDDS:2709532,FNDDS,World,0
"Potato salad with egg, made with light mayonnaise",,111.0,2.72,15.1,4.46,1.3,FNDDS:2709533,FNDDS,World,0
"Potato salad with egg, made with mayonnaise-type salad dressing",,112.0,2.76,15.9,4.32,1.3,FNDDS:2709534,FNDDS,World,0
"Potato salad with egg, made with light mayonnaise-type salad dressing",,111.0,2.72,15.1,4.46,1.3,FNDDS:2709535,FNDDS,World,0
"Potato salad with egg, made with creamy dressing",,142.0,2.93,14.9,7.91,1.3,FNDDS:2709536,FNDDS,World,0
"Potato salad with egg, made with light creamy dressing",,102.0,2.95,15.0,3.46,1.3,FNDDS:2709537,FNDDS,World,0
"Potato salad with egg, made with Italian dressing",,114.0,2.8,15.8,4.42,1.3,FNDDS:2709538,FNDDS,World,0
"Potato salad with egg, made with light Italian dressing",,94.0,2.79,15.5,2.35,1.3,FNDDS:2709539,FNDDS,World,0
"Potato salad with egg, made with any type of fat free dressing",,89.0,2.67,16.0,1.74,1.6,FNDDS:2709540,FNDDS,World,0
"Potato salad, German style",,108.0,2.92,17.2,3.22,1.9,FNDDS:2709541,FNDDS,World,0
"Potato salad, from restaurant",,178.0,1.73,17.3,11.4,1.3,FNDDS:2709542,FNDDS,World,0
"Potato salad, made with mayonnaise",,168.0,1.51,15.8,11.1,1.5,FNDDS:2709543,FNDDS,World,0
"Potato salad, made with light mayonnaise",,105.0,1.41,17.0,3.65,1.5,FNDDS:2709544,FNDDS,World,0
"Potato salad, made with mayonnaise-type salad dressing",,107.0,1.46,17.9,3.49,1.5,FNDDS:2709545,FNDDS,World,0
"Potato salad, made with light mayonnaise-type salad dressing",,105.0,1.41,17.0,3.65,1.5,FNDDS:2709546,FNDDS,World,0
"Potato salad, made with creamy dressing",,140.0,1.59,16.8,7.53,1.5,FNDDS:2709547,FNDDS,World,0
"Potato salad, made with light creamy dressing",,95.0,1.62,17.0,2.47,1.5,FNDDS:2709548,FNDDS,World,0
"Potato salad, made with Italian dressing",,108.0,1.44,17.9,3.56,1.5,FNDDS:2709549,FNDDS,World,0
"Potato salad, made with light Italian dressing",,85.0,1.43,17.5,1.2,1.5,FNDDS:2709550,FNDDS,World,0
"Potato salad, made with any type of fat free dressing",,81.0,1.38,17.9,0.58,1.8,FNDDS:2709551,FNDDS,World,0
Potato pancake,,196.0,4.47,20.6,10.8,2.2,FNDDS:2709552,FNDDS,American,0
Lefse,,218.0,4.37,36.4,6.34,2.0,FNDDS:2709553,FNDDS,World,0
Stewed potatoes,,103.0,1.99,16.3,3.39,2.1,FNDDS:2709554,FNDDS,World,0
Stewed potatoes with tomatoes,,87.0,1.71,12.9,3.29,1.9,FNDDS:2709555,FNDDS,World,0
"Soup, potato",,90.0,1.51,10.5,4.71,1.2,FNDDS:2709556,FNDDS,World,0
"Soup, potato with meat",,109.0,3.78,8.81,6.43,1.0,FNDDS:2709557,FNDDS,World,0
"Plantain, cooked, no added fat",,122.0,1.3,31.8,0.35,1.7,FNDDS:2709558,FNDDS,World,0
"Plantain, cooked with oil",,144.0,1.26,30.9,3.24,1.6,FNDDS:2709559,FNDDS,World,0
"Plantain, raw",,122.0,1.3,31.9,0.35,1.7,FNDDS:2709560,FNDDS,World,0
"Plantain, cooked, fat added, NS as to fat type",,141.0,1.27,30.9,2.88,1.6,FNDDS:2709561,FNDDS,World,0
"Plantain, cooked with butter or margarine",,138.0,1.27,30.9,2.53,1.6,FNDDS:2709562,FNDDS,World,0
Plantain chips,,531.0,2.28,63.8,29.6,3.5,FNDDS:2709563,FNDDS,World,0
"Cassava, cooked",,191.0,1.42,39.6,3.03,1.9,FNDDS:2709564,FNDDS,World,0
Yuca fries,,269.0,1.24,34.7,13.9,1.6,FNDDS:2709565,FNDDS,American,0
"Casabe, cassava bread",,299.0,2.54,71.2,0.52,3.4,FNDDS:2709566,FNDDS,World,0
"Taro, cooked",,141.0,1.57,27.6,2.95,4.3,FNDDS:2709567,FNDDS,World,0
Fufu,,166.0,1.5,33.6,2.99,3.1,FNDDS:2709568,FNDDS,World,0
Taro chips,,498.0,2.3,68.1,24.9,7.2,FNDDS:2709569,FNDDS,World,0
"Beet greens, raw",,22.0,2.2,4.33,0.13,3.7,FNDDS:2709570,FNDDS,World,0
"Beet greens, cooked",,48.0,2.3,4.51,2.87,3.9,FNDDS:2709571,FNDDS,World,0
"Broccoli raab, raw",,22.0,3.17,2.85,0.49,2.7,FNDDS:2709572,FNDDS,World,0
"Broccoli raab, cooked",,46.0,3.2,2.88,3.15,2.7,FNDDS:2709573,FNDDS,World,0
"Chard, raw",,19.0,1.8,3.74,0.2,1.6,FNDDS:2709574,FNDDS,World,0
"Chard, cooked",,44.0,1.88,3.9,2.95,1.7,FNDDS:2709575,FNDDS,World,0
"Collards, raw",,32.0,3.02,5.42,0.61,4.0,FNDDS:2709576,FNDDS,World,0
"Collards, fresh, cooked, no added fat",,34.0,3.24,5.81,0.65,4.3,FNDDS:2709577,FNDDS,World,0
"Collards, frozen, cooked, no added fat",,36.0,2.96,7.08,0.41,2.8,FNDDS:2709578,FNDDS,World,0
"Collards, NS as to form, cooked",,58.0,3.15,5.65,3.37,4.2,FNDDS:2709579,FNDDS,World,0
"Collards, fresh, cooked, fat added, NS as to fat type",,58.0,3.15,5.65,3.37,4.2,FNDDS:2709580,FNDDS,World,0
"Collards, frozen, cooked, fat added, NS as to fat type",,58.0,2.88,6.88,2.94,2.7,FNDDS:2709581,FNDDS,World,0
"Collards, fresh, cooked with oil",,61.0,3.14,5.64,3.76,4.2,FNDDS:2709582,FNDDS,World,0
"Collards, fresh, cooked with butter or margarine",,54.0,3.16,5.65,2.99,4.2,FNDDS:2709583,FNDDS,World,0
"Collards, frozen, cooked with oil",,61.0,2.88,6.87,3.3,2.7,FNDDS:2709584,FNDDS,World,0
"Collards, frozen, cooked with butter or margarine",,55.0,2.89,6.88,2.58,2.7,FNDDS:2709585,FNDDS,World,0
"Cress, raw",,32.0,2.6,5.5,0.7,1.1,FNDDS:2709586,FNDDS,World,0
"Cress, cooked",,58.0,2.72,5.73,3.47,1.1,FNDDS:2709587,FNDDS,World,0
"Dandelion greens, raw",,45.0,2.7,9.2,0.7,3.5,FNDDS:2709588,FNDDS,World,0
"Dandelion greens, cooked",,71.0,2.82,9.58,3.47,3.6,FNDDS:2709589,FNDDS,World,0
"Romaine lettuce, raw",,21.0,0.98,4.06,0.07,1.8,FNDDS:2709590,FNDDS,World,0
"Caesar salad, with romaine, no dressing",,77.0,4.0,7.49,3.41,1.8,FNDDS:2709591,FNDDS,World,0
"Escarole, cooked",,37.0,1.12,2.98,2.72,2.7,FNDDS:2709592,FNDDS,World,0
"Greens, fresh, cooked, no added fat",,37.0,2.97,5.16,0.97,4.2,FNDDS:2709593,FNDDS,World,0
"Greens, frozen, cooked, no added fat",,37.0,2.92,5.75,0.71,2.7,FNDDS:2709594,FNDDS,World,0
"Greens, NS as to form, cooked",,58.0,2.89,5.02,3.4,4.1,FNDDS:2709595,FNDDS,World,0
"Greens, fresh, cooked, fat added",,58.0,2.89,5.02,3.4,4.1,FNDDS:2709596,FNDDS,World,0
"Greens, frozen, cooked, fat added",,59.0,2.84,5.59,3.24,2.6,FNDDS:2709597,FNDDS,World,0
"Greens, canned, cooked",,41.0,1.32,2.71,2.82,1.3,FNDDS:2709598,FNDDS,World,0
"Kale, raw",,43.0,2.92,4.42,1.49,4.1,FNDDS:2709599,FNDDS,World,0
"Kale, fresh, cooked, no added fat",,46.0,3.13,4.74,1.6,4.4,FNDDS:2709600,FNDDS,World,0
"Kale, frozen, cooked, no added fat",,44.0,2.93,5.28,1.21,2.3,FNDDS:2709601,FNDDS,World,0
"Kale, NS as to form, cooked",,69.0,3.05,4.61,4.29,4.3,FNDDS:2709602,FNDDS,World,0
"Kale, fresh, cooked, fat added",,69.0,3.05,4.61,4.29,4.3,FNDDS:2709603,FNDDS,World,0
"Kale, frozen, cooked, fat added",,66.0,2.85,5.14,3.72,2.2,FNDDS:2709604,FNDDS,World,0
"Lambsquarter, cooked",,54.0,3.11,4.85,3.22,2.0,FNDDS:2709605,FNDDS,World,0
"Mustard greens, raw",,27.0,2.86,4.67,0.42,3.2,FNDDS:2709606,FNDDS,World,0
"Mustard greens, fresh, cooked, no added fat",,29.0,3.07,5.01,0.45,3.4,FNDDS:2709607,FNDDS,World,0
"Mustard greens, frozen, cooked, no added fat",,19.0,2.26,3.1,0.25,2.8,FNDDS:2709608,FNDDS,World,0
"Mustard greens, NS as to form, cooked",,53.0,2.99,4.87,3.18,3.3,FNDDS:2709609,FNDDS,World,0
"Mustard greens, fresh, cooked, fat added",,53.0,2.99,4.87,3.18,3.3,FNDDS:2709610,FNDDS,World,0
"Mustard greens, frozen, cooked, fat added",,41.0,2.21,3.02,2.79,2.7,FNDDS:2709611,FNDDS,World,0
"Poke greens, cooked",,42.0,2.24,3.01,2.93,1.5,FNDDS:2709612,FNDDS,World,0
"Radicchio, raw",,23.0,1.43,4.48,0.25,0.9,FNDDS:2709613,FNDDS,World,0
"Spinach, raw",,27.0,2.85,2.41,0.62,1.6,FNDDS:2709614,FNDDS,World,0
"Spinach, fresh, cooked, no added fat",,33.0,3.41,3.1,0.7,1.9,FNDDS:2709615,FNDDS,World,0
"Spinach, frozen, cooked, no added fat",,34.0,4.0,4.79,0.87,3.7,FNDDS:2709616,FNDDS,World,0
"Spinach, canned, cooked, no added fat",,23.0,2.81,3.4,0.5,2.4,FNDDS:2709617,FNDDS,World,0
"Spinach, fresh, cooked with oil",,63.0,3.31,3.01,4.1,1.8,FNDDS:2709618,FNDDS,World,0
"Spinach, fresh, cooked with butter or margarine",,55.0,3.33,3.02,3.26,1.8,FNDDS:2709619,FNDDS,World,0
"Spinach, NS as to form, cooked",,59.0,3.32,3.01,3.68,1.8,FNDDS:2709620,FNDDS,World,0
"Spinach, fresh, cooked, fat added, NS as to fat type",,59.0,3.32,3.01,3.68,1.8,FNDDS:2709621,FNDDS,World,0
"Spinach, frozen, cooked, fat added, NS as to fat type",,56.0,3.89,4.65,3.39,3.6,FNDDS:2709622,FNDDS,World,0
"Spinach, canned, cooked, fat added, NS as to fat type",,45.0,2.74,3.31,3.04,2.3,FNDDS:2709623,FNDDS,World,0
"Spinach, frozen, cooked with oil",,59.0,3.88,4.65,3.75,3.6,FNDDS:2709624,FNDDS,World,0
"Spinach, frozen, cooked with butter or margarine",,53.0,3.9,4.66,3.03,3.6,FNDDS:2709625,FNDDS,World,0
"Spinach, canned, cooked with oil",,49.0,2.73,3.3,3.4,2.3,FNDDS:2709626,FNDDS,World,0
"Spinach, canned, cooked with butter or margarine",,42.0,2.74,3.31,2.68,2.3,FNDDS:2709627,FNDDS,World,0
"Spinach, creamed",,90.0,2.39,6.11,6.09,1.2,FNDDS:2709628,FNDDS,World,0
Spinach souffle,,128.0,5.72,7.13,8.64,1.1,FNDDS:2709629,FNDDS,World,0
Spinach and cheese casserole,,130.0,7.05,9.86,7.59,2.8,FNDDS:2709630,FNDDS,World,0
Palak Paneer,,101.0,5.42,4.28,7.02,0.9,FNDDS:2709631,FNDDS,Indian,0
Channa Saag,,89.0,4.1,8.79,4.33,3.0,FNDDS:2709632,FNDDS,World,0
"Taro leaves, cooked",,68.0,5.19,6.98,3.51,3.9,FNDDS:2709633,FNDDS,World,0
"Turnip greens, fresh, cooked, no added fat",,20.0,1.14,4.35,0.23,3.5,FNDDS:2709634,FNDDS,World,0
"Turnip greens, frozen, cooked, no added fat",,29.0,3.34,4.96,0.42,3.4,FNDDS:2709635,FNDDS,World,0
"Turrnip greens, NS as to form, cooked",,42.0,1.11,4.23,2.77,3.4,FNDDS:2709636,FNDDS,World,0
"Turnip greens, fresh, cooked, fat added",,42.0,1.11,4.23,2.77,3.4,FNDDS:2709637,FNDDS,World,0
"Turnip greens, frozen, cooked, fat added",,51.0,3.25,4.83,2.95,3.3,FNDDS:2709638,FNDDS,World,0
"Watercress, raw",,11.0,2.3,1.29,0.1,0.5,FNDDS:2709639,FNDDS,World,0
"Watercress, cooked",,36.0,2.4,1.35,2.84,0.5,FNDDS:2709640,FNDDS,World,0
"Bitter melon, horseradish, jute, or radish leaves, cooked",,56.0,3.49,6.47,2.74,1.8,FNDDS:2709641,FNDDS,World,0
"Sweet potato, squash, pumpkin, chrysanthemum, or bean leaves, cooked",,57.0,2.12,7.15,2.88,1.8,FNDDS:2709642,FNDDS,World,0
"Broccoli, raw",,39.0,2.57,6.27,0.34,2.4,FNDDS:2709643,FNDDS,World,0
"Broccoli, cooked, from restaurant",,77.0,2.55,6.2,4.66,2.4,FNDDS:2709644,FNDDS,World,0
"Broccoli, fresh, cooked, no added fat",,41.0,2.67,6.51,0.35,2.5,FNDDS:2709645,FNDDS,World,0
"Broccoli, frozen, cooked, no added fat",,28.0,3.09,5.33,0.12,3.0,FNDDS:2709646,FNDDS,World,0
"Broccoli, NS as to form, cooked",,63.0,2.6,6.33,3.0,2.4,FNDDS:2709647,FNDDS,World,0
"Broccoli, fresh, cooked, fat added, NS as to fat type",,63.0,2.6,6.33,3.0,2.4,FNDDS:2709648,FNDDS,World,0
"Broccoli, frozen, cooked, fat added, NS as to fat type",,50.0,3.01,5.18,2.66,2.9,FNDDS:2709649,FNDDS,World,0
"Broccoli, fresh, cooked with oil",,67.0,2.59,6.32,3.37,2.4,FNDDS:2709650,FNDDS,World,0
"Broccoli, fresh, cooked with butter or margarine",,60.0,2.61,6.33,2.62,2.4,FNDDS:2709651,FNDDS,World,0
"Broccoli, frozen, cooked with oil",,53.0,3.0,5.18,3.02,2.9,FNDDS:2709652,FNDDS,World,0
"Broccoli, frozen, cooked with butter or margarine",,47.0,3.02,5.19,2.3,2.9,FNDDS:2709653,FNDDS,World,0
Broccoli casserole with noodles,,112.0,3.55,15.9,3.77,1.9,FNDDS:2709654,FNDDS,World,0
Broccoli casserole with rice,,107.0,4.14,15.1,3.6,1.9,FNDDS:2709655,FNDDS,World,0
Fried broccoli,,223.0,4.28,22.4,12.9,1.7,FNDDS:2709656,FNDDS,World,0
"Broccoli, chinese, raw",,26.0,1.2,4.67,0.76,2.6,FNDDS:2709657,FNDDS,World,0
"Broccoli, Chinese, cooked",,50.0,1.22,4.72,3.42,2.6,FNDDS:2709658,FNDDS,World,0
"Soup, broccoli cheese",,82.0,4.26,6.08,4.54,1.3,FNDDS:2709659,FNDDS,World,0
"Carrots, raw",,44.0,0.87,9.68,0.24,2.9,FNDDS:2709660,FNDDS,World,0
"Carrots, raw, salad",,212.0,1.25,17.6,15.7,2.6,FNDDS:2709661,FNDDS,World,0
"Carrots, raw, salad with apples",,181.0,0.85,8.59,16.0,2.3,FNDDS:2709662,FNDDS,World,0
"Carrots, cooked, from restaurant",,86.0,0.94,10.2,4.67,3.1,FNDDS:2709663,FNDDS,World,0
"Carrots, fresh, cooked, no added fat",,50.0,0.98,10.7,0.36,3.2,FNDDS:2709664,FNDDS,World,0
"Carrots, frozen, cooked, no added fat",,39.0,0.81,7.9,0.47,3.2,FNDDS:2709665,FNDDS,World,0
"Carrots, canned, cooked, no added fat",,25.0,0.64,5.54,0.19,1.5,FNDDS:2709666,FNDDS,World,0
"Carrots, fresh, cooked with oil",,76.0,0.95,10.4,3.38,3.1,FNDDS:2709667,FNDDS,World,0
"Carrots, fresh, cooked with butter or margarine",,69.0,0.96,10.4,2.63,3.1,FNDDS:2709668,FNDDS,World,0
"Carrots, NS as to form, cooked",,72.0,0.96,10.4,3.0,3.1,FNDDS:2709669,FNDDS,World,0
"Carrots, fresh, cooked, fat added, NS as to fat type",,72.0,0.96,10.4,3.0,3.1,FNDDS:2709670,FNDDS,World,0
"Carrots, frozen, cooked, fat added, NS as to fat type",,61.0,0.79,7.67,3.0,3.1,FNDDS:2709671,FNDDS,World,0
"Carrots, canned, cooked, fat added, NS as to fat type",,47.0,0.63,5.38,2.74,1.5,FNDDS:2709672,FNDDS,World,0
"Carrots, frozen, cooked with oil",,64.0,0.78,7.67,3.36,3.1,FNDDS:2709673,FNDDS,World,0
"Carrots, frozen, cooked with butter or margarine",,57.0,0.8,7.68,2.64,3.1,FNDDS:2709674,FNDDS,World,0
"Carrots, canned, cooked with oil",,50.0,0.62,5.38,3.1,1.5,FNDDS:2709675,FNDDS,World,0
"Carrots, canned, cooked with butter or margarine",,44.0,0.64,5.39,2.38,1.5,FNDDS:2709676,FNDDS,World,0
"Carrots, glazed, cooked",,97.0,0.9,17.3,2.78,2.9,FNDDS:2709677,FNDDS,World,0
"Carrots, canned, reduced sodium, cooked, no added fat",,23.0,0.59,5.36,0.14,1.8,FNDDS:2709678,FNDDS,World,0
"Carrots, canned, reduced sodium, cooked, fat added, NS as to fat type",,45.0,0.58,5.21,2.69,1.7,FNDDS:2709679,FNDDS,World,0
"Carrots, canned, reduced sodium, cooked with oil",,49.0,0.57,5.2,3.05,1.7,FNDDS:2709680,FNDDS,World,0
"Carrots, canned, reduced sodium, cooked with butter or margarine",,42.0,0.59,5.21,2.33,1.7,FNDDS:2709681,FNDDS,World,0
Beet juice,,25.0,0.72,5.91,0.06,1.1,FNDDS:2709682,FNDDS,World,0
"Carrot juice, 100%",,40.0,0.95,9.28,0.15,0.8,FNDDS:2709683,FNDDS,World,0
"Peas and carrots, fresh, cooked, no added fat",,67.0,3.3,12.8,0.39,4.6,FNDDS:2709684,FNDDS,World,0
"Peas and carrots, frozen, cooked, no added fat",,58.0,2.97,11.1,0.37,3.8,FNDDS:2709685,FNDDS,World,0
"Peas and carrots, canned, cooked, no added fat",,46.0,2.56,8.45,0.5,3.2,FNDDS:2709686,FNDDS,World,0
"Peas and carrots, cooked, NS as to form",,89.0,3.22,12.5,3.03,4.4,FNDDS:2709687,FNDDS,World,0
"Peas and carrots, fresh, cooked, fat added",,89.0,3.22,12.5,3.03,4.4,FNDDS:2709688,FNDDS,World,0
"Peas and carrots, frozen, cooked, fat added",,80.0,2.89,10.7,2.9,3.7,FNDDS:2709689,FNDDS,World,0
"Peas and carrots, canned, cooked, fat added",,68.0,2.49,8.21,3.03,3.1,FNDDS:2709690,FNDDS,World,0
"Pumpkin, canned, cooked",,56.0,1.08,7.86,2.82,2.8,FNDDS:2709691,FNDDS,World,0
"Pumpkin, cooked",,52.0,1.05,6.77,2.84,0.5,FNDDS:2709692,FNDDS,World,0
"Winter squash, raw",,26.0,1.0,6.5,0.1,0.5,FNDDS:2709693,FNDDS,World,0
"Winter squash, cooked, no added fat",,37.0,0.89,8.82,0.35,2.8,FNDDS:2709694,FNDDS,World,0
"Winter squash, cooked, fat added",,59.0,0.87,8.57,2.88,2.7,FNDDS:2709695,FNDDS,World,0
"Squash, winter, souffle",,78.0,3.4,12.1,2.26,2.1,FNDDS:2709696,FNDDS,World,0
"Sweet potato, NFS",,115.0,1.58,17.1,4.53,3.0,FNDDS:2709697,FNDDS,World,0
"Sweet potato, baked, NS as to fat",,115.0,1.58,17.1,4.53,3.0,FNDDS:2709698,FNDDS,World,0
"Sweet potato, baked, no added fat",,82.0,1.64,18.0,0.39,3.1,FNDDS:2709699,FNDDS,World,0
"Sweet potato, baked, fat added",,115.0,1.58,17.1,4.53,3.0,FNDDS:2709700,FNDDS,World,0
"Sweet potato, boiled, NS as to fat",,115.0,1.58,17.1,4.53,3.0,FNDDS:2709701,FNDDS,World,0
"Sweet potato, boiled, no added fat",,82.0,1.64,18.0,0.39,3.1,FNDDS:2709702,FNDDS,World,0
"Sweet potato, boiled, fat added",,115.0,1.58,17.1,4.53,3.0,FNDDS:2709703,FNDDS,World,0
"Sweet potato, candied",,187.0,1.18,37.7,3.48,2.2,FNDDS:2709704,FNDDS,World,0
"Sweet potato, canned, NS as to fat",,124.0,1.58,20.0,4.35,1.7,FNDDS:2709705,FNDDS,World,0
"Sweet potato, canned, no added fat",,91.0,1.64,21.0,0.2,1.8,FNDDS:2709706,FNDDS,World,0
"Sweet potato, canned, fat added",,124.0,1.58,20.0,4.35,1.7,FNDDS:2709707,FNDDS,World,0
"Sweet potato, casserole or mashed",,99.0,1.89,17.2,2.56,2.4,FNDDS:2709708,FNDDS,World,0
"Sweet potato fries, NFS",,192.0,2.27,37.4,9.39,6.0,FNDDS:2709709,FNDDS,American,0
Sweet potato chips,,529.0,2.92,56.5,32.2,8.8,FNDDS:2709710,FNDDS,World,0
"Sweet potato fries, frozen",,192.0,2.27,37.4,9.39,6.0,FNDDS:2709711,FNDDS,American,0
"Sweet potato fries, from fresh",,156.0,1.49,16.4,9.42,2.8,FNDDS:2709712,FNDDS,American,0
"Sweet potato fries, fast food / restaurant",,305.0,1.92,31.6,23.9,5.1,FNDDS:2709713,FNDDS,American,0
"Sweet potato fries, school",,192.0,2.27,37.4,9.39,6.0,FNDDS:2709714,FNDDS,American,0
Sweet potato tots,,191.0,2.26,37.3,9.35,6.0,FNDDS:2709715,FNDDS,World,0
"Sweet potato tots, fast food / restaurant",,240.0,2.12,34.9,15.6,5.6,FNDDS:2709716,FNDDS,World,0
"Sweet potato tots, school",,192.0,2.27,37.4,9.39,6.0,FNDDS:2709717,FNDDS,World,0
"Soup, pumpkin",,72.0,1.1,6.86,4.7,1.5,FNDDS:2709718,FNDDS,World,0
"Tomatoes, raw",,20.0,0.82,4.04,0.31,1.2,FNDDS:2709719,FNDDS,World,0
"Tomatoes, NS as to form, cooked",,50.0,1.08,4.71,3.42,1.5,FNDDS:2709720,FNDDS,World,0
"Tomatoes, fresh, cooked",,50.0,1.08,4.71,3.42,1.5,FNDDS:2709721,FNDDS,World,0
"Tomatoes, canned, cooked",,43.0,0.82,3.23,3.04,1.8,FNDDS:2709722,FNDDS,World,0
"Tomatoes, scalloped",,110.0,2.7,14.1,4.97,1.9,FNDDS:2709723,FNDDS,World,0
"Tomatoes, canned, reduced sodium, cooked",,39.0,0.78,3.37,2.8,1.8,FNDDS:2709724,FNDDS,World,0
Fried green tomatoes,,216.0,3.68,21.8,12.8,1.3,FNDDS:2709725,FNDDS,World,0
"Tomato, green, pickled",,40.0,1.0,9.09,0.18,0.9,FNDDS:2709726,FNDDS,World,0
Sun-dried tomatoes,,258.0,14.1,55.8,2.97,12.3,FNDDS:2709727,FNDDS,World,0
"Tomato juice, 100%",,23.0,0.86,4.32,0.29,0.4,FNDDS:2709728,FNDDS,World,0
"Tomato juice, 100%, low sodium",,23.0,0.86,4.32,0.29,0.4,FNDDS:2709729,FNDDS,World,0
Tomato juice cocktail,,22.0,0.93,3.87,0.31,0.5,FNDDS:2709730,FNDDS,World,0
"Tomato and vegetable juice, 100%",,22.0,0.93,3.87,0.31,0.5,FNDDS:2709731,FNDDS,World,0
"Tomato and vegetable juice, 100%, low sodium",,22.0,0.6,4.59,0.1,0.8,FNDDS:2709732,FNDDS,World,0
Ketchup,,109.0,1.08,27.1,0.32,0.3,FNDDS:2709733,FNDDS,World,0
"Ketchup, reduced sodium",,101.0,1.04,27.4,0.1,0.3,FNDDS:2709734,FNDDS,World,0
Tomato chili sauce,,92.0,2.5,19.8,0.3,2.4,FNDDS:2709735,FNDDS,World,0
"Salsa, NFS",,34.0,1.44,6.74,0.19,1.8,FNDDS:2709736,FNDDS,Mexican,0
"Salsa, pico de gallo",,17.0,0.71,3.7,0.14,1.1,FNDDS:2709737,FNDDS,Mexican,0
"Salsa, red",,34.0,1.44,6.74,0.19,1.8,FNDDS:2709738,FNDDS,Mexican,0
"Salsa, red, homemade",,34.0,1.44,6.74,0.19,1.8,FNDDS:2709739,FNDDS,Mexican,0
Taco sauce,,11.0,1.16,0.72,0.68,0.5,FNDDS:2709740,FNDDS,Mexican,0
"Enchilada sauce, red",,30.0,0.62,4.87,0.91,0.5,FNDDS:2709741,FNDDS,Mexican,0
"Enchilada sauce, green",,38.0,1.13,6.36,0.89,1.9,FNDDS:2709742,FNDDS,Mexican,0
"Salsa verde or salsa, green",,38.0,1.13,6.36,0.89,1.9,FNDDS:2709743,FNDDS,Mexican,0
Hot Thai sauce,,74.0,1.03,16.6,0.66,0.5,FNDDS:2709744,FNDDS,Thai,0
Spaghetti sauce,,51.0,1.41,8.05,1.48,1.8,FNDDS:2709745,FNDDS,Italian,0
Spaghetti sauce with added vegetables,,46.0,1.52,7.45,1.2,1.7,FNDDS:2709746,FNDDS,Italian,0
"Spaghetti sauce, reduced sodium",,51.0,1.41,8.06,1.48,1.8,FNDDS:2709747,FNDDS,Italian,0
"Spaghetti sauce, fat free",,24.0,1.2,5.31,0.3,1.5,FNDDS:2709748,FNDDS,Italian,0
Vodka sauce with tomatoes and cream,,75.0,1.15,3.56,6.57,1.3,FNDDS:2709749,FNDDS,World,0
Barbecue sauce,,172.0,0.82,40.8,0.63,0.9,FNDDS:2709750,FNDDS,American,0
Buffalo sauce,,11.0,1.21,0.75,0.71,0.6,FNDDS:2709751,FNDDS,World,0
Steak sauce,,95.0,1.25,22.0,0.23,1.5,FNDDS:2709752,FNDDS,World,0
Cocktail sauce,,128.0,1.36,28.2,1.05,1.8,FNDDS:2709753,FNDDS,World,0
Puerto Rican seasoning with ham,,266.0,3.96,7.24,24.8,1.6,FNDDS:2709754,FNDDS,World,0
Puerto Rican seasoning without ham and tomato sauce,,127.0,1.02,6.89,10.8,1.5,FNDDS:2709755,FNDDS,World,0
"Tomato and cucumber salad made with tomato, cucumber, oil, and vinegar",,122.0,0.52,6.35,10.2,0.6,FNDDS:2709756,FNDDS,World,0
"Soup, tomato",,19.0,0.65,3.64,0.41,0.9,FNDDS:2709757,FNDDS,World,0
"Soup, cream of tomato",,70.0,1.21,6.39,4.68,1.0,FNDDS:2709758,FNDDS,World,0
"Soup, tomato, canned",,34.0,0.63,7.65,0.33,0.6,FNDDS:2709759,FNDDS,World,0
"Soup, tomato, canned / carton, reduced sodium",,35.0,0.64,7.67,0.33,0.6,FNDDS:2709760,FNDDS,World,0
Tomato sandwich on white,,201.0,8.46,26.5,6.8,1.5,FNDDS:2709761,FNDDS,American,0
Tomato sandwich on wheat,,199.0,9.44,24.7,6.99,3.1,FNDDS:2709762,FNDDS,American,0
"Raw vegetable, NFS",,30.0,1.19,5.83,0.26,2.0,FNDDS:2709763,FNDDS,World,0
"Sprouts, NFS",,30.0,3.04,5.94,0.18,1.8,FNDDS:2709764,FNDDS,World,0
"Alfalfa sprouts, raw",,23.0,3.99,2.1,0.69,1.9,FNDDS:2709765,FNDDS,World,0
Artichoke,,53.0,2.89,12.0,0.34,5.7,FNDDS:2709766,FNDDS,World,0
"Asparagus, raw",,20.0,2.2,3.88,0.12,2.1,FNDDS:2709767,FNDDS,World,0
"Bean sprouts, raw",,30.0,3.04,5.94,0.18,1.8,FNDDS:2709768,FNDDS,World,0
"Green beans, raw",,40.0,1.97,7.41,0.28,3.0,FNDDS:2709769,FNDDS,World,0
"Beets, raw",,43.0,1.61,9.56,0.17,2.8,FNDDS:2709770,FNDDS,World,0
"Broccoflower, raw",,31.0,2.95,6.09,0.3,3.2,FNDDS:2709771,FNDDS,World,0
"Brussels sprouts, raw",,43.0,3.38,8.95,0.3,3.8,FNDDS:2709772,FNDDS,World,0
"Cabbage, green, raw",,31.0,0.96,6.38,0.23,2.5,FNDDS:2709773,FNDDS,World,0
"Cabbage, Chinese, raw",,13.0,1.5,2.18,0.2,1.0,FNDDS:2709774,FNDDS,World,0
"Cabbage, red, raw",,34.0,1.24,6.79,0.21,2.1,FNDDS:2709775,FNDDS,World,0
"Cactus, raw",,16.0,1.32,3.33,0.09,2.2,FNDDS:2709776,FNDDS,World,0
"Cauliflower, raw",,25.0,1.92,4.97,0.28,2.0,FNDDS:2709777,FNDDS,World,0
"Celery, raw",,17.0,0.49,3.32,0.16,1.6,FNDDS:2709778,FNDDS,World,0
"Fennel bulb, raw",,31.0,1.24,7.3,0.2,3.1,FNDDS:2709779,FNDDS,World,0
"Basil, raw",,23.0,3.15,2.65,0.64,1.6,FNDDS:2709780,FNDDS,World,0
"Chives, raw",,30.0,3.27,4.35,0.73,2.5,FNDDS:2709781,FNDDS,World,0
"Cilantro, raw",,23.0,2.13,3.67,0.52,2.8,FNDDS:2709782,FNDDS,World,0
"Corn, raw",,86.0,3.27,18.7,1.35,2.0,FNDDS:2709783,FNDDS,World,0
"Cucumber, raw",,16.0,0.62,2.95,0.18,0.5,FNDDS:2709784,FNDDS,World,0
"Eggplant, raw",,25.0,0.98,5.88,0.18,3.0,FNDDS:2709785,FNDDS,World,0
"Garlic, raw",,143.0,6.62,28.2,0.38,2.7,FNDDS:2709786,FNDDS,World,0
"Jicama, raw",,38.0,0.72,8.82,0.09,4.9,FNDDS:2709787,FNDDS,World,0
"Kohlrabi, raw",,27.0,1.7,6.2,0.1,3.6,FNDDS:2709788,FNDDS,World,0
"Lettuce, raw",,20.0,0.92,3.69,0.1,1.3,FNDDS:2709789,FNDDS,World,0
"Lettuce, Boston, raw",,18.0,0.88,3.26,0.11,0.9,FNDDS:2709790,FNDDS,World,0
"Lettuce, arugula, raw",,25.0,2.58,3.65,0.66,1.6,FNDDS:2709791,FNDDS,World,0
"Mixed salad greens, raw",,21.0,1.31,3.43,0.21,1.4,FNDDS:2709792,FNDDS,World,0
"Mushrooms, raw",,31.0,2.9,4.13,0.35,1.7,FNDDS:2709793,FNDDS,World,0
"Onions, green, raw",,32.0,1.83,7.34,0.19,2.6,FNDDS:2709794,FNDDS,World,0
"Onions, raw",,38.0,0.86,8.46,0.08,1.7,FNDDS:2709795,FNDDS,World,0
"Parsley, raw",,36.0,2.97,6.33,0.79,3.3,FNDDS:2709796,FNDDS,World,0
"Green peas, raw",,81.0,5.42,14.4,0.4,5.7,FNDDS:2709797,FNDDS,World,0
"Peppers, hot, raw",,34.0,1.39,7.66,0.4,2.2,FNDDS:2709798,FNDDS,World,0
"Peppers, raw, NFS",,27.0,0.81,5.72,0.12,1.0,FNDDS:2709799,FNDDS,World,0
"Peppers, sweet, green, raw",,23.0,0.72,4.78,0.11,0.9,FNDDS:2709800,FNDDS,World,0
"Peppers, sweet, red, raw",,31.0,0.9,6.65,0.13,1.2,FNDDS:2709801,FNDDS,World,0
"Peppers, banana, raw",,27.0,1.66,5.35,0.45,3.4,FNDDS:2709802,FNDDS,World,0
Radish,,16.0,0.68,3.4,0.1,1.6,FNDDS:2709803,FNDDS,World,0
"Rutabaga, raw",,37.0,1.08,8.62,0.16,2.3,FNDDS:2709804,FNDDS,World,0
"Seaweed, raw",,41.0,3.51,7.94,0.49,0.7,FNDDS:2709805,FNDDS,World,0
"Snowpeas, raw",,42.0,2.8,7.55,0.2,2.6,FNDDS:2709806,FNDDS,World,0
"Summer squash, yellow, raw",,19.0,1.01,3.88,0.27,1.0,FNDDS:2709807,FNDDS,World,0
"Summer squash, green, raw",,17.0,1.21,3.11,0.32,1.0,FNDDS:2709808,FNDDS,World,0
"Turnip, raw",,28.0,0.9,6.43,0.1,1.8,FNDDS:2709809,FNDDS,World,0
Mixed vegetable juice,,28.0,0.72,6.3,0.16,1.2,FNDDS:2709810,FNDDS,World,0
Celery juice,,17.0,0.49,3.32,0.16,1.6,FNDDS:2709811,FNDDS,World,0
"Broccoli salad with cauliflower, cheese, bacon bits, and dressing",,270.0,5.83,10.4,22.8,1.6,FNDDS:2709812,FNDDS,World,0
Broccoli slaw salad,,123.0,1.97,10.4,8.11,1.9,FNDDS:2709813,FNDDS,World,0
"Coleslaw, fast food / restaurant",,159.0,0.88,12.4,11.8,1.9,FNDDS:2709814,FNDDS,World,0
Coleslaw,,117.0,0.94,10.4,7.98,1.9,FNDDS:2709815,FNDDS,World,0
"Cabbage salad, NFS",,45.0,0.79,8.93,0.8,2.4,FNDDS:2709816,FNDDS,World,0
"Coleslaw, with fruit",,113.0,0.91,13.6,6.34,2.1,FNDDS:2709817,FNDDS,World,0
Cucumber and vegetable namasu,,56.0,0.47,12.2,0.18,0.6,FNDDS:2709818,FNDDS,World,0
"Cucumber salad, made with sour cream dressing",,66.0,1.3,3.7,5.18,0.4,FNDDS:2709819,FNDDS,World,0
"Cucumber salad, made with Italian dressing",,120.0,0.46,6.19,9.96,0.5,FNDDS:2709820,FNDDS,World,0
Cucumber salad made with cucumber and vinegar,,34.0,0.5,6.79,0.13,0.5,FNDDS:2709821,FNDDS,World,0
"Lettuce, salad with assorted vegetables including tomatoes and/or carrots, no dressing",,24.0,1.07,4.58,0.2,1.5,FNDDS:2709822,FNDDS,World,0
"Lettuce, salad with assorted vegetables excluding tomatoes and carrots, no dressing",,23.0,1.19,4.09,0.19,1.3,FNDDS:2709823,FNDDS,World,0
"Lettuce, salad with avocado, tomato, and/or carrots, with or without other vegetables, no dressing",,54.0,1.29,5.5,3.39,2.7,FNDDS:2709824,FNDDS,World,0
"Lettuce, salad with cheese, tomato and/or carrots, with or without other vegetables, no dressing",,91.0,4.94,4.2,6.08,1.2,FNDDS:2709825,FNDDS,World,0
"Lettuce, salad with egg, tomato, and/or carrots, with or without other vegetables, no dressing",,50.0,3.4,3.88,2.31,1.2,FNDDS:2709826,FNDDS,World,0
"Lettuce, salad with egg, cheese, tomato, and/or carrots, with or without other vegetables, no dressing",,71.0,4.24,3.7,4.36,1.2,FNDDS:2709827,FNDDS,World,0
"Lettuce, wilted, with bacon dressing",,84.0,2.77,3.44,6.31,1.0,FNDDS:2709828,FNDDS,World,0
"Seven-layer salad, lettuce salad made with a combination of onion, celery, green pepper, peas, mayonnaise, cheese, eggs, and/or bacon",,229.0,4.7,5.79,20.7,1.2,FNDDS:2709829,FNDDS,World,0
"Greek Salad, no dressing",,48.0,2.75,4.35,2.26,1.5,FNDDS:2709830,FNDDS,World,0
"Spinach salad, no dressing",,84.0,7.02,2.09,5.07,1.2,FNDDS:2709831,FNDDS,World,0
"Cobb salad, no dressing",,93.0,11.3,2.65,4.33,1.2,FNDDS:2709832,FNDDS,World,0
Aloe vera juice drink,,15.0,0.0,3.75,0.0,0.0,FNDDS:2709833,FNDDS,World,0
"Asparagus, fresh, cooked, no added fat",,21.0,2.36,4.16,0.13,2.3,FNDDS:2709834,FNDDS,World,0
"Asparagus, frozen, cooked, no added fat",,18.0,2.94,1.91,0.42,1.6,FNDDS:2709835,FNDDS,World,0
"Asparagus, canned, cooked, no added fat",,19.0,2.14,2.46,0.65,1.6,FNDDS:2709836,FNDDS,World,0
"Asparagus, NS as to form, cooked",,45.0,2.3,4.04,2.86,2.2,FNDDS:2709837,FNDDS,World,0
"Asparagus, fresh, cooked, fat added, NS as to fat type",,45.0,2.3,4.04,2.86,2.2,FNDDS:2709838,FNDDS,World,0
"Asparagus, frozen, cooked, fat added, NS as to fat type",,40.0,2.86,1.86,2.95,1.5,FNDDS:2709839,FNDDS,World,0
"Asparagus, canned, cooked, fat added, NS as to fat type",,41.0,2.09,2.39,3.18,1.6,FNDDS:2709840,FNDDS,World,0
"Asparagus, fresh, cooked with oil",,49.0,2.29,4.04,3.25,2.2,FNDDS:2709841,FNDDS,World,0
"Asparagus, fresh, cooked with butter or margarine",,42.0,2.31,4.05,2.48,2.2,FNDDS:2709842,FNDDS,World,0
"Asparagus, frozen, cooked with oil",,44.0,2.86,1.86,3.31,1.5,FNDDS:2709843,FNDDS,World,0
"Asparagus, frozen, cooked with butter or margarine",,37.0,2.87,1.87,2.59,1.5,FNDDS:2709844,FNDDS,World,0
"Asparagus, canned, cooked with oil",,45.0,2.08,2.39,3.54,1.6,FNDDS:2709845,FNDDS,World,0
"Asparagus, canned, cooked with butter or margarine",,38.0,2.09,2.4,2.82,1.6,FNDDS:2709846,FNDDS,World,0
"Bamboo shoots, cooked",,41.0,1.68,3.13,2.94,1.4,FNDDS:2709847,FNDDS,World,0
"Lima beans, from frozen, no added fat",,103.0,6.05,19.3,0.34,5.3,FNDDS:2709848,FNDDS,World,0
"Lima beans, from frozen, fat added",,123.0,5.88,18.7,2.88,5.1,FNDDS:2709849,FNDDS,World,0
"Lima beans, from canned",,122.0,5.86,18.6,2.86,5.1,FNDDS:2709850,FNDDS,World,0
"Green beans, cooked, from restaurant",,78.0,1.96,7.32,4.6,3.0,FNDDS:2709851,FNDDS,World,0
"Green beans, fresh, cooked, no added fat",,42.0,2.05,7.7,0.29,3.1,FNDDS:2709852,FNDDS,World,0
"Green beans, frozen, cooked, no added fat",,28.0,1.49,6.43,0.17,3.0,FNDDS:2709853,FNDDS,World,0
"Green beans, canned, cooked, no added fat",,24.0,1.04,4.11,0.39,1.9,FNDDS:2709854,FNDDS,World,0
"Green beans, NS as to form, cooked",,55.0,1.51,5.74,2.93,2.4,FNDDS:2709855,FNDDS,World,0
"Green beans, fresh, cooked, fat added, NS as to fat type",,64.0,2.0,7.48,2.93,3.0,FNDDS:2709856,FNDDS,World,0
"Green beans, frozen, cooked, fat added, NS as to fat type",,50.0,1.45,6.25,2.71,2.9,FNDDS:2709857,FNDDS,World,0
"Green beans, canned, cooked, fat added, NS as to fat type",,46.0,1.02,4.0,2.93,1.8,FNDDS:2709858,FNDDS,World,0
"Green beans, fresh, cooked with oil",,68.0,1.99,7.47,3.31,3.0,FNDDS:2709859,FNDDS,World,0
"Green beans, fresh, cooked with butter or margarine",,61.0,2.0,7.48,2.56,3.0,FNDDS:2709860,FNDDS,World,0
"Green beans, frozen, cooked with oil",,53.0,1.44,6.24,3.07,2.9,FNDDS:2709861,FNDDS,World,0
"Green beans, frozen, cooked with butter or margarine",,47.0,1.46,6.26,2.35,2.9,FNDDS:2709862,FNDDS,World,0
"Green beans, canned, cooked with oil",,50.0,1.01,3.99,3.29,1.8,FNDDS:2709863,FNDDS,World,0
"Green beans, canned, cooked with butter or margarine",,43.0,1.03,4.0,2.57,1.8,FNDDS:2709864,FNDDS,World,0
"Green beans, canned, reduced sodium, cooked, no added fat",,22.0,1.12,4.32,0.46,1.9,FNDDS:2709865,FNDDS,World,0
"Green beans, canned, reduced sodium, cooked, fat added, NS as to fat type",,44.0,1.1,4.2,3.0,1.8,FNDDS:2709866,FNDDS,World,0
"Green beans, canned, reduced sodium, cooked with oil",,48.0,1.09,4.19,3.36,1.8,FNDDS:2709867,FNDDS,World,0
"Green beans, canned, reduced sodium, cooked with butter or margarine",,41.0,1.1,4.2,2.64,1.8,FNDDS:2709868,FNDDS,World,0
Fried green beans,,223.0,4.04,22.9,12.9,2.0,FNDDS:2709869,FNDDS,World,0
"Yellow string beans, cooked",,50.0,1.45,6.25,2.71,2.9,FNDDS:2709870,FNDDS,World,0
"Bean sprouts, cooked",,116.0,9.8,6.08,6.93,3.3,FNDDS:2709871,FNDDS,World,0
"Beets, fresh, cooked, no added fat",,45.0,1.67,9.93,0.18,2.9,FNDDS:2709872,FNDDS,World,0
"Beets, canned, cooked, no added fat",,31.0,0.91,7.21,0.14,1.8,FNDDS:2709873,FNDDS,World,0
"Beets, NS as to form, cooked",,53.0,0.89,7.0,2.69,1.7,FNDDS:2709874,FNDDS,World,0
"Beets, fresh, cooked, fat added",,67.0,1.63,9.65,2.82,2.8,FNDDS:2709875,FNDDS,World,0
"Beets, canned, cooked, fat added",,53.0,0.89,7.0,2.69,1.7,FNDDS:2709876,FNDDS,World,0
"Beets, canned, reduced sodium, cooked",,53.0,0.84,6.79,2.79,1.2,FNDDS:2709877,FNDDS,World,0
"Bitter melon, cooked",,41.0,0.82,4.19,2.72,1.9,FNDDS:2709878,FNDDS,World,0
"Breadfruit, cooked",,123.0,1.04,26.3,2.77,4.7,FNDDS:2709879,FNDDS,World,0
"Broccoflower, cooked",,55.0,2.98,6.15,2.96,3.2,FNDDS:2709880,FNDDS,World,0
"Brussels sprouts, fresh, cooked, no added fat",,45.0,3.51,9.3,0.31,3.9,FNDDS:2709881,FNDDS,World,0
"Brussels sprouts, frozen, cooked, no added fat",,42.0,3.63,8.3,0.39,4.1,FNDDS:2709882,FNDDS,World,0
"Brussels sprouts, NS as to form, cooked",,67.0,3.42,9.03,2.96,3.8,FNDDS:2709883,FNDDS,World,0
"Brussels sprouts, fresh, cooked, fat added",,67.0,3.42,9.03,2.96,3.8,FNDDS:2709884,FNDDS,World,0
"Brussels sprouts, frozen, cooked, fat added",,64.0,3.53,8.06,2.92,4.0,FNDDS:2709885,FNDDS,World,0
"Burdock, cooked",,100.0,1.6,18.1,2.89,3.4,FNDDS:2709886,FNDDS,World,0
"Cabbage, Chinese, cooked, no added fat",,14.0,1.56,2.26,0.21,1.0,FNDDS:2709887,FNDDS,World,0
"Cabbage, Chinese, cooked, fat added",,37.0,1.52,2.2,2.85,1.0,FNDDS:2709888,FNDDS,World,0
"Cabbage, green, cooked, no added fat",,32.0,1.0,6.63,0.24,2.6,FNDDS:2709889,FNDDS,World,0
"Cabbage, green, cooked, fat added, NS as to fat type",,55.0,0.98,6.44,2.88,2.5,FNDDS:2709890,FNDDS,World,0
"Cabbage, green, cooked with oil",,58.0,0.97,6.43,3.26,2.5,FNDDS:2709891,FNDDS,World,0
"Cabbage, green, cooked with butter or margarine",,52.0,0.99,6.44,2.51,2.5,FNDDS:2709892,FNDDS,World,0
"Cabbage, red, cooked",,58.0,1.26,6.85,2.86,2.1,FNDDS:2709893,FNDDS,World,0
"Cabbage, savoy, cooked",,51.0,2.02,6.16,2.75,3.1,FNDDS:2709894,FNDDS,World,0
"Cactus, cooked, no added fat",,16.0,1.32,3.32,0.09,2.2,FNDDS:2709895,FNDDS,World,0
"Cactus, cooked, fat added",,38.0,1.29,3.23,2.63,2.1,FNDDS:2709896,FNDDS,World,0
"Cauliflower, fresh, cooked, no added fat",,26.0,1.99,5.16,0.29,2.1,FNDDS:2709897,FNDDS,World,0
"Cauliflower, frozen, cooked, no added fat",,19.0,1.6,3.74,0.22,2.7,FNDDS:2709898,FNDDS,World,0
"Cauliflower, NS as to form, cooked",,49.0,1.94,5.02,2.93,2.0,FNDDS:2709899,FNDDS,World,0
"Cauliflower, fresh, cooked, fat added, NS as to fat type",,49.0,1.94,5.02,2.93,2.0,FNDDS:2709900,FNDDS,World,0
"Cauliflower, frozen, cooked, fat added, NS as to fat type",,41.0,1.57,3.64,2.76,2.6,FNDDS:2709901,FNDDS,World,0
"Cauliflower, fresh, cooked with oil",,52.0,1.94,5.01,3.31,2.0,FNDDS:2709902,FNDDS,World,0
"Cauliflower, fresh, cooked with butter or margarine",,46.0,1.95,5.02,2.56,2.0,FNDDS:2709903,FNDDS,World,0
"Cauliflower, frozen, cooked with oil",,45.0,1.56,3.63,3.12,2.6,FNDDS:2709904,FNDDS,World,0
"Cauliflower, frozen, cooked with butter or margarine",,38.0,1.58,3.64,2.4,2.6,FNDDS:2709905,FNDDS,World,0
"Celery, cooked",,42.0,0.52,3.46,2.9,1.7,FNDDS:2709906,FNDDS,World,0
"Fennel bulb, cooked",,62.0,1.42,8.32,3.22,3.5,FNDDS:2709907,FNDDS,World,0
"Christophine, cooked",,44.0,0.86,4.7,2.87,1.8,FNDDS:2709908,FNDDS,World,0
"Corn, cooked, from restaurant",,119.0,3.11,17.7,5.43,1.9,FNDDS:2709909,FNDDS,World,0
"Corn, fresh, cooked, no added fat",,86.0,3.26,18.6,1.35,2.0,FNDDS:2709910,FNDDS,World,0
"Corn, frozen, cooked, no added fat",,81.0,2.54,19.2,0.67,2.4,FNDDS:2709911,FNDDS,World,0
"Corn, canned, cooked, no added fat",,67.0,2.29,14.3,1.22,2.0,FNDDS:2709912,FNDDS,World,0
"Corn, NS as to form, cooked",,88.0,2.23,13.9,3.74,1.9,FNDDS:2709913,FNDDS,World,0
"Corn, fresh, cooked, fat added, NS as to fat type",,106.0,3.17,18.1,3.85,1.9,FNDDS:2709914,FNDDS,World,0
"Corn, frozen, cooked, fat added, NS as to fat type",,101.0,2.48,18.7,3.2,2.3,FNDDS:2709915,FNDDS,World,0
"Corn, canned, cooked, fat added, NS as to fat type",,88.0,2.23,13.9,3.74,1.9,FNDDS:2709916,FNDDS,World,0
"Corn, fresh, cooked with oil",,109.0,3.17,18.1,4.21,1.9,FNDDS:2709917,FNDDS,World,0
"Corn, fresh, cooked with butter or margarine",,103.0,3.18,18.1,3.5,1.9,FNDDS:2709918,FNDDS,World,0
"Corn, frozen, cooked with oil",,105.0,2.47,18.7,3.55,2.3,FNDDS:2709919,FNDDS,World,0
"Corn, frozen, cooked with butter or margarine",,98.0,2.48,18.7,2.84,2.3,FNDDS:2709920,FNDDS,World,0
"Corn, canned, cooked with oil",,91.0,2.22,13.9,4.1,1.9,FNDDS:2709921,FNDDS,World,0
"Corn, canned, cooked with butter or margarine",,85.0,2.24,13.9,3.38,1.9,FNDDS:2709922,FNDDS,World,0
"Corn, creamed",,72.0,1.74,18.1,0.42,1.2,FNDDS:2709923,FNDDS,World,0
"Corn, canned, reduced sodium, cooked, no added fat",,66.0,2.1,14.9,0.83,1.8,FNDDS:2709924,FNDDS,World,0
"Corn, canned, reduced sodium, cooked, fat added, NS as to fat type",,88.0,2.04,14.5,3.55,1.8,FNDDS:2709925,FNDDS,World,0
"Corn, canned, reduced sodium, cooked with oil",,92.0,2.04,14.5,3.94,1.8,FNDDS:2709926,FNDDS,World,0
"Corn, canned, reduced sodium, cooked with butter or margarine",,85.0,2.05,14.5,3.16,1.8,FNDDS:2709927,FNDDS,World,0
"Cucumber, cooked",,45.0,0.72,3.37,3.2,0.6,FNDDS:2709928,FNDDS,World,0
"Eggplant, cooked, no added fat",,27.0,1.05,6.3,0.19,3.2,FNDDS:2709929,FNDDS,World,0
"Eggplant, cooked, fat added",,51.0,1.03,6.13,2.92,3.1,FNDDS:2709930,FNDDS,World,0
"Flowers or blossoms of sesbania, squash, or lily, cooked",,37.0,1.06,3.2,2.62,0.9,FNDDS:2709931,FNDDS,World,0
"Garlic, cooked",,142.0,6.58,28.0,0.38,2.7,FNDDS:2709932,FNDDS,World,0
"Hominy, cooked",,88.0,1.45,13.8,2.91,2.4,FNDDS:2709933,FNDDS,World,0
"Kohlrabi, cooked",,51.0,1.72,6.26,2.75,3.6,FNDDS:2709934,FNDDS,World,0
Leeks,,88.0,1.57,14.7,3.05,1.9,FNDDS:2709935,FNDDS,World,0
"Lotus root, cooked",,87.0,1.54,15.5,2.61,3.0,FNDDS:2709936,FNDDS,World,0
"Mushrooms, fresh, cooked, no added fat",,39.0,3.61,5.15,0.43,2.2,FNDDS:2709937,FNDDS,World,0
"Mushrooms, NS as to form, cooked",,66.0,3.52,5.0,3.6,2.1,FNDDS:2709938,FNDDS,World,0
"Mushrooms, fresh, cooked, fat added, NS as to fat type",,66.0,3.52,5.0,3.6,2.1,FNDDS:2709939,FNDDS,World,0
"Mushrooms, canned, cooked",,47.0,1.82,4.95,2.84,2.3,FNDDS:2709940,FNDDS,World,0
"Mushrooms, fresh, cooked with oil",,70.0,3.5,5.0,4.05,2.1,FNDDS:2709941,FNDDS,World,0
"Mushrooms, fresh, cooked with butter or margarine",,62.0,3.52,5.01,3.16,2.1,FNDDS:2709942,FNDDS,World,0
"Mushroom, Asian, cooked, from dried",,44.0,2.4,8.15,0.2,4.2,FNDDS:2709943,FNDDS,World,0
"Okra, fresh, cooked, no added fat",,35.0,2.07,7.99,0.2,3.4,FNDDS:2709944,FNDDS,World,0
"Okra, frozen, cooked, no added fat",,29.0,1.62,6.39,0.24,2.1,FNDDS:2709945,FNDDS,World,0
"Okra, NS as to form, cooked",,59.0,2.02,7.76,2.94,3.3,FNDDS:2709946,FNDDS,World,0
"Okra, fresh, cooked, fat added",,59.0,2.02,7.76,2.94,3.3,FNDDS:2709947,FNDDS,World,0
"Okra, frozen, cooked, fat added",,51.0,1.59,6.21,2.78,2.0,FNDDS:2709948,FNDDS,World,0
"Lettuce, cooked",,49.0,1.06,4.21,3.11,1.5,FNDDS:2709949,FNDDS,World,0
"Onions, cooked, no added fat",,47.0,1.29,11.0,0.12,2.0,FNDDS:2709950,FNDDS,World,0
"Onions, cooked, fat added",,73.0,1.26,10.6,3.11,1.9,FNDDS:2709951,FNDDS,World,0
"Onions, pearl, cooked",,50.0,0.7,6.49,2.59,1.4,FNDDS:2709952,FNDDS,World,0
"Onions, green, cooked",,63.0,2.09,8.37,3.21,3.0,FNDDS:2709953,FNDDS,World,0
"Palm hearts, cooked",,134.0,2.62,24.8,2.74,1.5,FNDDS:2709954,FNDDS,World,0
"Parsnips, cooked",,92.0,1.29,16.5,2.84,3.5,FNDDS:2709955,FNDDS,World,0
"Blackeyed peas, from frozen",,151.0,8.23,23.0,3.18,6.2,FNDDS:2709956,FNDDS,World,0
"Blackeyed peas, from canned",,150.0,8.19,22.9,3.17,6.2,FNDDS:2709957,FNDDS,World,0
"Green peas, cooked, from restaurant",,119.0,5.37,14.3,4.72,5.6,FNDDS:2709958,FNDDS,World,0
"Green peas, fresh, cooked, no added fat",,84.0,5.63,15.0,0.42,5.9,FNDDS:2709959,FNDDS,World,0
"Green peas, frozen, cooked, no added fat",,78.0,5.14,14.2,0.27,4.5,FNDDS:2709960,FNDDS,World,0
"Green peas, canned, cooked, no added fat",,68.0,4.47,11.4,0.8,4.9,FNDDS:2709961,FNDDS,World,0
"Green peas, NS as to form, cooked",,98.0,4.99,13.8,2.81,4.4,FNDDS:2709962,FNDDS,World,0
"Green peas, fresh, cooked, fat added, NS as to fat type",,106.0,5.47,14.6,3.06,5.7,FNDDS:2709963,FNDDS,World,0
"Green peas, frozen, cooked, fat added, NS as to fat type",,98.0,4.99,13.8,2.81,4.4,FNDDS:2709964,FNDDS,World,0
"Green peas, canned, cooked, fat added, NS as to fat type",,89.0,4.35,11.0,3.33,4.8,FNDDS:2709965,FNDDS,World,0
"Green peas, fresh, cooked with oil",,109.0,5.46,14.6,3.43,5.7,FNDDS:2709966,FNDDS,World,0
"Green peas, fresh, cooked with butter or margarine",,102.0,5.48,14.6,2.68,5.7,FNDDS:2709967,FNDDS,World,0
"Green peas, frozen, cooked with oil",,102.0,4.99,13.8,3.17,4.4,FNDDS:2709968,FNDDS,World,0
"Green peas, frozen, cooked with butter or margarine",,95.0,5.0,13.8,2.45,4.4,FNDDS:2709969,FNDDS,World,0
"Green peas, canned, cooked with oil",,92.0,4.34,11.0,3.69,4.8,FNDDS:2709970,FNDDS,World,0
"Green peas, canned, cooked with butter or margarine",,86.0,4.36,11.0,2.97,4.8,FNDDS:2709971,FNDDS,World,0
"Green peas, canned, reduced sodium, cooked, no added fat",,66.0,3.99,12.2,0.38,4.1,FNDDS:2709972,FNDDS,World,0
"Green peas, canned, reduced sodium, cooked, fat added, NS as to fat type",,93.0,3.88,11.8,3.56,4.0,FNDDS:2709973,FNDDS,World,0
"Green peas, canned, reduced sodium, cooked with oil",,97.0,3.87,11.8,4.0,4.0,FNDDS:2709974,FNDDS,World,0
"Green peas, canned, reduced sodium, cooked with butter or margarine",,89.0,3.89,11.8,3.11,4.0,FNDDS:2709975,FNDDS,World,0
"Peppers, green, cooked",,47.0,0.74,4.83,2.76,0.9,FNDDS:2709976,FNDDS,World,0
"Peppers, red, cooked",,55.0,0.92,6.71,2.78,1.2,FNDDS:2709977,FNDDS,World,0
"Peppers, hot, cooked",,59.0,1.41,7.72,3.06,2.2,FNDDS:2709978,FNDDS,World,0
Pimiento,,28.0,1.35,6.24,0.37,2.3,FNDDS:2709979,FNDDS,World,0
"Rutabaga, cooked",,63.0,1.13,8.98,2.9,2.4,FNDDS:2709980,FNDDS,World,0
"Salsify, cooked",,89.0,2.65,14.9,2.71,3.0,FNDDS:2709981,FNDDS,World,0
Sauerkraut,,40.0,0.9,4.16,2.53,2.8,FNDDS:2709982,FNDDS,World,0
"Snowpeas, fresh, cooked, no added fat",,44.0,2.91,7.84,0.21,2.7,FNDDS:2709983,FNDDS,World,0
"Snowpeas, frozen, cooked, no added fat",,52.0,3.49,8.99,0.38,3.1,FNDDS:2709984,FNDDS,World,0
"Snowpeas, NS as to form, cooked",,66.0,2.83,7.62,2.85,2.6,FNDDS:2709985,FNDDS,World,0
"Snowpeas, fresh, cooked, fat added",,66.0,2.83,7.62,2.85,2.6,FNDDS:2709986,FNDDS,World,0
"Snowpeas, frozen, cooked, fat added",,73.0,3.4,8.74,2.91,3.0,FNDDS:2709987,FNDDS,World,0
"Seaweed, dried",,298.0,31.8,52.4,4.01,5.6,FNDDS:2709988,FNDDS,World,0
"Seaweed, cooked, no added fat",,41.0,3.51,7.94,0.49,0.7,FNDDS:2709989,FNDDS,World,0
"Seaweed, cooked, fat added",,63.0,3.41,7.71,3.06,0.7,FNDDS:2709990,FNDDS,World,0
"Summer squash, yellow or green, fresh, cooked, no added fat",,21.0,1.3,4.1,0.35,1.2,FNDDS:2709991,FNDDS,World,0
"Summer squash, yellow or green, frozen, cooked, no added fat",,21.0,1.21,4.54,0.16,1.3,FNDDS:2709992,FNDDS,World,0
"Summer squash, yellow or green, NS as to form, cooked",,47.0,1.27,3.99,3.33,1.1,FNDDS:2709993,FNDDS,World,0
"Summer squash, yellow or green, fresh, cooked, fat added, NS as to fat type",,47.0,1.27,3.99,3.33,1.1,FNDDS:2709994,FNDDS,World,0
"Summer squash, yellow or green, frozen, cooked, fat added, NS as to fat type",,43.0,1.18,4.41,2.71,1.3,FNDDS:2709995,FNDDS,World,0
"Summer squash, yellow or green, canned, cooked, fat added, NS as to fat type",,35.0,0.6,2.86,2.6,1.3,FNDDS:2709996,FNDDS,World,0
"Summer squash, yellow or green, fresh, cooked with oil",,51.0,1.26,3.98,3.75,1.1,FNDDS:2709997,FNDDS,World,0
"Summer squash, yellow or green, fresh, cooked with butter or margarine",,44.0,1.28,3.99,2.91,1.1,FNDDS:2709998,FNDDS,World,0
"Summer squash, yellow or green, frozen, cooked with oil",,46.0,1.18,4.4,3.06,1.3,FNDDS:2709999,FNDDS,World,0
"Summer squash, yellow or green, frozen, cooked with butter or margarine",,40.0,1.19,4.42,2.35,1.3,FNDDS:2710000,FNDDS,World,0
"Spaghetti squash, cooked",,49.0,0.65,6.26,2.8,1.4,FNDDS:2710001,FNDDS,Italian,0
"Turnip, cooked",,54.0,0.95,6.7,2.84,1.9,FNDDS:2710002,FNDDS,World,0
Water Chesnut,,78.0,1.38,19.2,0.09,3.9,FNDDS:2710003,FNDDS,World,0
"Winter melon, cooked",,36.0,0.4,2.95,2.74,1.0,FNDDS:2710004,FNDDS,World,0
Yeast,,325.0,40.4,41.2,7.61,26.9,FNDDS:2710005,FNDDS,World,0
Yeast extract spread,,185.0,23.9,20.4,0.9,6.5,FNDDS:2710006,FNDDS,World,0
"Lima beans and corn, cooked, no added fat",,92.0,4.3,19.2,0.5,3.8,FNDDS:2710007,FNDDS,World,0
"Lima beans and corn, cooked, fat added",,112.0,4.18,18.7,3.04,3.7,FNDDS:2710008,FNDDS,World,0
"Bean salad, yellow and/or green string beans",,109.0,3.52,13.0,5.0,3.4,FNDDS:2710009,FNDDS,World,0
"Peppers and onions, cooked, no added fat",,37.0,1.06,8.38,0.12,1.5,FNDDS:2710010,FNDDS,World,0
"Peppers and onions, cooked, fat added",,59.0,1.04,8.14,2.66,1.5,FNDDS:2710011,FNDDS,World,0
"Classic mixed vegetables, cooked, from restaurant",,100.0,2.84,12.4,4.74,3.4,FNDDS:2710012,FNDDS,World,0
"Classic mixed vegetables, frozen, cooked, no added fat",,65.0,2.85,13.0,0.15,4.4,FNDDS:2710013,FNDDS,World,0
"Classic mixed vegetables, canned, cooked, no added fat",,46.0,2.11,8.84,0.65,2.6,FNDDS:2710014,FNDDS,World,0
"Classic mixed vegetables, NS as to form, cooked",,86.0,2.78,12.7,2.69,4.3,FNDDS:2710015,FNDDS,World,0
"Classic mixed vegetables, frozen, cooked, fat added, NS as to fat type",,86.0,2.78,12.7,2.69,4.3,FNDDS:2710016,FNDDS,World,0
"Classic mixed vegetables, canned, cooked, fat added, NS as to fat type",,68.0,2.06,8.59,3.18,2.5,FNDDS:2710017,FNDDS,World,0
"Classic mixed vegetables, frozen, cooked with oil",,89.0,2.77,12.7,3.05,4.3,FNDDS:2710018,FNDDS,World,0
"Classic mixed vegetables, frozen, cooked with butter or margarine",,83.0,2.78,12.7,2.33,4.3,FNDDS:2710019,FNDDS,World,0
"Classic mixed vegetables, canned, cooked with oil",,71.0,2.05,8.58,3.54,2.5,FNDDS:2710020,FNDDS,World,0
"Classic mixed vegetables, canned, cooked with butter or margarine",,64.0,2.07,8.59,2.83,2.5,FNDDS:2710021,FNDDS,World,0
"Classic mixed vegetables, canned, reduced sodium, cooked, no added fat",,44.0,1.95,9.19,0.45,2.4,FNDDS:2710022,FNDDS,World,0
"Classic mixed vegetables, canned, reduced sodium, cooked, fat added, NS as to fat type",,68.0,1.9,8.93,3.2,2.3,FNDDS:2710023,FNDDS,World,0
"Classic mixed vegetables, canned, reduced sodium, cooked with oil",,71.0,1.89,8.93,3.59,2.3,FNDDS:2710024,FNDDS,World,0
"Classic mixed vegetables, canned, reduced sodium, cooked with butter or margarine",,64.0,1.91,8.94,2.81,2.3,FNDDS:2710025,FNDDS,World,0
"Peas and corn, cooked, no added fat",,79.0,3.84,16.7,0.47,3.4,FNDDS:2710026,FNDDS,World,0
"Peas and corn, cooked, fat added",,100.0,3.74,16.2,3.0,3.3,FNDDS:2710027,FNDDS,World,0
Ratatouille,,67.0,1.09,5.77,4.73,1.9,FNDDS:2710028,FNDDS,World,0
"Vegetables, stew type, cooked, fat added",,97.0,1.44,15.1,3.64,2.0,FNDDS:2710029,FNDDS,World,0
"Vegetables, stew type, cooked, no added fat",,69.0,1.49,15.7,0.18,2.1,FNDDS:2710030,FNDDS,World,0
"Broccoli and cauliflower, cooked, no added fat",,23.0,2.35,4.54,0.17,2.8,FNDDS:2710031,FNDDS,World,0
"Broccoli and cauliflower, cooked, fat added",,46.0,2.29,4.41,2.71,2.8,FNDDS:2710032,FNDDS,World,0
"Broccoli, cauliflower and carrots, cooked, no added fat",,28.0,1.76,5.59,0.34,3.0,FNDDS:2710033,FNDDS,World,0
"Broccoli, cauliflower and carrots, cooked, fat added",,50.0,1.72,5.43,2.9,2.9,FNDDS:2710034,FNDDS,World,0
"Asian stir fry vegetables, cooked, no added fat",,50.0,2.07,9.93,0.3,2.9,FNDDS:2710035,FNDDS,World,0
"Asian stir fry vegetables, cooked, fat added",,71.0,2.01,9.65,2.84,2.8,FNDDS:2710036,FNDDS,World,0
"Jai, Monk's Food",,60.0,4.25,7.72,1.86,1.7,FNDDS:2710037,FNDDS,World,0
"Vegetable mixture, dried",,328.0,17.4,49.2,8.88,18.5,FNDDS:2710038,FNDDS,World,0
"Artichokes, stuffed",,160.0,5.33,22.3,5.94,3.9,FNDDS:2710039,FNDDS,World,0
Green bean casserole,,56.0,1.96,7.05,2.21,1.9,FNDDS:2710040,FNDDS,World,0
"Green beans, cooked, Szechuan-style",,106.0,2.54,8.37,6.96,3.0,FNDDS:2710041,FNDDS,Chinese,0
Fried cauliflower,,218.0,4.02,21.9,12.9,1.6,FNDDS:2710042,FNDDS,World,0
"Chiles rellenos, cheese-filled",,228.0,7.84,10.4,17.2,0.7,FNDDS:2710043,FNDDS,World,0
"Chiles rellenos, filled with meat and cheese",,230.0,9.01,9.72,17.2,0.7,FNDDS:2710044,FNDDS,World,0
Stuffed jalapeno pepper,,241.0,8.82,16.5,15.9,2.5,FNDDS:2710045,FNDDS,World,0
"Corn, scalloped or pudding",,116.0,4.54,15.0,5.12,1.5,FNDDS:2710046,FNDDS,World,0
"Fritter, corn",,404.0,7.37,33.6,27.1,1.6,FNDDS:2710047,FNDDS,World,0
Fried eggplant,,218.0,3.66,22.3,12.8,2.0,FNDDS:2710048,FNDDS,World,0
Eggplant dip,,183.0,4.8,8.15,15.0,3.9,FNDDS:2710049,FNDDS,World,0
"Eggplant parmesan casserole, regular",,155.0,7.02,8.96,10.5,1.9,FNDDS:2710050,FNDDS,World,0
Eggplant with cheese and tomato sauce,,90.0,6.16,6.34,4.84,2.2,FNDDS:2710051,FNDDS,World,0
"Mushrooms, stuffed",,288.0,10.7,27.7,15.0,3.0,FNDDS:2710052,FNDDS,World,0
Fried mushrooms,,222.0,4.63,21.9,12.9,1.6,FNDDS:2710053,FNDDS,World,0
Fried okra,,219.0,3.88,22.4,12.8,1.6,FNDDS:2710054,FNDDS,World,0
Fried onion rings,,352.0,4.19,39.9,19.8,2.6,FNDDS:2710055,FNDDS,World,0
Pea salad,,180.0,2.98,10.6,14.0,2.7,FNDDS:2710056,FNDDS,World,0
Pea salad with cheese,,203.0,5.0,9.82,16.0,2.4,FNDDS:2710057,FNDDS,World,0
"Fried summer squash, yellow or green",,216.0,3.76,21.5,12.9,1.2,FNDDS:2710058,FNDDS,World,0
"Squash, summer, casserole with tomato and cheese",,85.0,3.48,8.87,4.32,1.4,FNDDS:2710059,FNDDS,World,0
"Squash, summer, casserole, with rice and tomato sauce",,83.0,2.32,14.9,1.66,1.1,FNDDS:2710060,FNDDS,World,0
"Squash, summer, casserole, with cheese sauce",,92.0,3.69,9.28,4.71,1.2,FNDDS:2710061,FNDDS,World,0
"Squash, summer, souffle",,125.0,4.65,6.87,8.94,0.7,FNDDS:2710062,FNDDS,World,0
"Stew, vegetable",,47.0,1.41,10.1,0.24,2.1,FNDDS:2710063,FNDDS,World,0
"Chow mein or chop suey, meatless, no noodles",,43.0,1.34,5.74,1.68,1.2,FNDDS:2710064,FNDDS,Chinese,0
Vegetable tempura,,239.0,3.81,20.4,15.8,1.6,FNDDS:2710065,FNDDS,Japanese,0
Pakora,,125.0,4.92,16.2,4.77,3.2,FNDDS:2710066,FNDDS,World,0
Vegetable curry,,86.0,1.6,8.81,5.27,1.8,FNDDS:2710067,FNDDS,Indian,0
Vegetable curry with rice,,103.0,2.03,16.5,3.27,1.3,FNDDS:2710068,FNDDS,Indian,0
"Chow mein or chop suey, meatless, with noodles",,117.0,2.98,15.7,5.05,2.1,FNDDS:2710069,FNDDS,Chinese,0
"Green beans, pickled",,54.0,1.63,11.0,0.25,2.5,FNDDS:2710070,FNDDS,World,0
"Beets, pickled",,65.0,0.8,16.3,0.08,0.8,FNDDS:2710071,FNDDS,World,0
"Celery, pickled",,35.0,0.41,7.61,0.15,1.3,FNDDS:2710072,FNDDS,World,0
"Relish, corn",,111.0,1.7,25.7,0.91,1.5,FNDDS:2710073,FNDDS,World,0
"Cauliflower, pickled",,41.0,1.59,8.98,0.25,1.7,FNDDS:2710074,FNDDS,World,0
"Cabbage, green, pickled",,46.0,0.8,10.2,0.21,2.1,FNDDS:2710075,FNDDS,World,0
"Cabbage, red, pickled",,49.0,1.03,10.5,0.19,1.7,FNDDS:2710076,FNDDS,World,0
Kimchi,,15.0,1.1,2.4,0.5,1.6,FNDDS:2710077,FNDDS,Korean,0
"Pickles, dill",,14.0,0.48,1.99,0.43,1.0,FNDDS:2710078,FNDDS,World,0
"Relish, pickle",,130.0,0.37,35.1,0.47,1.1,FNDDS:2710079,FNDDS,World,0
"Pickles, sweet",,91.0,0.58,21.2,0.41,1.0,FNDDS:2710080,FNDDS,World,0
"Eggplant, pickled",,41.0,0.81,9.74,0.16,2.5,FNDDS:2710081,FNDDS,World,0
"Ginger root, pickled",,20.0,0.33,4.83,0.1,2.6,FNDDS:2710082,FNDDS,World,0
Horseradish,,48.0,1.18,11.3,0.69,3.3,FNDDS:2710083,FNDDS,World,0
"Mushrooms, pickled",,46.0,2.4,8.29,0.3,1.4,FNDDS:2710084,FNDDS,World,0
Mustard,,69.0,4.25,5.3,3.38,4.3,FNDDS:2710085,FNDDS,World,0
Honey mustard dip,,275.0,1.77,25.2,18.0,1.0,FNDDS:2710086,FNDDS,World,0
"Okra, pickled",,48.0,1.6,11.0,0.17,2.7,FNDDS:2710087,FNDDS,World,0
"Olives, NFS",,116.0,0.84,6.04,10.9,1.6,FNDDS:2710088,FNDDS,World,0
"Olives, green",,145.0,1.03,3.84,15.3,3.3,FNDDS:2710089,FNDDS,World,0
"Olives, black",,116.0,0.84,6.04,10.9,1.6,FNDDS:2710090,FNDDS,World,0
"Olives, stuffed",,141.0,1.15,4.96,12.9,4.0,FNDDS:2710091,FNDDS,World,0
Olive tapenade,,282.0,0.73,4.17,30.0,1.8,FNDDS:2710092,FNDDS,World,0
Hot pepper sauce,,12.0,1.29,0.8,0.76,0.6,FNDDS:2710093,FNDDS,World,0
"Peppers, sweet, pickled",,43.0,0.67,9.6,0.12,0.9,FNDDS:2710094,FNDDS,World,0
"Peppers, hot, pickled",,22.0,0.8,4.56,0.4,2.6,FNDDS:2710095,FNDDS,World,0
"Peppers, jalapenos",,26.0,0.86,5.53,0.38,2.7,FNDDS:2710096,FNDDS,World,0
"Pickles, NFS",,14.0,0.48,1.99,0.43,1.0,FNDDS:2710097,FNDDS,World,0
"Pickles, fried",,213.0,3.44,20.7,12.9,1.2,FNDDS:2710098,FNDDS,World,0
"Radishes, pickled",,34.0,0.56,7.68,0.1,1.3,FNDDS:2710099,FNDDS,World,0
"Seaweed, pickled",,54.0,2.91,11.4,0.42,0.6,FNDDS:2710100,FNDDS,World,0
"Vegetables, pickled",,46.0,0.94,10.2,0.21,1.6,FNDDS:2710101,FNDDS,World,0
"Turnip, pickled",,44.0,0.75,10.2,0.1,1.5,FNDDS:2710102,FNDDS,World,0
Wasabi paste,,292.0,2.23,46.1,10.9,6.1,FNDDS:2710103,FNDDS,World,0
"Zucchini, pickled",,35.0,1.0,7.44,0.28,0.8,FNDDS:2710104,FNDDS,World,0
"Soup, borscht",,20.0,0.52,3.9,0.37,0.8,FNDDS:2710105,FNDDS,World,0
"Soup, gazpacho",,26.0,0.81,4.49,0.63,1.0,FNDDS:2710106,FNDDS,Spanish,0
"Soup, cream of mushroom",,74.0,2.1,5.7,4.76,1.2,FNDDS:2710107,FNDDS,World,0
"Soup, French onion",,108.0,5.45,11.8,4.47,1.1,FNDDS:2710108,FNDDS,World,0
"Soup, cream of vegetable",,78.0,1.41,7.83,4.72,1.1,FNDDS:2710109,FNDDS,World,0
"Soup, seaweed",,37.0,3.73,1.52,1.87,0.2,FNDDS:2710110,FNDDS,World,0
"Soup, vegetable, canned",,38.0,1.12,7.62,0.4,1.2,FNDDS:2710111,FNDDS,World,0
"Soup, vegetable, canned, reduced sodium",,38.0,1.12,7.63,0.4,1.2,FNDDS:2710112,FNDDS,World,0
"Soup, vegetable",,27.0,0.84,5.08,0.45,1.0,FNDDS:2710113,FNDDS,World,0
"Soup, minestrone",,40.0,1.71,7.3,0.5,1.5,FNDDS:2710114,FNDDS,Italian,0
"Soup, beef",,47.0,3.28,4.04,2.05,0.8,FNDDS:2710115,FNDDS,World,0
"Soup, vegetable, with meat",,44.0,3.36,4.04,1.6,0.8,FNDDS:2710116,FNDDS,World,0
"Baby Toddler vegetable, NFS",,44.0,1.44,9.56,0.25,1.6,FNDDS:2710117,FNDDS,World,0
"Baby Toddler carrots, Stage 1",,26.0,0.8,6.0,0.1,1.7,FNDDS:2710118,FNDDS,World,0
"Baby Toddler carrots, Stage 2",,32.0,0.8,7.2,0.2,1.7,FNDDS:2710119,FNDDS,World,0
"Baby Toddler squash, Stage 1",,28.0,0.81,5.73,0.2,0.9,FNDDS:2710120,FNDDS,World,0
"Baby Toddler squash, Stage 2",,24.0,0.81,5.73,0.2,0.9,FNDDS:2710121,FNDDS,World,0
"Baby Toddler sweet potatoes, Stage 1",,57.0,1.1,13.2,0.1,1.5,FNDDS:2710122,FNDDS,World,0
"Baby Toddler sweet potatoes, Stage 2",,60.0,1.1,14.0,0.1,1.5,FNDDS:2710123,FNDDS,World,0
"Baby Toddler green beans, Stage 1",,24.0,1.2,5.8,0.1,1.9,FNDDS:2710124,FNDDS,World,0
"Baby Toddler green beans, Stage 2",,24.0,1.2,5.8,0.1,1.9,FNDDS:2710125,FNDDS,World,0
Baby Toddler beets,,34.0,1.3,7.7,0.1,1.9,FNDDS:2710126,FNDDS,World,0
"Baby Toddler multiple vegetables, Stage 2",,44.0,1.44,9.56,0.25,1.6,FNDDS:2710127,FNDDS,World,0
"Baby Toddler multiple vegetables, Stage 3",,44.0,1.44,9.56,0.25,1.6,FNDDS:2710128,FNDDS,World,0
"Baby Toddler vegetables, with grain",,58.0,1.84,12.0,0.5,1.9,FNDDS:2710129,FNDDS,World,0
Baby Toddler vegetables and meat,,64.0,2.95,11.2,1.08,1.8,FNDDS:2710130,FNDDS,World,0
"Baby Toddler peas, Stage 1",,50.0,3.27,8.36,0.43,2.0,FNDDS:2710131,FNDDS,World,0
"Baby Toddler peas, Stage 2",,50.0,3.27,8.36,0.43,2.0,FNDDS:2710132,FNDDS,World,0
"Toddler meal, NFS",,85.0,3.65,12.8,2.08,1.0,FNDDS:2710133,FNDDS,World,0
"Toddler meal, meat and vegetables",,77.0,3.49,8.33,3.34,1.0,FNDDS:2710134,FNDDS,World,0
"Toddler meal, rice and vegetables",,83.0,4.02,13.4,1.4,0.9,FNDDS:2710135,FNDDS,World,0
"Toddler meal, pasta",,101.0,4.08,16.1,2.18,0.8,FNDDS:2710136,FNDDS,World,0
"Toddler meal, pasta and vegetables",,78.0,3.02,13.5,1.41,1.1,FNDDS:2710137,FNDDS,World,0
"Fried stuffed potatoes, Puerto Rican style",,185.0,4.9,16.2,11.3,1.9,FNDDS:2710138,FNDDS,World,0
"Green plantain with cracklings, Puerto Rican style",,358.0,13.2,27.0,22.8,1.4,FNDDS:2710139,FNDDS,World,0
"Ripe plantain meat pie, Puerto Rican style",,315.0,12.8,22.0,20.2,2.1,FNDDS:2710140,FNDDS,World,0
Puerto Rican pasteles,,213.0,7.08,17.4,13.2,2.2,FNDDS:2710141,FNDDS,World,0
"Stuffed cabbage, with meat, Puerto Rican style",,207.0,9.56,8.41,15.1,2.3,FNDDS:2710142,FNDDS,World,0
"Stuffed cabbage, with meat and rice, Syrian dish, Puerto Rican style",,84.0,3.14,11.1,2.95,1.8,FNDDS:2710143,FNDDS,World,0
Eggplant and meat casserole,,96.0,7.11,4.67,5.53,1.5,FNDDS:2710144,FNDDS,World,0
"Vegetable and fruit juice, 100% juice, with high vitamin C",,46.0,0.3,11.2,0.01,0.0,FNDDS:2710145,FNDDS,World,0
"Fruit and vegetable smoothie, with dairy",,64.0,1.59,12.7,0.72,1.0,FNDDS:2710146,FNDDS,World,0
"Fruit and vegetable smoothie, added protein",,86.0,7.49,12.2,0.78,1.1,FNDDS:2710147,FNDDS,World,0
"Fruit and vegetable smoothie, non-dairy",,60.0,1.16,12.4,0.61,1.0,FNDDS:2710148,FNDDS,World,0
"Fruit and vegetable smoothie, non-dairy, added protein",,83.0,7.09,11.9,0.69,1.2,FNDDS:2710149,FNDDS,World,0
"Fruit and vegetable smoothie, bottled",,53.0,0.6,12.5,0.26,0.7,FNDDS:2710150,FNDDS,World,0
"Fruit and vegetable smoothie, no dairy",,63.0,1.09,13.8,0.37,1.0,FNDDS:2710151,FNDDS,World,0
Vegetable smoothie,,89.0,2.75,5.84,6.63,2.8,FNDDS:2710152,FNDDS,World,0
"Table fat, NFS",,677.0,0.58,0.36,75.3,0.0,FNDDS:2710153,FNDDS,World,0
"Butter, NFS",,743.0,0.85,0.06,82.2,0.0,FNDDS:2710154,FNDDS,World,0
"Butter, stick",,743.0,0.85,0.06,82.2,0.0,FNDDS:2710155,FNDDS,World,0
"Butter, tub",,731.0,0.49,0.0,78.3,0.0,FNDDS:2710156,FNDDS,World,0
"Butter, light",,499.0,3.3,0.0,55.1,0.0,FNDDS:2710157,FNDDS,World,0
"Margarine, NFS",,579.0,0.17,0.82,65.0,0.0,FNDDS:2710158,FNDDS,World,0
"Margarine, stick",,717.0,0.16,0.7,80.7,0.0,FNDDS:2710159,FNDDS,World,0
"Margarine, tub",,533.0,0.17,0.86,59.8,0.0,FNDDS:2710160,FNDDS,World,0
"Butter replacement, liquid",,533.0,0.17,0.86,59.8,0.0,FNDDS:2710161,FNDDS,World,0
"Margarine, light",,346.0,0.33,1.22,37.9,0.0,FNDDS:2710162,FNDDS,World,0
"Butter replacement, powder",,373.0,2.0,89.0,1.0,0.0,FNDDS:2710163,FNDDS,World,0
"Oil or table fat, NFS",,789.0,0.29,0.18,87.7,0.0,FNDDS:2710164,FNDDS,World,0
Animal fat or drippings,,841.0,2.23,0.0,92.2,0.0,FNDDS:2710165,FNDDS,World,0
Lard,,902.0,0.0,0.0,100.0,0.0,FNDDS:2710166,FNDDS,World,0
"Shortening, NS as to vegetable or animal",,884.0,0.0,0.0,100.0,0.0,FNDDS:2710167,FNDDS,World,0
"Ghee, clarified butter",,876.0,0.28,0.0,99.5,0.0,FNDDS:2710168,FNDDS,World,0
Garlic sauce,,683.0,1.43,2.87,74.0,0.3,FNDDS:2710169,FNDDS,World,0
Lemon-butter sauce,,671.0,0.8,0.74,74.0,0.0,FNDDS:2710170,FNDDS,World,0
Hollandaise sauce,,546.0,5.4,1.03,58.0,0.0,FNDDS:2710171,FNDDS,World,0
Sandwich spread,,389.0,0.9,22.4,34.0,0.4,FNDDS:2710172,FNDDS,American,0
Tartar sauce,,211.0,1.0,13.3,16.7,0.5,FNDDS:2710173,FNDDS,World,0
Horseradish sauce,,503.0,1.09,10.0,50.9,1.0,FNDDS:2710174,FNDDS,World,0
Pesto sauce,,580.0,8.61,5.67,59.2,1.0,FNDDS:2710175,FNDDS,Italian,0
Fry sauce,,535.0,0.98,7.28,56.2,0.1,FNDDS:2710176,FNDDS,World,0
"Sauce, NFS",,109.0,1.59,12.7,5.67,0.2,FNDDS:2710177,FNDDS,World,0
Curry sauce,,95.0,1.39,5.03,8.22,1.4,FNDDS:2710178,FNDDS,Indian,0
Honey butter,,485.0,0.53,48.5,33.8,0.1,FNDDS:2710179,FNDDS,World,0
"Vegetable oil, NFS",,900.0,0.0,0.0,100.0,0.0,FNDDS:2710180,FNDDS,World,0
Almond oil,,884.0,0.0,0.0,100.0,0.0,FNDDS:2710181,FNDDS,World,0
Coconut oil,,895.0,0.0,0.84,99.1,0.0,FNDDS:2710182,FNDDS,World,0
Corn oil,,900.0,0.0,0.0,100.0,0.0,FNDDS:2710183,FNDDS,World,0
Cottonseed oil,,884.0,0.0,0.0,100.0,0.0,FNDDS:2710184,FNDDS,World,0
Flaxseed oil,,884.0,0.11,0.0,100.0,0.0,FNDDS:2710185,FNDDS,World,0
Olive oil,,900.0,0.0,0.0,100.0,0.0,FNDDS:2710186,FNDDS,World,0
Peanut oil,,900.0,0.0,0.0,100.0,0.0,FNDDS:2710187,FNDDS,World,0
Canola oil,,900.0,0.0,0.0,100.0,0.0,FNDDS:2710188,FNDDS,World,0
Safflower oil,,900.0,0.0,0.0,100.0,0.0,FNDDS:2710189,FNDDS,World,0
Sesame oil,,884.0,0.0,0.0,100.0,0.0,FNDDS:2710190,FNDDS,World,0
Soybean oil,,900.0,0.0,0.0,100.0,0.0,FNDDS:2710191,FNDDS,World,0
Sunflower oil,,900.0,0.0,0.0,100.0,0.0,FNDDS:2710192,FNDDS,World,0
Walnut oil,,884.0,0.0,0.0,100.0,0.0,FNDDS:2710193,FNDDS,World,0
Wheat germ oil,,884.0,0.0,0.0,100.0,0.0,FNDDS:2710194,FNDDS,World,0
"Salad dressing, NFS, for salads",,430.0,1.32,5.9,44.5,0.0,FNDDS:2710195,FNDDS,World,0
"Salad dressing, NFS, for sandwiches",,594.0,0.9,3.41,64.2,0.0,FNDDS:2710196,FNDDS,American,0
Blue or roquefort cheese dressing,,484.0,1.37,4.77,51.1,0.4,FNDDS:2710197,FNDDS,World,0
Bacon and tomato dressing,,326.0,1.8,2.0,35.0,0.2,FNDDS:2710198,FNDDS,World,0
Caesar dressing,,542.0,2.17,3.3,57.8,0.5,FNDDS:2710199,FNDDS,World,0
Coleslaw dressing,,404.0,0.85,22.4,34.5,0.0,FNDDS:2710200,FNDDS,World,0
French or Catalina dressing,,419.0,0.87,18.8,39.1,2.4,FNDDS:2710201,FNDDS,World,0
Honey mustard dressing,,464.0,0.87,23.3,40.8,0.4,FNDDS:2710202,FNDDS,World,0
"Italian dressing, made with vinegar and oil",,240.0,0.41,12.1,21.1,0.0,FNDDS:2710203,FNDDS,World,0
"Mayonnaise, regular",,680.0,0.96,0.57,74.8,0.0,FNDDS:2710204,FNDDS,World,0
Vegan mayonnaise,,232.0,0.3,16.0,19.2,0.0,FNDDS:2710205,FNDDS,World,0
Russian dressing,,355.0,0.69,31.9,26.2,0.7,FNDDS:2710206,FNDDS,World,0
Mayonnaise-type salad dressing,,250.0,0.65,14.8,21.6,0.0,FNDDS:2710207,FNDDS,World,0
Avocado dressing,,427.0,1.9,7.36,43.3,0.1,FNDDS:2710208,FNDDS,World,0
Creamy Italian dressing,,268.0,0.55,11.2,24.6,0.0,FNDDS:2710209,FNDDS,World,0
Poppy seed dressing,,399.0,0.92,23.7,33.3,0.3,FNDDS:2710210,FNDDS,World,0
Sesame dressing,,443.0,3.1,8.6,45.2,1.0,FNDDS:2710211,FNDDS,World,0
Ranch dressing,,430.0,1.32,5.9,44.5,0.0,FNDDS:2710212,FNDDS,World,0
Thousand Island dressing,,379.0,1.09,14.6,35.1,0.8,FNDDS:2710213,FNDDS,World,0
Fruit dressing,,219.0,2.51,12.4,18.0,0.1,FNDDS:2710214,FNDDS,World,0
"Salad dressing, light, NFS",,160.0,1.5,7.0,14.0,0.0,FNDDS:2710215,FNDDS,World,0
"Blue or roquefort cheese dressing, light",,300.0,1.44,15.2,26.1,1.1,FNDDS:2710216,FNDDS,World,0
"Creamy Italian dressing, light",,111.0,0.56,9.54,7.78,0.0,FNDDS:2710217,FNDDS,World,0
"French or Catalina dressing, light",,222.0,0.58,31.2,11.5,1.5,FNDDS:2710218,FNDDS,World,0
"Caesar dressing, light",,110.0,0.3,18.6,4.4,0.1,FNDDS:2710219,FNDDS,World,0
"Mayonnaise, light",,238.0,0.37,9.23,22.2,0.0,FNDDS:2710220,FNDDS,World,0
"Mayonnaise, reduced fat,  with olive oil",,361.0,0.37,0.0,40.0,0.0,FNDDS:2710221,FNDDS,World,0
"Mayonnaise-type salad dressing, light",,158.0,0.65,16.4,10.0,0.0,FNDDS:2710222,FNDDS,World,0
"Honey mustard dressing, light",,207.0,0.98,28.3,10.0,0.8,FNDDS:2710223,FNDDS,World,0
"Italian dressing, light",,102.0,0.39,9.99,6.68,0.0,FNDDS:2710224,FNDDS,World,0
"Ranch dressing, light",,160.0,1.5,7.0,14.0,0.0,FNDDS:2710225,FNDDS,World,0
"Sesame dressing, light",,102.0,0.39,9.99,6.68,0.0,FNDDS:2710226,FNDDS,World,0
"Thousand Island dressing, light",,195.0,0.83,24.1,11.3,1.2,FNDDS:2710227,FNDDS,World,0
Korean dressing or marinade,,348.0,3.17,12.7,31.4,0.5,FNDDS:2710228,FNDDS,World,0
"Blue or roquefort cheese dressing, fat free",,115.0,1.52,25.6,1.01,1.8,FNDDS:2710229,FNDDS,World,0
"Caesar dressing, fat free",,131.0,1.47,30.7,0.23,0.2,FNDDS:2710230,FNDDS,World,0
"Creamy Italian dressing, fat free",,56.0,1.03,10.4,1.14,0.5,FNDDS:2710231,FNDDS,World,0
"French or Catalina dressing, fat free",,132.0,0.2,32.1,0.27,2.2,FNDDS:2710232,FNDDS,World,0
"Honey mustard dressing, fat free",,169.0,1.07,38.4,1.47,1.2,FNDDS:2710233,FNDDS,World,0
"Italian dressing, fat free",,47.0,0.97,8.75,0.87,0.6,FNDDS:2710234,FNDDS,World,0
"Mayonnaise, fat free",,64.0,0.2,15.8,0.0,2.0,FNDDS:2710235,FNDDS,World,0
"Ranch dressing, fat free",,107.0,1.4,20.0,2.7,0.0,FNDDS:2710236,FNDDS,World,0
"Salad dressing, fat free, NFS",,107.0,1.4,20.0,2.7,0.0,FNDDS:2710237,FNDDS,World,0
"Thousand Island dressing, fat free",,132.0,0.55,29.3,1.45,3.3,FNDDS:2710238,FNDDS,World,0
"Bacon, for use with vegetables",,468.0,33.9,1.7,35.1,0.0,FNDDS:2710239,FNDDS,World,0
"Ham, for use with vegetables",,117.0,18.0,1.57,4.39,0.0,FNDDS:2710240,FNDDS,World,0
"Beef, for use with vegetables",,191.0,32.4,0.0,6.82,0.0,FNDDS:2710241,FNDDS,World,0
"Chicken, for use with vegetables",,164.0,26.8,0.0,6.36,0.0,FNDDS:2710242,FNDDS,World,0
"Cream sauce, for use with vegetables",,175.0,0.83,10.6,14.2,0.1,FNDDS:2710243,FNDDS,World,0
"Cheese sauce, for use with vegetables",,120.0,4.69,9.62,6.8,0.1,FNDDS:2710244,FNDDS,World,0
"Gravy, for use with vegetables",,57.0,0.31,11.2,1.05,0.1,FNDDS:2710245,FNDDS,World,0
"Soy based sauce, for use with vegetables",,89.0,1.65,20.1,0.15,0.2,FNDDS:2710246,FNDDS,World,0
"Tomato sauce, for use with vegetables",,104.0,0.48,12.1,6.15,0.6,FNDDS:2710247,FNDDS,World,0
"Avocado, for use on a sandwich",,160.0,2.0,8.53,14.7,6.7,FNDDS:2710248,FNDDS,American,0
"Cucumber, for use on a sandwich",,16.0,0.62,2.95,0.18,0.5,FNDDS:2710249,FNDDS,American,0
"Lettuce, for use on a sandwich",,20.0,0.92,3.69,0.1,1.3,FNDDS:2710250,FNDDS,American,0
"Mushrooms, for use on a sandwich",,31.0,2.9,4.13,0.35,1.7,FNDDS:2710251,FNDDS,American,0
"Onions, for use on a sandwich",,38.0,0.86,8.46,0.08,1.7,FNDDS:2710252,FNDDS,American,0
"Pepper, for use on a sandwich",,27.0,0.81,5.72,0.12,1.0,FNDDS:2710253,FNDDS,American,0
"Spinach, for use on a sandwich",,27.0,2.85,2.41,0.62,1.6,FNDDS:2710254,FNDDS,American,0
"Tomatoes, for use on a sandwich",,20.0,0.82,4.04,0.31,1.2,FNDDS:2710255,FNDDS,American,0
"Bacon, for use on a sandwich",,494.0,39.4,2.01,36.2,0.0,FNDDS:2710256,FNDDS,American,0
"Sugar, NFS",,401.0,0.0,99.6,0.32,0.0,FNDDS:2710257,FNDDS,World,0
"Sugar, white, granulated or lump",,401.0,0.0,99.6,0.32,0.0,FNDDS:2710258,FNDDS,World,0
"Sugar, white, confectioner's, powdered",,389.0,0.0,99.8,0.0,0.0,FNDDS:2710259,FNDDS,World,0
"Sugar, brown",,380.0,0.12,98.1,0.0,0.0,FNDDS:2710260,FNDDS,World,0
"Sugar, cinnamon",,390.0,0.28,98.3,0.38,3.7,FNDDS:2710261,FNDDS,World,0
Sugar substitute and sugar blend,,399.0,0.0,99.4,0.31,0.0,FNDDS:2710262,FNDDS,World,0
"Sugar substitute, sucralose, powder",,336.0,0.0,91.2,0.0,0.0,FNDDS:2710263,FNDDS,World,0
"Sugar substitute, stevia, powder",,0.0,0.0,100.0,0.0,0.0,FNDDS:2710264,FNDDS,World,0
"Sugar substitute, stevia, liquid",,51.0,0.8,12.0,0.0,0.7,FNDDS:2710265,FNDDS,World,0
"Sugar substitute, monk fruit, powder",,0.0,0.0,100.0,0.0,0.0,FNDDS:2710266,FNDDS,World,0
"Sugar substitute, powder, NFS",,349.0,0.66,90.1,0.0,0.0,FNDDS:2710267,FNDDS,World,0
"Sugar substitute, liquid, NFS",,51.0,0.8,12.0,0.0,0.7,FNDDS:2710268,FNDDS,World,0
"Sugar substitute, saccharin, powder",,360.0,0.94,89.1,0.0,0.0,FNDDS:2710269,FNDDS,World,0
"Sugar substitute, saccharin, liquid",,8.0,0.02,2.05,0.0,0.0,FNDDS:2710270,FNDDS,World,0
"Sugar substitute, aspartame, powder",,365.0,2.17,89.1,0.0,0.0,FNDDS:2710271,FNDDS,World,0
"Syrup, NFS",,265.0,0.0,69.6,0.1,0.0,FNDDS:2710272,FNDDS,World,0
Pancake syrup,,265.0,0.0,69.6,0.1,0.0,FNDDS:2710273,FNDDS,American,0
Corn syrup,,283.0,0.0,76.8,0.2,0.0,FNDDS:2710274,FNDDS,World,0
Blueberry syrup,,341.0,0.0,85.1,0.0,0.1,FNDDS:2710275,FNDDS,World,0
Chocolate syrup,,269.0,0.0,67.2,0.0,0.0,FNDDS:2710276,FNDDS,World,0
"Chocolate syrup, light",,153.0,1.4,34.6,0.97,0.0,FNDDS:2710277,FNDDS,World,0
Simple syrup,,184.0,0.0,45.6,0.15,0.0,FNDDS:2710278,FNDDS,World,0
Strawberry drink syrup,,261.0,0.0,65.1,0.02,0.0,FNDDS:2710279,FNDDS,World,0
"Pancake syrup, light",,165.0,0.0,44.6,0.0,0.0,FNDDS:2710280,FNDDS,American,0
Honey,,304.0,0.3,82.4,0.0,0.2,FNDDS:2710281,FNDDS,World,0
Agave liquid sweetener,,310.0,0.09,76.4,0.45,0.2,FNDDS:2710282,FNDDS,World,0
Molasses,,290.0,0.0,74.7,0.1,0.0,FNDDS:2710283,FNDDS,World,0
"Topping, butterscotch or caramel",,216.0,1.21,57.0,0.0,0.0,FNDDS:2710284,FNDDS,World,0
"Topping, chocolate",,350.0,4.6,62.9,8.9,2.8,FNDDS:2710285,FNDDS,World,0
"Topping, fruit",,254.0,0.2,66.3,0.1,0.7,FNDDS:2710286,FNDDS,World,0
"Topping, marshmallow",,322.0,0.8,79.0,0.3,0.1,FNDDS:2710287,FNDDS,World,0
"Topping, nuts and syrup",,448.0,4.5,58.1,22.0,2.3,FNDDS:2710288,FNDDS,World,0
Chocolate hazelnut spread,,539.0,5.41,62.4,29.7,5.4,FNDDS:2710289,FNDDS,World,0
"Icing, chocolate",,397.0,1.1,63.2,17.6,0.9,FNDDS:2710290,FNDDS,World,0
"Icing, white",,418.0,0.0,67.9,16.2,0.0,FNDDS:2710291,FNDDS,World,0
"Caramel dip, regular",,295.0,1.16,48.5,12.3,0.0,FNDDS:2710292,FNDDS,World,0
"Caramel dip, light",,216.0,1.21,57.0,0.0,0.0,FNDDS:2710293,FNDDS,World,0
Chocolate dip,,393.0,3.33,65.3,13.2,2.0,FNDDS:2710294,FNDDS,World,0
Dessert dip,,249.0,6.01,22.5,15.0,0.0,FNDDS:2710295,FNDDS,World,0
Sweet and sour sauce,,154.0,0.27,38.2,0.02,0.1,FNDDS:2710296,FNDDS,Chinese,0
Dessert sauce,,150.0,0.09,19.5,7.95,0.0,FNDDS:2710297,FNDDS,World,0
Duck sauce,,245.0,0.36,60.7,0.13,0.6,FNDDS:2710298,FNDDS,World,0
"Jam or jelly, NFS",,261.0,0.18,67.1,0.03,1.0,FNDDS:2710299,FNDDS,World,0
Jelly,,266.0,0.15,70.0,0.02,1.0,FNDDS:2710300,FNDDS,World,0
Jam,,278.0,0.37,68.9,0.07,1.1,FNDDS:2710301,FNDDS,World,0
Fruit butter,,173.0,0.39,42.5,0.3,1.5,FNDDS:2710302,FNDDS,World,0
Marmalade,,246.0,0.3,66.3,0.0,0.7,FNDDS:2710303,FNDDS,World,0
"Jam or jelly, sugar free",,121.0,0.55,29.6,0.0,2.2,FNDDS:2710304,FNDDS,World,0
"Jam or jelly, reduced sugar",,151.0,0.0,37.6,0.1,1.5,FNDDS:2710305,FNDDS,World,0
"Jam or jelly, fruit juice sweetened",,212.0,0.0,52.9,0.0,0.9,FNDDS:2710306,FNDDS,World,0
Guava paste,,292.0,0.1,72.6,0.27,1.1,FNDDS:2710307,FNDDS,World,0
Sweet potato paste,,305.0,0.49,75.1,0.34,0.9,FNDDS:2710308,FNDDS,World,0
"Bean paste, sweetened",,226.0,6.22,50.0,0.47,5.3,FNDDS:2710309,FNDDS,World,0
Gelatin dessert,,60.0,1.22,14.2,0.0,0.0,FNDDS:2710310,FNDDS,World,0
Gelatin dessert with fruit,,56.0,1.1,13.3,0.01,0.2,FNDDS:2710311,FNDDS,World,0
Gelatin salad with vegetables,,61.0,1.47,14.0,0.02,0.7,FNDDS:2710312,FNDDS,World,0
"Gelatin dessert, sugar free",,20.0,0.83,4.22,0.0,0.0,FNDDS:2710313,FNDDS,World,0
"Gelatin dessert, sugar free, with fruit",,22.0,0.77,4.86,0.01,0.2,FNDDS:2710314,FNDDS,World,0
Yokan,,133.0,2.4,30.6,0.24,2.0,FNDDS:2710315,FNDDS,World,0
Haupia,,274.0,1.98,23.5,20.4,2.0,FNDDS:2710316,FNDDS,World,0
Italian Ice,,128.0,0.4,32.6,0.0,0.0,FNDDS:2710317,FNDDS,World,0
"Italian Ice, no sugar added",,24.0,0.0,5.92,0.0,0.0,FNDDS:2710318,FNDDS,World,0
"Popsicle, NFS",,79.0,0.0,19.2,0.24,0.0,FNDDS:2710319,FNDDS,World,0
Popsicle,,79.0,0.0,19.2,0.24,0.0,FNDDS:2710320,FNDDS,World,0
"Popsicle, no sugar added",,24.0,0.0,5.92,0.0,0.0,FNDDS:2710321,FNDDS,World,0
Freezer pop,,79.0,0.0,19.2,0.24,0.0,FNDDS:2710322,FNDDS,World,0
Snow cone,,128.0,0.4,32.6,0.0,0.0,FNDDS:2710323,FNDDS,World,0
"Snow cone, no sugar added",,24.0,0.0,5.92,0.0,0.0,FNDDS:2710324,FNDDS,World,0
"Candy, NFS",,429.0,1.95,86.6,8.26,0.9,FNDDS:2710325,FNDDS,World,0
"Almonds, chocolate covered candy",,560.0,13.0,44.0,38.8,6.4,FNDDS:2710326,FNDDS,World,0
"Chocolate candy, other, NFS",,535.0,7.65,59.4,29.7,3.4,FNDDS:2710327,FNDDS,World,0
Chocolate candy,,535.0,7.65,59.4,29.7,3.4,FNDDS:2710328,FNDDS,World,0
"Chocolate candy with nuts, other, NFS",,545.0,11.0,51.8,33.7,4.4,FNDDS:2710329,FNDDS,World,0
Chocolate candy with nuts,,545.0,11.0,51.8,33.7,4.4,FNDDS:2710330,FNDDS,World,0
Chocolate candy with cereal,,511.0,7.64,59.7,29.4,3.3,FNDDS:2710331,FNDDS,World,0
"Chocolate candy, cookie filled",,510.0,5.71,64.7,25.4,1.0,FNDDS:2710332,FNDDS,American,0
Chocolate chips,,480.0,4.2,63.9,30.0,5.9,FNDDS:2710333,FNDDS,World,0
"Candy, sprinkles",,473.0,0.0,84.7,15.3,0.0,FNDDS:2710334,FNDDS,World,0
"Dark chocolate candy, other, NFS",,550.0,5.09,60.0,32.2,7.2,FNDDS:2710335,FNDDS,World,0
Dark chocolate candy,,550.0,5.09,60.0,32.2,7.2,FNDDS:2710336,FNDDS,World,0
"Dark chocolate candy with nuts, other, NFS",,560.0,8.26,52.2,36.3,7.9,FNDDS:2710337,FNDDS,World,0
Dark chocolate candy with nuts,,560.0,8.26,52.2,36.3,7.9,FNDDS:2710338,FNDDS,World,0
White chocolate candy,,539.0,5.87,59.2,32.1,0.2,FNDDS:2710339,FNDDS,World,0
"Chocolate candy, fudge",,396.0,1.72,79.4,7.93,0.8,FNDDS:2710340,FNDDS,World,0
"Chocolate candy, caramel filled",,474.0,6.43,66.4,21.0,2.0,FNDDS:2710341,FNDDS,World,0
"Chocolate candy, caramel filled with nuts",,484.0,7.42,63.6,23.1,2.5,FNDDS:2710342,FNDDS,World,0
"Chocolate candy, coconut filled",,500.0,5.44,56.9,27.8,4.1,FNDDS:2710343,FNDDS,World,0
"Chocolate candy, cream filled",,366.0,2.2,80.4,9.3,2.1,FNDDS:2710344,FNDDS,World,0
"Chocolate candy, nougat filled",,446.0,3.3,74.5,15.0,1.2,FNDDS:2710345,FNDDS,World,0
"Chocolate candy, nougat filled with nuts",,483.0,6.46,63.2,22.7,2.2,FNDDS:2710346,FNDDS,World,0
"Chocolate candy, peanut butter filled",,487.0,7.82,64.1,24.7,2.8,FNDDS:2710347,FNDDS,World,0
Chocolate candy with dried fruit,,390.0,4.1,68.4,14.8,3.1,FNDDS:2710348,FNDDS,World,0
"Chocolate candy, sugar free",,590.0,12.4,37.7,43.3,3.5,FNDDS:2710349,FNDDS,World,0
"Candy, non chocolate, other, NFS",,394.0,0.05,95.7,1.13,0.0,FNDDS:2710350,FNDDS,World,0
"Ladoo, round ball",,411.0,6.92,46.7,22.2,4.0,FNDDS:2710351,FNDDS,World,0
"Candy, licorice",,396.0,0.0,98.9,0.0,0.1,FNDDS:2710352,FNDDS,World,0
"Candy, marshmallow",,318.0,1.8,81.3,0.2,0.1,FNDDS:2710353,FNDDS,World,0
"Candy, caramel",,384.0,3.1,82.4,5.7,0.0,FNDDS:2710354,FNDDS,World,0
"Candy, nougat with nuts",,444.0,8.38,72.6,13.3,3.6,FNDDS:2710355,FNDDS,World,0
"Peanuts, chocolate covered candy",,556.0,14.3,44.1,37.7,5.4,FNDDS:2710356,FNDDS,World,0
"Candy, peanut brittle",,486.0,7.57,71.2,19.0,2.5,FNDDS:2710357,FNDDS,World,0
"Candy, mint",,394.0,0.0,98.3,0.1,0.0,FNDDS:2710358,FNDDS,World,0
"Candy, gummy",,396.0,0.0,98.9,0.0,0.1,FNDDS:2710359,FNDDS,World,0
"Candy, hard",,394.0,0.0,98.0,0.2,0.0,FNDDS:2710360,FNDDS,World,0
"Candy, lollipop",,394.0,0.0,98.0,0.2,0.0,FNDDS:2710361,FNDDS,World,0
Cough drops,,394.0,0.0,98.3,0.1,0.0,FNDDS:2710362,FNDDS,World,0
"Candy, cotton",,401.0,0.0,99.6,0.32,0.0,FNDDS:2710363,FNDDS,World,0
"Candy, fruit flavored pieces",,400.0,0.1,94.4,2.28,0.0,FNDDS:2710364,FNDDS,World,0
"Chocolate candy, candy shell",,492.0,4.33,71.2,21.1,2.8,FNDDS:2710365,FNDDS,World,0
"Chocolate candy, candy shell with nuts",,506.0,11.0,60.2,25.4,3.4,FNDDS:2710366,FNDDS,World,0
"Candy, fruit snacks",,371.0,0.1,85.8,3.0,0.0,FNDDS:2710367,FNDDS,World,0
"Candy, fruit leather",,371.0,0.1,85.8,3.0,0.0,FNDDS:2710368,FNDDS,World,0
"Candy, taffy",,390.0,0.2,87.9,4.12,0.0,FNDDS:2710369,FNDDS,World,0
"Candy, non chocolate, sugar free",,394.0,0.0,98.6,0.0,0.0,FNDDS:2710370,FNDDS,World,0
Chewing gum,,360.0,0.0,96.7,0.3,2.4,FNDDS:2710371,FNDDS,World,0
"Chewing gum, sugar free",,268.0,0.0,94.8,0.4,2.4,FNDDS:2710372,FNDDS,World,0
"Coffee, NS as to type",,1.0,0.12,0.0,0.02,0.0,FNDDS:2710373,FNDDS,World,0
"Coffee, NS as to brewed or instant",,1.0,0.12,0.0,0.02,0.0,FNDDS:2710374,FNDDS,World,0
"Coffee, brewed",,1.0,0.12,0.0,0.02,0.0,FNDDS:2710375,FNDDS,World,0
"Coffee, brewed, blend of regular and decaffeinated",,0.0,0.11,0.0,0.01,0.0,FNDDS:2710376,FNDDS,World,0
"Coffee, Turkish",,27.0,0.11,6.47,0.04,0.0,FNDDS:2710377,FNDDS,World,0
"Coffee, espresso",,9.0,0.12,1.67,0.18,0.0,FNDDS:2710378,FNDDS,World,0
"Coffee, espresso, decaffeinated",,9.0,0.1,1.69,0.18,0.0,FNDDS:2710379,FNDDS,World,0
"Coffee, brewed, flavored",,1.0,0.12,0.0,0.02,0.0,FNDDS:2710380,FNDDS,World,0
"Coffee, Cuban",,34.0,0.11,7.84,0.19,0.0,FNDDS:2710381,FNDDS,World,0
"Coffee, macchiato",,23.0,1.18,2.71,0.83,0.0,FNDDS:2710382,FNDDS,World,0
"Coffee, macchiato, sweetened",,40.0,1.13,6.89,0.8,0.0,FNDDS:2710383,FNDDS,World,0
"Coffee, cafe con leche",,40.0,1.67,5.63,1.13,0.0,FNDDS:2710384,FNDDS,World,0
"Coffee, cafe con leche, decaffeinated",,40.0,1.69,5.7,1.15,0.0,FNDDS:2710385,FNDDS,World,0
"Coffee, Latte",,43.0,2.81,4.35,1.61,0.0,FNDDS:2710386,FNDDS,World,0
"Coffee, Latte, nonfat",,30.0,2.87,4.37,0.1,0.0,FNDDS:2710387,FNDDS,World,0
"Coffee, Latte, with non-dairy milk",,28.0,0.97,2.81,1.36,0.1,FNDDS:2710388,FNDDS,World,0
"Coffee, Latte, flavored",,55.0,2.72,7.49,1.57,0.0,FNDDS:2710389,FNDDS,World,0
"Coffee, Latte, nonfat, flavored",,42.0,2.78,7.51,0.1,0.0,FNDDS:2710390,FNDDS,World,0
"Coffee, Latte, with non-dairy milk, flavored",,40.0,0.94,5.99,1.33,0.1,FNDDS:2710391,FNDDS,World,0
"Coffee, Latte, decaffeinated",,43.0,2.82,4.37,1.62,0.0,FNDDS:2710392,FNDDS,World,0
"Coffee, Latte, decaffeinated, nonfat",,30.0,2.88,4.39,0.1,0.0,FNDDS:2710393,FNDDS,World,0
"Coffee, Latte, decaffeinated, with non-dairy milk",,28.0,0.97,2.82,1.37,0.1,FNDDS:2710394,FNDDS,World,0
"Coffee, Latte, decaffeinated, flavored",,55.0,2.73,7.53,1.57,0.0,FNDDS:2710395,FNDDS,World,0
"Coffee, Latte, decaffeinated, nonfat, flavored",,42.0,2.79,7.54,0.1,0.0,FNDDS:2710396,FNDDS,World,0
"Coffee, Latte, decaffeinated, with non-dairy milk, flavored",,40.0,0.94,6.01,1.33,0.1,FNDDS:2710397,FNDDS,World,0
Frozen coffee drink,,68.0,1.56,13.4,0.93,0.0,FNDDS:2710398,FNDDS,World,0
"Frozen coffee drink, nonfat",,61.0,1.59,13.4,0.1,0.0,FNDDS:2710399,FNDDS,World,0
"Frozen coffee drink, with non-dairy milk",,60.0,0.54,12.5,0.8,0.0,FNDDS:2710400,FNDDS,World,0
"Frozen coffee drink, with whipped cream",,83.0,1.58,12.9,2.77,0.0,FNDDS:2710401,FNDDS,World,0
"Frozen coffee drink, nonfat, with whipped cream",,76.0,1.61,12.9,1.98,0.0,FNDDS:2710402,FNDDS,World,0
"Frozen coffee drink, with non-dairy milk and whipped cream",,75.0,0.62,12.1,2.64,0.0,FNDDS:2710403,FNDDS,World,0
"Frozen coffee drink, decaffeinated",,68.0,1.56,13.5,0.94,0.0,FNDDS:2710404,FNDDS,World,0
"Frozen coffee drink, decaffeinated, nonfat",,61.0,1.59,13.5,0.1,0.0,FNDDS:2710405,FNDDS,World,0
"Frozen coffee drink, decaffeinated, with non-dairy milk",,70.0,1.58,13.6,1.0,0.0,FNDDS:2710406,FNDDS,World,0
"Frozen coffee drink, decaffeinated, with whipped cream",,83.0,1.58,13.0,2.78,0.0,FNDDS:2710407,FNDDS,World,0
"Frozen coffee drink, decaffeinated, nonfat, with whipped cream",,76.0,1.62,13.0,1.99,0.0,FNDDS:2710408,FNDDS,World,0
"Frozen coffee drink, decaffeinated, with non-dairy milk and whipped cream",,80.0,1.26,12.9,2.59,0.1,FNDDS:2710409,FNDDS,World,0
"Coffee, Cafe Mocha",,64.0,2.56,10.2,1.47,0.0,FNDDS:2710410,FNDDS,World,0
"Coffee, Cafe Mocha, nonfat",,52.0,2.6,10.2,0.09,0.0,FNDDS:2710411,FNDDS,World,0
"Coffee, Cafe Mocha, with non-dairy milk",,50.0,0.88,8.76,1.24,0.1,FNDDS:2710412,FNDDS,World,0
"Coffee, Cafe Mocha, decaffeinated",,64.0,2.56,10.2,1.47,0.0,FNDDS:2710413,FNDDS,World,0
"Coffee, Cafe Mocha, decaffeinated, nonfat",,52.0,2.61,10.2,0.09,0.0,FNDDS:2710414,FNDDS,World,0
"Coffee, Cafe Mocha, decaffeinated, with non-dairy milk",,50.0,0.88,8.8,1.24,0.1,FNDDS:2710415,FNDDS,World,0
Frozen mocha coffee drink,,66.0,1.51,13.1,0.88,0.0,FNDDS:2710416,FNDDS,World,0
"Frozen mocha coffee drink, nonfat",,59.0,1.54,13.1,0.08,0.0,FNDDS:2710417,FNDDS,World,0
"Frozen mocha coffee drink, with non-dairy milk",,58.0,0.52,12.2,0.75,0.0,FNDDS:2710418,FNDDS,World,0
"Frozen mocha coffee drink, with whipped cream",,81.0,1.54,12.6,2.67,0.0,FNDDS:2710419,FNDDS,World,0
"Frozen mocha coffee drink, nonfat, with whipped cream",,74.0,1.56,12.6,1.91,0.0,FNDDS:2710420,FNDDS,World,0
"Frozen mocha coffee drink, with non-dairy milk and whipped cream",,73.0,0.6,11.8,2.54,0.0,FNDDS:2710421,FNDDS,World,0
"Frozen mocha coffee drink, decaffeinated",,67.0,1.51,13.1,0.89,0.0,FNDDS:2710422,FNDDS,World,0
"Frozen mocha coffee drink, decaffeinated, nonfat",,59.0,1.54,13.1,0.08,0.0,FNDDS:2710423,FNDDS,World,0
"Frozen mocha coffee drink, decaffeinated, with non-dairy milk",,58.0,0.52,12.3,0.76,0.0,FNDDS:2710424,FNDDS,World,0
"Frozen mocha coffee drink, decaffeinated, with whipped cream",,81.0,1.54,12.6,2.68,0.0,FNDDS:2710425,FNDDS,World,0
"Frozen mocha coffee drink, decaffeinated, nonfat, with whipped cream",,74.0,1.57,12.6,1.91,0.0,FNDDS:2710426,FNDDS,World,0
"Frozen mocha coffee drink, decaffeinated, with non-dairy milk and whipped cream",,73.0,0.6,11.8,2.56,0.0,FNDDS:2710427,FNDDS,World,0
"Iced Coffee, brewed",,1.0,0.09,0.0,0.02,0.0,FNDDS:2710428,FNDDS,World,0
"Iced Coffee, brewed, decaffeinated",,0.0,0.08,0.0,0.0,0.0,FNDDS:2710429,FNDDS,World,0
"Iced Coffee, pre-lightened and pre-sweetened",,31.0,0.25,4.94,1.12,0.0,FNDDS:2710430,FNDDS,World,0
"Coffee, Iced Latte",,27.0,1.75,2.81,1.01,0.0,FNDDS:2710431,FNDDS,World,0
"Coffee, Iced Latte, nonfat",,19.0,1.78,2.82,0.07,0.0,FNDDS:2710432,FNDDS,World,0
"Coffee, Iced Latte, with non-dairy milk",,24.0,1.36,2.83,0.79,0.1,FNDDS:2710433,FNDDS,World,0
"Coffee, Iced Latte, flavored",,40.0,1.69,6.09,0.98,0.0,FNDDS:2710434,FNDDS,World,0
"Coffee, Iced Latte, nonfat, flavored",,32.0,1.72,6.1,0.08,0.0,FNDDS:2710435,FNDDS,World,0
"Coffee, Iced Latte, with non-dairy milk, flavored",,31.0,0.59,5.16,0.84,0.0,FNDDS:2710436,FNDDS,World,0
"Coffee, Iced Latte, decaffeinated",,27.0,1.75,2.82,1.01,0.0,FNDDS:2710437,FNDDS,World,0
"Coffee, Iced Latte, decaffeinated, nonfat",,19.0,1.79,2.83,0.07,0.0,FNDDS:2710438,FNDDS,World,0
"Coffee, Iced Latte, decaffeinated, with non-dairy milk",,18.0,0.61,1.86,0.86,0.1,FNDDS:2710439,FNDDS,World,0
"Coffee, Iced Latte, decaffeinated, flavored",,40.0,1.69,6.12,0.99,0.0,FNDDS:2710440,FNDDS,World,0
"Coffee, Iced Latte, decaffeinated, nonfat, flavored",,32.0,1.73,6.13,0.08,0.0,FNDDS:2710441,FNDDS,World,0
"Coffee, Iced Latte, decaffeinated, with non-dairy milk, flavored",,31.0,0.59,5.18,0.84,0.1,FNDDS:2710442,FNDDS,World,0
"Coffee, Iced Cafe Mocha",,50.0,1.58,8.95,0.91,0.0,FNDDS:2710443,FNDDS,World,0
"Coffee, Iced Cafe Mocha, nonfat",,43.0,1.61,8.96,0.07,0.0,FNDDS:2710444,FNDDS,World,0
"Coffee, Iced Cafe Mocha, with non-dairy milk",,42.0,0.55,8.07,0.78,0.0,FNDDS:2710445,FNDDS,World,0
"Coffee, Iced Cafe Mocha, decaffeinated",,51.0,1.59,8.99,0.92,0.0,FNDDS:2710446,FNDDS,World,0
"Coffee, Iced Cafe Mocha, decaffeinated, nonfat",,43.0,1.62,9.0,0.06,0.0,FNDDS:2710447,FNDDS,World,0
"Coffee, Iced Cafe Mocha, decaffeinated, with non-dairy milk",,42.0,0.55,8.1,0.78,0.0,FNDDS:2710448,FNDDS,World,0
"Coffee, instant, reconstituted",,3.0,0.1,0.63,0.0,0.0,FNDDS:2710449,FNDDS,World,0
"Coffee, instant, 50% less caffeine, reconstituted",,3.0,0.12,0.61,0.0,0.0,FNDDS:2710450,FNDDS,World,0
"Coffee, NS as to brewed or instant, decaffeinated",,0.0,0.1,0.0,0.0,0.0,FNDDS:2710451,FNDDS,World,0
"Coffee, brewed, decaffeinated",,0.0,0.1,0.0,0.0,0.0,FNDDS:2710452,FNDDS,World,0
"Coffee, instant, decaffeinated, reconstituted",,3.0,0.1,0.64,0.0,0.0,FNDDS:2710453,FNDDS,World,0
"Coffee, instant, pre-lightened and pre-sweetened with sugar, reconstituted",,27.0,0.15,5.11,0.7,0.0,FNDDS:2710454,FNDDS,World,0
"Coffee, instant, decaffeinated, pre-lightened and pre-sweetened with sugar, reconsitituted",,27.0,0.14,5.11,0.69,0.0,FNDDS:2710455,FNDDS,World,0
"Coffee, instant, pre-sweetened with sugar, reconstituted",,16.0,0.1,3.96,0.02,0.0,FNDDS:2710456,FNDDS,World,0
"Coffee, mocha, instant, pre-lightened and pre-sweetened with low calorie sweetener, reconstituted",,15.0,0.32,2.46,0.43,0.2,FNDDS:2710457,FNDDS,World,0
"Coffee, instant, pre-lightened and pre-sweetened with low calorie sweetener, reconstituted",,16.0,0.15,2.37,0.7,0.0,FNDDS:2710458,FNDDS,World,0
"Coffee, instant, decaffeinated, pre-lightened and pre-sweetened with low calorie sweetener, reconstituted",,16.0,0.15,2.38,0.7,0.0,FNDDS:2710459,FNDDS,World,0
"Coffee, pre-lightened and pre-sweetened with sugar",,27.0,0.15,5.11,0.7,0.0,FNDDS:2710460,FNDDS,World,0
"Coffee, decaffeinated, pre-lightened and pre-sweetened with sugar",,27.0,0.14,5.11,0.69,0.0,FNDDS:2710461,FNDDS,World,0
"Coffee, pre-lightened and pre-sweetened with low calorie sweetener",,16.0,0.15,2.37,0.7,0.0,FNDDS:2710462,FNDDS,World,0
"Coffee, decaffeinated, pre-lightened and pre-sweetened with low calorie sweetener",,16.0,0.15,2.38,0.7,0.0,FNDDS:2710463,FNDDS,World,0
"Coffee, pre-lightened",,14.0,0.15,1.88,0.71,0.0,FNDDS:2710464,FNDDS,World,0
"Coffee, decaffeinated, pre-lightened",,14.0,0.15,1.89,0.71,0.0,FNDDS:2710465,FNDDS,World,0
"Coffee, pre-sweetened with sugar",,16.0,0.1,3.96,0.02,0.0,FNDDS:2710466,FNDDS,World,0
"Coffee, decaffeinated, pre-sweetened with sugar",,16.0,0.09,3.97,0.01,0.0,FNDDS:2710467,FNDDS,World,0
"Coffee, pre-sweetened with low calorie sweetener",,5.0,0.1,1.13,0.0,0.0,FNDDS:2710468,FNDDS,World,0
"Coffee, decaffeinated, pre-sweetened with low calorie sweetener",,5.0,0.1,1.14,0.0,0.0,FNDDS:2710469,FNDDS,World,0
"Coffee and chicory, brewed",,1.0,0.12,0.0,0.02,0.0,FNDDS:2710470,FNDDS,World,0
"Coffee and chicory, brewed, decaffeinated",,0.0,0.1,0.0,0.0,0.0,FNDDS:2710471,FNDDS,World,0
"Coffee, Cappuccino",,27.0,1.71,2.75,0.99,0.0,FNDDS:2710472,FNDDS,World,0
"Coffee, Cappuccino, nonfat",,19.0,1.75,2.76,0.07,0.0,FNDDS:2710473,FNDDS,World,0
"Coffee, Cappuccino, with non-dairy milk",,17.0,0.6,1.82,0.84,0.1,FNDDS:2710474,FNDDS,World,0
"Coffee, Cappuccino, decaffeinated",,27.0,1.72,2.76,0.99,0.0,FNDDS:2710475,FNDDS,World,0
"Coffee, Cappuccino, decaffeinated, nonfat",,19.0,1.75,2.77,0.07,0.0,FNDDS:2710476,FNDDS,World,0
"Coffee, Cappuccino, decaffeinated, with non-dairy milk",,17.0,0.6,1.83,0.85,0.1,FNDDS:2710477,FNDDS,World,0
"Coffee, bottled/canned",,71.0,1.98,12.6,1.38,0.0,FNDDS:2710478,FNDDS,World,0
"Coffee, bottled/canned, light",,35.0,1.27,5.91,0.7,0.0,FNDDS:2710479,FNDDS,World,0
"Coffee, instant, not reconstituted",,353.0,12.2,75.4,0.5,0.0,FNDDS:2710480,FNDDS,World,0
"Coffee, instant, decaffeinated, not reconstituted",,351.0,11.6,76.0,0.2,0.0,FNDDS:2710481,FNDDS,World,0
"Coffee, instant, pre-sweetened with sugar, not reconstituted",,392.0,2.36,94.9,0.36,0.0,FNDDS:2710482,FNDDS,World,0
"Coffee, instant, pre-lightened and pre-sweetened with sugar, not reconstituted",,438.0,2.4,83.0,11.3,0.0,FNDDS:2710483,FNDDS,World,0
"Coffee, instant, decaffeinated, pre-lightened and pre-sweetened with sugar, not reconstituted",,465.0,0.0,86.3,13.3,0.0,FNDDS:2710484,FNDDS,World,0
"Coffee, instant, decaffeinated, pre-lightened and pre-sweetened with low calorie sweetener, not reconstituted",,457.0,4.22,68.2,20.1,0.0,FNDDS:2710485,FNDDS,World,0
Coffee substitute,,6.0,0.1,1.3,0.04,0.4,FNDDS:2710486,FNDDS,World,0
Chicory beverage,,7.0,0.22,1.42,0.0,0.0,FNDDS:2710487,FNDDS,World,0
"Tea, hot, leaf, black",,1.0,0.0,0.3,0.0,0.0,FNDDS:2710488,FNDDS,World,0
"Tea, hot, leaf, black, decaffeinated",,1.0,0.0,0.3,0.0,0.0,FNDDS:2710489,FNDDS,World,0
"Tea, hot, leaf, green",,1.0,0.22,0.0,0.0,0.0,FNDDS:2710490,FNDDS,World,0
"Tea, hot, leaf, green, decaffeinated",,0.0,0.0,0.0,0.0,0.0,FNDDS:2710491,FNDDS,World,0
"Tea, hot, leaf, oolong",,1.0,0.0,0.15,0.0,0.0,FNDDS:2710492,FNDDS,World,0
"Tea, iced, instant, black, unsweetened",,1.0,0.02,0.23,0.0,0.0,FNDDS:2710493,FNDDS,World,0
"Tea, iced, instant, black, pre-sweetened with sugar",,30.0,0.01,7.31,0.05,0.1,FNDDS:2710494,FNDDS,World,0
"Tea, iced, instant, black, decaffeinated, pre-sweetened with sugar",,32.0,0.06,7.89,0.02,0.0,FNDDS:2710495,FNDDS,World,0
"Tea, iced, instant, black, pre-sweetened with low calorie sweetener",,2.0,0.02,0.44,0.0,0.0,FNDDS:2710496,FNDDS,World,0
"Tea, iced, instant, black, decaffeinated, pre-sweetened with low calorie sweetener",,3.0,0.03,0.72,0.0,0.0,FNDDS:2710497,FNDDS,World,0
"Tea, iced, instant, black, decaffeinated, unsweetened",,1.0,0.06,0.17,0.0,0.0,FNDDS:2710498,FNDDS,World,0
"Tea, iced, instant, green, unsweetened",,0.0,0.0,0.0,0.0,0.0,FNDDS:2710499,FNDDS,World,0
"Tea, iced, instant, green, pre-sweetened with sugar",,27.0,0.0,6.2,0.22,0.0,FNDDS:2710500,FNDDS,World,0
"Tea, iced, instant, green, pre-sweetened with low calorie sweetener",,4.0,0.0,0.93,0.0,0.0,FNDDS:2710501,FNDDS,World,0
"Tea, hot, herbal",,1.0,0.0,0.2,0.0,0.0,FNDDS:2710502,FNDDS,World,0
"Tea, hot, hibiscus",,0.0,0.0,0.0,0.0,0.0,FNDDS:2710503,FNDDS,World,0
Corn beverage,,44.0,0.84,9.4,0.21,0.5,FNDDS:2710504,FNDDS,World,0
"Tea, hot, chamomile",,1.0,0.0,0.2,0.0,0.0,FNDDS:2710505,FNDDS,World,0
"Tea, hot, with milk",,51.0,1.58,8.95,1.05,0.1,FNDDS:2710506,FNDDS,World,0
"Tea, ginger",,1.0,0.02,0.18,0.01,0.0,FNDDS:2710507,FNDDS,World,0
"Tea, bubble",,55.0,0.39,10.4,1.39,0.1,FNDDS:2710508,FNDDS,World,0
"Tea, kombucha",,16.0,0.1,3.98,0.01,0.0,FNDDS:2710509,FNDDS,World,0
"Tea, iced, instant, black, unsweetened, dry",,315.0,20.2,58.7,0.0,8.5,FNDDS:2710510,FNDDS,World,0
"Tea, iced, instant, black, pre-sweetened, dry",,401.0,0.12,98.6,0.73,0.7,FNDDS:2710511,FNDDS,World,0
Iced Tea / Lemonade juice drink,,34.0,0.2,9.15,0.05,0.3,FNDDS:2710512,FNDDS,World,0
"Iced Tea / Lemonade juice drink, light",,21.0,0.22,6.12,0.04,0.3,FNDDS:2710513,FNDDS,World,0
"Iced Tea / Lemonade juice drink, diet",,2.0,0.0,0.57,0.0,0.0,FNDDS:2710514,FNDDS,World,0
"Tea, iced, brewed, black, pre-sweetened with sugar",,32.0,0.0,7.94,0.02,0.0,FNDDS:2710515,FNDDS,World,0
"Tea, iced, brewed, black, pre-sweetened with low calorie sweetener",,2.0,0.0,0.68,0.0,0.0,FNDDS:2710516,FNDDS,World,0
"Tea, iced, brewed, black, unsweetened",,1.0,0.0,0.3,0.0,0.0,FNDDS:2710517,FNDDS,World,0
"Tea, iced, brewed, black, decaffeinated, pre-sweetened with sugar",,32.0,0.0,7.94,0.02,0.0,FNDDS:2710518,FNDDS,World,0
"Tea, iced, brewed, black, decaffeinated, pre-sweetened with low calorie sweetener",,2.0,0.0,0.68,0.0,0.0,FNDDS:2710519,FNDDS,World,0
"Tea, iced, brewed, black, decaffeinated, unsweetened",,1.0,0.0,0.3,0.0,0.0,FNDDS:2710520,FNDDS,World,0
"Tea, iced, brewed, green, pre-sweetened with sugar",,32.0,0.2,7.66,0.02,0.0,FNDDS:2710521,FNDDS,World,0
"Tea, iced, brewed, green, pre-sweetened with low calorie sweetener",,2.0,0.22,0.38,0.0,0.0,FNDDS:2710522,FNDDS,World,0
"Tea, iced, brewed, green, unsweetened",,1.0,0.22,0.0,0.0,0.0,FNDDS:2710523,FNDDS,World,0
"Tea, iced, brewed, green, decaffeinated, pre-sweetened with sugar",,31.0,0.0,7.66,0.02,0.0,FNDDS:2710524,FNDDS,World,0
"Tea, iced, brewed, green, decaffeinated, pre-sweetened with low calorie sweetener",,1.0,0.0,0.38,0.0,0.0,FNDDS:2710525,FNDDS,World,0
"Tea, iced, brewed, green, decaffeinated, unsweetened",,0.0,0.0,0.0,0.0,0.0,FNDDS:2710526,FNDDS,World,0
"Tea, iced, bottled, black",,45.0,0.0,10.8,0.22,0.0,FNDDS:2710527,FNDDS,World,0
"Tea, iced, bottled, black, decaffeinated",,38.0,0.0,8.75,0.0,0.0,FNDDS:2710528,FNDDS,World,0
"Tea, iced, bottled, black, diet",,1.0,0.0,0.22,0.0,0.0,FNDDS:2710529,FNDDS,World,0
"Tea, iced, bottled, black, decaffeinated, diet",,0.0,0.0,0.83,0.0,0.0,FNDDS:2710530,FNDDS,World,0
"Tea, iced, bottled, black, unsweetened",,0.0,0.0,0.0,0.0,0.0,FNDDS:2710531,FNDDS,World,0
"Tea, iced, bottled, black, decaffeinated, unsweetened",,1.0,0.0,0.3,0.0,0.0,FNDDS:2710532,FNDDS,World,0
"Tea, iced, bottled, green",,27.0,0.0,6.2,0.22,0.0,FNDDS:2710533,FNDDS,World,0
"Tea, iced, bottled, green, diet",,4.0,0.0,0.93,0.0,0.0,FNDDS:2710534,FNDDS,World,0
"Tea, iced, bottled, green, unsweetened",,0.0,0.0,0.0,0.0,0.0,FNDDS:2710535,FNDDS,World,0
"Soft drink, NFS",,42.0,0.0,10.4,0.25,0.0,FNDDS:2710536,FNDDS,World,0
"Soft drink, NFS, diet",,2.0,0.11,0.29,0.03,0.0,FNDDS:2710537,FNDDS,World,0
"Water, tonic",,34.0,0.0,8.8,0.0,0.0,FNDDS:2710538,FNDDS,World,0
"Water, carbonated, plain",,0.0,0.0,0.0,0.0,0.0,FNDDS:2710539,FNDDS,World,0
"Water, carbonated, flavored",,0.0,0.1,0.0,0.0,0.0,FNDDS:2710540,FNDDS,World,0
"Soft drink, cola",,42.0,0.0,10.4,0.25,0.0,FNDDS:2710541,FNDDS,World,0
"Soft drink, cola, diet",,2.0,0.11,0.29,0.03,0.0,FNDDS:2710542,FNDDS,World,0
"Soft drink, cola, decaffeinated",,41.0,0.0,10.6,0.0,0.0,FNDDS:2710543,FNDDS,World,0
"Soft drink, cola, decaffeinated, diet",,1.0,0.12,0.12,0.0,0.0,FNDDS:2710544,FNDDS,World,0
"Soft drink, pepper type",,42.0,0.0,10.4,0.25,0.0,FNDDS:2710545,FNDDS,World,0
"Soft drink, pepper type, diet",,2.0,0.11,0.29,0.03,0.0,FNDDS:2710546,FNDDS,World,0
"Soft drink, pepper type, decaffeinated",,41.0,0.0,10.6,0.0,0.0,FNDDS:2710547,FNDDS,World,0
"Soft drink, pepper type, decaffeinated, diet",,1.0,0.12,0.12,0.0,0.0,FNDDS:2710548,FNDDS,World,0
"Soft drink, cream soda",,51.0,0.0,13.3,0.0,0.0,FNDDS:2710549,FNDDS,World,0
"Soft drink, cream soda, diet",,0.0,0.1,0.0,0.0,0.0,FNDDS:2710550,FNDDS,World,0
"Soft drink, fruit flavored, caffeine free",,40.0,0.05,10.1,0.02,0.0,FNDDS:2710551,FNDDS,World,0
"Soft drink, fruit flavored, diet, caffeine free",,0.0,0.1,0.0,0.0,0.0,FNDDS:2710552,FNDDS,World,0
"Soft drink, fruit flavored, caffeine containing",,49.0,0.0,12.8,0.0,0.0,FNDDS:2710553,FNDDS,World,0
"Soft drink, fruit flavored, caffeine containing, diet",,0.0,0.1,0.0,0.0,0.0,FNDDS:2710554,FNDDS,World,0
"Soft drink, ginger ale",,34.0,0.0,8.76,0.0,0.0,FNDDS:2710555,FNDDS,World,0
"Soft drink, ginger ale, diet",,0.0,0.1,0.0,0.0,0.0,FNDDS:2710556,FNDDS,World,0
"Soft drink, root beer",,41.0,0.0,10.6,0.0,0.0,FNDDS:2710557,FNDDS,World,0
"Soft drink, root beer, diet",,0.0,0.1,0.0,0.0,0.0,FNDDS:2710558,FNDDS,World,0
"Soft drink, chocolate flavored",,42.0,0.0,10.7,0.0,0.0,FNDDS:2710559,FNDDS,World,0
"Soft drink, chocolate flavored, diet",,2.0,0.11,0.29,0.03,0.0,FNDDS:2710560,FNDDS,World,0
"Soft drink, cola, fruit or vanilla flavored",,42.0,0.0,10.4,0.25,0.0,FNDDS:2710561,FNDDS,World,0
"Soft drink, cola, chocolate flavored",,42.0,0.0,10.4,0.25,0.0,FNDDS:2710562,FNDDS,World,0
"Soft drink, cola, fruit or vanilla flavored, diet",,2.0,0.11,0.29,0.03,0.0,FNDDS:2710563,FNDDS,World,0
"Soft drink, cola, chocolate flavored, diet",,2.0,0.11,0.29,0.03,0.0,FNDDS:2710564,FNDDS,World,0
"Fruit juice drink, citrus, carbonated",,32.0,0.46,7.16,0.24,0.2,FNDDS:2710565,FNDDS,World,0
"Fruit juice drink, noncitrus, carbonated",,33.0,0.07,7.74,0.18,0.1,FNDDS:2710566,FNDDS,World,0
Fruit juice drink,,10.0,0.0,2.5,0.0,0.0,FNDDS:2710567,FNDDS,World,0
Tamarind drink,,109.0,0.64,27.7,0.18,1.2,FNDDS:2710568,FNDDS,World,0
"Fruit punch, made with fruit juice and soda",,44.0,0.18,10.8,0.06,0.1,FNDDS:2710569,FNDDS,World,0
"Lemonade, fruit juice drink",,46.0,0.0,12.1,0.0,0.0,FNDDS:2710570,FNDDS,World,0
"Lemonade, fruit flavored drink",,25.0,0.0,6.55,0.07,0.0,FNDDS:2710571,FNDDS,World,0
"Lemonade, frozen concentrate, not reconstituted",,196.0,0.22,49.9,0.7,0.3,FNDDS:2710572,FNDDS,World,0
Fruit flavored drink,,64.0,0.0,16.0,0.0,0.0,FNDDS:2710573,FNDDS,World,0
"Pina Colada, nonalcoholic",,128.0,0.47,25.6,2.79,0.2,FNDDS:2710574,FNDDS,World,0
"Margarita mix, nonalcoholic",,87.0,0.1,21.4,0.1,0.0,FNDDS:2710575,FNDDS,World,0
Slush frozen drink,,28.0,0.0,7.68,0.02,0.0,FNDDS:2710576,FNDDS,World,0
"Slush frozen drink, no sugar added",,11.0,0.0,3.11,0.01,0.0,FNDDS:2710577,FNDDS,World,0
"Fruit flavored drink, with high vitamin C",,27.0,0.0,6.67,0.0,0.0,FNDDS:2710578,FNDDS,World,0
"Cranberry juice drink, with high vitamin C",,54.0,0.0,13.5,0.1,0.0,FNDDS:2710579,FNDDS,World,0
"Fruit juice drink, with high vitamin C",,46.0,0.13,11.4,0.11,0.1,FNDDS:2710580,FNDDS,World,0
"Vegetable and fruit juice drink, with high vitamin C",,29.0,0.04,7.47,0.01,0.0,FNDDS:2710581,FNDDS,World,0
Fruit juice drink (Sunny D),,54.0,0.13,13.2,0.0,0.1,FNDDS:2710582,FNDDS,World,0
"Fruit flavored drink, powdered, reconstituted",,25.0,0.0,6.55,0.07,0.0,FNDDS:2710583,FNDDS,World,0
"Fruit flavored drink, with high vitamin C, powdered, reconstituted",,41.0,0.0,10.4,0.0,0.0,FNDDS:2710584,FNDDS,World,0
"Fruit juice drink, with high vitamin C, light",,19.0,0.1,4.7,0.0,0.1,FNDDS:2710585,FNDDS,World,0
"Fruit juice drink, light",,39.0,0.0,10.0,0.07,0.0,FNDDS:2710586,FNDDS,World,0
"Fruit juice drink, diet",,1.0,0.0,0.47,0.0,0.0,FNDDS:2710587,FNDDS,World,0
"Cranberry juice drink, with high vitamin C, light",,19.0,0.1,4.7,0.0,0.1,FNDDS:2710588,FNDDS,World,0
"Grape juice drink, light",,23.0,0.06,5.51,0.1,0.1,FNDDS:2710589,FNDDS,World,0
"Orange juice beverage, 40-50% juice, light",,21.0,0.21,5.42,0.0,0.0,FNDDS:2710590,FNDDS,World,0
"Apple juice beverage, 40-50% juice, light",,22.0,0.0,5.1,0.1,0.0,FNDDS:2710591,FNDDS,World,0
"Lemonade, fruit juice drink, light",,21.0,0.0,5.0,0.0,0.0,FNDDS:2710592,FNDDS,World,0
"Pomegranate juice beverage, 40-50% juice, light",,27.0,0.08,6.56,0.14,0.0,FNDDS:2710593,FNDDS,World,0
"Vegetable and fruit juice drink, with high vitamin C, diet",,4.0,0.0,1.1,0.0,0.0,FNDDS:2710594,FNDDS,World,0
"Vegetable and fruit juice drink, with high vitamin C, light",,4.0,0.0,1.1,0.0,0.0,FNDDS:2710595,FNDDS,World,0
"Fruit flavored drink, with high vitamin C, diet",,2.0,0.0,0.87,0.0,0.0,FNDDS:2710596,FNDDS,World,0
"Fruit flavored drink, diet",,4.0,0.01,1.45,0.0,0.0,FNDDS:2710597,FNDDS,World,0
"Fruit flavored drink, with high vitamin C, powdered, reconstituted, diet",,2.0,0.0,0.87,0.0,0.0,FNDDS:2710598,FNDDS,World,0
"Fruit flavored drink, powdered, reconstituted, diet",,2.0,0.0,0.73,0.0,0.0,FNDDS:2710599,FNDDS,World,0
Fruit juice drink (Capri Sun),,39.0,0.0,10.0,0.07,0.0,FNDDS:2710600,FNDDS,World,0
"Fruit juice drink, added calcium (Sunny D)",,53.0,0.0,13.2,0.0,0.1,FNDDS:2710601,FNDDS,World,0
"Horchata, made with water",,88.0,1.09,20.4,0.13,0.5,FNDDS:2710602,FNDDS,World,0
"Horchata, made with milk",,91.0,1.42,19.6,0.63,0.4,FNDDS:2710603,FNDDS,World,0
Frescavena,,45.0,0.25,10.6,0.15,0.2,FNDDS:2710604,FNDDS,World,0
Atole de avena,,83.0,1.74,15.5,1.58,0.2,FNDDS:2710605,FNDDS,World,0
Sugar cane beverage,,74.0,0.0,20.2,0.0,0.0,FNDDS:2710606,FNDDS,World,0
Atole,,86.0,1.69,16.3,1.54,0.2,FNDDS:2710607,FNDDS,World,0
Atole de chocolate,,103.0,1.8,20.3,1.78,0.6,FNDDS:2710608,FNDDS,World,0
"Wine, nonalcoholic",,6.0,0.5,1.1,0.0,0.0,FNDDS:2710609,FNDDS,World,0
"Beer, nonalcoholic",,37.0,0.21,8.05,0.12,0.0,FNDDS:2710610,FNDDS,World,0
Shirley Temple,,56.0,0.0,14.2,0.0,0.1,FNDDS:2710611,FNDDS,World,0
"Fruit flavored drink, with high vitamin C, powdered, not reconstituted",,386.0,0.0,98.9,0.0,0.4,FNDDS:2710612,FNDDS,World,0
"Fruit flavored drink, powdered, not reconstituted",,380.0,0.0,97.9,1.01,0.0,FNDDS:2710613,FNDDS,World,0
"Fruit flavored drink, powdered, not reconstituted, diet",,218.0,0.45,87.4,0.04,0.1,FNDDS:2710614,FNDDS,World,0
"Sports drink, dry concentrate, not reconstituted",,380.0,0.0,97.9,1.01,0.0,FNDDS:2710615,FNDDS,World,0
Beer,,43.0,0.46,3.55,0.0,0.0,FNDDS:2710616,FNDDS,World,0
"Beer, light",,29.0,0.24,1.64,0.0,0.0,FNDDS:2710617,FNDDS,World,0
"Beer, higher alcohol",,58.0,0.9,0.27,0.0,0.0,FNDDS:2710618,FNDDS,World,0
"Alcoholic malt beverage, sweetened",,68.0,0.0,10.1,0.0,0.0,FNDDS:2710619,FNDDS,World,0
Alcoholic malt beverage,,58.0,0.9,0.27,0.0,0.0,FNDDS:2710620,FNDDS,World,0
Hard cider,,56.0,0.0,5.92,0.0,0.0,FNDDS:2710621,FNDDS,World,0
Hard seltzer,,24.0,0.07,0.55,0.0,0.0,FNDDS:2710622,FNDDS,World,0
Liqueur,,279.0,0.0,33.2,0.11,0.0,FNDDS:2710623,FNDDS,World,0
"Liqueur, cream",,296.0,0.15,33.5,2.74,0.0,FNDDS:2710624,FNDDS,World,0
"Liqueur, coffee flavored",,336.0,0.1,46.8,0.3,0.0,FNDDS:2710625,FNDDS,World,0
"Cocktail, NFS",,89.0,0.0,7.8,0.19,0.0,FNDDS:2710626,FNDDS,World,0
Brandy Alexander,,238.0,1.05,18.9,3.83,0.0,FNDDS:2710627,FNDDS,World,0
Bloody Mary,,73.0,0.67,3.8,0.23,0.4,FNDDS:2710628,FNDDS,World,0
Cape Cod,,98.0,0.0,10.2,0.08,0.0,FNDDS:2710629,FNDDS,World,0
Daiquiri,,119.0,0.09,15.6,0.1,0.1,FNDDS:2710630,FNDDS,World,0
"Gelatin shot, alcoholic",,102.0,0.24,2.8,0.0,0.0,FNDDS:2710631,FNDDS,World,0
Gimlet,,188.0,0.1,5.08,0.03,0.1,FNDDS:2710632,FNDDS,World,0
Gin and tonic,,84.0,0.0,6.57,0.0,0.0,FNDDS:2710633,FNDDS,World,0
Greyhound,,87.0,0.42,6.28,0.36,0.2,FNDDS:2710634,FNDDS,World,0
Jagerbomb,,102.0,0.34,16.0,0.03,0.0,FNDDS:2710635,FNDDS,World,0
Kamikaze,,187.0,0.06,6.93,0.07,0.1,FNDDS:2710636,FNDDS,World,0
Manhattan,,222.0,0.03,1.82,0.0,0.0,FNDDS:2710637,FNDDS,World,0
Margarita,,122.0,0.08,16.1,0.08,0.0,FNDDS:2710638,FNDDS,World,0
Martini,,201.0,0.07,0.15,0.0,0.0,FNDDS:2710639,FNDDS,World,0
"Martini, flavored",,187.0,0.09,6.36,0.03,0.1,FNDDS:2710640,FNDDS,World,0
Michelada,,33.0,0.66,4.05,0.15,0.2,FNDDS:2710641,FNDDS,World,0
Mimosa,,64.0,0.43,6.49,0.18,0.2,FNDDS:2710642,FNDDS,World,0
Mint julep,,187.0,0.0,5.75,0.01,0.0,FNDDS:2710643,FNDDS,World,0
Mojito,,61.0,0.09,2.45,0.03,0.2,FNDDS:2710644,FNDDS,World,0
Moscow mule,,91.0,0.0,8.6,0.01,0.0,FNDDS:2710645,FNDDS,World,0
Old fashioned,,164.0,0.16,6.11,0.04,0.5,FNDDS:2710646,FNDDS,World,0
Orange Blossom,,98.0,0.57,9.32,0.26,0.2,FNDDS:2710647,FNDDS,World,0
Rob Roy,,212.0,0.05,3.6,0.0,0.0,FNDDS:2710648,FNDDS,World,0
Rusty Nail,,244.0,0.0,8.74,0.03,0.0,FNDDS:2710649,FNDDS,World,0
Screwdriver,,92.0,0.58,7.66,0.26,0.2,FNDDS:2710650,FNDDS,World,0
Seabreeze,,92.0,0.21,8.23,0.22,0.1,FNDDS:2710651,FNDDS,World,0
Seven and Seven,,87.0,0.04,7.63,0.02,0.0,FNDDS:2710652,FNDDS,World,0
Tom Collins,,123.0,0.08,16.1,0.08,0.0,FNDDS:2710653,FNDDS,World,0
Whiskey sour,,123.0,0.08,16.1,0.08,0.0,FNDDS:2710654,FNDDS,World,0
Whiskey and soda,,59.0,0.0,0.0,0.0,0.0,FNDDS:2710655,FNDDS,World,0
Whiskey and water,,59.0,0.0,0.0,0.0,0.0,FNDDS:2710656,FNDDS,World,0
Whiskey and cola,,89.0,0.0,7.8,0.19,0.0,FNDDS:2710657,FNDDS,World,0
Whiskey and diet cola,,60.0,0.08,0.22,0.02,0.0,FNDDS:2710658,FNDDS,World,0
Whiskey and ginger ale,,83.0,0.0,6.59,0.0,0.0,FNDDS:2710659,FNDDS,World,0
Rum and cola,,89.0,0.0,7.8,0.19,0.0,FNDDS:2710660,FNDDS,World,0
Rum and diet cola,,60.0,0.08,0.22,0.02,0.0,FNDDS:2710661,FNDDS,World,0
Pina Colada,,151.0,0.36,19.5,2.14,0.1,FNDDS:2710662,FNDDS,World,0
Brandy and cola,,89.0,0.0,7.8,0.19,0.0,FNDDS:2710663,FNDDS,World,0
Vodka and soda,,59.0,0.0,0.0,0.0,0.0,FNDDS:2710664,FNDDS,World,0
Vodka and lemonade,,93.0,0.0,9.02,0.0,0.0,FNDDS:2710665,FNDDS,World,0
Vodka and cola,,89.0,0.0,7.8,0.19,0.0,FNDDS:2710666,FNDDS,World,0
Vodka and diet cola,,60.0,0.08,0.22,0.02,0.0,FNDDS:2710667,FNDDS,World,0
Vodka and energy drink,,90.0,0.35,7.7,0.0,0.0,FNDDS:2710668,FNDDS,World,0
Vodka and water,,59.0,0.0,0.0,0.0,0.0,FNDDS:2710669,FNDDS,World,0
Vodka and tonic,,84.0,0.0,6.57,0.0,0.0,FNDDS:2710670,FNDDS,World,0
Sloe gin fizz,,66.0,0.03,2.22,0.01,0.0,FNDDS:2710671,FNDDS,World,0
Black Russian,,279.0,0.04,21.2,0.14,0.0,FNDDS:2710672,FNDDS,World,0
White Russian,,181.0,2.15,11.2,7.9,0.0,FNDDS:2710673,FNDDS,World,0
"Fruit punch, alcoholic",,90.0,0.14,8.14,0.04,0.1,FNDDS:2710674,FNDDS,World,0
Champagne punch,,120.0,0.16,11.5,0.06,0.1,FNDDS:2710675,FNDDS,World,0
Singapore Sling,,93.0,0.12,7.25,0.04,0.2,FNDDS:2710676,FNDDS,World,0
Mai Tai,,149.0,0.18,16.5,0.07,0.1,FNDDS:2710677,FNDDS,World,0
Tequila Sunrise,,111.0,0.52,12.6,0.23,0.2,FNDDS:2710678,FNDDS,World,0
Long Island iced tea,,107.0,0.01,8.66,0.15,0.0,FNDDS:2710679,FNDDS,World,0
Fuzzy Navel,,107.0,0.57,16.2,0.28,0.2,FNDDS:2710680,FNDDS,World,0
Alcoholic coffee drink,,88.0,0.21,2.1,2.38,0.0,FNDDS:2710681,FNDDS,World,0
Frozen daiquiri,,127.0,0.07,17.6,0.08,0.0,FNDDS:2710682,FNDDS,World,0
Frozen margarita,,122.0,0.08,16.1,0.08,0.0,FNDDS:2710683,FNDDS,World,0
"Eggnog, alcoholic",,113.0,3.74,6.62,3.45,0.0,FNDDS:2710684,FNDDS,World,0
Gin fizz,,66.0,0.03,2.22,0.01,0.0,FNDDS:2710685,FNDDS,World,0
"Rum, hot buttered",,160.0,0.08,4.95,4.47,0.1,FNDDS:2710686,FNDDS,World,0
"Wine, sparkling",,75.0,0.07,2.31,0.0,0.0,FNDDS:2710687,FNDDS,World,0
"Wine, red",,85.0,0.07,2.61,0.0,0.0,FNDDS:2710688,FNDDS,World,0
"Wine, white",,82.0,0.07,2.6,0.0,0.0,FNDDS:2710689,FNDDS,World,0
"Wine, rose",,83.0,0.36,3.8,0.0,0.0,FNDDS:2710690,FNDDS,World,0
"Wine, rice",,134.0,0.5,5.0,0.0,0.0,FNDDS:2710691,FNDDS,World,0
"Wine, dessert, sweet",,160.0,0.2,13.7,0.0,0.0,FNDDS:2710692,FNDDS,World,0
"Wine, light",,49.0,0.07,1.17,0.0,0.0,FNDDS:2710693,FNDDS,World,0
Wine cooler,,68.0,0.0,10.1,0.0,0.0,FNDDS:2710694,FNDDS,World,0
"Sangria, red",,85.0,0.04,7.23,0.02,0.0,FNDDS:2710695,FNDDS,World,0
"Sangria, white",,83.0,0.04,7.22,0.02,0.0,FNDDS:2710696,FNDDS,World,0
Wine spritzer,,49.0,0.04,1.62,0.0,0.0,FNDDS:2710697,FNDDS,World,0
Glug,,96.0,0.1,6.24,0.14,0.1,FNDDS:2710698,FNDDS,World,0
Brandy,,231.0,0.0,0.0,0.0,0.0,FNDDS:2710699,FNDDS,World,0
Whiskey,,231.0,0.0,0.0,0.0,0.0,FNDDS:2710700,FNDDS,World,0
Scotch,,231.0,0.0,0.0,0.0,0.0,FNDDS:2710701,FNDDS,World,0
Gin,,231.0,0.0,0.0,0.0,0.0,FNDDS:2710702,FNDDS,World,0
Rum,,231.0,0.0,0.0,0.0,0.0,FNDDS:2710703,FNDDS,World,0
Vodka,,231.0,0.0,0.0,0.0,0.0,FNDDS:2710704,FNDDS,World,0
Tequila,,231.0,0.0,0.0,0.0,0.0,FNDDS:2710705,FNDDS,World,0
"Water, NFS",,0.0,0.0,0.0,0.0,0.0,FNDDS:2710706,FNDDS,World,0
"Water, tap",,0.0,0.0,0.0,0.0,0.0,FNDDS:2710707,FNDDS,World,0
"Water, bottled, plain",,0.0,0.0,0.0,0.0,0.0,FNDDS:2710708,FNDDS,World,0
"Water, non-carbonated, flavored",,1.0,0.0,0.13,0.0,0.0,FNDDS:2710709,FNDDS,World,0
"Water beverage, fruit flavored",,18.0,0.0,4.5,0.0,0.0,FNDDS:2710710,FNDDS,World,0
"Water, enhanced, regular",,22.0,0.0,5.49,0.0,0.0,FNDDS:2710711,FNDDS,World,0
"Water, enhanced, diet",,0.0,0.0,0.0,0.0,0.0,FNDDS:2710712,FNDDS,World,0
"Water, baby",,0.0,0.0,0.0,0.0,0.0,FNDDS:2710713,FNDDS,World,0
"Nutritional drink or shake, ready-to-drink (Boost)",,101.0,4.22,17.3,1.69,1.3,FNDDS:2710714,FNDDS,World,0
"Nutritional drink or shake, ready-to-drink (Boost Plus)",,138.0,5.38,17.3,5.38,1.2,FNDDS:2710715,FNDDS,World,0
"Nutritional drink or shake, ready-to-drink (Carnation Instant Breakfast)",,92.0,5.51,12.9,2.04,0.1,FNDDS:2710716,FNDDS,World,0
"Nutritional drink or shake, ready-to-drink (Ensure)",,105.0,3.8,16.9,2.53,0.0,FNDDS:2710717,FNDDS,World,0
"Nutritional drink or shake, ready-to-drink (Ensure Plus)",,141.0,5.16,19.9,4.52,0.0,FNDDS:2710718,FNDDS,World,0
"Nutritional drink or shake, ready-to-drink, sugar free (Glucerna)",,88.0,4.4,11.9,3.08,2.2,FNDDS:2710719,FNDDS,World,0
"Nutritional drink or shake, ready-to-drink (Muscle Milk)",,52.0,5.87,2.28,2.17,0.2,FNDDS:2710720,FNDDS,World,0
"Nutritional drink or shake, ready-to-drink, light (Muscle Milk)",,38.0,4.78,2.1,1.15,0.2,FNDDS:2710721,FNDDS,World,0
"Nutritional drink or shake, ready-to-drink (Slim Fast)",,57.0,3.32,7.74,1.93,1.6,FNDDS:2710722,FNDDS,World,0
"Nutritional drink or shake, ready-to-drink, sugar free (Slim Fast)",,57.0,3.32,7.74,1.93,1.6,FNDDS:2710723,FNDDS,World,0
"Nutritional drink or shake, high protein, ready-to-drink (Slim Fast)",,61.0,6.59,0.85,3.38,0.4,FNDDS:2710724,FNDDS,World,0
"Nutritional drink or shake, ready-to-drink, NFS",,105.0,3.8,16.9,2.53,0.0,FNDDS:2710725,FNDDS,World,0
"Nutritional drink or shake, high protein, ready-to-drink, NFS",,61.0,6.59,0.85,3.38,0.4,FNDDS:2710726,FNDDS,World,0
"Nutritional drink or shake, high protein, light, ready-to-drink, NFS",,138.0,5.38,17.3,5.38,1.2,FNDDS:2710727,FNDDS,World,0
"Nutritional drink or shake, liquid, soy-based",,138.0,5.38,17.3,5.38,1.2,FNDDS:2710728,FNDDS,World,0
Nutritional powder mix (Carnation Instant Breakfast),,353.0,19.9,66.2,1.4,0.4,FNDDS:2710729,FNDDS,World,0
"Nutritional powder mix, sugar free (Carnation Instant Breakfast)",,358.0,35.8,41.0,5.1,2.0,FNDDS:2710730,FNDDS,World,0
Nutritional powder mix (EAS Whey Protein Powder),,385.0,66.7,18.0,5.13,0.0,FNDDS:2710731,FNDDS,World,0
Nutritional powder mix (EAS Soy Protein Powder),,405.0,47.6,43.9,3.57,0.0,FNDDS:2710732,FNDDS,World,0
"Nutritional powder mix, high protein (Herbalife)",,392.0,53.6,20.4,10.7,0.0,FNDDS:2710733,FNDDS,World,0
Nutritional powder mix (Isopure),,359.0,58.1,29.1,1.16,0.0,FNDDS:2710734,FNDDS,World,0
Nutritional powder mix (Muscle Milk),,411.0,45.7,18.5,17.1,7.1,FNDDS:2710735,FNDDS,World,0
"Nutritional powder mix, light (Muscle Milk)",,396.0,50.0,22.0,12.0,2.0,FNDDS:2710736,FNDDS,World,0
Nutritional powder mix (Slim Fast),,448.0,8.13,73.9,13.3,18.1,FNDDS:2710737,FNDDS,World,0
"Nutritional powder mix, sugar free (Slim Fast)",,448.0,8.13,73.9,13.3,18.1,FNDDS:2710738,FNDDS,World,0
"Nutritional powder mix, high protein (Slim Fast)",,433.0,27.9,50.0,13.5,18.2,FNDDS:2710739,FNDDS,World,0
"Nutritional powder mix, NFS",,353.0,19.9,66.2,1.4,0.4,FNDDS:2710740,FNDDS,World,0
"Nutritional powder mix, high protein, NFS",,392.0,53.6,20.4,10.7,0.0,FNDDS:2710741,FNDDS,World,0
"Nutritional powder mix, whey based, NFS",,352.0,78.1,6.25,1.56,3.1,FNDDS:2710742,FNDDS,World,0
"Nutritional powder mix, protein, soy based, NFS",,388.0,55.6,28.9,5.56,6.7,FNDDS:2710743,FNDDS,World,0
"Nutritional powder mix, protein, light, NFS",,396.0,50.0,22.0,12.0,2.0,FNDDS:2710744,FNDDS,World,0
"Nutritional powder mix, protein, NFS",,352.0,78.1,6.25,1.56,3.1,FNDDS:2710745,FNDDS,World,0
Energy drink (Full Throttle),,46.0,0.25,12.1,0.08,0.0,FNDDS:2710746,FNDDS,World,0
Energy drink (Monster),,47.0,0.47,11.3,0.0,0.0,FNDDS:2710747,FNDDS,World,0
Energy drink (Mountain Dew AMP),,46.0,0.25,12.1,0.08,0.0,FNDDS:2710748,FNDDS,World,0
Energy drink (No Fear),,62.0,0.42,15.0,0.0,0.0,FNDDS:2710749,FNDDS,World,0
Energy drink (No Fear Motherload),,62.0,0.42,15.0,0.0,0.0,FNDDS:2710750,FNDDS,World,0
Energy drink (NOS),,44.0,0.0,11.2,0.0,0.0,FNDDS:2710751,FNDDS,World,0
Energy drink (Red Bull),,43.0,0.46,10.2,0.0,0.0,FNDDS:2710752,FNDDS,World,0
Energy drink (Rockstar),,58.0,0.34,12.7,0.22,0.0,FNDDS:2710753,FNDDS,World,0
Energy drink (SoBe Energize Energy Juice Drink),,45.0,0.0,11.3,0.0,0.0,FNDDS:2710754,FNDDS,World,0
Energy drink (Vault),,49.0,0.0,13.0,0.0,0.0,FNDDS:2710755,FNDDS,World,0
Energy Drink,,43.0,0.46,10.2,0.0,0.0,FNDDS:2710756,FNDDS,World,0
"Energy drink, low calorie (Monster)",,5.0,0.0,1.38,0.0,0.0,FNDDS:2710757,FNDDS,World,0
"Energy drink, sugar free (Monster)",,5.0,0.0,1.38,0.0,0.0,FNDDS:2710758,FNDDS,World,0
"Energy drink, sugar free (Mountain Dew AMP)",,2.0,0.0,1.03,0.0,0.0,FNDDS:2710759,FNDDS,World,0
"Energy drink, sugar free (No Fear)",,4.0,0.42,0.42,0.0,0.0,FNDDS:2710760,FNDDS,World,0
"Energy drink, sugar-free (NOS)",,4.0,0.0,1.03,0.0,0.0,FNDDS:2710761,FNDDS,World,0
Energy drink (Ocean Spray Cran-Energy Juice Drink),,15.0,0.0,3.75,0.0,0.0,FNDDS:2710762,FNDDS,World,0
"Energy drink, sugar-free (Red Bull)",,5.0,0.25,0.7,0.08,0.0,FNDDS:2710763,FNDDS,World,0
"Energy drink, sugar free (Rockstar)",,4.0,0.25,0.7,0.08,0.0,FNDDS:2710764,FNDDS,World,0
"Energy drink, sugar free (Vault)",,1.0,0.25,0.7,0.08,0.0,FNDDS:2710765,FNDDS,World,0
Energy drink (XS),,5.0,0.25,0.7,0.08,0.0,FNDDS:2710766,FNDDS,World,0
Energy drink (XS Gold Plus),,5.0,0.25,0.7,0.08,0.0,FNDDS:2710767,FNDDS,World,0
"Energy drink, sugar free",,4.0,0.25,0.7,0.08,0.0,FNDDS:2710768,FNDDS,World,0
Sports drink (Gatorade G),,26.0,0.0,6.43,0.0,0.0,FNDDS:2710769,FNDDS,World,0
Sports drink (Powerade),,32.0,0.0,7.84,0.05,0.0,FNDDS:2710770,FNDDS,World,0
"Sports drink, NFS",,26.0,0.0,6.43,0.0,0.0,FNDDS:2710771,FNDDS,World,0
"Sports drink, low calorie (Gatorade G2)",,8.0,0.05,1.94,0.01,0.0,FNDDS:2710772,FNDDS,World,0
"Sports drink, low calorie (Powerade Zero)",,0.0,0.0,0.14,0.0,0.0,FNDDS:2710773,FNDDS,World,0
"Sports drink, low calorie",,8.0,0.05,1.94,0.01,0.0,FNDDS:2710774,FNDDS,World,0
"Fluid replacement, electrolyte solution",,10.0,0.0,2.45,0.0,0.0,FNDDS:2710775,FNDDS,World,0
"Fluid replacement, 5% glucose in water",,0.0,0.0,0.12,0.0,0.0,FNDDS:2710776,FNDDS,World,0
"Fruit juice, acai blend",,62.0,0.83,12.8,0.83,1.2,FNDDS:2710777,FNDDS,World,0
Cheese as ingredient in sandwiches,,358.0,20.4,5.04,28.4,0.0,FNDDS:2710778,FNDDS,American,0
Cheese and Queso as ingredient,,362.0,21.9,2.4,29.3,0.0,FNDDS:2710779,FNDDS,World,0
Beef as ingredient in recipes,,261.0,26.4,0.0,16.5,0.0,FNDDS:2710780,FNDDS,World,0
Breakfast meat as ingredient in omelet,,252.0,20.8,1.61,17.9,0.0,FNDDS:2710781,FNDDS,World,0
Chicken as ingredient in recipes,,182.0,28.1,0.0,7.34,0.0,FNDDS:2710782,FNDDS,World,0
"Fish, cooked, as ingredient",,82.0,19.4,0.0,0.56,0.0,FNDDS:2710783,FNDDS,World,0
"Fish fillet, fried as ingredient in sandwiches",,195.0,18.2,8.27,10.1,0.3,FNDDS:2710784,FNDDS,American,0
Breading or batter as ingredient in food,,201.0,6.56,40.1,1.63,1.6,FNDDS:2710785,FNDDS,World,0
Wheat bread as ingredient in sandwiches,,264.0,11.4,45.4,3.98,5.4,FNDDS:2710786,FNDDS,American,0
Wheat bun as ingredient in sandwiches,,264.0,11.4,45.4,3.98,5.4,FNDDS:2710787,FNDDS,American,0
"Rice, white, cooked, as ingredient",,130.0,2.54,29.0,0.37,0.0,FNDDS:2710788,FNDDS,World,0
"Rice, brown, cooked, as ingredient",,124.0,2.45,25.9,1.12,1.0,FNDDS:2710789,FNDDS,World,0
"Potato, cooked, as ingredient",,81.0,2.13,17.4,0.3,2.2,FNDDS:2710790,FNDDS,World,0
"Spinach, cooked, as ingredient",,33.0,3.42,3.11,0.71,1.9,FNDDS:2710791,FNDDS,World,0
"Broccoli, cooked, as ingredient",,41.0,2.68,6.53,0.35,2.5,FNDDS:2710792,FNDDS,World,0
"Carrots, cooked, as ingredient",,50.0,0.98,10.7,0.36,3.2,FNDDS:2710793,FNDDS,World,0
"Sweet potato, cooked, as ingredient",,82.0,1.65,18.0,0.4,3.1,FNDDS:2710794,FNDDS,World,0
"Tomatoes, cooked, as ingredient",,22.0,1.1,4.86,0.25,1.5,FNDDS:2710795,FNDDS,World,0
"Onions, cooked, as ingredient",,47.0,1.29,11.0,0.12,2.0,FNDDS:2710796,FNDDS,World,0
"Mushrooms, cooked, as ingredient",,39.0,3.62,5.16,0.43,2.2,FNDDS:2710797,FNDDS,World,0
"Green pepper, cooked, as ingredient",,25.0,0.77,5.14,0.12,1.0,FNDDS:2710798,FNDDS,World,0
"Red pepper, cooked, as ingredient",,33.0,0.97,7.15,0.14,1.3,FNDDS:2710799,FNDDS,World,0
"Cabbage, cooked, as ingredient",,32.0,1.0,6.65,0.24,2.6,FNDDS:2710800,FNDDS,World,0
"Cauliflower, cooked, as ingredient",,26.0,2.0,5.18,0.29,2.1,FNDDS:2710801,FNDDS,World,0
"Eggplant, cooked, as ingredient",,27.0,1.05,6.32,0.19,3.2,FNDDS:2710802,FNDDS,World,0
"Green beans, cooked, as ingredient",,42.0,2.05,7.72,0.29,3.1,FNDDS:2710803,FNDDS,World,0
"Summer squash, cooked, as ingredient",,21.0,1.31,4.11,0.35,1.2,FNDDS:2710804,FNDDS,World,0
"Celery, cooked, as ingredient",,18.0,0.53,3.57,0.17,1.7,FNDDS:2710805,FNDDS,World,0
Dark green vegetables as ingredient in omelet,,35.0,2.97,4.51,0.56,1.9,FNDDS:2710806,FNDDS,World,0
Tomatoes as ingredient in omelet,,25.0,1.1,5.49,0.23,1.5,FNDDS:2710807,FNDDS,World,0
Other vegetables as ingredient in omelet,,39.0,3.24,5.74,0.39,2.1,FNDDS:2710808,FNDDS,World,0
"Mirepoix, cooked, as ingredient",,41.0,1.02,9.06,0.19,2.2,FNDDS:2710809,FNDDS,World,0
Vegetables as ingredient in curry,,53.0,1.81,11.7,0.2,2.2,FNDDS:2710810,FNDDS,Indian,0
Vegetables as ingredient in soups,,50.0,1.87,10.6,0.33,2.0,FNDDS:2710811,FNDDS,World,0
Vegetables as ingredient in stews,,59.0,1.77,12.7,0.3,2.6,FNDDS:2710812,FNDDS,World,0
Sauce as ingredient in hamburgers,,272.0,1.34,17.1,22.8,0.6,FNDDS:2710813,FNDDS,American,0
Industrial oil as ingredient in food,,892.0,0.0,0.0,100.0,0.0,FNDDS:2710814,FNDDS,World,0
