name,brand,kcal,protein,carbs,fat,fiber,sourceRef,source,cuisine,popularity
Colombia Classique Black,Amul,561.0,6.9,56.5,34.1,,off:8901262071352,OFF,Indian (packaged),1
Amul Taaza,Amul,58.2,3.0,4.8,3.0,0.0,off:8901262150064,OFF,Indian (packaged),4
amul butter,Amul,740.0,0.6,0.0,82.0,0.0,off:8901262010030,OFF,Indian (packaged),1
Protein Lassi - Mango flavour,Amul,60.0,6.0,12.6,0.32,,off:8901262152945,OFF,Indian (packaged),1
Amul Masti Dahi,Amul,61.5,4.0,4.4,3.1,,off:8901262201124,OFF,Indian (packaged),1
Tender Coconut,amul,237.0,3.88,25.7,13.3,,off:8901262300612,OFF,Indian (packaged),2
Twilight Tryst Single Origin Dark Chocolate,Amul,554.0,6.2,55.8,34.0,,off:8901262071703,OFF,Indian (packaged),0
Amul Moti,Amul,58.2,3.0,4.8,3.0,,off:8901262151269,OFF,Indian (packaged),0
Chocolate Crackle Ice cream,Amul,248.0,4.8,27.0,14.0,,off:8901262300117,OFF,Indian (packaged),0
Taaza,Amul,58.2,3.0,4.8,3.0,,off:8901262150217,OFF,Indian (packaged),0
Cheese block,Amul,321.4,21.43,0.0,25.0,0.0,off:8901262020084,OFF,Indian (packaged),0
Kool cafe,Amul,110.0,3.5,12.5,5.0,0.5,off:8901262151306,OFF,Indian (packaged),0
Amul kaju katri,Amul,491.0,12.0,58.0,23.0,,off:8901262220385,OFF,Indian (packaged),0
Amul yoghurt,Amul,174.0,3.0,25.0,6.9,,off:8901262173438,OFF,Indian (packaged),1
Two In One. Strawberry And Vanilla,Amul,216.0,3.7,20.9,13.0,,off:8901262172400,OFF,Indian (packaged),0
amul cow ghee,amul,897.0,0.0,0.0,99.7,,off:8901262030663,OFF,Indian (packaged),1
Amul pasteurised butter,Amul,724.0,1.0,0.0,80.0,,off:8901262010023,OFF,Indian (packaged),1
Amul,AMUL,724.0,1.0,0.0,80.0,0.0,off:8901262010320,OFF,Indian (packaged),5
Amul Malai Paneer,Amul,312.0,20.0,4.0,24.0,,off:8901262180146,OFF,Indian (packaged),0
Cheese slices,Amul,311.0,20.0,1.5,25.0,,off:8901262020015,OFF,Indian (packaged),2
Protein Lassi - Rose Flavour,Amul,53.5,7.5,6.0,0.85,,off:8901262153348,OFF,Indian (packaged),0
Amul Ice Cream,Amul,255.0,1.4,26.8,14.6,,off:8901262172363,OFF,Indian (packaged),0
Amul kool Cofe,Amul,200.0,6.0,23.8,9.0,,off:8901262151429,OFF,Indian (packaged),0
Water buffalo butter,Amul,20.0,0.0,0.0,2.2,0.0,off:8901262010429,OFF,Indian (packaged),0
Chocolate family pack,Amul,222.0,4.4,24.4,12.2,,off:8901262171557,OFF,Indian (packaged),0
Tanzania chocolat noir,Amul,553.0,7.5,57.0,32.8,,off:8901262071161,OFF,Indian (packaged),0
Rasgulla,Amul,263.2,8.77,47.37,5.26,1.75,off:05235056,OFF,Indian (packaged),0
Lassi,Amul,79.0,2.3,12.8,2.1,,off:8901262200172,OFF,Indian (packaged),0
Amul Pro,Amul,392.0,8.0,85.0,2.2,0.68,off:8901262130288,OFF,Indian (packaged),0
Amul Cheese Slices,Amul,311.0,20.0,1.5,25.0,0.0,off:2000000136641,OFF,Indian (packaged),0
Prolife probiotic buttermilk,Amul,20.0,1.67,1.67,0.67,,off:1948167800646,OFF,Indian (packaged),0
Amul Protein Blueberry Shake,Amul,69.0,10.0,9.5,0.75,,off:8901262153331,OFF,Indian (packaged),0
High Protein Milk,Amul,90.0,14.0,8.0,0.2,,off:8901262153423,OFF,Indian (packaged),0
Whey Protein,Amul,383.0,74.0,10.6,5.0,,off:8901262110266,OFF,Indian (packaged),0
Camel Milk,Amul,90.0,4.4,7.6,4.0,,off:8901262152303,OFF,Indian (packaged),2
Choco Almond N' Kesar Badam Double Sundae,Amul,248.0,4.0,29.3,12.8,0.0,off:8901262178068,OFF,Indian (packaged),2
Lite Bread Spread,Amul,634.0,0.0,1.0,70.0,,off:8901262140065,OFF,Indian (packaged),3
Amul Sugar free chocolate,Amul,558.0,6.0,57.3,33.5,0.0,off:8901262071048,OFF,Indian (packaged),3
Amulspray Infant Milk Food,Amul,450.0,22.0,50.0,18.0,,off:8901262080118,OFF,Indian (packaged),0
Milk Shake Double Chocolate,Amul,115.0,3.1,15.2,5.0,,off:8901262152136,OFF,Indian (packaged),1
Amul Belgian chocolate,Amul,551.0,8.7,51.2,35.3,49.6,off:8901262071017,OFF,Indian (packaged),1
Amul Cow Milk,Amul,67.0,3.0,4.7,4.0,2.0,off:8901262260374,OFF,Indian (packaged),0
Vanilla ice cream,Amul,215.0,3.7,20.8,13.0,,off:8901262173490,OFF,Indian (packaged),0
Protein Buttermilk,Amul,54.0,7.5,4.0,0.5,,off:8901262152952,OFF,Indian (packaged),3
Amul Chocochips Icecream,Amul,246.0,4.4,27.6,13.5,,off:8901262172493,OFF,Indian (packaged),1
Curd,Amul,53.0,3.0,3.5,3.0,,off:8901262202428,OFF,Indian (packaged),0
Gold Milky Milk,Amul,87.0,3.2,5.0,6.0,,off:8901262260114,OFF,Indian (packaged),0
Amul Buttermilk,Amul,23.0,1.3,2.5,0.7,,off:8901262201995,OFF,Indian (packaged),0
slim 'n' trim Skimmed Milk,Amul,17.5,1.75,2.5,0.0,,off:8901262150378,OFF,Indian (packaged),0
Epic Choco Almond with Beligian Chocolate,Amul,373.0,4.18,26.2,28.5,,off:8901262178198,OFF,Indian (packaged),0
Shrikhand,Amul,237.0,5.3,42.0,5.0,,off:8901262040051,OFF,Indian (packaged),0
Amul High Protein,Amul,68.0,6.3,10.0,0.1,,off:8901262202299,OFF,Indian (packaged),0
Cheese Sauce Green Chutney,Amul,192.0,12.3,1.1,15.4,0.0,off:8901262020671,OFF,Indian (packaged),0
Chocolate Magic Sundae,Amul,267.0,3.5,27.3,16.2,,off:8901262178075,OFF,Indian (packaged),0
Amul Kool,Amul,91.1,3.11,12.5,3.17,,off:8901262153355,OFF,Indian (packaged),0
Amul Fresh Cream,Amul,247.0,2.0,3.5,25.0,,off:8901262151863,OFF,Indian (packaged),2
Buffalo Milk A2,Amul,91.0,3.2,5.0,6.5,,off:8901262260947,OFF,Indian (packaged),0
Lassi,Amul,88.5,2.1,14.5,2.1,,off:8901262200189,OFF,Indian (packaged),3
Amul Vanilla Gold,Amul,216.0,3.7,20.9,13.0,,off:8901262174244,OFF,Indian (packaged),0
Amul Taaza,Amul,58.2,3.0,4.8,3.0,,off:8901262150088,OFF,Indian (packaged),2
Punjabi Kulfi Mawa Elaichi,Amul,112.0,2.1,10.5,6.9,,off:8901262176552,OFF,Indian (packaged),0
Mawa Malai Kulfi,Amul,162.0,2.3,12.3,11.8,,off:8901262176477,OFF,Indian (packaged),1
Amul Masti Spiced Buttermilk,Amul,28.5,1.5,1.8,1.5,,off:8901262200196,OFF,Indian (packaged),2
Badam Shakers,Amul,104.5,3.0,13.0,4.5,0.0,off:8901262151344,OFF,Indian (packaged),0
Paneer,Amul,323.0,20.0,4.5,25.0,,off:8901262180030,OFF,Indian (packaged),0
Paneer,Amul,292.0,13.6,4.0,22.8,0.0,off:0656846580307,OFF,Indian (packaged),0
Cheese spread,Amul,266.7,10.0,13.33,26.67,0.0,off:8901262060004,OFF,Indian (packaged),0
Amul cheese block,Amul,321.4,21.43,0.0,25.0,0.0,off:8901262020060,OFF,Indian (packaged),0
Milk Cake,Amul,487.0,10.3,46.2,28.2,0.0,off:8901262178693,OFF,Indian (packaged),0
Pure Milk Cheese,Amul,311.0,20.0,1.5,25.0,,off:8901262020299,OFF,Indian (packaged),0
amul masti dahi,Amul,65.0,4.0,4.6,3.1,,off:8901262200677,OFF,Indian (packaged),0
Fresh Cream,Amul,246.0,2.0,3.2,25.0,,off:8901262150118,OFF,Indian (packaged),2
Instant Mashed Potato,Amul,369.0,3.2,88.9,0.1,,off:8901262222471,OFF,Indian (packaged),0
Amul Rajbhog,Amul,259.0,5.2,23.1,16.5,,off:8901262173599,OFF,Indian (packaged),1
FRUIT N' NUT Dark Chocolate,Amul,499.0,7.2,46.7,32.5,,off:8901262070539,OFF,Indian (packaged),3
Butter Nankhatai,Amul,511.0,6.5,63.0,27.0,,off:8901262221382,OFF,Indian (packaged),1
Cassatta,Amul,248.0,4.9,25.6,15.1,0.0,off:0041102177191,OFF,Indian (packaged),1
Amul Gold,Amul,71.0,3.0,4.7,4.5,0.0,off:8901262150989,OFF,Indian (packaged),1
Dahi,Amul,61.5,4.0,4.4,3.1,,off:8901262200028,OFF,Indian (packaged),0
Punjabi Samosa,Amul,280.0,6.0,36.0,12.0,0.0,off:8901262174565,OFF,Indian (packaged),0
Peanut spread,Amul,624.0,26.0,20.0,50.0,0.0,off:8901262010511,OFF,Indian (packaged),3
Garlic & Herbs Buttery Spread,Amul,697.6,0.5,0.0,77.0,,off:8901262010344,OFF,Indian (packaged),1
Amul kool elaichi flavour,Amul,90.6,3.11,12.5,3.11,,off:8901262152228,OFF,Indian (packaged),1
Pure cow ghee,Amul,900.0,0.0,0.0,100.0,0.0,off:8901262030243,OFF,Indian (packaged),0
High Protein Paneer,Amul,170.0,25.0,4.0,6.0,,off:8901262180429,OFF,Indian (packaged),0
Malai Paneer,Amul,314.0,20.0,4.5,25.0,,off:8901262180016,OFF,Indian (packaged),1
Slim 'n' Trim,Amul,46.0,3.2,5.0,1.5,,off:8901262260152,OFF,Indian (packaged),1
Butterscotch Bliss,Amul,251.0,4.1,26.0,14.5,,off:8901262173223,OFF,Indian (packaged),0
Cookie Sub,Amul,163.0,3.2,25.8,5.7,,off:8901262178440,OFF,Indian (packaged),0
Amul Masti,Amul,65.0,4.0,4.6,3.1,,off:8901262200622,OFF,Indian (packaged),0
malai paneer fresh,Amul,312.0,20.0,4.0,24.0,,off:8901262180115,OFF,Indian (packaged),1
Amul Chocolate Brownie,Amul,232.0,4.4,26.3,12.5,,off:8901262172448,OFF,Indian (packaged),0
Icecream American Nuts,Amul,237.0,4.3,22.9,14.3,,off:8901262173605,OFF,Indian (packaged),0
Cheese Slice A*,Amul,316.0,18.0,4.8,25.0,,off:8901262020404,OFF,Indian (packaged),0
Cheese Cube,Amul,311.0,20.0,1.5,25.0,,off:8901262020091,OFF,Indian (packaged),0
Tricone Dark Chocolate,Amul,208.0,3.17,21.1,13.5,,off:8901262178662,OFF,Indian (packaged),0
Whey Protein,Amul,400.0,78.0,10.8,5.0,,off:8901262110235,OFF,Indian (packaged),0
Water Buffalo And Cow Milk Butter,Amul,714.0,0.0,0.0,78.6,0.0,off:0656846520129,OFF,Indian (packaged),0
Elaichi rusk,Amul,421.0,9.1,77.0,8.9,0.0,off:8901262221245,OFF,Indian (packaged),0
Sagar Skimmed Milk Powder,Amul,357.0,35.0,52.0,1.0,,off:8901262110068,OFF,Indian (packaged),0
Cheese Chiplet,Amul,320.0,20.0,0.0,28.0,0.0,off:8901262020039,OFF,Indian (packaged),2
Lassi Mango,Amul,86.6,2.2,14.5,2.2,0.0,off:8901262151658,OFF,Indian (packaged),0
Amul Kool Rose,Amul,163.0,5.6,22.5,5.6,,off:8901262152235,OFF,Indian (packaged),1
Chocominis,Amul,526.0,5.3,61.1,29.3,,off:8901262070546,OFF,Indian (packaged),1
Amul Masti Spiced Buttermilk,Amul,32.0,1.6,2.4,1.6,,off:8901262200233,OFF,Indian (packaged),0
Golden Pearl(Ice Cream),Amul,224.0,4.48,23.9,13.4,1.34,off:8901262175852,OFF,Indian (packaged),0
Amul tru,Amul,125.0,1.0,29.0,0.0,0.0,off:8901262152273,OFF,Indian (packaged),0
Slim 'n' Trim,Amul,45.8,3.16,5.0,1.47,,off:8901262261197,OFF,Indian (packaged),0
Pista malai kulfi,Amul,385.0,4.7,29.5,27.7,0.0,off:8901262176446,OFF,Indian (packaged),1
Chocolate Cookies,Amul,479.0,5.4,59.3,24.8,,off:8901262220552,OFF,Indian (packaged),1
Amul Gold Milky Milk,Amul,87.0,3.2,5.0,6.0,,off:8901262260107,OFF,Indian (packaged),3
Amul Ghee 1ltr,Amul,897.0,0.0,0.0,99.7,,off:8901262030151,OFF,Indian (packaged),2
Amul Pasteurized Butter,Amul,714.3,0.0,0.0,78.57,0.0,off:8901262010016,OFF,Indian (packaged),4
Amul Pro Chocolate 500g pp,Amul,365.0,8.0,75.8,3.3,,off:8901262130325,OFF,Indian (packaged),2
Pure Milk Cheese Slices,Amul,311.0,20.0,1.5,25.0,,off:8901262020046,OFF,Indian (packaged),1
Dark Chocolate,Amul,557.0,6.0,57.0,34.0,,off:8901262070676,OFF,Indian (packaged),2
99% Cacao Ultimate Dark Chocolate,Amul,522.0,14.7,28.4,40.8,,off:8901262071864,OFF,Indian (packaged),0
Black Currant Tri Cone,Amul,240.0,3.3,23.8,12.6,,off:8901262178365,OFF,Indian (packaged),1
Amul Lassi 180ml tpk,Amul,87.0,2.0,14.0,2.0,,off:8901262151696,OFF,Indian (packaged),0
Mini Samosa,Haldiram's,500.0,8.0,50.0,30.0,,off:8904004404227,OFF,Indian (packaged),0
Aloo Tikki,Haldiram's,200.0,2.5,30.0,7.5,0.0,off:8904063256645,OFF,Indian (packaged),0
Soya Chips,Haldiram's,542.0,14.36,42.05,35.11,0.88,off:8904004400212,OFF,Indian (packaged),1
Bhujia sev,Haldiram's,592.0,12.93,37.14,43.5,,off:8904004400045,OFF,Indian (packaged),4
Aloo bhujia,Haldiram's,569.0,8.68,46.1,38.12,3.56,off:8904004400731,OFF,Indian (packaged),3
Chilli Chatak Lachha,Haldiram's,542.9,8.57,60.0,28.57,8.57,off:8904063200730,OFF,Indian (packaged),1
chips,Haldiram's,560.0,6.0,53.0,36.0,0.0,off:8904063220226,OFF,Indian (packaged),2
soan cake,Haldiram's,520.0,8.0,68.0,24.0,0.0,off:8904004405224,OFF,Indian (packaged),0
Minute Khana bajra roti,Haldiram's,266.7,10.0,43.33,5.0,,off:8904063202420,OFF,Indian (packaged),0
Tandoori Garlic Naan,Haldiram's,266.0,7.62,47.2,4.88,,off:8904063258151,OFF,Indian (packaged),0
Punjabi Choley,Haldiram's,244.0,7.05,30.1,10.9,2.56,off:8904063257390,OFF,Indian (packaged),0
Punjabi samosa,Haldiram's,293.0,4.4,34.0,15.5,,off:8904063255006,OFF,Indian (packaged),0
Motichoor Ladoo,Haldiram's,410.0,3.8,60.6,16.5,,off:5060601190109,OFF,Indian (packaged),0
Kashmiri dalmouth,Haldiram's,514.0,14.6,49.12,28.74,,off:8904004401615,OFF,Indian (packaged),0
chanachur,Haldiram's,485.7,14.29,57.14,22.86,,off:8904063209672,OFF,Indian (packaged),2
Pudina Paratha,Haldiram's,138.0,3.7,11.5,8.2,,off:8904063281265,OFF,Indian (packaged),0
Punjabi tadka,Haldiram's,579.0,11.0,46.0,39.0,,off:8904063253804,OFF,Indian (packaged),2
Ratlami Mixture,haldiram's,553.2,17.0,41.2,35.6,,off:8904063203441,OFF,Indian (packaged),0
Plain Bhujia,Haldiram Snacks,581.0,13.0,40.0,41.0,4.0,off:8904063200068,OFF,Indian (packaged),2
Madala Vada,Haldiram's,470.0,12.1,35.5,31.2,,off:8904063209788,OFF,Indian (packaged),0
ALOO PARATHA,Haldiram's,243.0,4.0,32.8,10.1,,off:8904063202291,OFF,Indian (packaged),0
Whole Wheat Naan,Haldiram's,275.0,7.5,46.25,6.25,,off:8904063204585,OFF,Indian (packaged),0
Minute Khana,Haldiram's,197.2,5.63,9.86,14.79,,off:8904063202413,OFF,Indian (packaged),0
Haldiram Bhujia Sev,Haldiram's,600.0,12.0,38.0,44.0,4.0,off:8904004400038,OFF,Indian (packaged),2
Panchrattan,Haldiram's,542.9,14.29,48.57,34.29,,off:8904063230058,OFF,Indian (packaged),1
Rasmalai,Haldiram's,277.1,8.43,30.12,13.25,,off:8904063281494,OFF,Indian (packaged),0
Vada Pav,Haldiram's,212.0,6.1,37.0,4.0,1.7,off:8904063213815,OFF,Indian (packaged),0
Dilli style Choley,Haldiram's,159.0,3.7,13.5,9.8,1.1,off:8904063209726,OFF,Indian (packaged),1
Navratan mix,Haldiram's,586.0,10.62,43.74,40.9,3.6,off:8904004401721,OFF,Indian (packaged),0
Nimbu masala,Haldiram's,560.0,8.0,44.0,38.0,2.0,off:8904004407518,OFF,Indian (packaged),0
Bhel puri,Haldiram's,400.0,8.57,45.71,20.0,11.43,off:8904063257086,OFF,Indian (packaged),0
Chana Jor Garam,Haldiram's,485.7,17.14,54.29,22.86,17.14,off:8904063230188,OFF,Indian (packaged),0
chana crackers,Haldiram's,470.0,15.13,59.48,19.06,4.9,off:8904004403565,OFF,Indian (packaged),0
Haldiram's Kaju Mix 400 GM,Haldiram's,8.6,17.14,45.71,34.29,,off:8904063230157,OFF,Indian (packaged),1
Soan Papdi,Haldiram's,512.7,4.8,61.5,27.5,,off:8904063206930,OFF,Indian (packaged),0
Chana Dal,Haldiram's,466.3,20.0,54.29,20.0,14.29,off:8904063253279,OFF,Indian (packaged),0
Mathis tikoni mathi,Haldiram's,500.0,5.0,50.0,30.0,5.0,off:8904063204738,OFF,Indian (packaged),0
Lachcha Paratha,Haldiram’s,350.0,8.33,41.67,16.67,3.33,off:53281203,OFF,Indian (packaged),0
Boondi,Haldiram's,593.0,13.75,39.55,41.17,4.63,off:8904004404449,OFF,Indian (packaged),2
Punjabi  Sarson Da Saag,Haldiram’s,86.6,4.5,12.2,2.2,3.1,off:8904063223050,OFF,Indian (packaged),0
Poha,Haldiram's,442.0,7.9,68.3,15.2,3.75,off:8904063204141,OFF,Indian (packaged),0
Minute khana,Haldiram's,210.0,3.0,24.0,11.0,0.0,off:8904063259400,OFF,Indian (packaged),0
Punjabi Tadka,Haldiram's,579.0,11.0,46.0,39.0,,off:8904063214386,OFF,Indian (packaged),1
Gluten Free Tandoori Nann,Haldiram's,262.5,6.25,48.75,4.38,3.75,off:8904063204592,OFF,Indian (packaged),0
Yellow Dal Tadka,Haldiram's,126.8,4.23,11.97,7.04,1.41,off:8904063281593,OFF,Indian (packaged),0
Soan Cake,Haldiram's,547.6,9.52,59.52,30.95,0.0,off:8904063210142,OFF,Indian (packaged),0
Minute khana,Haldiram's,422.2,12.22,71.11,10.0,3.33,off:8904063204103,OFF,Indian (packaged),0
Bombay mix,Haldiram's,571.4,11.43,45.71,37.14,8.57,off:8904063216168,OFF,Indian (packaged),0
Dal Makhani,Haldiram's,127.0,3.7,11.5,7.4,,off:8904063216236,OFF,Indian (packaged),0
Sambar,Haldiram's,63.4,2.11,8.45,2.11,1.41,off:8904063211859,OFF,Indian (packaged),0
Mix veg paratha,Haldiram's,280.0,7.0,35.0,13.0,4.0,off:8904063211613,OFF,Indian (packaged),0
Paneer pakoda,Haldiram's,300.0,12.5,17.5,20.0,2.5,off:8904063252890,OFF,Indian (packaged),0
Malai Kofta,Haldiram's,162.0,3.52,6.34,13.38,0.7,off:8904063281630,OFF,Indian (packaged),0
Kesar Rasmalai,Haldiram's,152.0,5.48,21.0,7.5,0.1,off:5060601190123,OFF,Indian (packaged),0
Mutter paneer with tofu,Haldiram's,168.0,4.3,7.7,13.0,1.3,off:8904063202314,OFF,Indian (packaged),1
Minute Khana Aloo Tikki,Haldiram's,204.0,2.6,30.3,7.8,,off:8904063281746,OFF,Indian (packaged),1
Moong Dal,Haldiram's,460.0,22.0,50.0,20.0,8.0,off:8904004403756,OFF,Indian (packaged),2
Halirams Bhujiya sev,haldirams,592.0,12.93,37.14,43.5,,off:8904004400069,OFF,Indian (packaged),3
Haldiram Bhujia 200g,Haldiram's,564.0,20.0,31.0,40.0,0.0,off:8904063200051,OFF,Indian (packaged),1
Kashmiri Mixture 200G (bohnen &nuss) Haldirams,Haldiram's,544.0,17.2,41.9,34.2,,off:8904063200174,OFF,Indian (packaged),1
Punjabi choley,Haldiram's,154.9,3.52,14.08,9.15,1.41,off:8904063281562,OFF,Indian (packaged),0
Moong Dal,Haldiram's,476.0,21.31,50.66,20.93,,off:8904004403725,OFF,Indian (packaged),2
Gulab jamun,Haldiram's,120.0,2.0,19.0,3.5,1.0,off:8904004405910,OFF,Indian (packaged),1
Murura,Haldiram's,528.0,12.0,57.0,28.0,3.0,off:8904063252524,OFF,Indian (packaged),0
All In One,Haldiram's,558.0,15.4,42.1,36.5,,off:8904004402063,OFF,Indian (packaged),1
Nimbu Masala,Haldiram's,553.0,9.0,40.0,40.0,9.0,off:8904063200679,OFF,Indian (packaged),2
Gulab jamun,Haldiram's,312.0,4.0,55.0,8.6,,off:5060601190017,OFF,Indian (packaged),1
Chikki Bar,Haldiram's,532.0,16.83,46.81,30.81,5.87,off:8904004411348,OFF,Indian (packaged),0
Crush Peanut Chikki bar,Haldiram's,508.0,13.74,54.57,26.12,,off:8904004411218,OFF,Indian (packaged),0
Veg shami kebab - 12 pieces,Haldiram's,233.0,5.3,20.4,13.8,,off:8904063259264,OFF,Indian (packaged),0
Punjabi samosa,Haldiram's,294.0,4.4,34.0,15.5,,off:8904063211088,OFF,Indian (packaged),1
Haldiram's Moong Dal,Haldiram's,457.7,22.2,53.3,17.3,12.3,off:8904063200136,OFF,Indian (packaged),1
Yellow banana chips,Haldiram's,571.4,2.86,48.57,40.0,8.57,off:8904063258410,OFF,Indian (packaged),0
Dal tadka,Haldiram's,129.0,4.3,12.1,6.7,,off:8904063209719,OFF,Indian (packaged),1
Paneer makhani,Haldiram's,150.0,4.0,7.4,11.4,,off:8904063202321,OFF,Indian (packaged),0
Dal makhani,Haldiram's,233.3,4.67,11.33,18.67,0.67,off:8904004441765,OFF,Indian (packaged),0
Haldiram's Mathura Peda,Haldiram's,397.0,12.43,51.31,15.55,0.83,off:8904004420227,OFF,Indian (packaged),0
CHANA NUTS,Haldiram's,515.0,0.0,43.2,28.92,,off:8904004401929,OFF,Indian (packaged),0
Tandoori garlic naan,Haldiram's,262.5,7.5,47.5,5.0,0.0,off:8904063209931,OFF,Indian (packaged),1
Homestyle Paratha,Haldiram's,350.0,1.0,45.0,15.0,,off:8904063281197,OFF,Indian (packaged),0
Aloo Masala Chips,Haldiram's,520.0,6.0,60.0,29.0,5.7,off:8904063219664,OFF,Indian (packaged),0
Palak koft,Haldiram's,154.0,1.9,4.8,14.0,0.8,off:8904063216809,OFF,Indian (packaged),0
gol kachauri,Haldiram's,490.0,8.77,52.7,25.94,4.86,off:8904004414509,OFF,Indian (packaged),1
Rssgulla,Haldiram's,266.0,6.3,52.0,3.9,,off:5060601190000,OFF,Indian (packaged),0
Kashmiri Mixture,Haldiram's,542.9,17.14,42.86,34.29,,off:8904063253194,OFF,Indian (packaged),0
Bombay Mix,Haldiram's,485.7,20.0,51.43,22.86,11.43,off:8904063253149,OFF,Indian (packaged),0
Lite Mixture,Haldiram's,504.0,13.0,50.0,28.0,,off:8904063257581,OFF,Indian (packaged),2
Haldiram's Soan Papdi,Haldiram's,523.8,4.76,71.43,23.81,4.76,off:8904004405316,OFF,Indian (packaged),1
Haldiram Cornflakes Mixture,Haldiram’s,525.0,7.5,58.6,29.0,17.14,off:8904063200105,OFF,Indian (packaged),3
Moong dal,Haldiram's,443.0,22.8,53.2,15.4,,off:8904063200969,OFF,Indian (packaged),0
Moong Dal,Haldiram's,476.0,21.31,50.66,20.93,7.52,off:8904004403718,OFF,Indian (packaged),5
Haldiram's Aloo Bhujia,Haldiram's,562.0,8.68,46.1,38.12,,off:8904004400779,OFF,Indian (packaged),3
Haldiram Gulab Jamun,Haldiram's,316.0,6.0,55.0,8.0,,off:8904063210012,OFF,Indian (packaged),0
Haldiram's Methi Sev - 200 GM,Haldiram's,482.0,17.9,47.7,24.4,,off:8904063200495,OFF,Indian (packaged),0
Gulab jamun,Haldiram's,292.0,7.0,49.0,4.0,,off:8904063280787,OFF,Indian (packaged),0
Palak paneer (Tofu),Haldiram's,158.0,3.5,4.5,13.8,,off:8904063202338,OFF,Indian (packaged),0
Long Sev,Haldiram's,601.0,13.0,36.0,45.0,9.0,off:8904063200488,OFF,Indian (packaged),3
ALOO BHUJIA spicy patato Noodles,Haldiram's,600.0,11.43,42.86,42.86,8.57,off:8904063230119,OFF,Indian (packaged),3
Nut cracker,Haldiram's,601.0,20.0,20.0,49.0,,off:8904063200198,OFF,Indian (packaged),2
Takatak Baked Chilli Cheese,Haldiram's,469.0,7.0,71.0,17.5,,off:8904063209849,OFF,Indian (packaged),0
chatpata matar,Haldiram's,476.0,17.0,57.0,20.0,5.7,off:8904063253286,OFF,Indian (packaged),0
Aloo lachha,Haldiram's,520.0,6.0,54.0,32.0,,off:8904004402858,OFF,Indian (packaged),1
Nut Cracker,Haldiram's,628.6,22.86,20.0,51.43,8.57,off:8904063230072,OFF,Indian (packaged),1
Dal Palak,Haldiram's,77.0,3.0,7.9,3.4,1.3,off:8904063209702,OFF,Indian (packaged),1
Tandoori garlic nan,Haldiram's,247.0,6.6,46.1,4.0,,off:8904063210968,OFF,Indian (packaged),0
Boondi Masala,Haldiram's,17.1,8.57,40.0,45.71,5.71,off:8904063202383,OFF,Indian (packaged),0
Kashmiri mixture,Haldiram's,514.3,17.14,42.86,31.43,8.57,off:8904063230089,OFF,Indian (packaged),0
Onion Parantha,Haldiram's,264.0,5.7,35.2,10.4,3.2,off:8904063281180,OFF,Indian (packaged),0
Jumbo punjabi Samosa,Haldiram's,289.0,4.1,32.8,15.6,0.7,off:8904063256775,OFF,Indian (packaged),0
Aloo Bhujia,Haldiram's,600.0,11.43,42.86,42.86,5.71,off:8904063240279,OFF,Indian (packaged),0
Soan papdi,Haldiram's,523.8,4.76,66.67,23.81,0.0,off:8904004405323,OFF,Indian (packaged),0
Purani dilly choley With plain combo meal,Haldiram's,147.0,3.9,23.2,4.31,,off:8904063230478,OFF,Indian (packaged),0
Mathri,Haldiram's,571.4,7.14,57.14,35.71,14.29,off:8904063253293,OFF,Indian (packaged),0
Bhujia sev,Haldiram's,592.2,12.92,37.14,43.5,,off:8904004417081,OFF,Indian (packaged),0
Rava Idli,Haldiram's,160.0,4.0,29.0,3.0,1.0,off:8904063204233,OFF,Indian (packaged),0
Chatpata Dal,Haldiram's,462.9,19.5,57.3,17.3,18.4,off:8904063214768,OFF,Indian (packaged),0
Masala soya chop wrap,Haldiram's,266.0,7.69,31.41,12.18,1.92,off:8904063259363,OFF,Indian (packaged),0
Peda,Haldiram's,409.0,10.2,39.1,23.07,0.1,off:5060601190284,OFF,Indian (packaged),0
Sabudana tikki,Haldiram's,239.0,2.7,24.5,14.1,,off:8904063259240,OFF,Indian (packaged),1
Spinach pakora,Haldiram's,325.6,9.3,27.91,18.6,4.65,off:8904063259226,OFF,Indian (packaged),1
Haldiram Bhujia400g,Haldiram,571.4,11.43,42.86,40.0,4.3,off:8904063230010,OFF,Indian (packaged),2
Haldiram roti,Haldiram's,320.0,10.7,50.0,6.6,,off:8904063209948,OFF,Indian (packaged),0
Fresh Paner,Haldiram's,23.3,16.67,6.67,23.33,,off:8904063210456,OFF,Indian (packaged),0
Haldiram's Punjabi Tadka,Haldiram's,545.0,11.12,55.16,35.23,,off:8904004400267,OFF,Indian (packaged),0
Moon daal,Haldiram's,457.1,20.0,54.29,22.86,11.43,off:8904063240286,OFF,Indian (packaged),0
Balti Mixture,Haldiram's,542.9,14.29,45.71,34.29,5.71,off:8904063209658,OFF,Indian (packaged),0
Chana dry fruit burfi,Haldiram's,508.0,17.26,56.03,23.87,,off:8908011747513,OFF,Indian (packaged),0
gol kachauri,Haldiram's,490.0,8.77,52.7,25.94,4.86,off:8904004404265,OFF,Indian (packaged),1
Schezwan Chilli Paneer,Haldiram's,250.0,7.69,23.72,14.1,,off:8904063257376,OFF,Indian (packaged),0
Rajma Raseela,Haldiram's,117.0,4.3,11.9,5.4,,off:8904063209733,OFF,Indian (packaged),1
Navrattan,Haldiram's,542.9,17.14,45.71,31.43,,off:8904063240255,OFF,Indian (packaged),0
Dal makhani with rice,Haldiram's,488.9,13.33,57.78,23.33,,off:8904063213686,OFF,Indian (packaged),0
Moorukulu (Haldiram's),Haldiram's,536.0,15.06,43.24,34.6,,off:8904004408720,OFF,Indian (packaged),0
Aloo pyaz paratha,Haldiram's,230.0,4.4,31.6,9.4,,off:8904063213754,OFF,Indian (packaged),1
Farali Mix Plain,Haldiram's,17.1,5.71,54.29,34.29,5.71,off:8904063213167,OFF,Indian (packaged),0
Tandoori Garlic Naan,Haldiram's,247.0,6.6,46.1,4.0,0.2,off:8904063210951,OFF,Indian (packaged),1
Takatak,Haldiram's,547.8,6.09,54.78,33.91,3.48,off:8904004418910,OFF,Indian (packaged),0
Masala Chana,Haldiram's,460.0,18.0,60.0,16.0,6.0,off:8904004407914,OFF,Indian (packaged),0
Mix Veg Paratha,Haldiram's,280.0,7.0,35.0,13.0,4.0,off:8904063281173,OFF,Indian (packaged),0
Khatta Meetha 440g,Haldiram's,542.9,11.43,57.14,28.57,0.0,off:8904063214423,OFF,Indian (packaged),0
Punjabi sarsoon da saag,Haldiram's,455.0,24.3,26.7,27.9,0.7,off:8904063230553,OFF,Indian (packaged),0
Kaju Katli,Haldiram's,417.0,10.0,55.0,18.0,,off:8906146030555,OFF,Indian (packaged),0
All in one delicious,Haldiram's,556.0,22.4,34.8,36.8,0.4,off:0871265504158,OFF,Indian (packaged),0
Orange Soan Treat,Haldiram's,504.0,7.46,66.54,23.1,4.81,off:8904004405514,OFF,Indian (packaged),1
Rasmalai,Haldiram’s,290.0,9.2,31.0,14.0,,off:8904063253958,OFF,Indian (packaged),0
Classic Salted Peanuts,Haldiram's,610.0,26.0,18.5,48.0,,off:8904063240170,OFF,Indian (packaged),0
Chana dal,Haldiram's,471.0,20.0,55.0,19.0,15.0,off:8904063200457,OFF,Indian (packaged),1
Masala Lachcha Paratha,Haldiram's,1.7,8.33,41.67,16.67,3.33,off:8904063205087,OFF,Indian (packaged),1
Paneer (Cottage cheese),Haldiram's,300.0,16.7,6.67,23.3,0.0,off:8904063256249,OFF,Indian (packaged),0
Bhatura,Haldiram’s,300.0,7.23,43.8,10.8,1.08,off:8904063224699,OFF,Indian (packaged),0
Dry Fruit Besan Ladoo,Haldiram's,556.0,8.15,56.1,33.2,,off:8904004410754,OFF,Indian (packaged),0
All in one spicy blend of chickpeas flour noodles pulses & rice flakes,Haldiram's,557.0,22.3,34.9,36.9,8.57,off:8904063206329,OFF,Indian (packaged),0
Indian Snacks Mixture,Haldiram's,533.0,16.03,46.44,31.49,11.83,off:8904004400977,OFF,Indian (packaged),1
Haldiram's Nuts Plain Almonds,Haldiram's,567.0,20.0,20.0,50.0,13.3,off:8904063282286,OFF,Indian (packaged),0
Pao bhaji,Haldiram's,146.0,2.8,10.6,10.3,,off:8904063239259,OFF,Indian (packaged),0
Prabhuji Bhujia - Muchy Masti,Haldiram's,574.4,13.98,39.97,39.84,3.05,off:8901721000046,OFF,Indian (packaged),0
Whoopies,Haldiram's,513.0,4.0,59.0,29.0,,off:8904063255518,OFF,Indian (packaged),1
Haldiram's Moongdal (400G),Haldiram's,457.1,20.0,54.29,17.14,,off:8904063230096,OFF,Indian (packaged),1
Roasted Chana Cracker Heeng Jeera,Haldiram's,460.0,18.0,61.0,16.0,12.2,off:8904063253415,OFF,Indian (packaged),0
Plain Burfee,Haldiram's,522.0,13.0,47.8,30.4,0.0,off:8904063281340,OFF,Indian (packaged),1
All in One Namkeen,Haldiram s,564.0,11.0,40.0,40.0,3.0,off:8904063200020,OFF,Indian (packaged),1
Roasted Crushed Peanuts,Haldiram's,499.0,12.5,55.0,25.5,,off:8904063210678,OFF,Indian (packaged),0
Khatta Meetha,Haldiram's,547.9,11.6,50.0,33.5,,off:8904063214355,OFF,Indian (packaged),1
Bhujia sev,Haldiram's,601.0,12.93,37.14,43.5,4.85,off:8904004400083,OFF,Indian (packaged),3
Peanut Chikki Bar,Haldiram's,521.5,15.5,53.0,27.5,,off:8904063200082,OFF,Indian (packaged),1
Soan papdi,Haldiram’s,539.0,7.0,67.0,27.0,,off:0446550560302,OFF,Indian (packaged),0
Kadhai paneer,Haldiram's,215.0,5.9,8.4,17.7,,off:8904063259509,OFF,Indian (packaged),0
Tasty Nuts,Haldiram's,640.0,22.0,24.0,50.0,0.0,off:8904004403664,OFF,Indian (packaged),0
Soystix,Haldiram's,190.0,3.0,17.0,12.0,1.0,off:8904063259714,OFF,Indian (packaged),1
Haldiram aloo bhujia 220g,Haldiram's,584.3,10.3,42.4,41.5,4.8,off:8904063214331,OFF,Indian (packaged),3
Phulka roti,Haldiram's,267.0,8.2,47.3,3.9,,off:8904063210975,OFF,Indian (packaged),0
Chatpata Dal,Haldiram's,477.0,19.66,54.0,19.98,,off:8904004404715,OFF,Indian (packaged),0
Phulka Roti,Haldiram's,292.0,9.1,48.3,5.9,,off:8904063281234,OFF,Indian (packaged),0
Namkeen,Haldiram's,528.9,11.2,57.8,28.1,7.6,off:8904063240224,OFF,Indian (packaged),0
Chakoli,Haldiram's,547.0,8.0,50.0,35.0,,off:8904063200631,OFF,Indian (packaged),0
Soan papdi,Haldiram’s,550.0,10.0,60.0,30.0,,off:8904063202505,OFF,Indian (packaged),1
Rusky,Haldiram's,418.0,7.16,81.86,6.93,,off:8904004411003,OFF,Indian (packaged),0
Cornflakes Mixture,Haldiram's,542.9,8.57,60.0,28.57,,off:8904063230133,OFF,Indian (packaged),1
All in one,Haldiram's,558.8,15.36,43.12,36.5,,off:8904004402056,OFF,Indian (packaged),1
Dal biji,Haldiram's,523.0,18.0,43.0,31.0,,off:8904063230027,OFF,Indian (packaged),0
Aloo Achari Paratha,Haldiram's,269.0,5.1,35.7,11.2,,off:8904063208279,OFF,Indian (packaged),1
Multigrain chapati,Haldiram's,300.0,10.0,50.0,6.67,8.33,off:8904063259097,OFF,Indian (packaged),0
Homestyle paratha,Haldiram's,323.0,6.9,40.4,14.1,3.7,off:8904063210906,OFF,Indian (packaged),2
Indian snacks salted peanuts,Haldiram's,643.0,20.6,21.9,51.9,3.34,off:8904004404661,OFF,Indian (packaged),0
Takatak Chatpata Masala,Haldiram's,543.0,7.0,50.0,35.0,,off:8904063220424,OFF,Indian (packaged),0
oats idli,Haldiram's,175.0,6.25,27.5,5.0,2.5,off:8904063205063,OFF,Indian (packaged),0
Haldiram's khatt meetha,Haldiram's,528.9,11.2,57.8,28.0,,off:8904063240033,OFF,Indian (packaged),3
Vegetable pulao,Haldiram's,154.0,3.0,27.1,3.3,,off:8904063209740,OFF,Indian (packaged),1
Methi Paratha,Haldiram's,391.0,3.6,41.5,20.9,,off:8904063210623,OFF,Indian (packaged),0
Chana Jor Garam,Haldiram's,510.0,20.0,40.0,31.0,,off:8904063200501,OFF,Indian (packaged),0
Tandoori naan,Haldiram's,276.0,7.8,48.8,5.2,,off:8904063281302,OFF,Indian (packaged),2
Instant Poha,Haldiram's,473.5,9.4,68.6,17.7,5.0,off:8904063212788,OFF,Indian (packaged),0
Salted Banana Chips,Haldiram's,568.0,3.0,49.0,40.0,,off:8904063200525,OFF,Indian (packaged),1
Haldirams homestyle paratha,Haldiram's,323.0,1.2,40.4,14.1,3.7,off:8904063210913,OFF,Indian (packaged),0
Corn Flakes Mixture,Haldiram's,540.0,10.0,52.0,32.0,4.0,off:8904004401943,OFF,Indian (packaged),0
Minute Khana Shami Kebab Wrap,Haldiram's,269.2,7.05,32.05,12.82,,off:8904063257383,OFF,Indian (packaged),0
Dakshin,Haldiram's,0.0,3.0,49.0,40.0,5.71,off:8904063206336,OFF,Indian (packaged),0
Kaju Katli,Haldiram's,115.0,2.5,13.5,5.6,,off:8904063281401,OFF,Indian (packaged),0
Punjabi tadka,Haldiram's,571.4,11.43,42.86,40.0,,off:8904063206039,OFF,Indian (packaged),1
Kawan paratha,Haldiram's,292.3,6.15,46.15,9.23,,off:8904063204554,OFF,Indian (packaged),0
Nut cracker,Haldiram's,640.0,22.0,24.0,50.0,6.0,off:0900100280640,OFF,Indian (packaged),0
spicy banana chips,Haldiram's,568.0,3.0,49.0,40.0,,off:8904063200532,OFF,Indian (packaged),0
Muli Paratha,Haldiram's,260.0,6.0,36.0,10.0,5.0,off:8904063281166,OFF,Indian (packaged),0
Minute khanna lutter paneer,Haldiram's,171.0,5.7,9.1,12.5,,off:8904063234254,OFF,Indian (packaged),1
Panchratan Mixture,Haldiram's,526.0,6.61,52.61,32.13,,off:8904004402810,OFF,Indian (packaged),2
Moong Dal Burfi,Haldiram s,508.0,8.0,56.0,28.0,,off:8904063252388,OFF,Indian (packaged),0
Bhel puri,Haldiram's,399.0,9.6,46.9,19.2,,off:8904063258298,OFF,Indian (packaged),0
Haldiram Karanchy Mixture,Haldiram's,517.0,16.3,50.1,28.0,,off:8904063200280,OFF,Indian (packaged),1
Bombay Mix,Haldiram's,483.0,19.0,51.0,23.0,12.0,off:8904063200365,OFF,Indian (packaged),3
Gujarati Mixture Namkeen,Haldiram's,566.0,11.0,40.0,40.0,,off:8904063200556,OFF,Indian (packaged),0
Haldiram's Soan Papdi 250g,Haldiram's,539.0,7.0,67.0,27.0,2.0,off:8904063251077,OFF,Indian (packaged),1
Bhujia Sev,Haldiram's,600.0,12.0,38.0,44.0,4.0,off:8904004400076,OFF,Indian (packaged),1
Haldiram Dry Fruit Kaju Mixture,Haldiram's,519.0,16.9,48.2,28.7,,off:8904063200167,OFF,Indian (packaged),1
"Haldiram's, Shahi Mixture",Haldiram's,564.0,20.0,31.0,40.0,,off:8904063200211,OFF,Indian (packaged),0
Boondi Plain 200G (salz. backerbsen) Haldirams,Haldiram's,575.0,11.0,45.0,39.0,,off:8904063200464,OFF,Indian (packaged),1
Haldiram's Mathri,Haldiram's,568.0,4.0,57.0,36.0,0.0,off:8904063200662,OFF,Indian (packaged),1
Lentilles corail épicées en sauce,Haldiram's,130.0,4.3,12.2,7.1,,off:8904063232250,OFF,Indian (packaged),1
Kaju Kalti,Haldiram's,489.0,10.0,53.0,23.0,,off:8904063252340,OFF,Indian (packaged),0
Soan papdi,Haldiram's,538.0,7.66,59.28,30.04,,off:8904004405125,OFF,Indian (packaged),0
Takatak Chatpata Masala,Haldiram's,543.0,7.0,50.0,35.0,,off:8904063258762,OFF,Indian (packaged),1
Murukku,Haldiram's,523.1,7.69,53.85,30.77,,off:8904004404111,OFF,Indian (packaged),1
Haldirams nagpur badam halwa,Haldiram's,369.0,4.77,83.0,2.0,0.51,off:8904004405613,OFF,Indian (packaged),0
Feni,Haldiram's,500.0,10.0,48.0,30.0,0.0,off:8904063211514,OFF,Indian (packaged),0
Indian Snacks Boondi (Chick pea balls),Haldiram's,600.0,14.0,40.0,42.0,4.0,off:8904004404401,OFF,Indian (packaged),0
Ratlami mixture,Haldiram's,571.4,17.14,40.0,37.14,11.43,off:8904063203342,OFF,Indian (packaged),0
Orange Burfee,Haldiram's,296.0,3.38,66.91,1.3,1.81,off:8904004410617,OFF,Indian (packaged),1
Instant Bhel,Haldiram's,570.0,14.0,43.8,36.5,5.66,off:8904004409222,OFF,Indian (packaged),1
Multigrain Homestyle Paratha,Haldiram's,366.7,8.33,45.0,16.67,6.67,off:8904063259325,OFF,Indian (packaged),0
Chips Mast Masala,Haldiram's,546.0,6.0,54.0,34.0,,off:8904063220028,OFF,Indian (packaged),1
Bhelpuri,Haldiram's,12.0,4.0,23.0,7.0,3.0,off:8904063253309,OFF,Indian (packaged),0
Navrattan,Haldiram's,542.9,17.14,45.71,31.43,14.29,off:8904063230126,OFF,Indian (packaged),0
Choley Bhatura,Haldiram's,190.0,5.5,24.0,8.0,1.0,off:8904004440669,OFF,Indian (packaged),0
Malai sev,Haldiram's,519.4,9.5,55.1,29.0,5.7,off:8904063209665,OFF,Indian (packaged),0
Cookie Heavan Kaju Cookies,Haldiram's,7.1,7.14,57.14,35.71,7.14,off:8904063256911,OFF,Indian (packaged),0
Minute khana dum biryani,Haldiram's,160.0,2.0,29.0,4.5,4.0,off:8904004444025,OFF,Indian (packaged),0
Gorus cookies,Haldiram's,519.0,7.35,58.82,27.58,3.11,off:8904004416091,OFF,Indian (packaged),0
Vegetable Jhalfrezi,Haldiram's,169.0,4.23,11.97,11.27,2.11,off:8904063211378,OFF,Indian (packaged),0
Ratlami sev,Haldiram's,587.4,13.42,38.76,42.04,,off:8904004400427,OFF,Indian (packaged),0
Besan ladoo,Haldiram's,481.0,11.0,53.0,25.0,3.0,off:8904063216106,OFF,Indian (packaged),0
Pav bhaji,Haldiram's,106.7,2.0,8.67,7.33,3.33,off:8904004444049,OFF,Indian (packaged),0
Ragi roti,Haldiram's,303.0,7.6,49.9,6.7,6.6,off:8904063202437,OFF,Indian (packaged),0
Chat Papdi,Haldiram’s,500.0,6.25,56.2,31.2,6.25,off:8906109110508,OFF,Indian (packaged),0
Dal kachori with sweet chutney,Haldiram's,415.0,8.85,41.7,24.0,3.65,off:0871265100695,OFF,Indian (packaged),0
Haldiram Gup shup 200g,Haldiram's,561.0,12.0,45.0,37.0,,off:8904063251497,OFF,Indian (packaged),1
Cookie heaven kaju pista,Haldiram's,468.0,7.0,63.0,21.0,,off:8904063260253,OFF,Indian (packaged),1
Fatafat Bhel,Haldiram's,526.0,11.0,53.0,30.0,,off:8904063257932,OFF,Indian (packaged),1
Bhel Puri,Haldiram's,462.0,8.86,42.81,28.41,,off:8904004401523,OFF,Indian (packaged),1
Minute Khana Paneer Makhani,Haldiram's,220.0,4.0,7.33,19.3,2.67,off:8904004444032,OFF,Indian (packaged),0
Aloo Bhujia,Haldiram's,577.3,9.7,44.4,40.1,,off:8904063240057,OFF,Indian (packaged),1
Khatta Meetha,Haldiram's,543.0,11.4,57.1,28.6,8.57,off:8904063200181,OFF,Indian (packaged),2
Haldiram's Soan Papdi (indian Sweets),Haldiram's,490.0,5.33,63.35,23.06,,off:8904004405415,OFF,Indian (packaged),1
Haldiram's boondi masala,Haldiram's,543.0,8.57,40.0,40.0,8.6,off:8904063200471,OFF,Indian (packaged),1
Aloo Bhujia,Haldiram's,600.0,11.4,42.9,42.9,5.71,off:8904063200013,OFF,Indian (packaged),1
Dry fruit mix,Haldiram's,538.0,17.15,44.91,30.8,6.1,off:8904004402131,OFF,Indian (packaged),1
Gol Kachauri,Haldiram's,479.0,8.77,52.7,25.94,,off:8904004414493,OFF,Indian (packaged),0
Chana Dal,Haldiram's,471.7,19.0,54.6,19.7,,off:8904063203311,OFF,Indian (packaged),0
Soya Sticks,Haldiram's,564.0,7.46,45.0,38.21,5.25,off:8904004420111,OFF,Indian (packaged),1
Dal makhani,Haldiram's,121.0,3.2,10.6,7.0,1.6,off:8904063202307,OFF,Indian (packaged),1
Aloo mutter,Haldiram's,120.0,2.3,8.4,8.3,1.1,off:8904063209696,OFF,Indian (packaged),1
Chai puri,Haldiram's,527.0,11.0,51.0,31.0,,off:8904063200570,OFF,Indian (packaged),1
Milk Came,Haldiram's,418.6,13.95,39.53,23.26,0.0,off:8904063281470,OFF,Indian (packaged),0
Jumbo Aloo Tikki,Haldiram's,175.0,2.5,28.75,6.25,1.25,off:8904063252883,OFF,Indian (packaged),0
Cocktail Samosa,Haldiram's,340.0,5.4,40.0,17.5,0.6,off:8904063211064,OFF,Indian (packaged),0
Moong dal,Haldiram's,476.0,21.31,50.66,20.93,7.52,off:8904004403800,OFF,Indian (packaged),1
Pani Puri,Haldiram's,42.9,7.14,50.0,35.71,0.0,off:8904063257253,OFF,Indian (packaged),1
Paneer Tikka Wrap,Haldiram's,275.6,9.62,22.44,16.67,1.92,off:8904063257406,OFF,Indian (packaged),0
Aloo Gobhi Paratha,Haldiram's,260.0,5.0,36.0,11.0,0.0,off:8904063205070,OFF,Indian (packaged),0
Haldiram Ghatia,Haldiram's,621.0,13.0,32.0,49.0,11.0,off:8904063200228,OFF,Indian (packaged),1
Subz Handi,Haldiram's,140.8,2.82,6.34,11.97,1.41,off:8904063211828,OFF,Indian (packaged),0
Chekaralu,Haldiram's,523.0,11.1,58.98,26.72,1.28,off:8904004408669,OFF,Indian (packaged),1
naan bread,haldiram’s,255.0,6.7,47.6,4.2,0.2,off:8904063210944,OFF,Indian (packaged),1
Haldiram's Mini Bhakarwadi,Haldiram's,539.0,7.77,49.89,34.22,3.1,off:8904004402513,OFF,Indian (packaged),0
Punjabi Tadka,Haldiram's,571.1,11.14,44.0,39.14,2.85,off:8904063200440,OFF,Indian (packaged),1
Dal palak,Haldiram's,73.3,3.33,8.0,3.33,1.33,off:8904063259783,OFF,Indian (packaged),0
Boondi salted,Haldiram's,578.9,11.43,45.71,40.0,5.71,off:8904063253248,OFF,Indian (packaged),1
Agra Taj petha,Haldiram's,320.0,0.8,80.0,0.0,,off:8904004406313,OFF,Indian (packaged),0
Soan Papdi,Haldiram's,539.0,7.0,67.0,27.0,,off:8904063251084,OFF,Indian (packaged),2
Aloo kulcha,Haldiram's,194.0,4.2,35.2,3.9,0.6,off:8904063210920,OFF,Indian (packaged),0
Minute Khana Rajma Raseela,Haldiram's,167.0,4.0,11.3,12.0,2.0,off:8904004442816,OFF,Indian (packaged),0
Kachori Crispy Stuffed Snack,Haldiram's,530.0,10.0,55.0,30.0,,off:8904063253217,OFF,Indian (packaged),3
Haldiram Lite Chiwda,Haldiram's,542.0,8.02,56.34,31.63,3.86,off:8904004400601,OFF,Indian (packaged),2
Delista macaroni,Haldiram's,360.6,9.8,78.1,1.0,,off:8904063208101,OFF,Indian (packaged),1
Punnjabi Samosa,Haldiram's,253.3,4.0,33.33,12.0,,off:8904004440263,OFF,Indian (packaged),1
"Mutter Kachori, 8 pieces",Haldiram's,380.0,8.1,43.8,20.8,,off:8904063281777,OFF,Indian (packaged),0
Paneer Paratha,Haldiram's,4.0,11.0,32.0,19.0,3.0,off:8904063281142,OFF,Indian (packaged),0
Lahsun Sev,Haldiram's,560.0,10.0,42.0,38.0,2.0,off:8904004400526,OFF,Indian (packaged),0
Classic mix veg,Haldiram's,328.0,5.1,25.7,22.2,2.5,off:8904063257413,OFF,Indian (packaged),0
Taka-Tak,Haldiram's,548.0,6.09,54.8,33.9,3.48,off:8904004418903,OFF,Indian (packaged),0
Aloo Bhujia,Haldiram's,562.0,8.68,46.1,38.12,0.83,off:8904004400694,OFF,Indian (packaged),1
Nut Cracker Spicy Coated Fries Peanuts,Haldiram's,628.6,22.86,20.0,51.43,8.57,off:8904063253255,OFF,Indian (packaged),0
Boondi,Haldiram's,600.0,11.43,45.71,40.0,5.71,off:8904063253262,OFF,Indian (packaged),0
Surati mix,Haldiram's,14.3,11.43,40.0,42.86,5.71,off:8904063213143,OFF,Indian (packaged),0
Rasgulla,Haldiram's,250.0,7.14,57.14,1.07,3.57,off:8904004405729,OFF,Indian (packaged),1
Dal makhani,Haldiram's,233.3,4.67,11.33,18.67,3.33,off:8904004444001,OFF,Indian (packaged),0
Lemon bhel,Haldiram's,501.0,11.0,58.0,25.0,0.0,off:8904063257116,OFF,Indian (packaged),0
Kadhai paneer,Haldiram's,169.0,2.82,7.75,13.38,2.11,off:8904063281586,OFF,Indian (packaged),0
Vegetable Pulao,Haldiram's,154.0,3.0,27.1,3.3,,off:8904063259776,OFF,Indian (packaged),0
Kaju Roll,Haldiram's,440.0,9.26,63.91,16.37,,off:8904004416930,OFF,Indian (packaged),0
Tandoori Garlic Naan,Haldiram's,260.0,7.0,46.0,5.0,,off:8904063281258,OFF,Indian (packaged),0
Hara Bhara Kebab,Haldiram's,252.0,7.0,22.3,14.3,,off:8904063259257,OFF,Indian (packaged),0
Haldiram's Moong Dal,Haldiram's,476.0,21.31,50.66,20.93,,off:8904004403749,OFF,Indian (packaged),2
Hara Chiwda,Haldiram's,553.0,11.4,45.7,36.1,,off:8904063200150,OFF,Indian (packaged),0
Navrattan 200G (snack Scharf) TRS,Haldiram's,519.0,20.0,40.0,31.0,6.0,off:8904063200204,OFF,Indian (packaged),1
Haldiram's Murukku - 200 GM,Haldiram s,560.0,10.0,40.0,40.0,6.0,off:8904063200419,OFF,Indian (packaged),1
Haldiram's Khatta Meetha,Haldiram's,530.0,9.26,57.38,29.25,,off:8904004401189,OFF,Indian (packaged),1
Haldirams Mini Bhakhar Badi 200 GM,Haldiram's,518.0,12.0,50.0,30.0,,off:8904063200587,OFF,Indian (packaged),1
Haldirams Alu Bhujia,Haldiram's,562.0,8.68,46.1,38.12,0.83,off:8904004400762,OFF,Indian (packaged),1
Classic nut cracker,Haldiram's,634.0,20.0,26.0,50.0,,off:8904063207432,OFF,Indian (packaged),0
Boondi,Haldirams,584.0,13.75,39.55,41.17,4.63,off:8904004404425,OFF,Indian (packaged),0
Nimbu masala,Haldiram's,10.0,8.57,51.43,34.29,5.71,off:8904063253613,OFF,Indian (packaged),0
Dal Biji,Haldiram's,540.0,16.0,46.0,32.0,0.0,off:8904004401219,OFF,Indian (packaged),1
Khatta Meetha,Haldiram's,542.9,11.43,57.14,28.57,,off:8904063200952,OFF,Indian (packaged),0
Khatta meetha,Haldiram's,514.3,11.43,57.14,25.71,,off:8904063240262,OFF,Indian (packaged),0
Paneer onion paratha,Haldiram's,300.0,8.0,33.0,15.0,,off:8904063256874,OFF,Indian (packaged),0
Baby murukku,Haldiram's,468.0,12.0,60.0,20.0,,off:8904063206398,OFF,Indian (packaged),0
Bhelpuri,Haldiram's,485.7,14.29,60.0,20.0,,off:8904063230195,OFF,Indian (packaged),0
Mutter paneer,Haldiram's,173.3,4.67,6.67,14.0,,off:8904004441888,OFF,Indian (packaged),0
Fresh Paneer,Haldiram's,300.0,16.67,6.67,23.33,0.0,off:8904063253941,OFF,Indian (packaged),0
Haldiram Minute Khana,Haldiram's,300.0,5.71,35.71,15.71,,off:8904063255013,OFF,Indian (packaged),0
Panjeeri Ladoo,Haldiram's,475.0,6.0,52.0,27.0,,off:8904063252401,OFF,Indian (packaged),0
Motichoor Ladoo,Haldiram's,428.0,6.0,47.0,24.0,0.03,off:8904063281319,OFF,Indian (packaged),0
Dry Petha,Haldiram's,347.0,1.0,85.0,0.0,0.0,off:8904063252333,OFF,Indian (packaged),0
HALDIRAM'S Mint lachha,Haldiram's,537.0,9.0,60.0,29.0,0.0,off:8904063200723,OFF,Indian (packaged),1
Salted peanuts,Haldiram's,610.0,26.0,18.5,48.0,,off:8904063253842,OFF,Indian (packaged),2
Naan  Nature,Haldiram’s,247.0,6.6,46.1,4.0,0.2,off:8904063210241,OFF,Indian (packaged),0
Haldiram Nut Cracker,Haldiram's,634.0,20.0,26.0,50.0,,off:8904063240019,OFF,Indian (packaged),2
Phulka Roti,Haldiram's,283.3,8.33,48.33,5.83,5.0,off:8904063253682,OFF,Indian (packaged),0
Dal Makhani,Haldiram's,119.7,3.52,11.27,7.04,2.11,off:8904063281555,OFF,Indian (packaged),0
Fried rice with manchurian,Haldiram's,160.7,3.21,22.14,6.43,1.43,off:8904063211408,OFF,Indian (packaged),0
Soya Sticks,Haldiram's,554.0,7.46,45.0,38.21,,off:8904004400229,OFF,Indian (packaged),0
Paneer tikka masala,Haldiram's,240.0,7.0,9.0,20.0,5.0,off:8904004442212,OFF,Indian (packaged),0
Bhujia,Haldiram's,579.6,14.1,39.0,40.8,,off:8904063240071,OFF,Indian (packaged),1
Gup Shup Peanuts,Haldiram's,561.0,12.0,45.0,37.0,,off:8904063251480,OFF,Indian (packaged),1
Tea time khari,Haldiram's,561.0,7.9,51.6,35.9,,off:8904063254597,OFF,Indian (packaged),0
Punjabi Samosa Haldirams,Haldiram’s,294.0,4.4,34.0,15.5,,off:8904063211095,OFF,Indian (packaged),0
Strret Stlye Pani Puri,Haldiram's,347.0,4.17,59.7,9.72,2.78,off:8904063257529,OFF,Indian (packaged),2
Taka-tak,Haldiram's,551.0,5.99,55.2,34.06,0.0,off:8904004407617,OFF,Indian (packaged),1
Madrasi Mixture,Haldiram's,588.5,10.5,43.1,41.5,,off:8908013161928,OFF,Indian (packaged),0
Minute Khana Dilli Style Choley,Haldiram's,209.0,5.3,18.3,12.7,1.3,off:8904063236258,OFF,Indian (packaged),0
Paneer (Tofu) Onion Parath,Haldiram's,260.0,8.7,33.0,10.3,4.3,off:8904063224163,OFF,Indian (packaged),0
Good day butter cookies,Britannia,506.0,7.0,70.0,22.0,,off:6291007907124,OFF,Indian (packaged),0
Good Day,Britannia,517.0,7.0,66.0,25.0,,off:6291007907575,OFF,Indian (packaged),2
Britannia Treat,Britannia,492.0,5.0,73.0,20.0,,off:8901063031807,OFF,Indian (packaged),0
Good Day-Cashew Cookies,Britannia,514.7,5.88,67.65,23.53,0.0,off:8901063151352,OFF,Indian (packaged),1
Little Hearts Classic,Britannia,486.0,7.4,70.0,19.5,,off:8901063019027,OFF,Indian (packaged),3
BRITANNIA Jimjam,Britannia,499.5,1.0,73.0,19.0,,off:8901063242029,OFF,Indian (packaged),0
Treat Vanilla Creme,Britannia,497.5,5.2,71.7,21.1,,off:8901063033399,OFF,Indian (packaged),1
Good Day Cashew Cookies,Britannia,504.0,7.0,65.0,24.0,0.0,off:8901063093287,OFF,Indian (packaged),3
Tiger Krunch ChocoChips,Britannia,483.0,6.0,72.0,19.0,,off:8901063155442,OFF,Indian (packaged),1
"Good Day, Pista-Almond Cookies",Britannia,500.0,8.82,64.71,23.53,,off:0890106315137,OFF,Indian (packaged),0
Multi Grain Bread,Britannia,260.0,9.0,47.0,4.0,7.0,off:8901063338623,OFF,Indian (packaged),1
GoodDay Choco Chip,Britannia,493.0,5.0,71.0,21.0,,off:8901063004122,OFF,Indian (packaged),1
Britannia Sugar Free Digestive Biscuit,Britannia,455.0,8.0,56.0,24.0,2.0,off:0291007902187,OFF,Indian (packaged),1
Good day,Britannia,514.7,5.88,67.65,23.53,,off:8901063151376,OFF,Indian (packaged),1
Nice time cookies,Britannia,160.0,2.0,26.0,5.0,0.0,off:8901063136687,OFF,Indian (packaged),0
Marie Gold,Britannia,437.5,9.38,78.12,9.38,0.0,off:8901063151383,OFF,Indian (packaged),1
Good Day - Cashew Cookies,Britannia,512.0,7.0,67.0,24.0,0.0,off:8901063093522,OFF,Indian (packaged),8
cake nut & raisin,britannia,410.0,6.0,56.0,18.0,,off:8901063362871,OFF,Indian (packaged),1
Nutri choice,Britannia,500.0,5.88,67.65,23.53,,off:8901063165694,OFF,Indian (packaged),0
Treat,Britannia,483.9,6.45,74.19,19.35,0.0,off:8901063165847,OFF,Indian (packaged),0
Treat cream waffers,Britannia,559.0,1.5,17.0,35.0,,off:6291007910230,OFF,Indian (packaged),1
Marie gold,Britannia,453.1,9.38,78.12,12.5,,off:8901063151741,OFF,Indian (packaged),0
Good Day Chocochip Cookies,Britannia,500.0,6.06,69.7,21.21,,off:8901063165359,OFF,Indian (packaged),0
Toastea Milk Rusk,Britannia,451.0,9.0,79.0,11.0,,off:8901063151574,OFF,Indian (packaged),0
Vita marie gold,Britannia,4.0,2.0,24.0,3.5,0.0,off:6291007902204,OFF,Indian (packaged),1
Good Day Butter Cookies,Britannia,500.0,5.88,67.65,23.53,0.0,off:8901063151369,OFF,Indian (packaged),1
Treat,Britannia,516.1,3.23,70.97,22.58,0.0,off:8901063166042,OFF,Indian (packaged),0
Britannia Digestives  Original,Britannia,149.9,2.0,20.0,6.0,2.0,off:8901063136809,OFF,Indian (packaged),1
Roll Yo!,Britannia,403.0,5.5,60.0,15.7,,off:8901063363281,OFF,Indian (packaged),0
Tiger biscuit,Britannia,437.5,6.25,75.0,12.5,0.0,off:8901063151260,OFF,Indian (packaged),0
Nutri choice digestive biscuits,Britannia,497.0,8.6,68.0,21.0,,off:8901063166318,OFF,Indian (packaged),0
Nutri choice,Britannia,452.0,8.0,78.0,12.0,,off:8901063138162,OFF,Indian (packaged),1
Chocolate Flavoured Premium Crème Wafers,Britannia,10.3,6.9,62.07,24.14,1.72,off:8901063151079,OFF,Indian (packaged),0
Treat Crazy Pineapple,Britannia,516.1,6.45,70.97,22.58,0.0,off:8901063166066,OFF,Indian (packaged),0
Britannia digestive sugar free,Britannia,130.0,2.0,17.0,7.0,1.0,off:6291007905588,OFF,Indian (packaged),0
"Good Day, Pista-Almond Cookies",Britannia,500.0,8.82,64.71,23.53,,off:890106315137,OFF,Indian (packaged),0
Cheese Slices,Britannia,309.0,17.0,4.0,25.0,,off:8901063401136,OFF,Indian (packaged),0
Good Day Cashew Cookies Medium Pack 600g,Britannia,504.0,7.0,65.0,24.0,0.0,off:8901063093355,OFF,Indian (packaged),2
Good day cashew cookies,Britannia,508.0,6.6,67.7,23.4,,off:8901063093393,OFF,Indian (packaged),0
Good day,Britannia,514.7,5.88,67.65,23.53,0.0,off:8901063151345,OFF,Indian (packaged),1
Britannia Marie Gold,Britannia,445.0,7.9,79.5,10.6,,off:8901063162648,OFF,Indian (packaged),0
Marie Gold,Britannia,445.0,7.9,79.5,10.6,0.0,off:8901063162600,OFF,Indian (packaged),1
Jim Jam,Britannia,483.0,5.0,73.0,19.0,,off:8901063029217,OFF,Indian (packaged),1
Atta Kulcha Bread,Britannia,298.0,8.5,56.2,4.3,4.4,off:8901063341241,OFF,Indian (packaged),0
Nutri choice crakers,Britannia,463.0,10.0,72.0,15.0,,off:8901063026162,OFF,Indian (packaged),1
Vita maríe,Britannia,449.0,7.3,79.3,11.4,,off:8901063014299,OFF,Indian (packaged),2
Britannia Winkin cow thick lassi,Britannia,62.0,1.2,11.6,1.2,,off:8901063146297,OFF,Indian (packaged),0
Britannia Cake Gobbles 35g,Britannia,416.0,6.0,58.3,17.7,,off:8901063365384,OFF,Indian (packaged),0
Br Marie gold 10,Britannia,445.0,8.4,78.9,10.7,0.0,off:8901063162327,OFF,Indian (packaged),2
Digestives Sugar Free,Britannia,465.5,6.9,58.62,24.14,,off:6291007902181,OFF,Indian (packaged),5
Little hearts,Britannia,500.0,6.06,69.7,21.21,0.0,off:8901063165618,OFF,Indian (packaged),0
Hazelnut flavoured with cream wafers,Britannia,520.0,6.67,63.33,26.67,1.67,off:6291007500424,OFF,Indian (packaged),1
Bourbon,Britannia,484.0,6.0,73.0,18.0,,off:8901063136311,OFF,Indian (packaged),1
Premium cream wafers,Britannia,466.7,6.67,53.33,26.67,,off:8901063151208,OFF,Indian (packaged),1
Good Day Rich Pistachio and Almond Cookies,Britannia,495.0,7.0,60.0,25.0,,off:6291007907599,OFF,Indian (packaged),0
Bourbon,Britannia,484.8,6.06,72.73,18.18,0.0,off:6291007905878,OFF,Indian (packaged),0
Britannia Toastea Milk Rusk,Britannia,450.0,9.38,78.12,10.94,0.0,off:8901063165861,OFF,Indian (packaged),0
Britannia Toastea,Britannia,439.0,8.5,82.0,9.0,,off:8901063325098,OFF,Indian (packaged),0
Little hearts,Britannia,486.0,7.4,70.0,19.5,0.0,off:8901063019140,OFF,Indian (packaged),1
Winkin Cow,Britannia,119.0,3.1,16.7,4.4,,off:8901063146334,OFF,Indian (packaged),0
Treat Cream Wafers,Britannia,513.0,6.3,67.5,24.2,0.0,off:8901063032323,OFF,Indian (packaged),0
Good Day,Britannia,508.0,6.6,67.7,23.4,,off:8901063093485,OFF,Indian (packaged),0
Chunkies,Britannia,446.4,3.57,60.71,21.43,1.79,off:6291007911480,OFF,Indian (packaged),0
Britannia treat Croissant Mixed Fruit,Britannia,404.0,5.5,59.0,16.2,,off:8901063032484,OFF,Indian (packaged),1
Marie Gold 400g (1),Britannia,453.0,8.3,77.5,12.2,,off:8901063023956,OFF,Indian (packaged),0
Vita Marie GOLD,Britannia,449.0,7.3,79.3,11.4,,off:8901063014312,OFF,Indian (packaged),3
Treat,Britannia,520.0,6.67,63.33,26.67,1.67,off:6291007910209,OFF,Indian (packaged),1
Good Day,Britannia,517.0,7.0,66.0,25.0,,off:6291007907872,OFF,Indian (packaged),1
Tiger Krunch Chocochips,Britannia,438.0,6.0,72.0,19.0,,off:8901063155282,OFF,Indian (packaged),1
Bourbon,Britannia,488.0,2.7,72.0,20.0,,off:8901063139206,OFF,Indian (packaged),1
Nutri choice,Britannia,456.0,5.88,61.8,20.6,2.94,off:6291007905564,OFF,Indian (packaged),0
Cheese Slice,Britannia,309.0,17.0,4.0,25.0,,off:8901063410282,OFF,Indian (packaged),0
Nutri choice,Britannia,409.0,9.09,59.1,15.9,2.27,off:6291007912692,OFF,Indian (packaged),0
Bourbon Choco biscuits,Britannia,480.0,6.06,76.0,18.0,,off:8901063136441,OFF,Indian (packaged),1
Milk Bikis,Britannia,454.0,7.0,45.0,14.0,,off:8901063012608,OFF,Indian (packaged),2
50 50,Britannia,487.0,7.0,72.0,19.0,0.0,off:8901063016880,OFF,Indian (packaged),1
Toastea Rusk,Britannia,432.0,9.0,80.0,8.0,,off:8901063325784,OFF,Indian (packaged),2
Nutri Choice Sugar Free Crackers,Britannia,463.0,10.0,72.0,15.0,,off:8901063026278,OFF,Indian (packaged),1
Good Day Butter 600g,Britannia,500.0,6.8,69.5,21.7,0.0,off:8901063092501,OFF,Indian (packaged),1
Multi Grain Bread,Britannia,504.0,19.2,94.0,8.6,13.0,off:8901063343276,OFF,Indian (packaged),0
Finest Beef dripping,Britannia,900.0,0.0,0.0,100.0,,off:5000232881946,OFF,Indian (packaged),1
Nutri choise essentials,Britannia,478.0,7.0,72.0,18.0,10.0,off:3948063154025,OFF,Indian (packaged),0
biscafe,britannia,485.0,6.8,71.8,19.0,0.0,off:8901063365216,OFF,Indian (packaged),0
Milk Bikis,Britannia,454.0,7.0,75.0,14.0,,off:8901063012349,OFF,Indian (packaged),2
Thin arrowroot biscuits,Britannia,452.0,8.0,78.0,12.0,,off:8901063138155,OFF,Indian (packaged),2
Britannia 50 Piece Little Hearts,Britannia,165.0,2.0,23.0,7.0,,off:8901063203198,OFF,Indian (packaged),2
Good Day,Britannia,501.0,7.0,62.0,25.0,,off:6291007907889,OFF,Indian (packaged),4
Oats Almond & Milk Cookies,Britannia,500.0,5.88,70.59,20.59,5.88,off:8901063165687,OFF,Indian (packaged),0
50 50 Golmaal,Britannia,508.0,6.4,68.4,23.2,,off:8901063017719,OFF,Indian (packaged),1
Jimjam 460g,Britannia,483.0,5.0,76.0,19.0,0.0,off:8901063029286,OFF,Indian (packaged),1
Good Day Harmony,Britannia,513.0,7.2,64.8,25.0,,off:8901063091023,OFF,Indian (packaged),2
Fruit cake,Britannia,380.0,4.0,56.0,16.0,0.0,off:6291007904659,OFF,Indian (packaged),1
100% Whole Wheat Sandwich Bread,Britannia,245.0,8.3,50.7,2.0,,off:8901063342934,OFF,Indian (packaged),2
Britannia Chocolate Chip,Britannia,448.0,6.4,64.0,19.2,0.0,off:6291007905281,OFF,Indian (packaged),1
Good day - Cashew Cookies,BRITANNIA,500.0,6.25,62.5,25.0,,off:6291007909449,OFF,Indian (packaged),0
Pistachio-almond Cookies,Britannia,519.0,7.41,63.0,25.9,0.0,off:6291007901030,OFF,Indian (packaged),1
Brown bread,Britannia,248.0,7.9,51.6,1.5,3.0,off:8901063338685,OFF,Indian (packaged),3
Jimjam Pops,Britannia,500.0,5.1,79.2,21.7,,off:8901063029309,OFF,Indian (packaged),0
Britannia Toastea Milk Rusk,Britannia,451.7,10.0,77.0,11.0,0.0,off:8901063136762,OFF,Indian (packaged),1
Marie Gold,Britannia,445.0,8.4,78.9,10.7,,off:8901063023901,OFF,Indian (packaged),4
Milk Bikis,Britannia,462.0,7.69,73.1,15.4,,off:6291007901054,OFF,Indian (packaged),1
milk bikis,Britannia,500.0,7.0,68.5,22.0,,off:8901063035102,OFF,Indian (packaged),4
Britannia cake fruity fun,Britannia,417.0,6.1,58.0,17.8,,off:8901063363779,OFF,Indian (packaged),1
Toastea premium rusk,Britannia,433.0,9.0,80.7,8.3,0.0,off:8901063325609,OFF,Indian (packaged),1
Britannia Good day Chocolate Cookies 400g,Britannia,512.0,6.1,68.0,24.0,,off:8901063004139,OFF,Indian (packaged),2
Jimjam pops,Britannia,500.0,5.0,79.2,21.7,,off:8901063029316,OFF,Indian (packaged),1
Britannia nice time (8),Britannia,463.0,6.0,76.0,15.0,,off:8901063028227,OFF,Indian (packaged),1
5050 Golmaal,Britannia,484.0,7.0,72.6,18.4,0.0,off:8901063017795,OFF,Indian (packaged),0
Biscafe Biscuit 🍪,Britannia,485.0,6.8,71.8,19.0,,off:8901063365018,OFF,Indian (packaged),2
Hazeulnut flavetoud creme wafers,Britannia,160.0,2.0,20.0,8.0,0.0,off:8901063151031,OFF,Indian (packaged),1
The Laughing Cow,BRITANNIA,236.0,11.0,5.0,20.0,,off:8901063410312,OFF,Indian (packaged),0
Digestive original biscuits,Britannia,483.3,6.67,60.0,23.33,5.0,off:6291007910537,OFF,Indian (packaged),1
Treat Croissant Vanilla Créme,Britannia,455.0,6.8,49.7,25.5,,off:8901063032453,OFF,Indian (packaged),2
Treat Croissant,Britannia,465.0,6.4,48.7,27.2,0.0,off:8901063023453,OFF,Indian (packaged),0
Bourbon,Britannia,385.0,39.0,10.0,21.0,0.0,off:6291007906820,OFF,Indian (packaged),0
Digestive black seed,Britannia,140.0,2.0,17.0,10.0,,off:6291007909562,OFF,Indian (packaged),2
Toastea Suji Rusk,Britannia,435.5,6.45,80.65,9.68,,off:8901063325104,OFF,Indian (packaged),1
Good Day Cashew Cookies,Britannia,500.0,7.41,62.96,25.93,,off:6291007901597,OFF,Indian (packaged),1
Toastea,Britannia,439.0,8.5,82.0,9.0,,off:8901063151567,OFF,Indian (packaged),0
Britannia cake,britannia,405.0,5.0,50.0,17.0,0.0,off:8901063362857,OFF,Indian (packaged),1
5050,Britannia,491.0,7.0,55.0,27.0,,off:8901063136694,OFF,Indian (packaged),0
Brown bread,Britannia,246.0,8.4,51.0,1.6,3.0,off:8901063342910,OFF,Indian (packaged),1
Time pass 5050,Britannia,450.0,7.5,60.0,20.0,2.5,off:6291007906479,OFF,Indian (packaged),0
Milk Bikis,Britannia,459.0,7.4,77.0,13.5,0.0,off:8901063012530,OFF,Indian (packaged),2
Treat creme wafers,Britannia,569.0,4.0,55.0,37.0,,off:6291007910247,OFF,Indian (packaged),0
Britannia Nutri Choice Oats,Britannia,478.0,8.0,68.5,21.0,8.4,off:8901063142114,OFF,Indian (packaged),0
50-50 Maska Chaska,Britannia,502.0,7.0,60.0,26.0,0.0,off:8901063017481,OFF,Indian (packaged),1
Milk Bikis,Britannia,471.7,8.3,72.0,18.0,5.3,off:8901063012622,OFF,Indian (packaged),0
Good day,Britannia,150.0,2.0,8.0,10.0,,off:6291007900002,OFF,Indian (packaged),0
Good day,Britannia,500.0,5.88,67.65,23.53,,off:8901063151475,OFF,Indian (packaged),0
Tiger,Britannia,437.0,6.0,75.0,13.0,0.0,off:8901063136632,OFF,Indian (packaged),0
Marie GOLD,Britannia,10.0,8.0,77.0,12.0,5.0,off:8901063023949,OFF,Indian (packaged),1
Good Day Psta-Almond Cookies,Britannia,500.0,7.0,60.0,25.0,,off:6291007907131,OFF,Indian (packaged),0
50-50 sweet and salty,Britannia,487.0,7.0,72.0,19.0,,off:8901063016590,OFF,Indian (packaged),0
Butter cookies,Britannia,506.0,7.0,70.0,22.0,,off:6291007912104,OFF,Indian (packaged),0
Nutri Choice Digestive,Britannia,497.0,8.6,68.4,21.0,6.0,off:8901063142466,OFF,Indian (packaged),1
Britannia Good day pistachio almond cookies,Britannia,501.0,7.0,62.0,25.0,1.5,off:6291007903331,OFF,Indian (packaged),0
Toastea,Britannia,434.0,9.2,81.3,8.0,,off:8901063325074,OFF,Indian (packaged),0
BRITANNIA Maria good,Britannia,140.0,2.0,25.0,2.0,,off:6291007901061,OFF,Indian (packaged),0
Treat Buzzy Strawberry,Britannia,516.1,6.45,67.74,22.58,0.0,off:8901063166059,OFF,Indian (packaged),0
Good Day,Britannia,500.0,5.88,67.65,23.53,0.0,off:8901063151338,OFF,Indian (packaged),0
5050,Britannia,465.5,6.9,62.07,20.69,0.0,off:8901063136700,OFF,Indian (packaged),1
"Cream Cookies, Elaichi Creams",Britannia,500.0,2.78,72.22,22.22,,off:0291007904945,OFF,Indian (packaged),0
Britannina cake,Britannia,380.0,4.0,52.0,18.0,0.0,off:6291007904352,OFF,Indian (packaged),0
Gobbles Double Choco Cake,Britannia,380.0,4.0,52.0,18.0,0.9,off:6291007904345,OFF,Indian (packaged),0
Treat Jimjam,Britannia,483.0,5.0,73.0,19.0,,off:8901063029170,OFF,Indian (packaged),0
Milk Bikis,Britannia,482.8,6.9,75.86,13.79,0.0,off:6291007905359,OFF,Indian (packaged),0
Digestive light biscuits,Britannia,130.0,2.0,19.0,5.0,1.0,off:6291007905762,OFF,Indian (packaged),0
Milk Bikis,Britannia,500.0,5.88,32.35,20.59,0.0,off:8901063151505,OFF,Indian (packaged),1
Good day,Britannia,506.0,7.0,70.0,22.0,,off:1001612950,OFF,Indian (packaged),0
Wheat Rusk,Britannia,135.0,2.0,25.0,3.0,1.0,off:6291007904550,OFF,Indian (packaged),0
Good day,Britannia,506.0,7.0,70.0,22.0,,off:0001001612950,OFF,Indian (packaged),0
5050 Potazos Mint Magic,Britannia,480.0,7.5,70.2,18.8,,off:8901063017658,OFF,Indian (packaged),2
Brittania Maska chaska,Britannia,502.0,7.0,60.0,26.0,0.0,off:8901063017221,OFF,Indian (packaged),1
CAKE 100% VEG Gobbles fruity fun,Britannia,420.0,6.5,57.0,18.4,,off:8901063363748,OFF,Indian (packaged),0
Good Day,Britannia,500.0,5.88,67.65,23.53,0.0,off:8901063151499,OFF,Indian (packaged),1
BRITANNIA Cake Gobbles Fruity Fun,Britannia,417.0,6.1,58.0,17.8,,off:8901063363977,OFF,Indian (packaged),1
Milk Bikis,Britannia,471.0,8.3,72.0,17.8,5.3,off:8901063012660,OFF,Indian (packaged),0
Digestive Original,Britannia,480.0,6.67,60.0,23.33,4.67,off:8901063151024,OFF,Indian (packaged),2
Marie gold,Britannia,445.0,8.4,78.9,10.7,0.0,off:8901063162426,OFF,Indian (packaged),4
Little Hearts,Britannia,486.0,7.4,70.0,19.5,0.0,off:8901063019171,OFF,Indian (packaged),0
Little Hearts Biscuits,Britannia,485.0,6.06,69.7,21.2,0.0,off:8901063136250,OFF,Indian (packaged),2
Toastea Wheat Rusk,Britannia,435.0,6.4,80.0,10.0,,off:6291007906660,OFF,Indian (packaged),1
Little hearts,Britannia,488.0,7.0,70.0,24.5,,off:8901063019089,OFF,Indian (packaged),2
Gobbles Orange Bites cake,Britannia,416.0,6.0,58.3,17.7,,off:8901063363786,OFF,Indian (packaged),0
Brit 100% veg cake,Britannia,420.0,6.5,26.0,18.4,3.0,off:8901063365087,OFF,Indian (packaged),2
Tiger Crunch biscuit 400g,Britannia,483.0,6.0,72.0,19.0,,off:8901063155329,OFF,Indian (packaged),0
Gobbless Choco Chill Cake,Britannia,428.0,6.0,56.0,20.0,,off:8901063363809,OFF,Indian (packaged),1
Winkin cow thick Lassi classic,Britannia,62.0,1.2,11.6,1.2,,off:8901063146280,OFF,Indian (packaged),0
Tiger glucose biscuits,Britannia,457.0,7.5,76.6,13.4,,off:8901063163287,OFF,Indian (packaged),2
sandwich white bread,Britannia,254.0,7.4,52.6,2.4,,off:8901063342354,OFF,Indian (packaged),0
Vitarich Sandwich Premium White Bread,Britannia,252.0,8.2,51.2,1.5,,off:8901063342026,OFF,Indian (packaged),2
Britannia Digestives Sugar Free Biscuits,Britannia,600.0,6.66,60.0,23.3,,off:6291007902198,OFF,Indian (packaged),4
Milk Bikis,Britannia,428.6,7.14,67.86,14.29,0.0,off:8901063136434,OFF,Indian (packaged),2
Sugar Free Cracker Nature spice Jeera & Ajwain,Britannia,471.0,10.5,70.8,16.2,,off:8901063026209,OFF,Indian (packaged),0
50 50 Gol Maal,Britannia,508.0,6.4,68.4,23.2,0.0,off:8901063017702,OFF,Indian (packaged),6
Suji rusk,Britannia,439.0,8.5,82.0,9.0,,off:8901063166431,OFF,Indian (packaged),0
Nice time coconut biscuits,Britannia,470.6,5.88,76.47,14.71,2.94,off:6291007906318,OFF,Indian (packaged),0
Chocolate flavoured waffles,Britannia,500.0,6.25,62.5,25.0,0.0,off:8901063151048,OFF,Indian (packaged),0
Britannia Digestive Biscuit,Britannia,500.0,6.67,66.7,20.0,,off:8901063151284,OFF,Indian (packaged),1
Britannia Nutrichoice Oatmeal Cookies,Britannia,483.0,8.0,70.0,19.0,,off:8901063154049,OFF,Indian (packaged),1
Good day cookies,britannia,507.0,7.4,68.0,7.4,,off:8901063092433,OFF,Indian (packaged),2
NutriChoice,Britannia,500.0,7.0,70.0,20.0,,off:8901063136861,OFF,Indian (packaged),1
SWEET & SALTY,Britannia,487.0,7.0,72.0,19.0,,off:8901063016613,OFF,Indian (packaged),0
Premium Punjabi Cookies,Britannia,417.0,6.67,66.67,15.0,6.7,off:0291007906031,OFF,Indian (packaged),0
50-50,Britannia,502.0,7.0,60.0,26.0,,off:8901063017252,OFF,Indian (packaged),9
Britannia Good Day cashew cookies,Britannia,514.7,5.88,67.65,23.53,0.0,off:8901063151321,OFF,Indian (packaged),0
Good Day Chunkies Chocolate Chip Cookies,Britannia,520.0,8.0,64.0,28.0,0.0,off:8901063151444,OFF,Indian (packaged),0
5050 sweet and salty,Britannia,465.5,6.9,62.07,20.69,,off:6291007906417,OFF,Indian (packaged),1
Tiger Glucose Biscuits,Britannia,451.9,6.45,77.42,12.9,,off:8901063151437,OFF,Indian (packaged),0
Marigold,Britannia,468.8,9.38,78.12,12.5,0.0,off:8901063136274,OFF,Indian (packaged),1
Cow’s ghee,Britannia,925.9,0.0,0.0,99.7,,off:8901063405202,OFF,Indian (packaged),0
Biscafe,Britannia,516.1,6.45,74.19,19.35,0.0,off:8901063166592,OFF,Indian (packaged),0
Nutri Choice,Britannia,485.0,8.6,68.4,21.0,6.0,off:8901063142305,OFF,Indian (packaged),3
Good Day Butter Cookies,Britannia,494.0,7.0,67.0,22.0,,off:8901063092617,OFF,Indian (packaged),1
Bourbon,Britannia,488.0,5.0,72.0,20.0,,off:8901063139190,OFF,Indian (packaged),1
Britannia Cow's ghee,Britannia,194.1,0.0,0.0,20.9,0.0,off:8901063405011,OFF,Indian (packaged),1
Britannia Toastea Wheat Rusk,Britannia,135.0,2.0,25.0,3.0,1.0,off:8901063151055,OFF,Indian (packaged),0
Pure Magic Chocolush,Britannia,520.0,4.0,64.0,28.0,,off:8901063151543,OFF,Indian (packaged),1
nutri choice,Britannia,493.0,8.0,68.0,21.0,14.5,off:8901063142336,OFF,Indian (packaged),0
Bourbon Biscuits,Britannia,480.0,6.0,68.0,20.0,,off:6291007914566,OFF,Indian (packaged),0
BOURBON,Britannia,493.5,5.0,72.7,20.3,,off:8901063139374,OFF,Indian (packaged),6
Britannia Fudge It - Chocolate Brownie,Britannia,470.0,5.0,58.5,24.0,,off:8901063363359,OFF,Indian (packaged),0
Brit bourbon 150g (sys),Britannia,490.0,5.0,70.0,20.0,,off:8901063139213,OFF,Indian (packaged),2
Jimjam,Britannia,483.0,5.0,73.0,19.0,,off:8901063029279,OFF,Indian (packaged),3
Britannia bourbon 100g,Britannia,493.5,5.0,72.7,20.3,,off:8901063139336,OFF,Indian (packaged),6
Monaco Classic Biscuits,Parle,492.0,7.9,68.8,20.6,,off:8901719121432,OFF,Indian (packaged),1
Parle-G gold 75g,Parle,454.0,6.9,77.3,13.0,0.0,off:8901719125478,OFF,Indian (packaged),11
Hide & Seek Cashew Butter,Parle,510.0,6.8,66.6,24.0,,off:8901719106538,OFF,Indian (packaged),2
Parle Mazelo Candy,Parle,380.0,0.0,95.1,0.0,,off:8901719119040,OFF,Indian (packaged),1
Hide &seek,Parle,20.0,5.8,74.0,17.7,,off:8901719404412,OFF,Indian (packaged),0
Parle Hide&seek Fab Orange,Parle,499.0,4.0,71.0,22.0,,off:8901719656613,OFF,Indian (packaged),0
Kismi Toffee,Parle,416.0,2.1,81.2,9.2,0.0,off:8901719100864,OFF,Indian (packaged),0
Parle-G,Parle,15.0,6.9,77.3,13.0,,off:8901719123887,OFF,Indian (packaged),0
Krackjack,Parle,469.0,6.25,71.9,18.8,3.12,off:0723246221861,OFF,Indian (packaged),0
Parle-G Original Gluco Biscuits,Parle,454.0,6.9,77.3,13.0,,off:8901719117312,OFF,Indian (packaged),1
Hide & Seek,PARLE,479.0,5.9,73.4,18.0,0.0,off:8901719105913,OFF,Indian (packaged),3
Parle G Gluco Biscuits Milk wheat,Parle,454.0,6.9,77.3,13.0,0.0,off:8901719101007,OFF,Indian (packaged),0
Parle-G Original Gluco Biscuits,Parle,451.0,6.5,77.3,12.9,,off:8901719101045,OFF,Indian (packaged),1
Parle -G (800g),Parle,454.0,6.9,77.3,13.0,,off:8901719123894,OFF,Indian (packaged),3
Parle - G,Parle,461.0,7.09,78.0,12.4,1.77,off:8901719101038,OFF,Indian (packaged),1
Rusk,Parle,444.4,7.41,77.78,11.11,0.0,off:8901719902482,OFF,Indian (packaged),0
Parle-G,Parle,455.0,7.0,77.5,13.0,1.9,off:8901719904561,OFF,Indian (packaged),1
Magix Elaichi,Parle,467.0,5.6,76.0,15.6,,off:8901719103667,OFF,Indian (packaged),1
Monaco,Parle,494.0,7.8,68.4,21.0,,off:8901719116063,OFF,Indian (packaged),1
Fab vanilla,Parle,499.0,4.0,71.0,22.0,,off:8901719656811,OFF,Indian (packaged),0
Hide & Seek,Parle,470.0,5.9,73.4,18.6,,off:8901719117183,OFF,Indian (packaged),8
Rusk,Parle,429.6,7.41,80.74,8.89,,off:8901719901881,OFF,Indian (packaged),1
ParleG gold 75 g,Parle,462.0,6.7,75.9,14.6,,off:8901719124143,OFF,Indian (packaged),4
Parle-G,Parle,454.0,6.9,77.3,13.0,,off:8901719128462,OFF,Indian (packaged),7
Parle G,Parle,453.0,6.5,77.5,13.0,0.6,off:8901719301018,OFF,Indian (packaged),1
Kaccha mango bite,Parle,388.0,0.0,97.0,0.0,0.0,off:8901719240393,OFF,Indian (packaged),0
FESTO,PARLE,493.0,7.0,69.1,20.9,,off:8901719914959,OFF,Indian (packaged),0
Chatkeens Khatta Meetha mixture,Parle,558.0,8.9,54.1,34.0,,off:8901719120251,OFF,Indian (packaged),1
Mango bite,Parle,391.0,0.0,97.8,0.0,0.0,off:8901719210419,OFF,Indian (packaged),1
Milano,parle,518.0,3.2,67.0,25.8,,off:8901719115400,OFF,Indian (packaged),1
Kreams,Parle,454.5,6.06,75.76,15.15,,off:0723246285696,OFF,Indian (packaged),0
Kreams Gold Pineapple,Parle,150.0,2.0,25.0,5.0,1.0,off:0723246286877,OFF,Indian (packaged),0
Fab strawberry,Parle,400.0,4.0,68.0,24.0,0.0,off:8901719656712,OFF,Indian (packaged),1
Kreams gold,Parle,484.8,6.06,72.73,18.18,1.52,off:8901719306235,OFF,Indian (packaged),0
Monaco Cheeslings,Parle,492.0,8.8,67.7,20.7,,off:8901719112645,OFF,Indian (packaged),0
Fab! Bourbon,Parle,472.0,5.2,75.3,16.7,,off:8901719123429,OFF,Indian (packaged),0
Kreams Gold Pineapple,Parle,454.5,6.06,75.76,15.15,,off:8901719906145,OFF,Indian (packaged),1
Hide & Seek Black Bourbon,Parle,470.0,5.2,75.7,16.3,,off:8901719112492,OFF,Indian (packaged),0
Black Bourbon,Parle Platina,470.0,5.2,75.7,16.3,,off:8901719123085,OFF,Indian (packaged),1
Rusk,Parle,434.0,7.6,80.4,9.1,,off:8901719101625,OFF,Indian (packaged),1
Hide And Seek,Parle,479.0,5.9,103.0,0.4,,off:3948719100369,OFF,Indian (packaged),1
HIDE & SEEK Choco Chip Creme Sandwiches,Parle,500.0,4.5,70.4,22.3,0.0,off:3948719127465,OFF,Indian (packaged),0
Marie,Parle,451.0,7.7,77.2,12.4,,off:8901719129018,OFF,Indian (packaged),0
poppins,Parle,385.0,0.0,96.3,0.0,0.0,off:8901719127144,OFF,Indian (packaged),0
"Rusk Milk, Premium Rusk",Parle,433.0,8.3,80.0,8.9,,off:3948719902567,OFF,Indian (packaged),0
Hide and seek,Parle,472.7,3.64,76.36,18.18,0.0,off:8901719104046,OFF,Indian (packaged),1
Parle-G Original Gluco Biscuits,Parle,466.7,6.67,76.67,13.33,,off:8901719902413,OFF,Indian (packaged),2
Appy fizz,Parle,51.8,0.0,12.95,0.0,0.0,off:8902579002442,OFF,Indian (packaged),1
Krackjack  the original,Parle,489.0,6.8,70.4,20.0,,off:8901719103032,OFF,Indian (packaged),1
Parle-g,Parle,454.0,6.9,77.3,13.0,0.0,off:8901719124723,OFF,Indian (packaged),1
Hide and seek chocolate chip cookies,Parle,479.0,5.9,73.4,18.0,,off:8901719305917,OFF,Indian (packaged),0
Kreams Bourbon,Parle,464.3,3.57,75.0,17.86,0.0,off:8901719306846,OFF,Indian (packaged),0
Kreams - Gold Cardamom,Parle,454.5,6.06,75.76,15.15,1.52,off:8901719506345,OFF,Indian (packaged),0
Cream Crackers,Parle,0.0,9.2,72.7,15.3,,off:8901719913457,OFF,Indian (packaged),0
Mozelo,Parle,386.4,0.0,96.6,0.0,,off:8901719111532,OFF,Indian (packaged),0
Rol a cola,Parle,391.0,0.0,97.8,0.0,,off:8901719117060,OFF,Indian (packaged),1
Black bourbon crème sandwich,Parle,470.0,5.2,75.9,16.1,,off:8901719101441,OFF,Indian (packaged),0
Murano chocolate chip cookies,Parle,517.0,0.0,67.1,25.7,1.1,off:8901719707490,OFF,Indian (packaged),1
Kaccha MANGO Bite (Bigger),Parle,388.0,0.0,97.0,0.0,0.0,off:8901719119279,OFF,Indian (packaged),0
Namkeen - Moong dal,Parle,493.0,21.5,54.5,21.0,,off:8901719106781,OFF,Indian (packaged),0
The English marie,Parle,466.7,6.67,80.0,11.67,,off:0723246141275,OFF,Indian (packaged),1
Parle-G Original Gluco Biscuits,Parle,454.0,6.8,76.0,13.0,0.0,off:8901719121852,OFF,Indian (packaged),0
Fab! Strawberry,Parle,520.0,4.0,68.0,24.0,,off:0723246310138,OFF,Indian (packaged),0
Parle Namkeen &quot;Moong Dal&quot; 400GM,Parle,493.0,21.5,54.5,21.0,,off:8901719106828,OFF,Indian (packaged),0
Krack Jack,Parle,489.0,6.8,70.5,19.9,,off:8901719120732,OFF,Indian (packaged),1
Monaco,Parle,492.0,7.9,68.8,20.6,,off:8901719120756,OFF,Indian (packaged),1
Parle Bode&seek 120g(26),Parle,478.0,5.8,73.6,17.8,0.0,off:8901719116520,OFF,Indian (packaged),2
Hide&seek bisc,Parle,479.0,5.9,73.3,18.0,,off:8901719123139,OFF,Indian (packaged),2
Magix,Parle,477.0,7.0,72.6,17.6,,off:8901719101311,OFF,Indian (packaged),1
Parle Marie Cookies,Parle,467.0,6.67,80.0,11.7,1.67,off:0723246285368,OFF,Indian (packaged),0
Monaco,Parle,483.0,6.9,65.5,20.7,1.72,off:8901719102035,OFF,Indian (packaged),1
Hide and seek,Parle,480.0,5.8,73.1,18.3,,off:8901719130144,OFF,Indian (packaged),0
Parle-g Glucose Biscuits,Parle,454.0,6.8,77.3,13.0,,off:8901719101090,OFF,Indian (packaged),5
kaccha mango,parle,380.0,0.0,95.1,0.0,0.0,off:8901719126376,OFF,Indian (packaged),0
Parle 20-20 Cashew Cookies,Parle,495.0,7.0,69.1,21.2,,off:8901719131141,OFF,Indian (packaged),0
Parle Bis Hide &seek,Parle,161.3,3.0,29.7,3.3,,off:8901719100369,OFF,Indian (packaged),1
Cheeselings - Classic,Parle,489.0,8.2,69.0,20.0,,off:8901719103520,OFF,Indian (packaged),1
Rusk Real Premium Elaichi,Parle,434.0,7.6,55.3,9.1,,off:8901719117251,OFF,Indian (packaged),1
Kismi - Assorted Toffees,Parle,416.0,2.1,81.2,9.2,,off:8901719119248,OFF,Indian (packaged),0
Parle-G,Parle,464.3,7.14,78.57,12.5,1.79,off:85672871,OFF,Indian (packaged),0
Kreams gold,Parle,454.5,6.06,75.76,15.15,1.52,off:8901719911729,OFF,Indian (packaged),0
gold orange,Parle,454.5,6.06,75.76,15.15,1.52,off:8901719906053,OFF,Indian (packaged),0
Rusk,Parle,49.3,0.99,8.87,0.99,0.25,off:0685450116817,OFF,Indian (packaged),0
Parle-G Oats & berries,Parle,445.0,7.2,78.8,11.2,,off:8901719128004,OFF,Indian (packaged),0
Hide and seek choco rolls,Parle,522.0,4.6,65.9,26.7,,off:8901719126505,OFF,Indian (packaged),1
Hide & Seek Black Bourbon Creme Sandwich - Vanilla,Parle,467.0,3.33,76.7,16.7,0.0,off:8901719101397,OFF,Indian (packaged),1
Frooti,Parle,65.0,0.0,16.2,0.0,,off:8902579103057,OFF,Indian (packaged),2
Happy Happy Choco-Chip Cookies,Parle,489.0,5.8,71.3,20.1,,off:8901719124044,OFF,Indian (packaged),1
Parle G,PARLE,454.0,6.9,77.3,13.0,,off:8901719121746,OFF,Indian (packaged),5
Nice,Parle,478.0,6.5,72.8,17.9,,off:8901719119385,OFF,Indian (packaged),0
Happy-happy Chico-chips cookies,Parle,488.0,5.4,72.0,19.0,,off:8901719404115,OFF,Indian (packaged),2
Hide & Seek,Parle,482.0,6.0,74.0,18.0,0.0,off:8901719100826,OFF,Indian (packaged),1
Melody,Parle,434.0,2.6,77.1,12.8,,off:8901719111693,OFF,Indian (packaged),0
Choco rolls,Parle,522.0,4.6,65.9,26.7,,off:8901719107870,OFF,Indian (packaged),2
Hide & Seek Caffé Mocha,Parle,478.0,5.8,73.6,17.8,,off:8901719117206,OFF,Indian (packaged),0
SMOODH CHOCLATE FLAVORED MILK,SMOODH,83.8,2.3,14.6,1.8,,off:8902579002497,OFF,Indian (packaged),0
Mtr Ready To Eat Shahi Paneer,Mtr,125.0,5.0,11.0,6.8,,off:8901042957005,OFF,Indian (packaged),1
Idli Karam Podi,MTR,304.0,13.4,35.2,12.2,,off:8901042971155,OFF,Indian (packaged),0
Karivepaku Podi,MTR,294.0,12.5,29.7,13.9,,off:8901042971179,OFF,Indian (packaged),1
Uttapam mix 500 g,MTR,351.0,11.0,70.0,3.0,6.0,off:8901042958439,OFF,Indian (packaged),1
Palak Paneer,MTR,100.0,3.33,4.0,8.67,1.33,off:8901042955995,OFF,Indian (packaged),1
Idli/Dosa/Chilly Chutney Powder,MTR,302.0,21.6,48.6,2.4,,off:8901042958361,OFF,Indian (packaged),0
Badam drink mix,MTR,382.4,4.8,80.0,4.8,1.1,off:8901042954677,OFF,Indian (packaged),2
Minute Fresh Idli Batter,MTR,127.0,4.9,25.0,0.8,,off:8901042970738,OFF,Indian (packaged),0
Minute Fresh Dosa Batter,MTR,146.0,4.4,30.6,0.7,,off:8901042970745,OFF,Indian (packaged),0
Paneer Butter Masala,MTR,122.0,5.0,3.0,10.0,,off:8901042957319,OFF,Indian (packaged),0
Paneer Tikka Masala,MTR,122.0,5.3,13.0,5.6,,off:8901042959191,OFF,Indian (packaged),0
Mtr Inst. Badam Drink,MTR,389.0,5.0,81.0,5.0,,off:8901042954622,OFF,Indian (packaged),1
MTR Ready-To-Eat Rajma Masala,MTR,80.0,4.67,11.33,2.0,4.0,off:8901042956213,OFF,Indian (packaged),0
Seviyan Vermicelli,MTR,362.0,11.0,78.6,0.4,,off:8901042970035,OFF,Indian (packaged),0
Rava idli,MTR,404.0,10.0,73.0,8.0,4.2,off:8901042957074,OFF,Indian (packaged),1
Dal Makhani,MTR,86.7,3.33,6.67,5.33,3.33,off:8901042957517,OFF,Indian (packaged),2
Lemon Rice,MTR,226.0,2.96,31.2,10.0,0.0,off:8901042956763,OFF,Indian (packaged),0
Dosa,MTR,362.0,12.0,65.0,6.0,5.5,off:8901042958279,OFF,Indian (packaged),1
MTR Pav Bhaji (10.56 Oz),Mtr,86.7,1.33,8.0,5.33,2.0,off:0840965000789,OFF,Indian (packaged),0
Vemicelli,MTR,331.0,11.0,70.0,0.8,0.0,off:8901042971483,OFF,Indian (packaged),1
MTR POHA,MTR,249.0,4.8,40.3,7.2,1.8,off:8901042967325,OFF,Indian (packaged),2
Multigrain Dosa,MTR,388.6,13.0,72.0,5.4,8.0,off:8901042964478,OFF,Indian (packaged),1
Rava idli,MTR,365.0,1.5,63.0,8.0,,off:8901042954516,OFF,Indian (packaged),1
Kandi Podi,MTR,313.0,19.9,49.0,4.2,,off:8901042971162,OFF,Indian (packaged),0
MTR Sambar,MTR,52.0,1.5,7.0,2.0,,off:8901042956992,OFF,Indian (packaged),1
Badam drink mix,Mtr,400.0,6.67,80.0,6.67,0.0,off:0840965001687,OFF,Indian (packaged),0
3 minute breakfast vegetable upma,MTR,418.0,8.0,71.0,11.3,3.1,off:8901042969046,OFF,Indian (packaged),0
MTR DOSA,MTR,377.8,13.33,64.44,6.67,6.67,off:8901042957968,OFF,Indian (packaged),0
Mutrar Paneer,MTR,133.3,4.67,6.0,10.0,2.0,off:8901042957852,OFF,Indian (packaged),0
Khaman Dhokla,MTR,333.3,13.33,66.67,3.33,3.33,off:8901042958286,OFF,Indian (packaged),1
Alu Methi,MTR,83.0,1.6,8.1,4.9,,off:8901042957104,OFF,Indian (packaged),0
MTR Veggie Upma,MTR,252.0,4.8,41.7,6.8,2.0,off:8901042968940,OFF,Indian (packaged),0
Classic Dahi,Mother Dairy,62.0,3.7,5.0,3.0,,off:8901648026167,OFF,Indian (packaged),0
Vanilla flavoured Medium Fat Ice Cream,Mother Dairy,168.0,3.5,21.5,7.5,,off:8901648021629,OFF,Indian (packaged),0
Super T Milk,Mother Dairy,73.0,3.1,4.8,4.6,,off:8901648923039,OFF,Indian (packaged),0
Strawberry Crush Ice Cream,Mother Dairy,204.0,3.5,23.6,10.6,,off:8901648090151,OFF,Indian (packaged),0
Cow Milk,Mother Dairy,68.0,3.1,4.8,4.1,,off:8901648920120,OFF,Indian (packaged),0
Mother Dairy Probiotic Tadka Chach,Mother Dairy,20.0,1.2,1.2,1.2,0.0,off:8901648002444,OFF,Indian (packaged),0
Mother Dairy Super-T Milk,Mother Dairy,59.0,3.1,4.8,3.1,,off:8901648923138,OFF,Indian (packaged),0
Classic Vanilla Ice Cream,Mother Dairy,168.0,3.5,21.5,7.5,,off:8901648025887,OFF,Indian (packaged),0
Mother Dairy Ultimate Dahi,Mother Dairy,75.0,3.7,5.0,4.5,0.0,off:8901648097983,OFF,Indian (packaged),1
Toned Milk,Mother Dairy,59.0,3.1,4.7,3.1,,off:8901648921332,OFF,Indian (packaged),0
Mother Dairy Curd,Mother Dairy,62.0,3.7,5.0,3.0,,off:8901648001546,OFF,Indian (packaged),0
Nutrifit probiotic dahi,Mother Dairy,50.0,3.9,5.2,1.5,,off:8901648096955,OFF,Indian (packaged),0
Mother Dairy Full Cream Milk,Mother Dairy,89.0,3.3,5.0,6.2,,off:8901648920236,OFF,Indian (packaged),0
Rocket Vannila Ice Cream,Mother Dairy,288.0,4.9,42.9,10.8,,off:8901648000174,OFF,Indian (packaged),0
Mother Dairy Butter,Mother Dairy,723.0,0.3,0.4,80.0,,off:8901648091325,OFF,Indian (packaged),0
Mother Dairy Super-T Milk,Mother Dairy,56.0,3.1,4.8,3.1,,off:8901648922827,OFF,Indian (packaged),0
Aashirvaad Vermicilli,Aashirvaad,349.0,9.5,77.9,0.4,,off:8901725118846,OFF,Indian (packaged),0
Yippee Atta Noodles,Aashirvaad,428.0,9.7,64.3,16.3,7.5,off:8901725005214,OFF,Indian (packaged),0
Multi -Millet Mix,Aashirvaad,363.0,9.6,76.7,4.3,10.8,off:8901725000899,OFF,Indian (packaged),1
Ready To Cook Chapati,Aashirvaad,250.0,8.3,46.5,5.5,9.3,off:8901725110536,OFF,Indian (packaged),0
Aashirvaad svasti Paneer Slices,Aashirvaad,290.0,18.0,2.7,23.0,,off:8901725013318,OFF,Indian (packaged),0
Aashirvaad Paratha,Aashirvaad,342.0,13.7,41.3,13.5,,off:8901725001896,OFF,Indian (packaged),0
Phulka Roti,Aashirvaad,269.0,8.3,46.5,5.5,9.3,off:8901725001902,OFF,Indian (packaged),0
Wheat flour,Aashirvaad,363.0,10.6,76.0,1.9,,off:8901725150105,OFF,Indian (packaged),1
Aashirvaad Double Roasted Suji Rava,Aashirvaad,360.0,11.0,77.5,0.7,,off:8901725001063,OFF,Indian (packaged),0
Whole Wheat Flour,Aashirvaad,369.0,10.8,77.4,1.8,11.1,off:8901725121181,OFF,Indian (packaged),1
Superior MP Atta,Aashirvaad,338.0,10.7,78.0,1.3,10.4,off:8901725121747,OFF,Indian (packaged),2
Aashirvaad Instant Khatta Meetha Poha,Aashirvaad,397.0,7.2,72.6,9.3,,off:8901725114015,OFF,Indian (packaged),0
Bansi Rava,Aashirvaad,362.0,11.1,76.8,1.1,,off:8901725001087,OFF,Indian (packaged),0
Bansi Rava,Aashirvaad,382.0,11.1,76.0,1.1,,off:8901725001094,OFF,Indian (packaged),1
iodized salt,aashirvaad,0.0,0.0,0.0,0.0,0.0,off:8901725123123,OFF,Indian (packaged),1
Aashirvaad svasti,Aashirvaad,897.0,0.0,0.0,99.7,,off:8901725111625,OFF,Indian (packaged),0
potato chips,bikaji,559.0,7.0,52.0,36.0,4.0,off:8906005506979,OFF,Indian (packaged),0
Pudina treat chips,Bikaji,560.0,6.67,53.3,33.3,6.67,off:8906005504449,OFF,Indian (packaged),0
Chowpati Bhelpuri,Bikaji,478.0,11.11,44.44,28.15,4.8,off:0906005504867,OFF,Indian (packaged),0
Nashta Murukku Chakri,Bikaji,485.0,9.26,62.96,21.48,7.0,off:0906005503938,OFF,Indian (packaged),0
Soan Papdi,BIKAJI,542.0,5.0,60.0,28.0,,off:8906005504111,OFF,Indian (packaged),0
"Jhalmuri, Lite",Bikaji,543.0,14.29,60.71,28.57,4.6,off:0906005503211,OFF,Indian (packaged),0
Coated peanut nut cracker,Bikaji,610.0,21.0,25.0,46.0,7.0,off:8906005501158,OFF,Indian (packaged),1
Chowpati bhel,Bikaji,157.0,3.41,13.21,10.12,1.87,off:8906005504869,OFF,Indian (packaged),1
Bikaji mobile bhel chowpati bhelpuri,Bikaji,564.0,13.0,45.0,37.0,8.0,off:8906005508904,OFF,Indian (packaged),0
Tana-bana,Bikaji,534.0,11.0,55.0,30.0,8.0,off:8906005504395,OFF,Indian (packaged),0
Aloo Bhujia Tana-Tan,Bikaji,579.0,10.0,43.0,40.0,5.0,off:8906005500335,OFF,Indian (packaged),2
Bikaneri bhujia,Bikaji,602.0,14.0,34.0,45.0,,off:8906005500052,OFF,Indian (packaged),1
Chatpata matar,Bikaji,470.0,20.0,60.0,20.0,5.0,off:8906005502513,OFF,Indian (packaged),0
Sub-Kuch Navratna Mix,Bikaji,514.7,17.86,39.29,28.57,7.14,off:8906005500892,OFF,Indian (packaged),0
Bikaji (moong Dal) 400GM,Bikaji,476.0,23.0,49.0,20.0,3.0,off:8906005501080,OFF,Indian (packaged),1
Bikaji Kaju Katli,Bikaji,500.0,12.5,58.3,25.0,,off:8906005508867,OFF,Indian (packaged),1
All-in-one kuch-kuch,Bikaji,588.0,14.0,38.0,42.0,0.0,off:8906005501288,OFF,Indian (packaged),2
chips mast masala,Bikaji,157.0,2.0,14.0,10.0,1.0,off:8906005504548,OFF,Indian (packaged),0
POTATO WAFERS,balaji,559.0,6.4,53.8,35.3,,off:8906010500016,OFF,Indian (packaged),1
CHRUNCHEX,Balaji,545.0,7.5,55.0,30.7,,off:8906010503611,OFF,Indian (packaged),0
poprings,balaji,491.0,6.6,64.9,22.8,,off:8906010501419,OFF,Indian (packaged),2
Pop Rings,Balaji,493.8,7.05,67.02,21.16,0.0,off:8906010505431,OFF,Indian (packaged),0
Balaji Wafers,Balaji,526.0,4.8,58.1,30.5,,off:8906010500139,OFF,Indian (packaged),1
Balaji Wafers Rumbles Potato Chips Pudina Twist flavour,Balaji,541.0,7.3,54.6,31.1,,off:8906010501952,OFF,Indian (packaged),1
masala masti,Balaji,539.0,7.4,56.9,29.5,8.5,off:8906010500047,OFF,Indian (packaged),0
Balaji Wafers Chaat Chaska,Balaji,545.0,7.4,53.5,32.2,6.2,off:8906010500535,OFF,Indian (packaged),1
balaji wafers chataka pataka,Balaji,514.0,7.0,63.3,25.0,,off:8906010500764,OFF,Indian (packaged),1
Shing Bhujia,Balaji,640.0,20.3,26.5,47.4,,off:8906010500290,OFF,Indian (packaged),0
Navratan mixture,Bikano,590.4,14.6,42.1,40.4,,off:8901414000827,OFF,Indian (packaged),1
Ganthiya острые палочки из нутовой муки,Bikano,597.8,11.7,32.0,47.0,,off:8901414000674,OFF,Indian (packaged),0
Bhakar Badi мини-рулеты с начинкой из нутовой муки с солью,Bikano,542.3,7.4,42.9,37.9,,off:8901414034853,OFF,Indian (packaged),0
Garlic Tandoori Naan,Bikano,310.0,8.0,56.0,6.0,0.0,off:8901414042117,OFF,Indian (packaged),0
Bikano,Bikano,523.0,5.9,55.0,31.1,,off:8901414000186,OFF,Indian (packaged),0
All Time Mixture,Bikano,533.0,13.3,46.7,33.3,0.0,off:8901414016392,OFF,Indian (packaged),0
Chana Almond Bite,Bikano,510.0,11.2,56.0,26.8,5.8,off:8901414040496,OFF,Indian (packaged),0
Mini Samosa,Bikano,514.8,9.7,45.2,32.8,,off:8901414041837,OFF,Indian (packaged),0
Хркстящая пряная смесь All in one,Bikano,545.8,11.3,43.7,36.2,,off:8901414015609,OFF,Indian (packaged),0
Chatak masala,Bikano,535.0,6.4,52.6,33.2,,off:8901414040151,OFF,Indian (packaged),1
Punjabi Samosa,BIKANO,262.0,5.0,32.5,12.5,0.0,off:8901414042308,OFF,Indian (packaged),0
Chole curry,Bikano,194.0,7.5,17.0,10.7,,off:8901414043930,OFF,Indian (packaged),0
Boondi хрустящие шарики из нутовой муки,Bikano,569.2,10.6,40.8,40.4,,off:8901414002555,OFF,Indian (packaged),0
Dal Makhani,Bikano,127.0,3.33,4.0,10.7,0.0,off:8901414042209,OFF,Indian (packaged),0
Papad Extra Crunchy Plain,Bikano,367.0,21.0,59.3,6.33,0.0,off:8901414042056,OFF,Indian (packaged),0
all time mixture,bikano,537.9,13.0,46.5,33.1,0.0,off:8901414016415,OFF,Indian (packaged),1
Bhelpuri Mixture Хрустящая смесь с воздушным рисом,Bikano,511.2,12.2,53.5,27.6,0.0,off:8901414001008,OFF,Indian (packaged),0
Malai Kofta,Bikano,307.0,6.0,8.67,27.3,0.0,off:8901414042322,OFF,Indian (packaged),0
Tasty — Spicy Coated Peanuts,Bikano,588.0,21.7,28.1,43.2,,off:8901414000766,OFF,Indian (packaged),0
Veg Dum Biryani,Bikano,224.0,8.8,27.2,8.8,0.0,off:8901414042254,OFF,Indian (packaged),0
Tandoori Naan,Bikano,304.0,7.8,55.6,5.6,,off:8901414042124,OFF,Indian (packaged),0
Bikaneri bhujia 450g,Bikano,600.0,13.33,33.33,46.67,0.0,off:8901414002494,OFF,Indian (packaged),0
Khatta Meetha Кисло-сладкая смесь,Bikano,556.0,8.6,49.2,36.1,,off:8901414000278,OFF,Indian (packaged),0
Kaju Pista Cookies,Bikano,500.0,6.67,60.0,26.7,0.0,off:8901414037465,OFF,Indian (packaged),0
Til Chikki,Bikano,500.0,10.0,60.0,23.3,0.0,off:8901414018174,OFF,Indian (packaged),0
Glucose Biscuits,Sunfeast,449.0,8.3,75.0,12.9,,off:8901725113520,OFF,Indian (packaged),1
Bounce Choco Twist,Sunfeast,467.0,6.8,74.3,15.9,,off:8901725134723,OFF,Indian (packaged),1
Marie Light,Sunfeast,445.0,9.1,77.4,11.0,,off:8901725114961,OFF,Indian (packaged),1
Mom's Magic,Sunfeast,504.0,6.5,67.0,23.3,0.0,off:8901725007652,OFF,Indian (packaged),1
Digestive,Sunfeast,474.0,7.7,68.4,20.2,6.2,off:8901725015565,OFF,Indian (packaged),0
Nice Sugar Sprinkled Biscuits,Sunfeast,475.0,7.5,72.4,17.23,,off:8901725134327,OFF,Indian (packaged),2
dark fantasy,Sunfeast,504.0,5.7,63.9,25.0,,off:8901725132873,OFF,Indian (packaged),3
Dark Fantasy Choco Meltz,Sunfeast,16.0,8.0,64.0,28.0,,off:0841905060214,OFF,Indian (packaged),0
Dark Fantasy Choco Fills LUXURIA,Sunfeast,520.0,8.0,64.0,28.0,,off:0841905060016,OFF,Indian (packaged),0
Marie Light,Sunfeast,441.0,8.3,77.6,11.5,3.0,off:8901725115029,OFF,Indian (packaged),0
Mom's Magic,Sunfeast,499.0,8.1,65.1,22.9,,off:8901725135485,OFF,Indian (packaged),0
Noodles,Sunfeast,330.0,7.0,44.0,14.0,3.0,off:0841905090037,OFF,Indian (packaged),0
farmlite oats & chocolate Cookies,Sunfeast,484.0,11.0,63.6,21.6,4.6,off:8901725004682,OFF,Indian (packaged),0
Sunfeast glucose biscuits,Sunfeast,437.0,7.1,78.8,10.4,,off:8901725113544,OFF,Indian (packaged),2
Pasta Treat,Sunfeast,366.0,11.1,73.4,3.2,,off:8901725135133,OFF,Indian (packaged),0
Dark fantasy,Sunfeast,482.0,5.3,73.5,18.6,,off:8901725132682,OFF,Indian (packaged),0
Yippee magic masala,Sunfeast,460.0,9.0,62.67,20.0,,off:8901725116736,OFF,Indian (packaged),2
Yippee,Sunfeast,471.4,10.0,62.86,18.57,4.29,off:0841905090105,OFF,Indian (packaged),1
Yippee Creamy Corn Pasta,Sunfeast,382.0,10.3,71.4,6.7,,off:8901725111663,OFF,Indian (packaged),1
Dark Fantasy BIG Choco Fills,Sunfeast,512.0,6.4,63.2,26.0,2.8,off:8901725136215,OFF,Indian (packaged),0
Yippee magic masala,Sunfeast,460.0,9.0,62.7,20.0,,off:8901725005917,OFF,Indian (packaged),0
Marie Light,Sunfeast,452.0,8.9,75.8,13.0,,off:8901725013042,OFF,Indian (packaged),0
Sunfeast glucose plus+,Sunfeast,440.0,7.1,79.0,10.6,,off:8901725000295,OFF,Indian (packaged),0
Sunfeast Yippee! noodles Magic Masala,ITC,459.0,9.0,62.6,20.1,,off:8901725116729,OFF,Indian (packaged),4
Sunfeast Mom's Magic Cashew & Almond,Sunfeast,499.0,7.9,67.2,22.1,,off:8901725013066,OFF,Indian (packaged),0
All Rounder,Sunfeast,471.0,7.2,66.7,19.5,0.0,off:8901725116071,OFF,Indian (packaged),1
Super Millets Ragi And Jowar Cookies,Sunfeast,496.0,6.2,56.7,27.9,3.2,off:8901725010805,OFF,Indian (packaged),0
Dark Fantasy Choco Fills,Sunfeast,513.0,5.3,64.3,26.5,,off:8901725015879,OFF,Indian (packaged),0
Big Vanilla Fills Biscuit,Sunfeast,528.0,4.0,65.2,27.6,1.6,off:8901725120306,OFF,Indian (packaged),0
Yippee Noodles,Sunfeast,459.0,9.0,62.6,20.1,0.0,off:8901725005887,OFF,Indian (packaged),0
Choco Fills,Dark Fantasy,513.0,5.3,64.3,26.5,,off:0961475015275,OFF,Indian (packaged),0
Dark Fantasy,Sunfeast,520.0,8.0,64.0,24.0,4.0,off:0841905060412,OFF,Indian (packaged),0
Dark fantasy,Sunfeast,520.0,6.4,63.2,27.2,2.4,off:8901725132934,OFF,Indian (packaged),0
Oats chocolate,Sunfeast,483.0,11.0,63.6,21.6,4.6,off:8901725135010,OFF,Indian (packaged),0
Yipee noodles magic masala,Sunfeast,471.4,8.57,65.71,20.0,4.29,off:0841905090006,OFF,Indian (packaged),0
Moms magic Cashew & Almonds,Sunfeast,459.0,7.9,67.2,22.1,,off:8901725119423,OFF,Indian (packaged),3
Sunfeast Yippee noodles,Sunfeast,459.0,9.0,62.6,20.1,0.0,off:8901725119256,OFF,Indian (packaged),2
Sunfeast Mango Smoothie with Mango Chunks 300ml,Sunfeast,83.0,1.0,17.4,1.0,,off:8901725001230,OFF,Indian (packaged),2
Oats and Raisins Cookies,Sunfeast,464.0,7.5,68.0,19.5,6.9,off:8901725004675,OFF,Indian (packaged),2
Sunfeast  yeppi  noodles,Sunfeast,448.0,9.6,62.5,18.6,,off:8901725006006,OFF,Indian (packaged),0
Dark Fantasy Desserts Choco Chunks,Sunfeast,508.0,5.4,66.3,24.6,,off:8901725112646,OFF,Indian (packaged),0
Dark Fantasy,Sunfeast,504.0,5.7,63.9,25.0,,off:8901725132859,OFF,Indian (packaged),1
Tricolor pasta,Sunfeast,358.0,10.9,73.9,2.8,,off:8901725111670,OFF,Indian (packaged),1
Dark Fantasy Choco Fills,Sunfeast,520.0,7.3,61.6,27.2,,off:8901725101381,OFF,Indian (packaged),4
Marie light,Sunfeast,445.0,9.1,77.4,11.0,,off:8901725114862,OFF,Indian (packaged),0
Yippee magic masala noodles four in one pack,Sunfeast,459.0,9.0,62.6,20.1,,off:8901725117092,OFF,Indian (packaged),1
yippee!,sunfeast,488.0,9.6,62.5,18.6,0.0,off:8901725119201,OFF,Indian (packaged),0
Farmlite,Sunfeast,484.0,10.9,65.0,19.0,,off:8901725131128,OFF,Indian (packaged),1
Mom's magic nut biscotti,Sunfeast,491.0,8.0,65.8,21.8,,off:8901725136048,OFF,Indian (packaged),0
Cashew And Almond Biscuits,Sunfeast,493.0,6.58,65.8,23.0,3.29,off:0841905061518,OFF,Indian (packaged),0
Sunfeast Marie Light Vita Orange,Sunfeast,449.0,9.3,73.5,13.4,,off:8901725015435,OFF,Indian (packaged),0
Dark Fantasy Desserts Choco Nut Dipped,Sunfeast,548.0,5.2,61.1,31.5,,off:8901725116828,OFF,Indian (packaged),0
Šumski Mix,Bingo,59.0,0.7,11.0,1.4,2.4,off:3873508997854,OFF,Indian (packaged),0
Kokošja supa,Bingo,285.0,10.0,53.0,4.0,1.2,off:3877000504848,OFF,Indian (packaged),1
Bingo Vanilla,Bingo,500.0,3.57,67.9,25.0,,off:4807770101540,OFF,Indian (packaged),0
bingo,bingo,52.0,0.0,13.1,0.0,0.0,off:8901725193119,OFF,Indian (packaged),2
Tedhe Medhe,Bingo,546.0,5.5,57.3,32.8,,off:8901725118914,OFF,Indian (packaged),2
Fitness,Bingo,40.0,3.1,5.4,0.5,,off:3873508997656,OFF,Indian (packaged),0
Blitva u Briketu,Bingo,19.0,1.8,3.7,0.2,1.6,off:3873508998035,OFF,Indian (packaged),0
korolevskie Dumplingi kurica i ovoshi,Bingo,134.0,9.7,17.7,3.2,,off:4601870004295,OFF,Indian (packaged),0
No Rulz Curlz masala,Bingo,496.0,6.1,64.3,24.7,,off:8901725117504,OFF,Indian (packaged),0
Svježi Sir,Bingo,82.0,10.0,3.4,3.5,,off:3873508645885,OFF,Indian (packaged),0
Cream & Onion Potato Chips,Bingo,540.0,7.3,56.5,31.6,,off:8901725194536,OFF,Indian (packaged),1
"Ajvar, domaći, blagi, bez konzervansa i vještačkih boja",Bingo,133.0,2.0,11.0,8.0,7.0,off:3873508990169,OFF,Indian (packaged),1
Bingo Sandwich Cookies Choco-orng 28G,BINGO,500.0,3.33,36.7,23.3,,off:4807770100536,OFF,Indian (packaged),0
Mix Paprika,Bingo,314.0,18.0,69.0,3.0,25.0,off:3873508999810,OFF,Indian (packaged),0
Hot & Spicy Korean Style,Bingo,0.0,0.0,0.0,0.0,,off:8901725018764,OFF,Indian (packaged),0
Riza Bijela Okruglozrnata,Bingo,361.0,7.4,78.0,0.6,,off:3877000045716,OFF,Indian (packaged),0
Bingo! Hot and spicy Korean style,Bingo!,533.0,7.3,54.5,32.4,,off:8901725018771,OFF,Indian (packaged),0
Bingo Tedhe Medhe Chatpata Twist,Bingo,551.0,7.7,52.9,35.2,,off:8901725011017,OFF,Indian (packaged),0
Bingo Potato Chips Himalayan Pink Salt,Bingo,552.0,8.3,54.2,34.3,0.0,off:8909081002083,OFF,Indian (packaged),0
Sardine U Biljnom Ulju,Bingo,221.0,24.0,0.0,13.9,,off:3873508999407,OFF,Indian (packaged),0
Mad Angles MMMMM Masala,Bingo,538.0,6.6,57.7,32.1,,off:8901725120375,OFF,Indian (packaged),2
Hot & Spicy Korean Style,Bingo,520.0,7.3,54.5,31.3,,off:8901725018788,OFF,Indian (packaged),0
Bingo Hot and spicy,Bingo,520.0,7.3,54.5,31.3,0.0,off:8901725018689,OFF,Indian (packaged),0
Bingo,Itc,531.0,7.1,50.5,33.4,0.0,off:8901725007102,OFF,Indian (packaged),0
Bingo Potato Chips Cream & Onion,ITC,543.0,4.8,54.5,32.3,0.0,off:8901725001308,OFF,Indian (packaged),4
Aloo Tikki,Itc,187.0,3.64,25.5,7.82,,off:8906065168599,OFF,Indian (packaged),0
Aashirvaad Double Roasted Suji Rava,ITC,360.0,11.0,77.5,0.7,,off:8901725001070,OFF,Indian (packaged),1
Sunfeast Yippee! Pasta Treat,ITC,357.0,12.0,70.0,4.0,0.0,off:8901725135218,OFF,Indian (packaged),1
Bingo! Potato Chips Chilli Sprinkled,ITC,531.0,7.1,50.5,33.4,,off:8901725007508,OFF,Indian (packaged),1
Aashirvaad Shudh Chakki Atta,ITC,369.0,10.8,77.4,1.8,11.1,off:8901725121129,OFF,Indian (packaged),4
Itc master  chef,Itc,157.0,3.5,25.6,4.5,,off:8906065169749,OFF,Indian (packaged),0
Yippe noodles,ITC,459.0,9.0,62.6,20.1,,off:8901725003319,OFF,Indian (packaged),0
Halo - Halo Fruit Mix,Itc,171.0,3.54,37.17,0.58,0.9,off:0693359150016,OFF,Indian (packaged),0
B Natural Orange Juice 1ltr tpk,B Natural,48.7,0.0,12.5,0.0,,off:8901725100131,OFF,Indian (packaged),0
MAD ANGLES,ITC,533.0,5.8,57.4,31.8,,off:8901725198336,OFF,Indian (packaged),1
Fabsta Peanut Butter Creamy,Tata,624.0,25.0,23.0,48.0,,off:8904296902104,OFF,Indian (packaged),0
Tata salt,Tata,0.0,0.0,0.0,0.0,0.0,off:8904043901015,OFF,Indian (packaged),9
Salt LITE,TATA,0.0,0.0,0.0,0.0,,off:8904043901077,OFF,Indian (packaged),1
Gluco+ Strawberry Jelly Energy Drink,Tata,77.5,0.0,19.4,0.0,0.0,off:8903754000123,OFF,Indian (packaged),0
Tata Gluco+ Orange,Tata,41.0,0.0,10.3,0.0,,off:8903754313056,OFF,Indian (packaged),3
Tata Salt,TATA,0.0,0.0,0.0,0.0,0.0,off:14018808,OFF,Indian (packaged),1
Chia seeds,Tata Sampann,530.0,19.4,37.4,34.0,38.3,off:8904043906584,OFF,Indian (packaged),0
Tata Sampann Poha,Tata Sampann,361.0,6.0,81.4,1.3,7.6,off:8904043904061,OFF,Indian (packaged),0
Unpolished Toor Dal,Tata Sampann,364.0,18.2,64.3,1.3,11.6,off:8904043926216,OFF,Indian (packaged),1
Tata Sampann Red Rice Aval / Poha,Tata Sampann,354.0,7.0,78.0,1.4,6.0,off:8904043902319,OFF,Indian (packaged),0
Elaichi,Tata Tea,0.0,0.0,50.0,0.0,0.0,off:8901052005475,OFF,Indian (packaged),0
Tata Kannan Devan tea,Tata Tea,1.0,0.0,0.3,0.0,,off:8901052003372,OFF,Indian (packaged),1
Premium kachi ghani pure mustard oil,Fortune,900.0,0.0,0.0,100.0,0.0,off:8906007280969,OFF,Indian (packaged),1
Egg White Tofu,Fortune,43.0,6.9,0.6,1.5,0.6,off:8888090149531,OFF,Indian (packaged),0
Chana besan,Fortune,371.8,21.0,58.9,5.8,,off:8906007285018,OFF,Indian (packaged),0
Teriyaki Grilled chicken rice Bowls,Fortune,138.0,6.5,26.0,0.71,0.56,off:0070492010122,OFF,Indian (packaged),0
Birria beef ramen,Fortune,90.6,3.83,10.5,3.83,0.35,off:0070492031073,OFF,Indian (packaged),0
Hard tofu,Fortune,199.0,23.2,0.5,11.0,2.0,off:9326065000887,OFF,Indian (packaged),0
Long Grain Rice,Fortune,354.0,9.0,77.0,1.3,,off:0502820210114,OFF,Indian (packaged),0
Gotchu noodles,Fortune,137.8,7.42,23.67,1.59,1.41,off:0007049204021,OFF,Indian (packaged),0
"Udon, Original Flavor",Fortune,171.7,4.04,35.35,1.01,1.01,off:0070492165006,OFF,Indian (packaged),0
Teo Chew Mee Pok Noodles,Fortune,261.0,10.3,53.0,1.0,,off:8888090148060,OFF,Indian (packaged),0
Fortune bread soft milk stick (mango cheese flavor),Fortune,318.0,7.6,16.0,17.0,,off:6973168883096,OFF,Indian (packaged),0
egg tofu,Fortune,70.0,5.7,0.7,5.0,,off:8888090149425,OFF,Indian (packaged),0
Punjabi Khichdi,Fortune,356.0,12.0,68.0,4.0,,off:8906008811766,OFF,Indian (packaged),1
Thai Jasmine Rice,Fortune,349.0,8.0,76.5,1.0,,off:9414927000059,OFF,Indian (packaged),0
Udon,Fortune,162.0,4.04,33.3,1.01,1.01,off:70498165,OFF,Indian (packaged),0
Liver Spread,Fortune,268.0,8.93,5.36,23.21,0.0,off:0022652180114,OFF,Indian (packaged),0
Medium Grain Rice,Fortune,344.2,7.7,76.0,0.0,,off:9414927000042,OFF,Indian (packaged),0
Teriyaki Noodle,Fortune,191.0,5.45,33.6,3.18,0.91,off:0070492038638,OFF,Indian (packaged),1
Chinese Tofu with Omega 3 DHA,Fortune,60.0,5.2,1.6,3.6,1.6,off:8888090149296,OFF,Indian (packaged),1
Pro Immunity Multi-source Edible Oil,Fortune,900.0,0.0,0.0,100.0,0.0,off:8906008811902,OFF,Indian (packaged),3
Aromatic Basmati Rice,Fortune,354.0,8.4,77.0,1.0,,off:9414927000028,OFF,Indian (packaged),0
Rice Bran Oil,Fortune,900.0,0.0,0.0,100.0,,off:8906007280693,OFF,Indian (packaged),0
Yakisoba noodle,Fortune,205.4,5.36,39.88,2.68,1.19,off:0769108907696,OFF,Indian (packaged),0
"Fortune, crab meat",Fortune,54.0,10.71,0.0,0.0,0.0,off:0022652163032,OFF,Indian (packaged),0
Slice Spicy Tofu,Fortune,186.0,11.4,6.0,12.4,3.2,off:9324292000199,OFF,Indian (packaged),0
Long Grain White Rice,Fortune,351.0,7.2,78.5,1.0,,off:9414927000035,OFF,Indian (packaged),0
Fortune Physically Refined Rice Bran Oil,Fortune,900.0,0.0,0.0,100.0,,off:8906007280259,OFF,Indian (packaged),0
Japanese Silken Tofu 2 Pack,Fortune,58.0,5.3,2.9,2.8,0.0,off:8888090149302,OFF,Indian (packaged),1
suji semolina,fortune,367.0,9.95,76.7,0.9,0.9,off:8906008811131,OFF,Indian (packaged),1
"Udon, Original Flavor",Fortune,171.7,4.04,35.35,1.01,1.01,off:70492165006,OFF,Indian (packaged),0
Everyday basmati rice,Fortune,353.0,8.4,77.0,0.0,,off:9310047220363,OFF,Indian (packaged),0
Gujarati Khichdi,Fortune,362.1,13.5,66.2,3.2,,off:8906008810844,OFF,Indian (packaged),0
Yakisoba stir fry noodle (no seasoning),Fortune,212.0,6.06,37.4,3.54,1.01,off:70492038614,OFF,Indian (packaged),0
Tokyo style ramen,Fortune,192.3,5.13,35.9,3.21,,off:0070492039901,OFF,Indian (packaged),1
Brown Rice & Quinoa,Fortune,134.0,4.23,26.06,2.46,2.1,off:0070492032919,OFF,Indian (packaged),0
Fortune Refined Soyabean Oil,Fortune,900.0,0.0,0.0,100.0,,off:8906007280105,OFF,Indian (packaged),0
Extra Smooth Silken Tofu,Fortune,58.0,5.3,2.7,2.9,0.0,off:8888090149036,OFF,Indian (packaged),2
Japanese Silken Tofu,Fortune,58.0,5.3,2.7,2.8,0.0,off:8888090149029,OFF,Indian (packaged),1
Firm Tofu,Fortune,62.0,8.0,0.5,3.7,2.8,off:9326065000269,OFF,Indian (packaged),0
poha (thick),fortune,361.3,7.4,77.2,1.6,4.3,off:8906008812817,OFF,Indian (packaged),1
Premium kachi gani pre mustard oil,Fortune,900.0,0.0,0.0,100.0,0.0,off:8906007280945,OFF,Indian (packaged),2
"Fortune, clear broth, chicken, chicken",Fortune,5.0,0.51,0.51,0.0,0.0,off:0022652191035,OFF,Indian (packaged),0
Gotchu noodles,Fortune,137.8,7.42,23.67,1.59,1.41,off:7049204021,OFF,Indian (packaged),0
Achaari Khichdi,Fortune,352.1,12.64,68.73,2.95,,off:8906008812435,OFF,Indian (packaged),1
Fortune Atta,Fortune,365.3,12.9,73.7,2.1,,off:8906007289139,OFF,Indian (packaged),0
Fortune Soya Health Refined Oil,Fortune,900.0,0.0,0.0,100.0,0.0,off:8906007280037,OFF,Indian (packaged),2
Fortune Xpert,Fortune,900.0,0.0,0.0,100.0,,off:8906008811933,OFF,Indian (packaged),0
refined sunflower oil,fortune,900.0,0.0,0.0,100.0,0.0,off:8906007280242,OFF,Indian (packaged),1
Mayonnaise,Saffola,786.0,0.0,0.0,85.71,0.0,off:0026700157387,OFF,Indian (packaged),1
Oodles Yummy masala ring noodles,Saffola,432.0,14.9,58.11,16.98,6.6,off:8901088205221,OFF,Indian (packaged),1
Soya Chunk,Saffola,312.0,53.0,30.2,1.0,15.5,off:8901088077095,OFF,Indian (packaged),0
Masala Oats,Saffola,340.0,9.9,71.8,7.2,12.9,off:8901088129800,OFF,Indian (packaged),1
Saffola Masala Oats,Saffola,382.0,9.9,72.2,6.0,12.5,off:8901088068789,OFF,Indian (packaged),1
Crunchies Millet Cones,Saffola,490.0,5.71,61.0,25.7,3.33,off:8901088722964,OFF,Indian (packaged),0
SAFOLA ACTIVE - MULTI-SOURCE EDIBLE OIL,Saffola,900.0,0.0,0.0,100.0,,off:8901088034593,OFF,Indian (packaged),0
Munchiez Ragi Chips,Saffola,489.0,5.5,61.1,25.5,3.4,off:8901088724197,OFF,Indian (packaged),0
Masala oats,Saffola,347.0,8.8,69.7,9.2,12.5,off:8901088129817,OFF,Indian (packaged),1
Saffola gold Blended oil 5 l,Saffola,900.0,0.0,0.0,100.0,,off:8901088017411,OFF,Indian (packaged),1
Saftoa 0ats,Saffola,345.0,12.6,66.8,5.3,10.4,off:8901088055772,OFF,Indian (packaged),3
Soya Mini Chunks,Saffola,312.0,53.0,30.2,1.0,15.5,off:8901088884174,OFF,Indian (packaged),1
Soya Bhurji Magic Masala,Saffola,347.0,36.1,37.0,10.4,19.0,off:8901088887557,OFF,Indian (packaged),0
Soya Chunks,Saffola,312.0,53.0,30.2,1.0,15.5,off:8901088072267,OFF,Indian (packaged),0
Saffola Oats,Saffola,345.0,12.6,66.8,5.3,10.4,off:8901088050562,OFF,Indian (packaged),0
Saffola Masala Veggie Twist Oats,saffola,376.0,8.8,69.2,9.9,12.4,off:8901088068758,OFF,Indian (packaged),1
Saffola Oats,Saffola,369.0,12.6,66.8,8.0,10.4,off:8901088213608,OFF,Indian (packaged),0
Saffola Masala Oats - Classic Masala,Saffola,383.6,11.0,72.6,5.5,12.0,off:8901088068734,OFF,Indian (packaged),2
Saffola oats,Saffola,369.0,12.6,66.8,8.0,10.4,off:8901088155496,OFF,Indian (packaged),2
Masala Oats - Peppy Tomato,Saffola,377.0,10.9,71.4,8.1,12.5,off:8901088068741,OFF,Indian (packaged),3
Masala oats,Saffola,366.0,10.2,70.8,7.5,12.6,off:8901088068772,OFF,Indian (packaged),3
saffola masala oats,saffola,399.0,10.0,68.2,9.5,9.5,off:8901088118330,OFF,Indian (packaged),1
100% Safflower Oil,Saffola,857.0,0.0,0.0,100.0,,off:0071800828323,OFF,Indian (packaged),0
Unsalted Margarine,Saffola,714.0,0.0,0.0,78.57,,off:0071800818058,OFF,Indian (packaged),0
Rolled Oats,Patanjali,411.0,12.1,66.9,10.5,10.0,off:8906032019282,OFF,Indian (packaged),0
Masala Oats,Patanjali,365.0,11.3,64.12,7.0,9.85,off:8906032019336,OFF,Indian (packaged),0
Doodh Biscuits,Patanjali,468.0,7.2,72.0,17.0,6.0,off:8906032018506,OFF,Indian (packaged),0
Patanjali Honey,Patanjali,320.0,0.0,80.0,0.0,0.0,off:8904109449239,OFF,Indian (packaged),1
Cow Ghee,Patanjali,898.0,0.0,0.0,99.8,,off:0634654802354,OFF,Indian (packaged),1
Patanjali Moong Dal,Patanjali,478.0,24.95,46.9,21.2,,off:8904109443107,OFF,Indian (packaged),0
Patanjali COW'S GHEE,Patanjali,897.3,0.0,0.0,99.7,0.0,off:8904109490545,OFF,Indian (packaged),1
Marie biscut,Patanjali,409.0,7.9,74.5,10.5,7.5,off:8906032019787,OFF,Indian (packaged),0
Patanjali Pineapple Jam,Patanjali,294.0,0.0,73.47,0.0,1.77,off:8904109445309,OFF,Indian (packaged),1
Chyawanprash,patanjali,355.0,1.1,78.0,4.0,0.0,off:8904109471490,OFF,Indian (packaged),0
Honey,Patanjali,312.0,0.0,81.3,0.0,0.0,off:8904109489211,OFF,Indian (packaged),0
Patanjali Mango Drink,Patanjali,63.0,0.65,15.1,0.0,,off:8904109470264,OFF,Indian (packaged),1
Patanjali Divya Jal,Patanjali,0.0,0.0,0.0,0.0,,off:8904109402012,OFF,Indian (packaged),1
Honey,Patanjali,320.0,0.0,80.0,0.0,,off:8904422700826,OFF,Indian (packaged),0
Doodh Biscuits,Patanjali,468.0,7.2,72.0,17.0,6.0,off:8906032018513,OFF,Indian (packaged),2
Ragi Digestive Cookies,Patanjali,477.8,8.5,61.76,20.4,6.58,off:8904422704992,OFF,Indian (packaged),0
Patanjali Rock Salt,Patanjali,0.0,0.0,0.0,0.0,,off:8904422701151,OFF,Indian (packaged),0
Tomato Puree,Dabur,34.0,1.2,7.4,0.0,,off:8901207014642,OFF,Indian (packaged),2
Real Mixed Fruit,Dabur,55.0,0.0,14.0,0.0,,off:4796008920902,OFF,Indian (packaged),0
Dabur Real Mixed Fruit,Dabur,55.0,0.0,14.0,0.0,0.0,off:4796008920865,OFF,Indian (packaged),0
Chyawanprash,Dabur,325.0,1.26,76.0,1.7,0.7,off:5022496103114,OFF,Indian (packaged),1
Chyawanprash,Dabur,0.0,0.0,1.0,0.0,,off:8901888000682,OFF,Indian (packaged),1
Extrait de Cardamone,Dabur,392.0,0.1,92.7,0.1,,off:8901207011368,OFF,Indian (packaged),0
Real fruits juss anar,Dabur,54.0,0.1,13.5,0.0,,off:8901207004421,OFF,Indian (packaged),2
Honey,Dabur,320.0,0.0,80.0,0.0,0.0,off:8901207005374,OFF,Indian (packaged),2
lemoneez,dabur,31.0,0.0,2.5,0.0,,off:3948888005717,OFF,Indian (packaged),2
Dabur Honey Squeezy,Dabur,320.0,0.0,80.0,0.0,,off:8901888001504,OFF,Indian (packaged),0
Honey,Dabur,320.0,0.0,80.0,0.0,,off:8901207025389,OFF,Indian (packaged),1
Honey,Dabur,320.0,0.0,80.0,0.0,,off:8901207025365,OFF,Indian (packaged),3
Dabur Honey,Dabur,320.0,0.0,80.0,0.0,,off:8901207025372,OFF,Indian (packaged),1
Dabur Real Activ Coconut Water,Dabur,20.0,0.0,5.0,0.0,,off:8901207032677,OFF,Indian (packaged),0
honey squeezy,Dabur,320.0,0.0,80.0,0.0,,off:8901207005527,OFF,Indian (packaged),2
Koolerz Mango,Dabur,53.0,0.1,13.2,0.0,,off:8901207046810,OFF,Indian (packaged),0
Real Fruit Power Mango,Dabur,57.0,0.0,14.3,0.0,,off:8901207004391,OFF,Indian (packaged),0
Vedic Tea,Dabur,350.0,21.5,66.0,0.0,,off:8901207043802,OFF,Indian (packaged),2
Glucose d energy boost,Dabur,360.0,0.0,90.0,0.0,0.0,off:8901207017025,OFF,Indian (packaged),2
Hajmola Imli,Dabur,311.0,0.3,75.0,1.0,,off:5022496104586,OFF,Indian (packaged),1
Chyawanprash,Dabur,333.3,0.0,73.33,0.0,6.67,off:8901207004889,OFF,Indian (packaged),1
pineapple fruit nectar,Dabur,55.0,0.0,14.0,0.0,0.0,off:4796008920919,OFF,Indian (packaged),0
Sirop de Rose,Dabur,0.0,0.0,98.0,0.0,,off:5022496130523,OFF,Indian (packaged),0
Honey,Dabur,320.0,0.0,80.0,0.0,0.0,off:8901207035364,OFF,Indian (packaged),2
Real Fruit Power Alphonso Mango Nectar,Dabur,60.0,0.1,15.1,0.0,,off:8901207024559,OFF,Indian (packaged),3
Chyawanprash Awaleha,Dabur,50.0,0.0,11.0,0.0,0.0,off:8901207040337,OFF,Indian (packaged),3
Glucose,Dabur,360.0,0.0,90.0,0.0,,off:8901207028304,OFF,Indian (packaged),1
Чаванпраш,Dabur,314.0,0.3,77.4,0.19,,off:8901207015519,OFF,Indian (packaged),0
Hajmola,Dabur,227.0,0.5,54.0,1.0,,off:5022496513005,OFF,Indian (packaged),1
Dabur Chyawanprash,Dabur,325.0,1.26,76.0,1.7,0.7,off:5022496205009,OFF,Indian (packaged),3
Organic ghee,Dabur,898.0,0.01,0.01,99.8,0.0,off:5022496010788,OFF,Indian (packaged),0
Glucon D 500g cbd,Dabur,360.0,0.0,90.0,0.0,,off:8901542001703,OFF,Indian (packaged),0
real,Dabur,53.0,0.1,13.2,0.0,,off:8901207050671,OFF,Indian (packaged),0
Pav Bhaji masala,MDH,279.0,11.6,31.2,12.0,,off:8902167000256,OFF,Indian (packaged),1
MDH Chana Dal Masala 100G,MDH,261.0,14.0,29.4,12.8,,off:8902167000331,OFF,Indian (packaged),1
Pav Bhaji Masala,Mdh,380.0,20.0,40.0,20.0,0.0,off:6291103750297,OFF,Indian (packaged),0
"Chunky chat masala - Préparation pour assaisonner les fruits, les plats salés et les salades",MDH,165.0,5.0,25.0,5.0,,off:8902167000065,OFF,Indian (packaged),3
Black Pepper Powder,MDH,304.0,11.5,49.2,6.8,,off:8902167000317,OFF,Indian (packaged),0
Amchur powder,MDH,340.0,2.8,64.0,8.0,,off:8902167000300,OFF,Indian (packaged),1
Kasoori methi (feuilles de fenugrec),MDH,325.0,29.0,40.0,6.0,7.2,off:8902167000188,OFF,Indian (packaged),1
MDH Chutney Podina Masala 100 Gramm,MDH,196.0,12.0,28.0,4.0,10.0,off:8902167000386,OFF,Indian (packaged),0
MDH Dal Makhani Masala,MDH,261.0,14.0,29.4,12.8,,off:8902167001017,OFF,Indian (packaged),0
Protein Cup,Everest,131.0,9.7,14.1,3.9,,off:5391529280949,OFF,Indian (packaged),0
Protein Cup Raspberry,Everest,129.0,9.4,13.8,4.0,,off:5391529280963,OFF,Indian (packaged),0
Caramel Peanut Protein Pudding,Everest,74.0,10.0,4.7,1.5,0.6,off:5391529280918,OFF,Indian (packaged),0
Paneer,Everest,347.0,20.9,4.1,27.7,1.3,off:5038584800018,OFF,Indian (packaged),2
Protein Cup Cocoa & Vanilla,Everest,137.0,5.8,14.5,5.7,,off:5391529280239,OFF,Indian (packaged),1
Everest Chicken Masala,Everest,312.0,11.85,36.66,13.12,33.66,off:8901786165001,OFF,Indian (packaged),0
Everest Pani Puri Masala,Everest,17.2,0.44,3.02,0.36,0.0,off:8901786030507,OFF,Indian (packaged),2
Chocolate Protein Pudding,Everest,73.0,10.0,4.3,1.6,0.6,off:0395528969169,OFF,Indian (packaged),0
Jaljira Powder,Everest,120.0,4.5,20.0,2.5,,off:8901786041008,OFF,Indian (packaged),0
HiPro,Everest,73.0,10.0,4.3,1.6,0.6,off:5391529280529,OFF,Indian (packaged),1
Everest Milk,Everest,470.0,8.0,67.0,18.0,4.1,off:3800008604487,OFF,Indian (packaged),4
EVEREST Masala tae,Everest,221.0,26.0,0.2,13.0,,off:8901786020508,OFF,Indian (packaged),1
Chicken Masala,Everest,20.0,1.0,2.0,1.0,,off:8901786161003,OFF,Indian (packaged),1
HiPro salted caramel flavour protein pudding,Everest,74.0,10.0,4.8,1.5,0.4,off:5391529280567,OFF,Indian (packaged),4
Salted Caramel Brownie Crisp,Everest,498.0,27.5,37.5,23.3,,off:5391529280468,OFF,Indian (packaged),0
Saffron Pistachio Ice Cream,Everest,210.0,5.0,23.0,11.0,,off:5032539001956,OFF,Indian (packaged),0
Everest Chaat Masala,Everest,20.0,5.0,71.7,5.0,0.03,off:8901786061006,OFF,Indian (packaged),0
Everest Protein Yoghurt salted carmel,Everest,74.0,10.0,5.0,1.5,0.0,off:5391529280895,OFF,Indian (packaged),0
Hielos,everest,1.0,4.0,0.0,0.0,,off:8433950000073,OFF,Indian (packaged),0
Paneer,Everest,347.0,20.9,4.1,27.7,,off:0200062001933,OFF,Indian (packaged),0
Everest Chocolate Protein Pouch,Everest,75.0,10.0,5.0,1.5,,off:5391529280864,OFF,Indian (packaged),0
Basmatireis,Everest,373.0,6.6,84.0,0.5,,off:9004355000013,OFF,Indian (packaged),0
Tandoori Chicken Masala,Everest,214.0,9.0,40.0,2.0,,off:8901786171002,OFF,Indian (packaged),0
Shahi Paneer Masala,Everest,20.0,0.7,3.1,0.4,,off:8901786531004,OFF,Indian (packaged),0
Everest Kashmiri Lal / Red Mirch Powder,Everest,368.0,16.0,40.0,18.0,,off:8901786411009,OFF,Indian (packaged),1
catch sprinklers Table Salt,catch,0.0,0.0,0.0,0.0,0.0,off:8901192000101,OFF,Indian (packaged),0
catch chat masala,Catch,202.0,6.8,30.0,6.1,,off:8901192205100,OFF,Indian (packaged),1
Catch Black Salt,catch,0.0,0.0,0.0,0.0,0.0,off:8901192001207,OFF,Indian (packaged),2
Sprinkler Black Pepper,Catch,381.3,11.12,70.1,6.27,,off:8901192114006,OFF,Indian (packaged),2
Fresh 🍅 500g,Kissan,133.0,1.33,30.7,0.67,0.67,off:8901030532719,OFF,Indian (packaged),1
Mixed Fruit Jam,Kissan,285.3,0.3,70.5,0.1,0.7,off:8901030922787,OFF,Indian (packaged),9
Fresh Tomato Ketchup,Kissan,133.0,1.33,30.7,0.67,0.67,off:8901030667756,OFF,Indian (packaged),3
kissan fresh tomato,Kissan,133.0,1.1,31.0,0.4,0.6,off:8901030921797,OFF,Indian (packaged),2
Fresh tomato ketchup,Kissan,20.0,0.2,4.6,0.1,0.1,off:8901030699085,OFF,Indian (packaged),2
Hazelnut Choco Peanut Spread,Kissan,598.0,18.4,32.5,45.2,6.1,off:8901030926549,OFF,Indian (packaged),0
Mixed fruit jam,kissan,285.0,0.3,70.5,0.1,0.8,off:8901030831690,OFF,Indian (packaged),6
No Onion No Garlic Tomato Sauce,Kissan,133.0,1.1,30.9,0.4,0.6,off:8901030922565,OFF,Indian (packaged),2
Kissan peanut butter,Kissan,627.0,25.7,20.7,49.3,8.67,off:8901030857973,OFF,Indian (packaged),0
Kissan Fresh Tomato Ketchup,Kissan,887.0,7.33,207.0,2.67,4.0,off:8901030897542,OFF,Indian (packaged),3
tomato ketchup,kissan,133.0,1.33,30.7,0.67,0.67,off:8901030902932,OFF,Indian (packaged),0
Tomato Ketchup,kissan,133.0,1.1,31.0,0.4,0.6,off:8901030865237,OFF,Indian (packaged),4
Fresh Tomato Ketchup,Kissan,133.0,1.33,30.7,0.67,0.67,off:8901030532832,OFF,Indian (packaged),2
Spicy Garlic 2 Minute Noodles,Maggi,331.0,7.7,48.8,12.1,0.0,off:8901058002683,OFF,Indian (packaged),0
Pazzta Cheese Macaroni,Maggi,321.0,9.87,63.7,3.07,,off:8901058003000,OFF,Indian (packaged),0
Noodles BBQ,Maggi,330.0,7.6,49.3,11.4,,off:8901058010602,OFF,Indian (packaged),0
Chicken noodles,Maggi,434.0,8.5,64.9,15.6,2.0,off:19010588,OFF,Indian (packaged),5
Maggi 2-Minute Noodles,Nestlé,556.0,11.7,85.1,19.3,,off:8901058901559,OFF,Indian (packaged),5
Maggi Pichkoo,Maggi,139.0,1.2,33.5,0.0,1.8,off:8901058894547,OFF,Indian (packaged),0
Maggi pazzta,Maggi,321.0,7.7,69.8,1.9,2.0,off:8901058902372,OFF,Indian (packaged),0
rich tomato sauce,Maggi,121.0,0.6,30.2,0.0,1.3,off:89009727,OFF,Indian (packaged),1
Top Ramen Curry,Nissin,445.4,8.93,66.49,15.14,0.0,off:8901014003181,OFF,Indian (packaged),2
Top ramen noodle soup chicken flavor ounce packages,Top Ramen,223.5,5.88,30.59,8.24,1.0,off:0070662055038,OFF,Indian (packaged),1
Top Ramen Atta Masala Noodles,Nissin,455.1,11.16,66.35,15.02,10.54,off:8901014011117,OFF,Indian (packaged),0
Veg Manchurian masala,Ching's secret,0.0,1.0,72.0,0.5,0.0,off:8901595972142,OFF,Indian (packaged),1
Ching’s Veg Hakka Noodles,Ching’s Secret,371.0,11.2,80.5,0.43,8.58,off:8901595937035,OFF,Indian (packaged),0
Noodlws,Ching's Secret,425.0,11.0,63.8,14.0,8.17,off:8901595963362,OFF,Indian (packaged),2
Dragon Fire Chutney,Ching’s Secret,494.0,8.0,42.9,32.3,1.8,off:8901595863938,OFF,Indian (packaged),0
Chowmein hakka noodles masala,Ching’s Secret,191.0,7.7,31.8,3.6,6.2,off:8901595972548,OFF,Indian (packaged),1
Hot and sour soup,Ching's Secret,327.3,5.27,74.55,1.27,,off:8901595961412,OFF,Indian (packaged),1
Singapore curry,Ching's Secret,452.0,10.0,66.7,16.7,3.33,off:8901595963409,OFF,Indian (packaged),1
Hot Garlic,Ching's Secret,433.0,10.0,65.0,15.0,8.33,off:8901595963331,OFF,Indian (packaged),2
Manchurian instant noodles,Ching's secret,433.0,9.6,63.4,15.6,8.9,off:8901595963348,OFF,Indian (packaged),3
Dark Soy Sauce,Ching's Secret,142.9,0.0,28.57,0.0,0.0,off:8901595862726,OFF,Indian (packaged),5
Schezwan Chutney,Ching's Secret,176.0,2.2,16.7,6.67,0.0,off:8901595863280,OFF,Indian (packaged),4
Horlicks Classic Malt,Horlicks,377.0,11.0,79.0,2.0,,off:8901030807190,OFF,Indian (packaged),0
Horlicks instant hot malty googness,Horlicks,361.0,13.1,74.3,1.8,1.9,off:5060113917775,OFF,Indian (packaged),2
Horlicks chocolate delight flavour 500g pet,Horlicks,360.0,7.0,81.0,2.0,5.0,off:8901030985973,OFF,Indian (packaged),0
Horlicks 3 in 1,Horlicks,382.0,8.57,80.0,3.21,5.0,off:9556019234192,OFF,Indian (packaged),0
Classic Malt,Horlicks,377.0,11.0,79.0,2.0,,off:8901030807237,OFF,Indian (packaged),0
Horlicks Traditional,Horlicks,370.0,9.3,73.5,3.2,3.9,off:5000347098383,OFF,Indian (packaged),1
Horlicks Traditional,Gsk,368.0,9.3,73.5,3.2,3.9,off:5000347098376,OFF,Indian (packaged),3
instant malted food drink,Horlicks,359.0,13.1,74.3,1.8,1.9,off:5060113919366,OFF,Indian (packaged),11
Horlicks Mothers Plus,Horlicks,351.0,22.0,58.5,5.0,8.0,off:8901030960451,OFF,Indian (packaged),0
Horlicks Classic Malt,Horlicks,377.0,11.0,79.0,2.0,,off:8901030915963,OFF,Indian (packaged),0
Classic Malt,Horlicks,377.0,11.0,79.0,2.0,0.0,off:8901030807176,OFF,Indian (packaged),5
Horlicks,Horlicks,189.3,5.0,40.36,1.79,82.14,off:9556019238589,OFF,Indian (packaged),0
Horlicks Lite Regular Malt Flavour,Horlicks,367.0,13.0,74.0,2.1,,off:8901030903380,OFF,Indian (packaged),0
Horlicks Chocolate,Horlicks,365.0,10.0,78.0,2.0,2.4,off:8901030978579,OFF,Indian (packaged),0
Horlicks Pudding Flavours Banoffee Pie,Horlicks,372.0,12.4,77.8,1.0,1.0,off:5061017160045,OFF,Indian (packaged),0
Horlicks Classic Malt,Horlicks,377.0,11.0,79.0,2.0,,off:8901030807138,OFF,Indian (packaged),2
Horlicks Chocolate hot malty goodness,Horlicks,371.0,9.5,70.1,5.7,3.3,off:5060113917799,OFF,Indian (packaged),0
Horlicks Light,GSK,367.0,14.0,70.3,2.7,,off:5000347098390,OFF,Indian (packaged),1
Horlicks Lite Regular Malt 450g pet,Horlicks,367.0,13.0,74.0,2.1,,off:8901030824937,OFF,Indian (packaged),0
Horlicks Classic Malt,Horlicks,377.0,11.0,79.0,2.0,,off:8901030976179,OFF,Indian (packaged),0
Horlicks,Horlicks,361.0,13.1,74.3,1.8,1.9,off:5060113917676,OFF,Indian (packaged),6
Horlicks Protein+ Chocolate,Horlicks,379.0,34.0,54.0,2.0,,off:8901571009343,OFF,Indian (packaged),1
Chocolate Malt,Horlicks,371.0,9.5,70.1,5.7,,off:5060113919373,OFF,Indian (packaged),0
Horlicks Cherry Bakewell,Horlicks,372.0,12.5,77.8,0.94,0.94,off:5061017160021,OFF,Indian (packaged),0
Hot Malty goodness,Horlicks,362.0,9.1,77.3,2.3,,off:5060113917614,OFF,Indian (packaged),1
Horlicks Classic Malt,Horlicks,377.0,11.0,79.0,2.0,,off:8901030993398,OFF,Indian (packaged),0
Horlicks Chocolate,Horlicks,365.0,10.0,78.0,2.0,2.2,off:8901030986307,OFF,Indian (packaged),0
High protein complete nutrition,Boost,101.3,6.33,14.35,2.11,,off:04164753,OFF,Indian (packaged),0
Citrus Fruit Blend Concentrate,Boost!,0.0,0.0,0.0,0.0,,off:0077233076225,OFF,Indian (packaged),0
"Energy, red berry",Boost,23.0,0.0,4.9,0.0,,off:5056079900401,OFF,Indian (packaged),0
Energy Original,Boost,23.0,0.0,4.9,0.0,,off:5056079900272,OFF,Indian (packaged),2
Boost complete nutritional drink,Boost,101.3,4.22,15.61,2.53,0.0,off:0041679675007,OFF,Indian (packaged),0
Boost nutritional drink,Boost,91.7,4.17,11.7,3.75,0.0,off:0041679941003,OFF,Indian (packaged),1
Very Vanilla Protein Shake,Boost,49.2,9.23,1.23,0.92,0.0,off:0041679585825,OFF,Indian (packaged),0
Red berry,Boost,23.0,0.0,4.9,0.0,,off:5000177482116,OFF,Indian (packaged),0
Rich chocolate original balanced nutritional drink,boost,101.0,4.22,17.3,1.69,0.4,off:0041679675663,OFF,Indian (packaged),0
High Protein Drink,Boost,105.5,8.44,13.88,2.49,,off:41679822203,OFF,Indian (packaged),0
Boost Energy mango,Boost,19.0,0.0,4.49,0.0,,off:5056079901194,OFF,Indian (packaged),1
Smoothie boost,Boost,440.0,14.0,20.0,27.0,28.0,off:8711299003222,OFF,Indian (packaged),2
Max 30g protien,Boost,49.2,9.23,1.85,0.62,0.0,off:0041679663806,OFF,Indian (packaged),1
Sugar Free Tropical Blitz,Boost,2.4,0.0,0.0,0.0,,off:5056079901620,OFF,Indian (packaged),0
Balance Nutritional Drink,Boost,110.0,8.82,12.3,2.65,0.0,off:41679940006,OFF,Indian (packaged),0
Boost max protein,Boost,49.2,9.23,1.85,0.62,,off:0041674668806,OFF,Indian (packaged),0
Burger boost,Boost,251.0,17.0,0.5,20.0,,off:5707196321463,OFF,Indian (packaged),0
Creamy strawberry,Boost,101.3,8.44,11.81,2.53,,off:281011,OFF,Indian (packaged),1
Cinnabon nutritional drink,Boost,105.0,8.44,11.8,2.53,,off:04165767,OFF,Indian (packaged),0
Chocolate fudge protein bar,Boost,302.9,31.43,31.43,5.71,4.29,off:6223012520098,OFF,Indian (packaged),0
S’mores bar,Boost,350.0,28.33,36.67,10.0,1.67,off:6223012522177,OFF,Indian (packaged),0
Citrus Fruit Blend Concentrate,Boost!,0.0,0.0,0.0,0.0,,off:0077233056227,OFF,Indian (packaged),0
Boost protein,Boost,210.0,15.0,34.0,5.0,,off:0019752133713,OFF,Indian (packaged),0
Max (Gluco control),Boost,49.2,9.23,1.23,0.92,0.0,off:0041679677681,OFF,Indian (packaged),1
Boost,Boost,224.0,9.28,21.9,11.0,,off:0043900182155,OFF,Indian (packaged),2
Boost Energy Drink,BOOST,20.0,0.0,4.4,0.0,,off:5056079901132,OFF,Indian (packaged),0
Sugar Free Boost,Boost,4.0,0.0,0.5,0.0,,off:5056079901149,OFF,Indian (packaged),0
Max (glucose control),Boost,49.2,9.23,1.23,0.92,0.0,off:0041679533802,OFF,Indian (packaged),1
Protein shake,Boost,105.5,8.44,10.97,0.42,0.0,off:0041679843833,OFF,Indian (packaged),0
Boost sport orange,Boost,28.0,0.0,6.4,0.0,,off:5056079901644,OFF,Indian (packaged),0
Boost,Boost,2.0,0.0,0.0,0.0,,off:8019730061474,OFF,Indian (packaged),1
Energy lift,Boost,47.0,0.4,10.8,0.1,0.7,off:9314102035060,OFF,Indian (packaged),0
Creamy strawberry,Boost,101.3,8.44,11.81,2.53,,off:00281011,OFF,Indian (packaged),1
Two & Five,Boost,39.4,0.0,8.1,0.5,1.0,off:9314102035404,OFF,Indian (packaged),0
Caramel latte,Boost,50.7,2.8,9.3,0.5,,off:5056079901408,OFF,Indian (packaged),0
Cinnabon Nutritional Drink,Boost,105.0,8.44,11.8,2.53,0.0,off:0041679618615,OFF,Indian (packaged),1
Energy Life,Boost,47.1,0.4,10.8,0.03,,off:9314102030065,OFF,Indian (packaged),0
"Chocolate sensation complete nutritional drink, chocolate sensation",Boost,357.0,14.29,73.81,1.19,2.4,off:0041679313718,OFF,Indian (packaged),0
Nutrition Bar,Boost,400.0,22.0,44.0,14.0,2.0,off:0041679684580,OFF,Indian (packaged),0
Blue Me Away Salad,Boost,125.0,5.5,18.0,3.0,1.7,off:5350295114544,OFF,Indian (packaged),0
Max Protien Shake,Boost,49.2,9.23,1.85,0.61,0.0,off:0041679725993,OFF,Indian (packaged),0
Boost,Nestlé,105.5,8.44,11.81,2.53,0.0,off:0041679940006,OFF,Indian (packaged),4
Swing+ Slurpy Mango,Paper Boat,62.8,0.0,15.7,0.0,,off:8906080603938,OFF,Indian (packaged),0
Swing,Paper Boat,52.8,0.0,13.2,0.0,,off:8906080603303,OFF,Indian (packaged),0
Paper Boat Jaljeera Drinks 200ml,Paper Boat,50.0,0.0,12.0,0.0,,off:8908001705196,OFF,Indian (packaged),0
Santra,paper boat,53.6,0.0,13.4,0.0,,off:8906080600647,OFF,Indian (packaged),0
Paper Boat Apple Drink 150ml,Paper Boat,55.2,0.0,13.8,0.0,0.0,off:8906080600180,OFF,Indian (packaged),2
Paper Boat tasty apple,paper boat,58.8,0.0,14.7,0.0,,off:8906080601750,OFF,Indian (packaged),1
Paper boat Zero Sparkling Coffee,Paper boat,0.0,0.0,0.0,0.0,,off:8906080603518,OFF,Indian (packaged),1
Protein Crunch,Paper Boat,497.0,16.1,20.5,39.0,8.0,off:8906080604133,OFF,Indian (packaged),0
Paper Boat Drink Orange 150ml,Paper Boat,60.0,0.0,15.0,0.0,,off:8906080600357,OFF,Indian (packaged),0
chikki,Paper Boat,497.6,13.9,56.5,24.0,,off:8906080600920,OFF,Indian (packaged),0
Jus de mangue,Paper boat,62.0,0.1,15.5,0.1,,off:8906080600982,OFF,Indian (packaged),0
Green Apple Sparkling Water,Paper Boat,0.0,0.0,0.0,0.0,,off:8906080603280,OFF,Indian (packaged),0
Swing Coconut Water Drink,Paper Boat,25.0,0.0,6.2,0.0,0.0,off:8906080604751,OFF,Indian (packaged),0
Classic Salted Cashews,Paper Boat,583.6,17.5,29.4,44.0,3.2,off:8906080604812,OFF,Indian (packaged),0
Paper Boat Swing yummy Guava 600ml pet,paper boat,55.6,0.0,13.9,0.0,,off:8906080602726,OFF,Indian (packaged),1
Basil Sabja Seeds Mixed Fruit,Paper Boat,54.4,0.0,13.6,0.0,,off:8906080604720,OFF,Indian (packaged),0
Alphonso Mango,paper boat,58.4,0.0,14.6,0.0,,off:8906080600616,OFF,Indian (packaged),1
Chikki,paper boat,497.6,13.9,56.5,24.0,0.0,off:8906080600067,OFF,Indian (packaged),0
Mishti Doi,Epigamia,136.0,5.0,17.5,5.0,,off:8906059638329,OFF,Indian (packaged),1
Greek yogurt,Epigamia,65.0,7.0,5.0,2.0,,off:8906059636004,OFF,Indian (packaged),0
Turbo Protein Milkshake,Epigamia,55.2,10.0,3.6,0.08,,off:8906059637285,OFF,Indian (packaged),0
Greek yogurt wild raspberry,Epigamia,110.0,6.7,17.0,1.8,,off:8906059635069,OFF,Indian (packaged),1
Epigamia Refresh Lassi,Epigamia,75.3,1.6,17.3,0.07,,off:8906059638732,OFF,Indian (packaged),0
epigamia TURBO 50g protein yogurt,epigamia,62.6,11.3,4.35,0.0,,off:8906059636752,OFF,Indian (packaged),0
Epigamia Greek Yogurt Strawberry,epigamia,110.7,6.25,17.0,1.96,,off:8906059635021,OFF,Indian (packaged),0
Strawberry Greek Yogurt,Epigamia,88.2,6.24,11.8,1.88,,off:0946459635021,OFF,Indian (packaged),0
Epigamia turbo protein shake,Epigamia,56.4,10.0,3.2,0.4,,off:8906059636639,OFF,Indian (packaged),0
Greek Yogurt Mango Flavour,Epigamia,91.8,6.0,12.9,1.76,,off:8906059635014,OFF,Indian (packaged),1
Chocolate Milk Shake,Epigamia,80.0,3.33,16.11,0.28,,off:8906059639890,OFF,Indian (packaged),0
Double Toned Milk,Nandini,46.0,3.5,5.1,1.3,,off:8906036675248,OFF,Indian (packaged),0
Badam Flavoured Milk,Nandini,82.0,3.4,13.6,1.5,0.0,off:8906153561080,OFF,Indian (packaged),1
Santhrupthi Milk,Nandini,89.0,3.5,5.1,6.1,,off:8906036676290,OFF,Indian (packaged),0
Pure Ghee,Nandini,897.0,0.0,0.0,99.7,,off:8906036670885,OFF,Indian (packaged),0
Slim UHT Sterilised Skimmed Milk,Nandini,35.0,3.5,5.1,0.1,,off:8906036672995,OFF,Indian (packaged),0
GoodLife Pista Flavoured Milk,Nandini,93.0,3.0,13.3,3.1,0.0,off:8906036676665,OFF,Indian (packaged),1
Toned Milk,Nandini,60.0,3.3,4.8,3.1,,off:15486196,OFF,Indian (packaged),0
Pasteurised Toned Milk,Nandini,60.0,3.3,4.8,3.1,,off:8906036670014,OFF,Indian (packaged),2
Shubham,Nandini,74.0,3.3,4.8,4.6,,off:8906036670090,OFF,Indian (packaged),0
goodlife slim,nandini,39.0,3.5,5.1,0.5,0.0,off:8906036670441,OFF,Indian (packaged),1
Pasteurised Table Butter Unsalted,Nandini,748.0,0.6,0.9,82.5,,off:8906036672292,OFF,Indian (packaged),1
Curd,Nandini,60.0,3.7,4.4,3.1,,off:8906036670212,OFF,Indian (packaged),2
Milk Peda,Nandini,454.0,13.7,55.0,19.9,0.0,off:8906036675163,OFF,Indian (packaged),1
Special Toned Milk,nandini,71.0,3.5,5.1,4.1,,off:8906036674739,OFF,Indian (packaged),1
Nandini Creamy delight,Nandini,246.0,2.0,3.3,25.0,,off:8906036674173,OFF,Indian (packaged),0
Nandini GoodLife Plus Toned Milk,Nandini,60.0,3.3,4.8,3.1,,off:8906036675750,OFF,Indian (packaged),0
Milky Mist Curd,Milky Mist,61.0,3.5,4.8,3.0,,off:8904083306085,OFF,Indian (packaged),2
Cheese Cubes,Milky Mist,313.0,19.0,3.0,25.0,,off:8904083307112,OFF,Indian (packaged),0
Paneer,Milky Mist,283.0,16.1,5.1,22.0,,off:8904083300021,OFF,Indian (packaged),0
Greek Yogurt,Milky Mist,73.8,7.0,6.5,2.2,,off:8904083302346,OFF,Indian (packaged),0
Paneer,Milky Mist,283.0,16.1,5.1,22.0,,off:0944607300005,OFF,Indian (packaged),1
Skyr,Milky Mist,95.5,11.0,9.5,1.5,,off:8904083302490,OFF,Indian (packaged),0
Skyr Cup 100g,Milky Mist,95.5,11.0,9.5,1.5,,off:8904083302483,OFF,Indian (packaged),0
Garlic Cheese Spread,Milky mist,287.0,11.6,4.0,25.0,0.0,off:8904083310037,OFF,Indian (packaged),0
Farm Fresh Sahi Plain Yoghurt,Milky Mist,61.8,3.5,5.2,3.0,,off:8904083303077,OFF,Indian (packaged),1
MilkyMist CREAM,Milky Mist,245.0,1.9,3.2,25.0,,off:8904083300144,OFF,Indian (packaged),0
Toned Milk,Milky Mist,59.0,3.0,5.0,3.0,,off:8904083301455,OFF,Indian (packaged),1
Skyr High Protein Plain Yoghurt,Milky Mist,95.0,11.0,9.5,1.5,,off:10822926,OFF,Indian (packaged),0
Paneer,Gowardhan,287.0,18.0,2.0,23.0,,off:8906001021278,OFF,Indian (packaged),0
Topp Up Milk Rose Flavour,Gowardhan,172.0,6.5,25.8,3.0,60.0,off:8906001021698,OFF,Indian (packaged),1
Raw Whey Protein 80%,MuscleBlaze,397.0,80.0,7.5,5.0,,off:8906067022738,OFF,Indian (packaged),1
100% Micellar Casein,MuscleBlaze,358.0,68.6,16.0,2.2,1.0,off:8906067020840,OFF,Indian (packaged),0
Protein Peanut Butter,MB,578.9,37.0,19.6,40.1,4.2,off:8906067026996,OFF,Indian (packaged),1
Biozyme Whey Protein,Muscleblaze,378.0,75.8,10.5,3.61,,off:8906116950005,OFF,Indian (packaged),0
Plant Protein,Muscleblaze,395.0,65.8,15.1,7.95,,off:8906116957356,OFF,Indian (packaged),0
Protein Peanut Butter,Muscleblaze,569.0,27.0,30.0,40.0,9.71,off:8906116956946,OFF,Indian (packaged),0
Pre-workout WrathX - Voodoo Black Flavour,MuscleBlaze,40.8,0.0,10.2,0.0,,off:8906165780660,OFF,Indian (packaged),0
MuscleBlaze Protein Peanut Butter Creamy Dark Chocolate,MuscleBlaze,569.0,27.0,30.0,40.0,9.71,off:8906116950814,OFF,Indian (packaged),2
Muscleblaze Biozyme Whey,Muscleblaze,387.0,64.9,19.0,5.66,,off:8906116956571,OFF,Indian (packaged),0
Biozorb Performance Whey,Muscleblaze,386.0,69.4,15.5,5.5,1.39,off:8906165781872,OFF,Indian (packaged),0
MB Isozero Low Carb Whey Protein,Muscleblaze,356.0,79.4,4.94,1.85,0.0,off:8906067025159,OFF,Indian (packaged),0
"High Calorie Gainer, Chocolate Flavour",Muscleblaze,375.0,16.1,75.0,2.2,1.4,off:8906067023001,OFF,Indian (packaged),0
Biozyme Whey PR,MuscleBlaze,389.0,66.7,17.6,5.62,,off:19061658,OFF,Indian (packaged),0
Fuel One,MuscleBlaze,387.0,61.5,22.5,5.41,,off:8906067026392,OFF,Indian (packaged),0
Biozyne Whey PR - Molten Chocolate Cake,MUSCLEBLAZE,381.0,66.7,19.1,4.07,0.0,off:8906165783890,OFF,Indian (packaged),0
Biozyme Whey Protein - Ice-cream Chocolate,MuscleBlaze,365.5,76.0,7.5,3.5,,off:8906116957387,OFF,Indian (packaged),0
Biozyme Performance Whey,MuscleBlaze,378.0,64.9,17.0,5.61,,off:8906165783906,OFF,Indian (packaged),0
Muscleblaze bgreen Peanut butter,Muscleblaze,618.5,38.0,12.0,46.5,,off:8906116953297,OFF,Indian (packaged),0
High Protein Oats (Dark Chocolate),MuscleBlaze,385.1,21.91,56.06,8.13,11.52,off:4906537989848,OFF,Indian (packaged),0
Biozyme Performance Whey,MuscleBlaze,393.0,64.9,19.5,6.13,,off:8906165780868,OFF,Indian (packaged),0
High Protein Muesli Muscleblaze,Muscleblaze,411.5,22.0,55.0,13.5,9.0,off:8906116955505,OFF,Indian (packaged),0
Carb blend,Muscleblaze,386.0,0.0,96.0,0.17,,off:8906067022011,OFF,Indian (packaged),0
Whey,Muscleblaze,391.6,70.0,15.5,5.51,,off:8906116958995,OFF,Indian (packaged),0
Biozyme Iso-Zero Whey,MuscleBlaze,363.0,83.1,4.4,1.48,,off:8906116958919,OFF,Indian (packaged),0
Protein powder,Muscleblaze,387.8,69.44,15.5,5.11,,off:8906165781896,OFF,Indian (packaged),0
Whey Protein Isolate,MuscleBlaze,386.0,82.2,7.95,2.9,,off:8906067027634,OFF,Indian (packaged),0
Whey Gold,Muscleblaze,390.0,82.2,8.52,3.07,,off:8906067024503,OFF,Indian (packaged),0
WrathX Preworkout,MuscleBlaze,42.0,0.0,10.5,0.0,0.0,off:8906116959589,OFF,Indian (packaged),0
super muesli no added sugar,yogabar,425.0,17.4,54.9,21.6,15.1,off:8904335600657,OFF,Indian (packaged),1
YogaBar Muesli+,YogaBar,418.0,13.0,70.0,9.5,7.4,off:8904335600312,OFF,Indian (packaged),0
Peanut butter,YogaBar,632.0,30.6,14.0,50.4,6.2,off:8904335600671,OFF,Indian (packaged),0
vanilla almond multigrain energy bar,yogabar,437.0,13.9,57.4,19.5,7.89,off:8908005144007,OFF,Indian (packaged),1
Cornflakes+,Yogabar,379.0,6.4,87.9,0.3,2.6,off:8904335602262,OFF,Indian (packaged),0
YogaBar Nuts & Seeds Crunch Super Muesli,YogaBar,388.0,12.0,64.0,12.0,7.5,off:8904335602859,OFF,Indian (packaged),0
Dark Chocolate Peanut Butter,Yogabar,634.0,25.9,20.0,50.3,19.7,off:8904335600732,OFF,Indian (packaged),0
Max Protein Chips Peri Peri,RiteBite,477.0,16.7,49.8,22.7,,off:7906026538950,OFF,Indian (packaged),0
Max Protien,RiteBite,478.3,16.67,49.67,22.83,6.67,off:8906009532844,OFF,Indian (packaged),0
Max,RiteBite,482.0,16.7,49.0,23.5,6.67,off:8906009534510,OFF,Indian (packaged),0
Max Protein Daily Choco Almond,RiteBite,179.0,10.0,27.5,6.8,5.0,off:8906009532172,OFF,Indian (packaged),0
Max protein daily choco almond bar,Ritebite,358.0,20.0,39.0,13.6,27.4,off:8906009532356,OFF,Indian (packaged),0
Max Protein - Active Peanut Butter Bar,RiteBite,423.0,28.6,46.4,18.9,7.14,off:8906009532509,OFF,Indian (packaged),0
Max protein 7 grain breakfast cookie,RiteBite,470.0,18.18,43.4,26.3,7.2,off:8906009534732,OFF,Indian (packaged),1
Max Protein GrainBreakfast Cookie,RiteBite,478.0,18.2,45.1,24.9,7.27,off:8906009533148,OFF,Indian (packaged),0
RiteBite MAXPROTEIN snack,RiteBite,477.0,16.7,49.8,22.7,6.67,off:8906009532950,OFF,Indian (packaged),0
RiteBite Nutrition Bar Nuts & Seeds,RiteBite,110.0,4.2,20.8,3.9,3.9,off:8906009532981,OFF,Indian (packaged),0
Nutrition Bar,RiteBite,204.0,4.1,23.0,10.2,2.3,off:8906009532998,OFF,Indian (packaged),1
Max Protein 7 Grain Protein Snack,RiteBite,477.0,16.7,49.9,22.7,6.67,off:4906409534534,OFF,Indian (packaged),0
Max Protein 7 Grain Breakfast Cookie,RiteBite,485.0,18.2,42.7,26.5,7.27,off:4906409533131,OFF,Indian (packaged),0
Muesli,True Elements,425.0,13.5,68.0,10.9,11.5,off:8906112662766,OFF,Indian (packaged),0
Rolled Oats,True Elements,363.0,13.1,62.5,6.7,9.67,off:8906112660519,OFF,Indian (packaged),1
Muesli,True Elements,425.4,13.5,68.1,10.9,11.5,off:8906112662803,OFF,Indian (packaged),0
7-in-1 Mix,True Elements,571.0,28.1,26.8,39.0,18.5,off:8906112661790,OFF,Indian (packaged),0
"Muesli: fruit, nuts & seeds",True Elements,415.0,13.1,71.1,8.6,10.9,off:8906112660793,OFF,Indian (packaged),0
Protein Granola,True Elements,439.0,19.2,63.4,12.0,24.5,off:8906112665354,OFF,Indian (packaged),1
Dark Chocolate Granola,True elements,451.4,10.5,69.2,14.6,10.1,off:8906112662285,OFF,Indian (packaged),0
Whole oatmeal,True Elements,407.8,8.3,76.2,7.7,10.1,off:8906112660182,OFF,Indian (packaged),0
Whole Instant Oats,True Elements,404.5,10.2,71.4,8.6,10.0,off:8906112662087,OFF,Indian (packaged),1
Rolled Oats,True Elements,363.0,13.1,62.5,6.7,9.6,off:8906112662414,OFF,Indian (packaged),0
Muesli Cranberry & Blueberry,True Elements,339.0,9.5,53.2,1.83,9.75,off:0750958739841,OFF,Indian (packaged),0
Dark Chocolate Muesli,True Elements,389.4,12.4,72.7,5.4,8.9,off:8906112665521,OFF,Indian (packaged),0
Chia Seeds,True Elements,508.6,17.1,39.0,31.5,34.0,off:8906112661332,OFF,Indian (packaged),0
Pumpkin Seeds Roasted,True Elements,618.0,14.9,27.3,49.8,16.2,off:8906112663046,OFF,Indian (packaged),0
Chocos,Kellogg's,384.0,9.6,83.3,2.6,,off:8901499010704,OFF,Indian (packaged),0
Corn Flakes Original,Kellogg's,380.0,6.67,87.0,1.0,2.67,off:8901499008183,OFF,Indian (packaged),1
Corn Flakes Real Almond Honey,Kellogg's,409.0,6.2,81.9,6.7,1.8,off:8901499011466,OFF,Indian (packaged),1
Kellogg's Oats,Kellogg's,379.0,11.6,67.8,9.0,10.0,off:8901499009470,OFF,Indian (packaged),1
Kellogg's Special K Original,Kellogg's,376.0,8.2,85.3,1.3,5.1,off:8901499011305,OFF,Indian (packaged),0
Kellogg's Special K Original,Kellogg's,360.0,8.3,85.3,1.0,1.5,off:8901499008701,OFF,Indian (packaged),2
Oats,Kellogg's,379.0,11.6,67.8,9.0,10.0,off:8901499007728,OFF,Indian (packaged),1
Chocos Moons and Stars,Kellogg's,390.0,8.67,84.0,3.0,3.67,off:8901499010773,OFF,Indian (packaged),2
Chocos Fills,kellogg's,432.0,7.0,72.0,14.0,5.0,off:8901499009623,OFF,Indian (packaged),3
Muesli With 21% fruit & nuts,Kellogg’s,58.9,1.19,11.93,0.89,0.74,off:8901499008411,OFF,Indian (packaged),0
Kellogg's Chocos,Kellogg's,387.0,9.0,83.6,2.9,5.0,off:8901499006936,OFF,Indian (packaged),1
Rolled Oat Flakes,Quaker,407.0,11.8,68.5,9.5,10.0,off:8901491703055,OFF,Indian (packaged),0
Oats Multigrain,Quaker,407.0,11.1,71.0,9.0,12.0,off:8901491702539,OFF,Indian (packaged),1
Oats Muesli,Quaker,448.0,9.0,71.0,14.0,6.0,off:8901491002196,OFF,Indian (packaged),1
Quaker oats,Quaker,407.0,11.8,68.5,9.5,10.0,off:8901491103794,OFF,Indian (packaged),5
Oats Multigrain,Quaker,399.0,11.1,70.7,8.0,10.0,off:8901491702546,OFF,Indian (packaged),1
Oats Muesli Fruit & Nut,Pepsico,434.0,8.0,74.0,12.0,6.0,off:8901491002820,OFF,Indian (packaged),0
veggiee fingers,McCain,181.2,3.06,24.6,7.01,0.0,off:8906000610930,OFF,Indian (packaged),0
Potato Cheese Shotz,McCain,231.1,8.09,24.26,11.3,0.0,off:8906000610909,OFF,Indian (packaged),1
Smiles,McCain,197.0,3.5,30.0,7.0,,off:8906000610893,OFF,Indian (packaged),0
Yellow Salted Lays,Lays,553.0,6.7,52.6,35.1,,off:8901491503013,OFF,Indian (packaged),3
Lays american style cream and onion,Lays,537.0,6.7,53.0,33.1,,off:8901491001120,OFF,Indian (packaged),5
Chips barbecue,Lay's,532.0,6.4,52.0,32.0,4.4,off:3168930007432,OFF,Indian (packaged),21
West indies hot n sweet chilli lays,Lays,534.0,6.4,55.1,32.0,,off:8901491001816,OFF,Indian (packaged),0
Puff Balls Pudina Punch Flavour,Kurkure,500.0,6.8,65.7,23.4,,off:8901491003704,OFF,Indian (packaged),0
Kurkure Masala Munch 20rs,Kurkure,555.0,6.4,57.3,33.6,,off:8901491100519,OFF,Indian (packaged),6
Chilli Chatka,Kurkure,548.0,5.8,56.0,33.0,1.4,off:5000328024950,OFF,Indian (packaged),2
Kurkure,PepsiCo,561.0,5.9,56.3,34.7,,off:8901491103084,OFF,Indian (packaged),2
Chaat Fills Bhel Chutney Twist,Kurkure,517.0,5.1,62.8,27.3,,off:8901491002707,OFF,Indian (packaged),0
Bikaneri Bhujia,Kurkure,627.0,11.8,33.5,49.5,,off:8901491208291,OFF,Indian (packaged),1
Kurkure masala,Kurkure,547.0,5.0,56.7,33.3,0.67,off:6281036024046,OFF,Indian (packaged),0
Kurkure Solid Masti Masala Twisteez Crisps,Kurkure,528.0,8.6,58.7,28.7,,off:8901491366229,OFF,Indian (packaged),1
Puffcorn,Kurkure,92.0,1.1,11.5,4.7,,off:8901491365666,OFF,Indian (packaged),2
Chilli Chatka 20rs,Kurkure,562.0,5.6,55.8,35.1,,off:8901491100533,OFF,Indian (packaged),6
Puffcorn,Kurkure,536.0,6.4,66.5,27.1,,off:8901491365703,OFF,Indian (packaged),3
Masala Munch,Kurkure,560.0,6.0,54.0,36.0,2.0,off:0060410010402,OFF,Indian (packaged),1
Multigrain Curry&Herbs Flavour,kurkure,564.0,6.0,54.4,35.8,,off:8901491368339,OFF,Indian (packaged),0
Potato chips (Spicy Treat flavour)20rs,Uncle Chipps,536.0,6.4,54.6,32.4,,off:8901491435109,OFF,Indian (packaged),3
Potato Chips (Plain Salted flavour) 20rs,Uncle Chipps,548.0,6.7,52.0,35.0,0.0,off:8901491435000,OFF,Indian (packaged),2
Uncle Chipps Plain Salty,Uncle Chipps,548.0,6.7,52.0,35.0,0.0,off:8901491003155,OFF,Indian (packaged),0
Bourn vita,bourn vita,375.0,5.0,85.0,2.5,0.0,off:7622201423155,OFF,Indian (packaged),1
Shots,Cadbury,473.0,2.1,76.2,18.2,,off:7622201150303,OFF,Indian (packaged),0
Dairy milk chocolate fruit and nut,Cadbury,522.0,8.5,59.0,28.6,0.0,off:7622201150242,OFF,Indian (packaged),0
Nutties,Cadbury,506.0,5.1,67.2,24.5,1.2,off:8901233028651,OFF,Indian (packaged),1
Oreo Original,Cadbury,483.0,5.2,71.9,19.6,,off:7622201801878,OFF,Indian (packaged),0
Bournvita,cadbury,387.0,7.0,86.7,1.8,5.0,off:7622201766269,OFF,Indian (packaged),1
Dairy Milk Silk Ganache,Cadbury,567.0,6.7,54.6,36.5,,off:7622201759742,OFF,Indian (packaged),0
Oreo Cricket Edition,Cadbury,483.0,5.3,71.4,19.7,0.0,off:7622201432263,OFF,Indian (packaged),2
Dairy Milk Silky Bubbly BubbleGum,Cadbury,544.0,6.5,58.9,31.6,,off:7622201685638,OFF,Indian (packaged),1
Bourn Vita,Cadbury,455.0,6.7,73.5,15.1,,off:8901233022574,OFF,Indian (packaged),0
Cadbury bournville premium chocolate,Cadbury,543.8,5.5,55.1,35.0,,off:8901233021645,OFF,Indian (packaged),1
Oreo Cream Biscuit,Cadbury,483.0,5.3,71.4,19.7,0.0,off:7622201431594,OFF,Indian (packaged),2
Dairy Milk Chocolate,Cadbury,532.0,7.8,60.4,29.2,,off:7622202398735,OFF,Indian (packaged),0
dairy milk,cadbury,572.0,5.6,64.2,27.9,0.0,off:7622201440046,OFF,Indian (packaged),1
hot chocolate,Cadbury,379.0,6.7,85.3,3.3,,off:7622201679996,OFF,Indian (packaged),3
Chocobakes Choc layered Cakes,Cadbury,465.0,3.9,63.7,21.9,,off:7622201442071,OFF,Indian (packaged),1
Temptations - Almond Treat,Cadbury,555.0,8.89,53.5,35.1,,off:7622202030871,OFF,Indian (packaged),0
Cadbury Dairy Milk Chocolate,Cadbury,534.0,8.1,60.4,28.9,,off:7622201149406,OFF,Indian (packaged),7
Cadbury Hot Chocolate,Mondelez International,379.0,6.7,85.3,3.3,,off:7622201762537,OFF,Indian (packaged),0
KitKat Chunky Caramel,Nestlé,489.0,5.3,62.5,24.2,,off:6294017124031,OFF,Indian (packaged),0
Maggi,Nestlé,384.0,8.0,57.7,13.5,,off:8901058897838,OFF,Indian (packaged),0
Maggie: 2 - Minute Noodles,Nestle,384.0,8.2,59.6,12.5,,off:8901058006292,OFF,Indian (packaged),0
Nestle Optifast,Nestle,400.0,38.0,38.0,12.0,6.0,off:8901058890716,OFF,Indian (packaged),0
Nestea,Nestle,255.0,3.0,24.0,8.0,7.0,off:8901058869293,OFF,Indian (packaged),0
Sandwich Chocolate and Vanilla,Kwality Wall's,282.0,5.44,48.1,7.89,0.88,off:8901030691508,OFF,Indian (packaged),1
Oreo and cream,Kwality Wall's,238.0,3.77,28.9,11.9,0.57,off:8901030735363,OFF,Indian (packaged),0
Feast,Kwality Wall's,394.0,3.87,38.7,25.2,1.45,off:8901030538162,OFF,Indian (packaged),0
Cassatta,Kwality Wall's,239.0,5.57,27.6,11.1,2.29,off:8901030421501,OFF,Indian (packaged),1
Litchi Crush,Mapro,230.0,0.14,57.25,0.0,,off:8901044404026,OFF,Indian (packaged),0
mapro mixed fruit jam,mapro,265.0,0.1,68.0,0.0,0.0,off:8901044200284,OFF,Indian (packaged),1
Idli Karam,Priya,350.0,20.0,40.0,10.0,,off:0785018084890,OFF,Indian (packaged),0
Cut Mango Pickle,Priya,217.0,3.33,10.0,16.7,0.0,off:0785018012060,OFF,Indian (packaged),1
Rice Rawa,Priya,349.0,7.94,78.2,0.52,,off:0785018155286,OFF,Indian (packaged),0
Ginger Pickle in oil,Priya,302.0,2.0,33.0,18.0,0.0,off:0785018012107,OFF,Indian (packaged),0
Mango ginger pickle,Priya,233.0,3.33,20.0,16.67,,off:0785018012404,OFF,Indian (packaged),0
Gongura pickle,Priya,267.0,3.33,16.7,20.0,0.0,off:0785018012688,OFF,Indian (packaged),0
Chicken Masala,Priya,387.0,11.5,53.9,13.9,,off:8904246930331,OFF,Indian (packaged),0
Mango Pickle,Priya,217.0,3.33,10.0,16.7,0.0,off:0785018012428,OFF,Indian (packaged),0
Lime pickle,Priya,66.7,3.33,10.0,0.0,0.0,off:78505001,OFF,Indian (packaged),0
Madras sambar,priya,104.0,4.0,13.0,4.0,,off:0785018145645,OFF,Indian (packaged),0
Gongura Red Chilli Pickle,Priya,217.0,3.33,13.3,16.7,0.0,off:0785018012152,OFF,Indian (packaged),0
Mixed Vegetable Pickle,Priya,183.0,3.33,10.0,13.3,0.0,off:0785018016341,OFF,Indian (packaged),0
Refined Sunflower Oil,Priya,900.0,0.0,0.0,99.99,,off:0785018139125,OFF,Indian (packaged),1
Ragi Flour,Priya,380.0,11.0,75.0,4.0,4.0,off:0785018155248,OFF,Indian (packaged),0
Brinjal Pickle,Priya,283.0,3.33,20.0,20.0,0.0,off:0785018012602,OFF,Indian (packaged),0
Ginger Garlic Paste,priya,112.0,3.0,16.0,4.0,,off:0785018087846,OFF,Indian (packaged),0
Priya Refined Sunflower Oil,Priya,900.0,0.0,0.0,100.0,,off:8901709011552,OFF,Indian (packaged),0
Amla pickle,Priya,209.0,1.7,12.1,17.1,,off:8904246910012,OFF,Indian (packaged),6
Priya onion pickle,Priya,217.0,3.33,20.0,13.3,,off:0785018012473,OFF,Indian (packaged),0
Bitter Gourd (Karela) Pickle in oil (without garlic),Priya,156.0,3.0,9.0,12.0,0.0,off:0785018012268,OFF,Indian (packaged),0
Red Chili Paste,priya,67.0,3.0,3.0,3.0,,off:0785018087266,OFF,Indian (packaged),0
Gongura Pickle,Priya,940.0,10.0,60.0,73.3,,off:0785018012121,OFF,Indian (packaged),1
Ashoka Mixed Pickle 500G,Ashoka,222.0,2.1,0.5,20.0,,off:8901552000680,OFF,Indian (packaged),0
Chana Pulao,Ashoka,160.0,4.0,26.4,4.2,0.0,off:8901552023450,OFF,Indian (packaged),1
Punjabi pachranga pickle,Ashoka,199.2,2.7,9.7,17.2,,off:8901552018920,OFF,Indian (packaged),0
Butter Chicken Sauce,Ashoka,127.0,1.9,11.0,8.1,,off:8901552022484,OFF,Indian (packaged),0
Tamarind chutney,Ashoka,212.8,0.5,53.0,0.3,,off:8901552020237,OFF,Indian (packaged),1
Ginger Garlic paste,Ashoka,69.0,2.7,13.0,0.5,,off:8901552021203,OFF,Indian (packaged),0
Ashoka Matar Paneer (tofu),Ashoka,121.0,0.7,10.0,5.7,4.0,off:8901552021364,OFF,Indian (packaged),2
Ashoka Moong Dal Kachori,Ashoka,134.8,3.7,16.8,5.8,,off:8901552015721,OFF,Indian (packaged),0
Green Chilli Pickle,Ashoka,222.0,3.7,5.2,21.0,,off:8901552014427,OFF,Indian (packaged),0
Chatapata Aloo Kathi Roll,Ashoka,235.0,4.0,28.0,11.5,1.5,off:8901552017831,OFF,Indian (packaged),0
phulka roti,Ashoka,384.6,7.69,50.0,15.38,5.77,off:8901552016025,OFF,Indian (packaged),0
Stuffed colocasa,Ashoka,220.0,6.0,25.0,10.0,4.0,off:8901552007733,OFF,Indian (packaged),0
Garluc Naan,Ashoka,447.1,11.76,71.76,11.76,2.35,off:8901552023481,OFF,Indian (packaged),0
Saag Aloo,Ashoka,97.0,1.6,11.0,5.2,,off:3948552016407,OFF,Indian (packaged),0
Jamun,Ashoka,4.0,1.0,14.0,0.0,1.0,off:8901552020176,OFF,Indian (packaged),0
Mixed vegetable Paratha,Ashoka,270.0,7.0,42.0,8.0,5.0,off:8901552006941,OFF,Indian (packaged),0
Butter Chicken Paste,Ashoka,166.0,4.3,11.0,12.0,,off:8901552013741,OFF,Indian (packaged),0
Shashi Rajma,Ashoka,142.0,5.5,17.0,6.2,,off:8901552005081,OFF,Indian (packaged),2
Ashoka Dal Palak (280G),Ashoka,68.0,3.0,12.2,2.4,2.0,off:8901552022040,OFF,Indian (packaged),1
Ashoka Aloo Chole,Ashoka,85.8,1.3,14.3,2.6,0.0,off:8901552016414,OFF,Indian (packaged),2
Achari Aloo,Ashoka,88.4,1.1,12.8,3.6,,off:8901552022057,OFF,Indian (packaged),1
Tandoori Naan,Ashoka,324.0,8.1,55.0,6.8,2.0,off:8901552023184,OFF,Indian (packaged),0
Palak paneer,Ashoka,136.0,3.57,6.43,10.0,0.71,off:8901552005050,OFF,Indian (packaged),1
Jumbo Punjabi Samosa,Ashoka,241.5,5.1,32.0,10.1,,off:8901552016124,OFF,Indian (packaged),0
Hot mango chutney,Ashoka,212.0,0.5,53.0,0.5,,off:8901552000970,OFF,Indian (packaged),0
Tandoori roti,Ashoka,273.0,6.9,42.0,7.8,,off:8901552013352,OFF,Indian (packaged),1
Bombay Biryani,Ashoka,129.0,2.1,20.0,4.2,,off:8901552011600,OFF,Indian (packaged),4
Tamarind concentrate,Ashoka,133.3,0.0,26.67,0.0,0.0,off:8901552016438,OFF,Indian (packaged),0
Bombay Biryani,Ashoka,186.1,2.1,20.0,4.2,,off:8901552011549,OFF,Indian (packaged),0
Koriander Chutney,Ashoka,66.0,1.0,7.5,2.6,,off:8901552023344,OFF,Indian (packaged),0
Ashoka Brinjal Pickle 575G,ASHOKA,1.0,1.0,1.0,1.0,1.0,off:8901552000833,OFF,Indian (packaged),0
Aloo Matar,Ashoka,63.0,1.4,8.0,2.8,,off:8901552005029,OFF,Indian (packaged),2
Ginger Garlic Paste,Ashoka,0.0,0.0,0.0,0.0,,off:8901552006620,OFF,Indian (packaged),0
"Ashoka, garlic paste",Ashoka,100.0,0.0,20.0,0.0,,off:8901552006644,OFF,Indian (packaged),0
Baigan Bharta,Ashoka,100.0,2.0,8.6,6.6,,off:8901552011594,OFF,Indian (packaged),1
Delhi Dal Makhani,Ashoka,115.0,4.1,9.8,6.7,,off:8901552021432,OFF,Indian (packaged),5
tandoori naan,Ashoka,388.2,10.59,62.35,10.59,2.35,off:8901552014274,OFF,Indian (packaged),0
Ashoka Mango Pickle Hot,Ashoka,194.0,1.7,9.8,16.9,,off:8901552000642,OFF,Indian (packaged),1
Ashoka Mixed Pickle,Ashoka,222.0,2.1,9.3,20.0,,off:55332309,OFF,Indian (packaged),0
Gor-keri Pickle,Ashoka,261.0,1.2,58.0,2.6,,off:8901552000772,OFF,Indian (packaged),0
Veg Spring Rolls,Ashoka,147.1,5.88,29.41,0.0,0.0,off:8901552024099,OFF,Indian (packaged),0
Kesar Mangopüree,Ashoka,103.0,0.6,24.0,0.5,,off:8901552001960,OFF,Indian (packaged),0
Paste,Ashoka,122.0,4.4,13.0,6.8,,off:8901552001069,OFF,Indian (packaged),0
Carrot pickle,Ashoka,190.0,2.1,10.1,16.1,,off:8901552000857,OFF,Indian (packaged),0
Ashoka Carrot Pickle Olive Oil,Ashoka,233.2,2.8,11.3,20.4,,off:8901552014441,OFF,Indian (packaged),0
Green Pees Paratha,Ashoka,345.0,9.2,46.0,14.0,,off:8901552014489,OFF,Indian (packaged),0
Mini tandoori paneer samosa,Ashoka,275.0,7.5,30.0,12.5,0.0,off:8901552023610,OFF,Indian (packaged),0
ALOO PARATHA,Ashoka,273.0,5.9,44.0,7.8,,off:8901552006262,OFF,Indian (packaged),1
Paneer Bhurji Kathi Roll,Ashoka,2.0,9.0,34.0,19.0,2.0,off:8901552013550,OFF,Indian (packaged),0
Punjabi Samosa,Ashoka,237.5,3.75,30.0,10.0,1.25,off:8901552019002,OFF,Indian (packaged),0
Mint chutney,Ashoka,66.9,4.3,7.0,2.4,,off:8901552028134,OFF,Indian (packaged),0
Okra (Cut),Ashoka,35.0,1.0,6.0,0.0,1.0,off:8901552014083,OFF,Indian (packaged),0
Dal Tadka,Ashoka,72.0,1.6,6.2,4.6,,off:8901552021470,OFF,Indian (packaged),5
Potato Paneer Schezwan Kathi Roll,Ashoka,205.0,4.5,24.5,9.5,1.5,off:8901552021111,OFF,Indian (packaged),0
Masala vegetable burger pattice,Ashoka,200.0,2.67,20.0,10.67,2.67,off:8901552014137,OFF,Indian (packaged),0
Curry leaves,Ashoka,107.8,6.0,18.7,1.0,,off:8901552022231,OFF,Indian (packaged),0
Mixed Pickle,Ashoka,222.0,2.1,9.3,20.0,,off:8901552012539,OFF,Indian (packaged),0
Method Malai Matar,Ashoka,129.0,3.57,8.57,8.57,1.43,off:8901552016391,OFF,Indian (packaged),0
Navratan Korma,Ashoka,178.6,2.86,10.71,12.86,1.43,off:8901552006224,OFF,Indian (packaged),0
Jumbo Punjabi Samosa,Ashoka,253.3,5.33,32.0,10.67,,off:8901552023719,OFF,Indian (packaged),0
Mango pickle,Ashoka,183.0,1.5,9.0,15.8,,off:8901552000628,OFF,Indian (packaged),1
Madras Plain Poppadums,ASHOKA,319.0,25.0,54.0,0.5,,off:8901552019385,OFF,Indian (packaged),1
Saag Aloo,Ashoka,97.0,1.6,10.7,5.2,,off:8901552016407,OFF,Indian (packaged),1
Shahi Methi Matar,Ashoka,114.3,3.2,8.0,7.9,,off:8901552021449,OFF,Indian (packaged),1
Ashoka Shahi Navratan Korma (vegan) 280G,Ashoka,144.0,2.0,10.0,10.9,,off:8901552021487,OFF,Indian (packaged),1
Rajma pulao,ASHOKA,157.1,4.29,27.14,3.57,2.14,off:8901552023443,OFF,Indian (packaged),1
Kashmiri Dum Aloo,Ashoka,121.0,2.14,13.57,6.43,1.4,off:0839451001300,OFF,Indian (packaged),0
Ashoka Lime Pickle Hot (500G),Ashoka,206.0,2.3,10.6,17.5,,off:8901552000895,OFF,Indian (packaged),1
Mint chutney,Ashoka,61.0,2.9,5.6,2.7,,off:8901552020206,OFF,Indian (packaged),0
Garlic pickle,Ashoka,278.0,6.3,22.8,18.7,,off:8901552014434,OFF,Indian (packaged),0
Masala Paneer Kathi Roll,Ashoka,0.5,5.5,23.0,12.5,1.5,off:8901552017909,OFF,Indian (packaged),0
Ginger,Ashoka,50.9,1.7,9.4,0.7,,off:8901552021180,OFF,Indian (packaged),0
Plain Paratha,Ashoka,346.0,7.5,43.0,16.0,,off:8901552020473,OFF,Indian (packaged),0
Tandoori Paste,Ashoka,174.0,4.1,12.0,13.0,,off:8901552001106,OFF,Indian (packaged),0
Date and Tamarind Chutney,Ashoka,300.4,0.6,75.1,0.5,,off:8901552023382,OFF,Indian (packaged),0
Naan,Ashoka,323.0,8.1,55.0,6.8,,off:8901552022255,OFF,Indian (packaged),1
Punjabi Choley,Ashoka,81.4,2.0,9.0,4.3,0.0,off:8901552005074,OFF,Indian (packaged),6
Mini potato peas samosa,Ashoka,201.0,4.4,31.0,6.4,,off:8901552020138,OFF,Indian (packaged),0
Ginger Garlic Paste,Ashoka,196.5,2.9,14.2,14.4,,off:8901552020930,OFF,Indian (packaged),0
Palak Paneer (Tofu),Ashoka,115.0,4.1,9.8,6.7,,off:8901552021371,OFF,Indian (packaged),2
Surti Undhiu,Ashoka,197.3,3.0,19.9,11.6,,off:8901552006163,OFF,Indian (packaged),1
Bhindi Masala,Ashoka,88.0,1.4,7.8,5.7,,off:12171781,OFF,Indian (packaged),0
Punjabi Mango Pickle,Ashoka,212.9,2.2,9.9,18.9,,off:8901552018913,OFF,Indian (packaged),0
Lime Pickle Mild,Ashoka,196.0,2.1,9.5,17.0,,off:8901552000666,OFF,Indian (packaged),0
Garlic naan,Ashoka,447.1,11.76,71.76,11.76,2.35,off:8901552014281,OFF,Indian (packaged),0
Aloo Kulcha,Ashoka,201.0,4.0,35.0,5.0,,off:8901552028219,OFF,Indian (packaged),0
Paratha,Ashoka,320.0,6.0,41.0,14.0,1.0,off:8901552020480,OFF,Indian (packaged),1
Ashoka Bhindi Masala,Ashoka,105.0,6.0,7.6,7.5,,off:8901552011747,OFF,Indian (packaged),1
Ashoka Garlic Pickle 500G,Ashoka,254.0,5.6,23.0,16.0,,off:8901552000741,OFF,Indian (packaged),1
Garlic Paste,Ashoka,100.0,0.0,20.0,0.0,,off:8901552006613,OFF,Indian (packaged),0
Paneer (tofu) Makhani,Ashoka,86.0,3.6,6.2,5.6,,off:8901552021388,OFF,Indian (packaged),1
Dum Aloo,Ashoka,161.0,2.5,17.5,9.0,,off:8901552021463,OFF,Indian (packaged),1
Cocktail potato peas samosa,Ashoka,175.0,5.0,30.0,3.75,0.0,off:8901552022651,OFF,Indian (packaged),0
peeled garlic paste with oil,Ashoka,230.2,4.7,21.7,14.0,,off:8901552020923,OFF,Indian (packaged),1
Chilli Pickle,Ashoka,208.0,3.3,4.0,20.0,,off:8901552000703,OFF,Indian (packaged),0
Curry Paste Mild,Ashoka,170.0,3.7,9.2,13.0,0.0,off:8901552001083,OFF,Indian (packaged),0
Coriander Chutney,Ashoka,61.0,2.9,6.0,2.7,,off:8901552020183,OFF,Indian (packaged),0
Mixed pickle,Ashoka,218.0,2.0,9.7,19.8,,off:8901552014403,OFF,Indian (packaged),0
Vegetable kathi roll,Ashoka,235.0,4.0,28.0,11.5,1.5,off:8901552017893,OFF,Indian (packaged),0
crêpe indienne à la farine de pois chiche,Ashoka,318.0,20.0,59.0,0.5,,off:8901552019392,OFF,Indian (packaged),1
dal palak,Gits,102.0,4.5,12.0,4.0,0.0,off:9907455093124,OFF,Indian (packaged),0
Dal Makhani,Gits,160.0,6.0,14.0,8.67,0.8,off:8901155402317,OFF,Indian (packaged),0
Dal Tadka,Gits,102.0,4.5,13.0,3.5,0.53,off:8901155401310,OFF,Indian (packaged),1
Dal Palak,Gits,106.7,4.67,12.0,4.0,,off:8901155445314,OFF,Indian (packaged),2
Gits ready meals Chickpea Masala,Gits,175.0,5.59,20.3,7.69,4.2,off:8901155411326,OFF,Indian (packaged),3
Khatta Dhokla,Gits,340.0,10.2,73.0,0.8,0.0,off:8901155106550,OFF,Indian (packaged),0
Palak Paneer,Gits,154.0,4.21,4.21,13.3,2.11,off:8901155410312,OFF,Indian (packaged),2
Vermicilli,Gits,365.0,12.0,77.0,1.0,,off:8901155910126,OFF,Indian (packaged),0
Khaman dhokla,gits,400.0,16.67,63.33,4.0,10.0,off:8901155107212,OFF,Indian (packaged),1
Gulab Jamun,Gits,428.6,14.29,57.14,14.29,0.0,off:8901155101111,OFF,Indian (packaged),1
Gulab Jamun Dessert Mix,Gits,419.6,13.99,55.94,13.99,0.0,off:8901155101418,OFF,Indian (packaged),0
Matar paneer,Gits,154.4,4.91,7.72,11.23,2.81,off:8901155426313,OFF,Indian (packaged),0
Dosa,Gits,360.0,10.0,68.0,6.0,4.0,off:8901155103320,OFF,Indian (packaged),1
Whole Wheat Chapati,iD,300.0,8.75,55.0,5.0,5.0,off:8906020580138,OFF,Indian (packaged),0
id Organic Rice Rava Idly Batter,id,135.4,5.61,26.02,0.99,1.98,off:8906020580084,OFF,Indian (packaged),0
Idly & Dosa Batter,iD,143.3,5.5,26.3,1.6,,off:8906020580015,OFF,Indian (packaged),1
plant based protein banana,ID,352.0,20.0,42.0,10.0,9.2,off:5213002790755,OFF,Indian (packaged),1
Bread,iD,285.3,9.6,55.2,2.9,7.0,off:8906020589032,OFF,Indian (packaged),0
Paneer Paratha By iD,iD,382.0,10.4,60.0,11.1,1.93,off:8906020580978,OFF,Indian (packaged),0
iD Peanut Chuntney,iD,259.7,9.22,14.4,18.36,,off:8906020581029,OFF,Indian (packaged),0
Natural whole wheat parato,ID,300.0,7.0,45.0,11.0,3.0,off:8906020580145,OFF,Indian (packaged),0
Dosa Batter,ID,138.7,1.74,29.32,1.61,1.85,off:8906020580541,OFF,Indian (packaged),0
Curd,ID,61.9,3.42,5.14,3.07,,off:8906020589278,OFF,Indian (packaged),0
Onion Paratha By iD,iD,242.8,8.25,34.31,8.06,2.64,off:8906020580961,OFF,Indian (packaged),0
Patal Poha Chivda (Indian snack),Chitale,437.4,7.8,66.9,15.4,,off:0846203001150,OFF,Indian (packaged),0
Full cream milk,Chitale,93.6,3.8,5.2,6.4,,off:8906009501017,OFF,Indian (packaged),0
Bakarwadi,chitale,544.0,9.0,47.0,36.0,5.0,off:0846203081923,OFF,Indian (packaged),1
Papad Jeera 200G (kreuzkümmel),LIJJAT,330.0,20.9,59.0,0.7,,off:4019041000326,OFF,Indian (packaged),1
Papad,Lijjat,326.0,20.9,59.0,0.7,1.22,off:8901441017010,OFF,Indian (packaged),1
