name,brand,kcal,protein,carbs,fat,fiber,sourceRef
"Fast foods, submarine sandwich, sweet onion chicken teriyaki on white bread with lettuce, tomato and sweet onion sauce",,155,10.9,22.5,2.37,1.2,170306
"Fast foods, submarine sandwich, turkey, roast beef and ham on white bread with lettuce and tomato",,146,10.7,20.4,2.42,1.4,170308
"Pasta, gluten-free, corn flour and quinoa flour, cooked, ANCIENT HARVEST",,152,3.23,31.1,2.07,3.3,172027
"SUBWAY, sweet onion chicken teriyaki sub on white bread with lettuce, tomato and sweet onion sauce",,155,10.9,22.5,2.37,1.2,170705
"Bread, gluten-free, white, made with potato extract, rice starch, and rice flour",,320,3.13,52.8,10.7,3.5,174099
"Fast foods, submarine sandwich, oven roasted chicken on white bread with lettuce and tomato",,157,10.8,21.4,3.15,1.2,170309
"Fast foods, submarine sandwich, steak and cheese on white bread with cheese, lettuce and tomato",,183,12.3,21.5,5.34,1.2,170311
"Pasta, gluten-free, corn and rice flour, cooked",,179,3.2,38.0,1.0,1.4,173265
"Pasta, gluten-free, rice flour and rice bran extract, cooked, DE BOLES",,200,4.21,40.8,1.7,1.9,173264
"Sausage, smoked link sausage, pork and beef (nonfat dry milk added)",,313,13.3,1.92,27.6,0.0,172939
"SUBWAY, oven roasted chicken sub on white bread with lettuce and tomato",,157,10.8,21.4,3.15,1.2,170314
"SUBWAY, steak & cheese sub on white bread with American cheese, lettuce and tomato",,183,12.3,21.5,5.34,1.2,170310
"Agutuk, fish/berry with seal oil (Alaskan ice cream) (Alaska Native)",,353,3.4,13.4,31.8,0.5,168976
"Babyfood, juice, orange and apple and banana",,47.0,0.4,11.5,0.1,0.1,170960
"Bread, gluten-free, white, made with rice flour, corn starch, and/or tapioca",,248,4.31,45.8,5.24,4.3,174100
"Fast foods, crispy chicken, bacon, and tomato club sandwich, with cheese, lettuce, and mayonnaise",,257,15.4,22.6,11.8,1.2,170753
"Fast foods, grilled chicken, bacon and tomato club sandwich, with cheese, lettuce, and mayonnaise",,220,17.2,19.9,8.05,1.2,170752
"Fast foods, submarine sandwich, ham on white bread with lettuce and tomato",,151,9.12,22.9,2.53,1.3,170707
"Fast foods, submarine sandwich, roast beef on white bread with lettuce and tomato",,156,12.2,20.3,2.73,0.7,170298
"Fast foods, submarine sandwich, tuna on white bread with lettuce and tomato",,218,12.3,16.0,12.0,0.7,170299
"Fast foods, submarine sandwich, turkey breast on white bread with lettuce and tomato",,147,9.12,22.4,2.31,1.3,170706
"Fruit cocktail, (peach and pineapple and pear and grape and cherry), canned, juice pack, solids and liquids",,46.0,0.46,11.9,0.01,1.0,174668
"Fruit juice smoothie, NAKED JUICE, strawberry banana",,50.0,0.48,11.7,0.27,0.6,168214
"Fruit salad, (peach and pear and apricot and pineapple and cherry), canned, juice pack, solids and liquids",,50.0,0.51,13.0,0.03,1.0,174670
"Juice, apple, grape and pear blend, with added ascorbic acid and calcium",,52.0,0.17,13.0,0.12,0.2,168198
"Macaroni and cheese loaf, chicken, pork and beef",,228,11.8,11.6,15.0,0.0,172965
"Oil, corn, peanut, and olive",,884,0.0,0.0,100,0.0,167737
"Oscar Mayer, Smokies Sausage Little Cheese (pork, turkey)",,315,13.5,1.7,28.2,0.0,174590
"Pasta, gluten-free, brown rice flour, cooked, TINKYADA",,138,3.46,32.2,1.67,1.7,172026
"Pork sausage rice links, brown and serve, cooked",,407,13.7,2.36,37.6,0.0,167698
"Rolls, gluten-free, white, made with rice flour, rice starch, and corn starch",,239,3.34,50.5,2.65,5.1,171862
"Sausage, breakfast sausage, beef, pre-cooked, unprepared",,327,12.9,4.61,28.2,0.0,174616
"Sausage, chicken, beef, pork, skinless, smoked",,216,13.6,8.1,14.3,0.0,174605
"Sausage, pork and beef, fresh, cooked",,396,13.8,2.7,36.2,0.0,174579
"Sausage, pork and beef, with cheddar cheese, smoked",,296,12.9,2.13,25.8,0.0,172955
"Sausage, pork and turkey, pre-cooked",,342,12.0,3.63,30.6,0.0,171632
"Sausage, pork, turkey, and beef, reduced sodium",,284,10.7,0.11,26.8,0.1,173883
"Sausage, smoked link sausage, pork and beef",,320,12.0,2.42,28.7,0.0,174585
"Sausage, summer, pork and beef, sticks, with cheddar cheese",,426,19.4,1.82,37.9,0.2,174599
"Sausage, turkey and pork, fresh, bulk, patty or link, cooked",,307,22.7,0.7,23.0,0.0,167694
"Sausage, turkey, pork, and beef, low fat, smoked",,101,8.0,11.5,2.5,0.6,172948
"Sausage, Vienna, canned, chicken, beef, pork",,230,10.5,2.6,19.4,0.0,172942
"SUBWAY, black forest ham sub on white bread with lettuce and tomato",,151,9.12,22.9,2.53,1.3,170712
"SUBWAY, roast beef sub on white bread with lettuce and tomato",,155,12.2,20.3,2.73,0.7,170713
"SUBWAY, tuna sub on white bread with lettuce and tomato",,221,12.3,16.0,12.0,0.7,170316
"SUBWAY, turkey breast sub on white bread with lettuce and tomato",,147,9.12,22.4,2.31,1.3,170711
"Babyfood, apple-banana juice",,51.0,0.2,12.3,0.1,0.2,171351
"Babyfood, banana juice with low fat yogurt",,86.0,2.5,17.5,0.8,0.4,168090
"Babyfood, cereal, high protein, with apple and orange, prepared with whole milk",,112,6.9,13.4,3.9,,173533
"Babyfood, cereal, rice, with honey, prepared with whole milk",,115,3.9,17.1,3.3,,172300
"Babyfood, GERBER, 2nd Foods, apple, carrot and squash, organic",,64.0,1.1,14.8,0.0,1.2,173487
"Babyfood, juice, apple and grape",,46.0,0.1,11.3,0.2,0.1,171381
"Babyfood, juice, apple and peach",,43.0,0.2,10.5,0.1,0.1,171352
"Babyfood, juice, apple-sweet potato",,47.0,0.3,11.4,0.1,0.5,169042
"Babyfood, juice, orange and apple",,43.0,0.4,10.1,0.2,,171355
"Babyfood, juice, orange and apricot",,46.0,0.8,10.9,0.1,0.1,170961
"Babyfood, juice, orange and banana",,50.0,0.7,11.9,0.1,,170962
"Babyfood, juice, orange-carrot",,43.0,0.5,9.9,0.1,0.4,169043
"Baking chocolate, MARS SNACKFOOD US, M&M's Milk Chocolate Mini Baking Bits",,502,4.78,68.4,23.4,2.7,169584
"Beans, baked, canned, with pork and tomato sauce",,94.0,5.15,18.7,0.93,4.0,173733
"Beef, chuck eye roast, boneless, America's Beef Roast, separable lean and fat, trimmed to 0"" fat, all grades, cooked, roasted",,236,24.6,0.0,15.3,0.0,170820
"Beef, chuck eye roast, boneless, America's Beef Roast, separable lean and fat, trimmed to 0"" fat, choice, cooked, roasted",,241,24.5,0.0,15.9,0.0,171215
"Beef, chuck eye roast, boneless, America's Beef Roast, separable lean and fat, trimmed to 0"" fat, select, cooked, roasted",,229,24.9,0.0,14.4,0.0,171216
"Beef, chuck eye roast, boneless, America's Beef Roast, separable lean only, trimmed to 0"" fat, all grades, cooked, roasted",,183,26.6,0.0,8.46,0.0,168674
"Beef, chuck eye roast, boneless, America's Beef Roast, separable lean only, trimmed to 0"" fat, choice, cooked, roasted",,190,26.4,0.0,9.36,0.0,169496
"Beef, chuck eye roast, boneless, America's Beef Roast, separable lean only, trimmed to 0"" fat, select, cooked, roasted",,172,27.0,0.0,7.12,0.0,169497
"Beef, corned beef hash, with potato, canned",,164,8.73,9.27,10.2,1.1,173332
"Beef, cured, corned beef, brisket, cooked",,251,18.2,0.47,19.0,0.0,170200
"Beef, New Zealand, imported, manufacturing beef, cooked, boiled",,126,24.2,0.0,3.26,0.0,174730
"Beverages, chocolate-flavor beverage mix for milk, powder, with added nutrients, prepared with whole milk",,89.0,3.27,11.9,3.17,0.4,174160
"Beverages, orange and apricot juice drink, canned",,51.0,0.3,12.7,0.1,0.1,173223
"Beverages, V8 SPLASH Juice Drinks, Strawberry Banana",,29.0,0.0,7.41,0.0,,174168
"Bologna, chicken, pork, beef",,272,11.3,5.61,22.7,0.0,173872
"Bologna, chicken, turkey, pork",,298,9.88,5.65,26.2,0.0,172970
"Bologna, pork, turkey and beef",,336,11.6,6.66,29.2,0.0,174610
"Bratwurst, pork, beef and turkey, lite, smoked",,186,14.4,1.62,13.5,0.0,172958
"Bread, gluten-free, white, made with tapioca starch and brown rice flour",,298,5.4,51.2,8.02,5.5,174101
"Bread, gluten-free, whole grain, made with tapioca starch and brown rice flour",,309,7.25,49.1,9.34,4.9,174102
"BURGER KING, CROISSAN'WICH with Sausage, Egg and Cheese",,308,12.1,15.9,21.8,1.8,173315
"Candies, HERSHEY, REESESTICKS crispy wafers, peanut butter, milk chocolate",,521,9.53,55.4,31.3,3.3,169628
"Candies, milk chocolate, with rice cereal",,511,7.64,59.7,29.4,3.3,168755
"Candies, REESE's Fast Break, milk chocolate, peanut butter, soft nougats, candy bar",,495,8.93,63.9,23.2,3.6,170669
"Candies, REESE'S, FAST BREAK, milk chocolate peanut butter and soft nougats",,474,8.66,61.6,23.4,2.9,169630
"Candies, TOBLERONE, milk chocolate with honey and almond nougat",,489,5.71,61.2,28.6,2.5,167947
"Cereals ready-to-eat, POST, HONEY BUNCHES OF OATS, honey roasted",,401,7.12,81.2,5.46,4.2,168138
"Cereals, CREAM OF RICE, cooked with water, with salt",,52.0,0.9,11.5,0.1,0.1,173914
"Cheese puffs and twists, corn based, baked, low fat",,432,8.5,72.4,12.1,3.6,168860
"Cheese spread, cream cheese base",,295,7.1,3.5,28.6,0.0,169081
"Cheesefurter, cheese smokie, pork, beef",,328,14.1,1.51,29.0,0.0,171623
"Chicken, broilers or fryers, back, meat and skin, cooked, fried, flour",,331,27.8,6.5,20.7,,171471
"Chicken, broilers or fryers, breast, meat and skin, cooked, fried, flour",,222,31.8,1.64,8.87,0.1,171476
"Chicken, broilers or fryers, dark meat, meat and skin, cooked, fried, flour",,285,27.2,4.08,16.9,0.0,171064
"Chicken, broilers or fryers, drumstick, meat and skin, cooked, fried, flour",,245,27.0,1.63,13.7,0.1,173611
"Chicken, broilers or fryers, leg, meat and skin, cooked, fried, flour",,254,26.8,2.5,14.4,0.1,173616
"Chicken, broilers or fryers, light meat, meat and skin, cooked, fried, flour",,246,30.4,1.82,12.1,0.1,171460
"Chicken, broilers or fryers, meat and skin and giblets and neck, cooked, fried, flour",,272,28.6,3.27,15.3,,171049
"Chicken, broilers or fryers, meat and skin, cooked, fried, flour",,269,28.6,3.15,14.9,0.1,171449
"Chicken, broilers or fryers, neck, meat and skin, cooked, fried, flour",,332,24.0,4.24,23.6,,173621
"Chicken, broilers or fryers, skin only, cooked, fried, flour",,502,19.1,9.34,42.6,,171454
"Chicken, broilers or fryers, thigh, meat and skin, cooked, fried, flour",,262,26.8,3.18,15.0,0.1,173624
"Chicken, broilers or fryers, wing, meat and skin, cooked, fried, flour",,321,26.1,2.39,22.2,0.1,173629
"Crackers, gluten-free, multigrain and vegetable, made with corn starch and white rice flour",,456,2.5,76.9,15.4,3.0,174103
"Cream, fluid, light (coffee cream or table cream)",,195,2.96,3.66,19.1,0.0,170857
"DIGIORNO Pizza, cheese topping, cheese stuffed crust, frozen, baked",,279,13.5,29.9,11.7,1.9,170361
"Dutch brand loaf, chicken, pork and beef",,273,12.0,3.93,22.9,0.3,173861
"Fast foods, bagel, with egg, sausage patty, cheese, and condiments",,295,13.0,22.6,17.0,0.2,173322
"Fast foods, breakfast burrito, with egg, cheese, and sausage",,277,11.1,23.0,15.6,1.2,170787
"Fast foods, crispy chicken in tortilla, with lettuce, cheese, and ranch sauce",,275,11.5,23.2,15.1,1.3,170785
"Fast foods, croissant, with egg, cheese, and ham",,261,12.4,19.0,15.0,0.9,173270
"Fast foods, croissant, with egg, cheese, and sausage",,308,12.1,15.9,21.8,1.8,173271
"Fast foods, english muffin, with egg, cheese, and sausage",,286,13.4,17.4,18.1,0.2,172034
"Fast foods, griddle cake sandwich, egg, cheese, and sausage",,291,10.8,22.0,17.7,0.6,172056
"Fast Foods, grilled chicken filet sandwich, with lettuce, tomato and spread",,182,17.3,16.8,4.57,0.9,170368
"Fast foods, grilled chicken in tortilla, with lettuce, cheese, and ranch sauce",,222,13.8,18.4,10.3,0.9,170786
"Fast foods, strawberry banana smoothie made with ice and low-fat yogurt",,65.0,0.86,15.0,0.14,0.9,170775
"Fast foods, submarine sandwich, bacon, lettuce, and tomato on white bread",,205,10.1,26.7,6.41,1.6,170313
"Fast foods, submarine sandwich, cold cut on white bread with lettuce and tomato",,213,10.5,20.4,10.0,1.2,170696
"Fast foods, taco with beef, cheese and lettuce, hard shell",,226,8.86,19.8,12.7,3.9,170689
"Fast foods, taco with beef, cheese and lettuce, soft",,206,9.25,20.2,9.75,2.9,170763
"Fast foods, taco with chicken, lettuce and cheese, soft",,189,13.3,19.7,6.35,1.2,170764
"Fish oil, cod liver",,902,0.0,0.0,100,0.0,173577
"Fish oil, salmon",,902,0.0,0.0,100,0.0,172343
"Fish, cod, Atlantic, cooked, dry heat",,105,22.8,0.0,0.86,0.0,171956
"Fish, cod, Pacific, cooked",,84.0,20.4,0.0,0.25,,175178
"Fish, cod, Pacific, cooked, dry heat (may contain additives to retain moisture)",,85.0,18.7,0.0,0.5,0.0,171990
"Fish, roughy, orange, cooked, dry heat",,105,22.6,0.0,0.9,0.0,174251
"Fish, salmon, Atlantic, farmed, cooked, dry heat",,206,22.1,0.0,12.4,0.0,175168
"Fish, salmon, Atlantic, wild, cooked, dry heat",,182,25.4,0.0,8.13,0.0,171998
"Fish, salmon, chinook, cooked, dry heat",,231,25.7,0.0,13.4,0.0,171999
"Fish, salmon, chum, cooked, dry heat",,154,25.8,0.0,4.83,0.0,172000
"Fish, salmon, coho, farmed, cooked, dry heat",,178,24.3,0.0,8.23,0.0,173716
"Fish, salmon, coho, wild, cooked, dry heat",,139,23.4,0.0,4.3,0.0,173719
"Fish, salmon, coho, wild, cooked, moist heat",,184,27.4,0.0,7.5,0.0,175137
"Fish, salmon, pink, cooked, dry heat",,153,24.6,0.0,5.28,0.0,172001
"Fish, salmon, sockeye, cooked, dry heat",,156,26.5,0.0,5.57,0.0,173692
"Fish, sunfish, pumpkin seed, cooked, dry heat",,114,24.9,0.0,0.9,0.0,172003
"Fish, tuna, fresh, bluefin, cooked, dry heat",,184,29.9,0.0,6.28,0.0,173707
"Fish, tuna, light, canned in oil, drained solids",,198,29.1,0.0,8.21,0.0,173708
"Fish, tuna, light, canned in oil, without salt, drained solids",,198,29.1,0.0,8.21,0.0,174227
"Fish, tuna, skipjack, fresh, cooked, dry heat",,132,28.2,0.0,1.29,0.0,172005
"Fish, tuna, white, canned in oil, drained solids",,186,26.5,0.0,8.08,0.0,175157
"Fish, tuna, white, canned in oil, without salt, drained solids",,186,26.5,0.0,8.08,0.0,171987
"Fish, tuna, yellowfin, fresh, cooked, dry heat",,130,29.2,0.0,0.59,0.0,172006
"Formulated bar, SLIM-FAST OPTIMA meal bar, milk chocolate peanut",,386,16.2,60.2,8.92,5.1,173139
"Frankfurter, beef, pork, and turkey, fat free",,109,12.5,11.2,1.59,0.0,172949
"Frozen novelties, ice cream type, vanilla ice cream, light, no sugar added, chocolate coated",,221,6.4,26.1,10.1,0.8,167683
"Frozen novelties, juice type, juice with cream",,115,1.41,24.1,1.41,0.1,167721
"Fruit cocktail, (peach and pineapple and pear and grape and cherry), canned, extra heavy syrup, solids and liquids",,88.0,0.39,22.9,0.07,1.1,173029
"Fruit cocktail, (peach and pineapple and pear and grape and cherry), canned, extra light syrup, solids and liquids",,45.0,0.4,11.6,0.07,1.1,173026
"Fruit cocktail, (peach and pineapple and pear and grape and cherry), canned, heavy syrup, solids and liquids",,73.0,0.39,18.9,0.07,1.0,173028
"Fruit cocktail, (peach and pineapple and pear and grape and cherry), canned, light syrup, solids and liquids",,57.0,0.4,14.9,0.07,1.0,173027
"Fruit cocktail, (peach and pineapple and pear and grape and cherry), canned, water pack, solids and liquids",,32.0,0.42,8.51,0.05,1.0,174667
"Fruit juice smoothie, BOLTHOUSE FARMS, strawberry banana",,52.0,0.44,12.4,0.3,0.6,167799
"Fruit juice smoothie, ODWALLA, strawberry banana",,48.0,0.5,11.0,0.32,0.6,168213
"Fruit salad, (peach and pear and apricot and pineapple and cherry), canned, extra heavy syrup, solids and liquids",,88.0,0.33,22.8,0.06,1.0,174672
"Fruit salad, (peach and pear and apricot and pineapple and cherry), canned, light syrup, solids and liquids",,58.0,0.34,15.1,0.07,1.0,174671
"Fruit salad, (peach and pear and apricot and pineapple and cherry), canned, water pack, solids and liquids",,30.0,0.35,7.87,0.07,1.0,174669
"Granola bar, soft, milk chocolate coated, peanut butter",,536,9.6,54.1,31.2,3.8,168095
"Ham, honey, smoked, cooked",,122,17.9,7.27,2.37,0.0,174611
"Honey roll sausage, beef",,182,18.6,2.18,10.5,0.0,172943
"Ice cream cone, chocolate covered, with nuts, flavors other than chocolate",,354,5.21,34.4,21.9,1.0,172228
"JIMMY DEAN, Sausage, Egg, and Cheese Breakfast Biscuit, frozen, unprepared",,328,9.29,21.1,22.9,2.0,169784
"Juice, apple and grape blend, with added ascorbic acid",,50.0,0.16,12.5,0.12,0.2,168197
"Light Ice Cream, soft serve, blended with milk chocolate candies",,182,4.02,26.8,6.46,0.2,173324
"Luncheon meat, pork, ham, and chicken, minced, canned, reduced sodium, added ascorbic acid, includes SPAM, 25% less sodium",,293,12.5,3.4,25.1,0.0,172950
"Luncheon sausage, pork and beef",,260,15.4,1.58,20.9,0.0,174587
"McDONALD'S, Sausage, Egg & Cheese McGRIDDLES",,283,10.8,22.0,17.7,0.6,172060
"Milk dessert, frozen, milk-fat free, chocolate",,167,4.3,37.7,1.0,0.0,167686
"Noodles, egg, spinach, enriched, cooked",,132,5.04,24.2,1.57,2.3,169734
"Nuts, cashew nuts, oil roasted, with salt added",,581,16.8,30.2,47.8,3.3,169422
"Nuts, cashew nuts, oil roasted, without salt added",,580,16.8,29.9,47.8,3.3,170572
"OLIVE GARDEN, chicken parmigiana without pasta",,211,15.3,12.3,11.2,0.9,169858
"ON THE BORDER, soft taco with ground beef, cheese and lettuce",,229,13.2,19.3,11.0,1.8,167657
"Pan Dulce, La Ricura, Salpora de Arroz con Azucar, cookie-like, contains wheat flour and rice flour",,445,8.81,66.3,16.1,1.2,167938
"Pasta, fresh-refrigerated, spinach, cooked",,130,5.06,25.0,0.94,,169730
"Pasta, gluten-free, corn, cooked",,126,2.63,27.9,0.73,4.8,168900
"Pasta, homemade, made with egg, cooked",,130,5.28,23.5,1.74,,168901
"Pasta, homemade, made without egg, cooked",,124,4.37,25.1,0.98,,168902
"Pork sausage, link/patty, cooked, pan-fried",,325,18.5,1.42,27.2,0.0,174578
"Pork sausage, link/patty, fully cooked, microwaved",,438,15.1,0.62,41.7,0.0,172971
"Pork sausage, link/patty, fully cooked, unheated",,392,13.5,0.69,37.2,0.0,173876
"Pork sausage, link/patty, reduced fat, cooked, pan-fried",,267,20.9,0.15,20.3,0.0,171636
"Pork sausage, reduced sodium, cooked",,271,9.41,8.13,22.4,0.0,173882
"Pork, cured, ham -- water added, rump, bone-in, separable lean and fat, heated, roasted",,161,20.1,0.99,8.56,0.0,169164
"Pork, cured, ham -- water added, rump, bone-in, separable lean only, heated, roasted",,121,21.4,0.87,3.56,0.0,167915
"Pork, cured, ham -- water added, shank, bone-in, separable lean and fat, heated, roasted",,200,18.6,1.35,13.4,0.0,169165
"Pork, cured, ham -- water added, shank, bone-in, separable lean only, heated, roasted",,128,20.9,1.2,4.43,0.0,167917
"Pork, cured, ham -- water added, whole, boneless, separable lean and fat, heated, roasted",,126,17.8,1.54,5.48,0.0,168349
"Pork, cured, ham -- water added, whole, boneless, separable lean only, heated, roasted",,117,18.0,1.57,4.39,0.0,169148
"Pork, cured, ham and water product, rump, bone-in, separable lean and fat, heated, roasted",,186,19.5,1.15,11.5,0.0,168350
"Pork, cured, ham and water product, rump, bone-in, separable lean only, heated, roasted",,131,21.3,1.15,4.7,0.0,168332
"Pork, cured, ham and water product, shank, bone-in, separable lean and fat, heated, roasted",,234,18.2,1.42,17.3,0.0,168351
"Pork, cured, ham and water product, shank, bone-in, separable lean only, heated, roasted",,132,21.7,1.26,4.45,0.0,169150
"Pork, cured, ham and water product, whole, boneless, separable lean and fat, heated, roasted",,123,13.9,4.61,5.46,0.0,169169
"Pork, cured, ham and water product, whole, boneless, separable lean only, heated, roasted",,123,13.9,4.61,5.46,0.0,168327
"Pork, cured, ham with natural juices, rump, bone-in, separable lean and fat, heated, roasted",,177,22.5,0.6,9.39,0.0,169170
"Pork, cured, ham with natural juices, rump, bone-in, separable lean only, heated, roasted",,137,24.1,0.48,4.25,0.0,167919
"Pork, cured, ham with natural juices, shank, bone-in, separable lean and fat, heated, roasted",,191,22.9,0.33,10.9,0.0,169171
"Pork, cured, ham with natural juices, shank, bone-in, separable lean only, heated, roasted",,145,25.0,0.34,4.97,0.0,167920
"Pork, cured, ham with natural juices, spiral slice, boneless, separable lean and fat, heated, roasted",,139,22.2,1.06,5.1,0.0,168354
"Pork, cured, ham with natural juices, spiral slice, meat only, boneless, separable lean only, heated, roasted",,126,22.6,1.08,3.78,0.0,168331
"Pork, cured, ham with natural juices, whole, boneless, separable lean and fat, heated, roasted",,114,20.5,0.84,3.13,0.0,168355
"Pork, cured, ham with natural juices, whole, boneless, separable lean only, heated, roasted",,113,20.6,0.84,3.01,0.0,168334
"Pork, cured, ham, boneless, extra lean (approximately 5% fat), roasted",,145,20.9,1.5,5.53,0.0,167871
"Pork, cured, ham, boneless, extra lean and regular, roasted",,165,22.0,0.5,7.66,0.0,168296
"Pork, cured, ham, boneless, low sodium, extra lean (approximately 5% fat), roasted",,145,20.9,1.5,5.5,0.0,168111
"Pork, cured, ham, boneless, low sodium, extra lean and regular, roasted",,165,22.0,0.5,7.7,0.0,169906
"Pork, cured, ham, boneless, regular (approximately 11% fat), roasted",,178,22.6,0.0,9.02,0.0,167872
"Pork, cured, ham, extra lean (approximately 4% fat), canned, roasted",,136,21.2,0.52,4.88,0.0,168280
"Pork, cured, ham, extra lean and regular, canned, roasted",,167,20.9,0.49,8.43,0.0,167886
"Pork, cured, ham, low sodium, lean and fat, cooked",,172,22.3,0.3,8.3,0.0,168110
"Pork, cured, ham, regular (approximately 13% fat), canned, roasted",,226,20.5,0.42,15.2,0.0,168281
"Pork, cured, ham, rump, bone-in, separable lean and fat, heated, roasted",,177,24.0,0.64,8.88,0.0,168356
"Pork, cured, ham, rump, bone-in, separable lean only, heated, roasted",,132,26.0,0.68,3.07,0.0,169173
"Pork, cured, ham, shank, bone-in, separable lean and fat, heated, roasted",,191,24.4,0.64,9.35,0.0,168357
"Pork, cured, ham, shank, bone-in, separable lean only, heated, roasted",,139,26.5,0.68,3.68,0.0,169175
"Pork, cured, ham, whole, separable lean only, roasted",,157,25.0,0.0,5.5,0.0,168284
"Pork, cured, separable fat (from ham and arm picnic), roasted",,591,7.64,0.0,61.9,0.0,167878
"Pork, fresh, leg (ham), rump half, separable lean and fat, cooked, roasted",,209,27.0,0.0,10.3,0.0,167815
"Pork, fresh, leg (ham), rump half, separable lean only, cooked, roasted",,165,28.9,0.0,4.62,0.0,167817
"Pork, fresh, leg (ham), shank half, separable lean and fat, cooked, roasted",,232,26.0,0.0,13.4,0.0,168227
"Pork, fresh, leg (ham), shank half, separable lean only, cooked, roasted",,175,28.7,0.0,5.83,0.0,168229
"Pork, fresh, leg (ham), whole, separable lean and fat, cooked, roasted",,273,26.8,0.0,17.6,0.0,168223
"Pork, fresh, leg (ham), whole, separable lean only, cooked, roasted",,211,29.4,0.0,9.44,0.0,168225
"Restaurant, Mexican, soft taco with ground beef, cheese and lettuce",,219,12.6,17.9,10.8,1.5,167658
"Rice cake, cracker (include hain mini rice cakes)",,392,7.1,81.1,4.3,4.2,168107
"Rolls, gluten-free, white, made with brown rice flour, tapioca starch, and potato starch",,310,7.99,55.1,6.4,3.6,171861
"Rolls, gluten-free, white, made with brown rice flour, tapioca starch, and sorghum flour",,257,5.65,40.2,8.2,2.9,171863
"Ruby Red grapefruit juice blend (grapefruit, grape, apple), OCEAN SPRAY, bottled, with added vitamin C",,44.0,0.5,10.5,0.1,0.2,167805
"Salami, cooked, beef and pork",,336,21.8,2.4,25.9,0.0,172936
"Sausage, beef, cured, cooked, smoked",,312,14.1,2.42,26.9,0.0,170606
"Sausage, beef, fresh, cooked",,332,18.2,0.35,28.0,0.0,174618
"Sausage, Berliner, pork, beef",,230,15.3,2.59,17.2,0.0,171617
"Sausage, chicken or turkey, Italian style,  lower sodium",,183,21.4,14.2,4.46,0.0,173880
"Sausage, egg and cheese breakfast biscuit",,324,9.54,21.6,22.1,2.0,169781
"Sausage, Italian, pork, mild, cooked, pan-fried",,324,18.4,1.86,26.4,0.0,174586
"Sausage, New england brand, pork, beef",,161,17.3,4.83,7.58,0.0,174588
"Sausage, Polish, beef with chicken, hot",,259,17.6,3.6,19.4,0.0,172953
"Sausage, Polish, pork and beef, smoked",,301,12.1,1.98,26.6,0.0,172954
"Sausage, smoked link sausage, pork",,309,12.0,0.94,28.2,0.0,174584
"Sausage, turkey, fresh, cooked",,196,23.9,0.0,10.4,0.0,173871
"Sausage, turkey, reduced fat, brown and serve, cooked",,204,17.0,10.9,10.3,0.3,174580
"Seeds, pumpkin and squash seed kernels, roasted, with salt added",,574,29.8,14.7,49.0,6.5,169415
"Seeds, pumpkin and squash seed kernels, roasted, without salt",,574,29.8,14.7,49.0,6.5,170557
"Seeds, pumpkin and squash seeds, whole, roasted, with salt added",,446,18.6,53.8,19.4,18.4,168601
"Seeds, pumpkin and squash seeds, whole, roasted, without salt",,446,18.6,53.8,19.4,18.4,170188
SILK Banana-Strawberry soy yogurt,,88.0,2.35,17.1,1.18,0.6,175230
"Snacks, granola bars, soft, coated, milk chocolate coating, chocolate chip",,466,5.8,63.8,24.9,3.4,167545
"Snacks, granola bars, soft, coated, milk chocolate coating, peanut butter",,508,10.2,53.4,31.1,2.8,167547
"Snacks, potato chips, made from dried potatoes, sour-cream and onion-flavor",,547,6.6,51.3,37.0,1.2,167554
"Snacks, potato chips, sour-cream-and-onion-flavor",,531,8.1,51.5,33.9,5.2,167963
"Snacks, rice cakes, brown rice, corn",,385,8.4,81.2,3.2,2.9,169679
"Snacks, rice cracker brown rice, plain",,387,8.2,81.5,2.8,4.2,167966
"Soup, chicken vegetable with potato and cheese, chunky, ready-to-serve",,65.0,1.16,5.2,4.46,0.3,172892
"Soup, cream of celery, canned, prepared with equal volume milk",,66.0,2.29,5.86,3.91,0.3,172893
"Soup, cream of chicken, canned, prepared with equal volume milk",,77.0,3.01,6.04,4.62,0.1,174537
"Soup, cream of mushroom, canned, prepared with equal volume low fat (2%) milk",,65.0,2.36,5.76,3.58,0.3,174540
"Soup, cream of onion, canned, prepared with equal volume milk",,75.0,2.74,7.4,3.78,0.3,174541
"Soup, cream of potato, canned, prepared with equal volume milk",,60.0,2.33,6.92,2.6,0.2,172897
"Soup, cream of shrimp, canned, prepared with equal volume low fat (2%) milk",,61.0,2.78,5.64,3.23,0.1,172898
"SUBWAY, B.L.T. sub on white bread with bacon, lettuce and tomato",,205,10.1,26.7,6.41,1.6,170312
"SUBWAY, cold cut sub on white bread with lettuce and tomato",,214,10.5,20.4,10.0,1.2,170315
"SUBWAY, SUBWAY CLUB sub on white bread with lettuce and tomato",,146,10.7,20.4,2.42,1.4,170307
"Succotash, (corn and limas), canned, with cream style corn",,77.0,2.64,17.6,0.54,3.0,168478
"Swisswurst, pork and beef, with swiss cheese, smoked",,307,12.7,1.6,27.4,0.0,174601
"TACO BELL, Original Taco with beef, cheese and lettuce",,229,8.86,19.8,12.7,3.9,170332
"TACO BELL, Soft Taco with beef, cheese and lettuce",,206,9.25,20.2,9.75,2.9,170333
"TACO BELL, Soft Taco with chicken, cheese and lettuce",,189,13.3,19.7,6.35,1.2,170732
"Thuringer, cervelat, summer sausage, beef, pork",,362,17.4,3.33,30.4,0.0,172940
"Yogurt, chocolate, nonfat milk",,112,3.53,23.5,0.0,1.2,172208
"Yogurt, chocolate, nonfat milk, fortified with vitamin D",,112,3.53,23.5,0.0,1.2,172221
"Yogurt, frozen, flavors not chocolate, nonfat milk, with low-calorie sweetener",,104,4.4,19.7,0.8,2.0,173464
"Yogurt, Greek, 2% fat, strawberry banana, CHOBANI",,88.0,8.0,10.2,1.71,0.7,170912
"Agutuk, fish with shortening (Alaskan ice cream) (Alaska Native)",,470,9.0,10.5,43.5,,169823
"Apple juice, canned or bottled, unsweetened, with added ascorbic acid",,46.0,0.1,11.3,0.13,0.2,167771
"Apple juice, canned or bottled, unsweetened, with added ascorbic acid, calcium, and potassium",,48.0,0.12,11.5,0.17,0.3,167800
"Apple juice, canned or bottled, unsweetened, without added ascorbic acid",,46.0,0.1,11.3,0.13,0.2,173933
"Apple juice, frozen concentrate, unsweetened, diluted with 3 volume water without added ascorbic acid",,47.0,0.14,11.5,0.1,0.1,173935
"Apple juice, frozen concentrate, unsweetened, diluted with 3 volume water, with added ascorbic acid",,47.0,0.14,11.5,0.1,0.1,167775
"Apple juice, frozen concentrate, unsweetened, undiluted, with added ascorbic acid",,166,0.51,41.0,0.37,,168188
"Apple juice, frozen concentrate, unsweetened, undiluted, without added ascorbic acid",,166,0.51,41.0,0.37,0.4,173934
"Babyfood, apple yogurt dessert, strained",,93.0,0.8,19.5,1.6,0.5,167690
"Babyfood, banana apple dessert, strained",,68.0,0.3,16.3,0.2,1.0,167733
"Babyfood, cereal, barley, prepared with whole milk",,84.0,3.73,9.94,3.26,0.6,172296
"Babyfood, cereal, high protein, with apple and orange, dry",,374,25.4,57.6,6.5,7.1,170973
"Babyfood, cereal, mixed, with honey, prepared with whole milk",,115,5.0,15.9,3.6,,173532
"Babyfood, cereal, oatmeal, with honey, prepared with whole milk",,115,5.0,15.3,3.9,,172298
"Babyfood, cereal, rice with pears and apple, dry, instant fortified",,389,6.6,88.5,0.9,2.6,167731
"Babyfood, cereal, rice, prepared with whole milk",,85.0,3.45,10.3,3.38,0.0,172299
"Babyfood, cereal, rice, with applesauce and bananas, strained",,80.0,1.2,17.1,0.4,1.0,170970
"Babyfood, cereal, rice, with bananas, prepared with whole milk",,86.0,3.57,10.5,3.32,0.1,173534
"Babyfood, dessert, banana yogurt, strained",,78.0,1.1,17.4,0.52,0.5,168135
"Babyfood, dessert, peach yogurt",,77.0,0.9,17.6,0.18,0.4,168133
"Babyfood, dinner, beef and rice, toddler",,82.0,5.0,8.8,2.9,,172260
"Babyfood, dinner, broccoli and chicken, junior",,62.0,3.59,6.34,2.48,1.4,172288
"Babyfood, dinner, chicken and rice",,51.0,1.6,9.2,0.9,1.1,169054
"Babyfood, dinner, macaroni and tomato and beef, junior",,59.0,2.5,9.4,1.1,1.1,173491
"Babyfood, dinner, macaroni and tomato and beef, strained",,61.0,2.36,9.45,1.47,1.2,173490
"Babyfood, dinner, macaroni, beef and tomato sauce, toddler",,82.0,4.34,11.5,1.9,1.1,168125
"Babyfood, dinner, turkey and rice, junior",,56.0,2.37,9.57,0.92,1.0,173500
"Babyfood, dinner, turkey and rice, strained",,52.0,2.27,7.94,1.24,0.9,172269
"Babyfood, dinner, turkey, rice, and vegetables, toddler",,60.0,3.8,7.5,1.6,0.8,172286
"Babyfood, fruit and vegetable, apple and sweet potato",,64.0,0.3,15.3,0.22,1.4,170952
"Babyfood, fruit, applesauce with banana, junior",,66.0,0.37,16.2,0.1,1.6,170951
"Babyfood, fruit, banana and strawberry, junior",,109,0.71,25.8,0.37,1.4,170998
"Babyfood, GERBER, Banana with orange medley",,69.0,1.06,20.4,0.0,2.1,169792
"Babyfood, grape juice, no sugar, canned",,62.0,0.0,15.4,0.0,0.0,168144
"Babyfood, juice, apple",,47.0,0.0,11.7,0.1,0.1,170959
"Babyfood, juice, apple - cherry",,47.0,0.2,11.2,0.1,0.3,167729
"Babyfood, juice, apple and prune",,72.0,0.2,18.1,0.1,0.1,171353
"Babyfood, juice, apple, with calcium",,46.0,0.06,11.1,0.1,0.4,170985
"Babyfood, juice, orange",,45.0,0.6,10.2,0.3,0.1,171354
"Babyfood, juice, orange and pineapple",,48.0,0.5,11.7,0.1,0.1,170963
"Babyfood, juice, pear",,43.0,0.0,11.9,0.0,0.1,167718
"Babyfood, juice, prune and orange",,70.0,0.6,16.8,0.3,,171356
"Babyfood, mixed fruit juice with low fat yogurt",,74.0,2.4,14.7,0.8,0.4,168091
"Babyfood, ravioli, cheese filled, with tomato sauce",,99.0,3.6,16.3,2.2,0.1,172257
"Babyfood, Snack, GERBER, GRADUATES, LIL CRUNCHIES, baked whole grain corn snack",,503,0.0,61.6,28.6,0.0,171398
"Babyfood, vegetable, butternut squash and corn",,50.0,2.0,9.26,0.6,2.0,173510
"Babyfood, yogurt, whole milk, with fruit, multigrain cereal and added DHA fortified",,98.0,3.4,13.2,3.53,0.3,170987
"Babyfood, yogurt, whole milk, with fruit, multigrain cereal and added iron fortified",,92.0,3.05,13.0,3.08,0.6,170990
"Baking chocolate, MARS SNACKFOOD US, M&M's Semisweet Chocolate Mini Baking Bits",,517,4.44,66.0,26.2,6.7,169581
"Balsam-pear (bitter gourd), leafy tips, cooked, boiled, drained, with salt",,32.0,3.6,6.16,0.2,1.9,168495
"Balsam-pear (bitter gourd), leafy tips, cooked, boiled, drained, without salt",,34.0,3.6,6.68,0.2,1.9,168392
"Balsam-pear (bitter gourd), pods, cooked, boiled, drained, with salt",,19.0,0.84,4.32,0.18,2.0,168496
"Balsam-pear (bitter gourd), pods, cooked, boiled, drained, without salt",,19.0,0.84,4.32,0.18,2.0,168394
"Barbecue loaf, pork, beef",,173,15.8,6.4,8.9,0.0,171601
Barley flour or meal,,345,10.5,74.5,1.6,10.1,169739
Barley malt flour,,361,10.3,78.3,1.84,7.1,169740
"Barley, pearled, cooked",,123,2.26,28.2,0.44,3.8,170285
"Beans, baked, canned, with beef",,121,6.38,16.9,3.45,,175183
"Beans, baked, canned, with pork",,106,5.19,20.0,1.55,5.5,175185
"Beans, baked, canned, with pork and sweet sauce",,105,4.52,21.6,0.89,4.4,173732
"Beans, chili, barbecue, ranch style, cooked",,97.0,5.0,16.9,1.0,4.2,169065
"Beef composite, separable lean only, trimmed to 1/8"" fat, choice, cooked",,203,28.7,0.0,9.16,0.0,174013
"Beef macaroni with tomato sauce, frozen entree, reduced fat",,113,5.89,18.0,1.96,1.4,172090
"Beef, bottom sirloin, tri-tip roast, separable lean and fat, trimmed to 0"" fat, all grades, cooked, roasted",,211,26.0,0.0,11.1,0.0,169558
"Beef, bottom sirloin, tri-tip roast, separable lean and fat, trimmed to 0"" fat, choice, cooked, roasted",,221,25.7,0.0,12.4,0.0,168735
"Beef, bottom sirloin, tri-tip roast, separable lean and fat, trimmed to 0"" fat, select, cooked, roasted",,201,26.4,0.0,9.78,0.0,168737
"Beef, bottom sirloin, tri-tip roast, separable lean only, trimmed to 0"" fat, choice, cooked, roasted",,193,26.3,0.0,9.73,0.0,174771
"Beef, bottom sirloin, tri-tip roast, separable lean only, trimmed to 0"" fat, select, cooked, roasted",,179,27.2,0.0,6.95,0.0,174773
"Beef, brisket, flat half, separable lean and fat, trimmed to 0"" fat, all grades, cooked, braised",,213,32.9,0.0,8.01,0.0,170613
"Beef, brisket, flat half, separable lean and fat, trimmed to 0"" fat, choice, cooked, braised",,221,32.2,0.0,9.24,0.0,169440
"Beef, brisket, flat half, separable lean and fat, trimmed to 0"" fat, select, cooked, braised",,205,33.6,0.0,6.77,0.0,169555
"Beef, brisket, flat half, separable lean and fat, trimmed to 1/8"" fat, all grades, cooked, braised",,289,28.8,0.0,18.4,0.0,169488
"Beef, brisket, flat half, separable lean and fat, trimmed to 1/8"" fat, choice, cooked, braised",,298,28.7,0.0,19.5,0.0,173130
"Beef, brisket, flat half, separable lean and fat, trimmed to 1/8"" fat, select, cooked, braised",,280,29.0,0.0,17.4,0.0,169432
"Beef, brisket, flat half, separable lean only, trimmed to 0"" fat, all grades, cooked, braised",,205,33.3,0.0,6.99,0.0,170210
"Beef, brisket, flat half, separable lean only, trimmed to 0"" fat, choice, cooked, braised",,212,32.6,0.0,8.07,0.0,170601
"Beef, brisket, flat half, separable lean only, trimmed to 0"" fat, select, cooked, braised",,198,33.9,0.0,5.92,0.0,169469
"Beef, brisket, flat half, separable lean only, trimmed to 1/8"" fat, all grades, cooked, braised",,196,33.2,0.0,6.0,0.0,174047
"Beef, brisket, flat half, separable lean only, trimmed to 1/8"" fat, choice, cooked, braised",,203,33.1,0.0,6.79,0.0,171818
"Beef, brisket, flat half, separable lean only, trimmed to 1/8"" fat, select, cooked, braised",,189,33.2,0.0,5.21,0.0,174768
"Beef, brisket, point half, separable lean and fat, trimmed to 0"" fat, all grades, cooked, braised",,358,23.5,0.0,28.5,0.0,170211
"Beef, brisket, point half, separable lean and fat, trimmed to 1/8"" fat, all grades, cooked, braised",,349,24.4,0.0,27.2,0.0,169490
"Beef, brisket, point half, separable lean only, trimmed to 0"" fat, all grades, cooked, braised",,244,28.0,0.0,13.8,0.0,170212
"Beef, brisket, whole, separable lean and fat, trimmed to 0"" fat, all grades, cooked, braised",,291,26.8,0.0,19.5,0.0,170611
"Beef, brisket, whole, separable lean and fat, trimmed to 1/8"" fat, all grades, cooked, braised",,331,25.8,0.0,24.5,0.0,168665
"Beef, brisket, whole, separable lean only, trimmed to 0"" fat, all grades, cooked, braised",,218,29.8,0.0,10.1,0.0,170612
"Beef, chuck eye Country-Style ribs, boneless, separable lean and fat, trimmed to 0"" fat, all grades, cooked, braised",,296,27.7,0.0,20.6,0.0,171227
"Beef, chuck eye Country-Style ribs, boneless, separable lean and fat, trimmed to 0"" fat, choice, cooked, braised",,303,27.2,0.0,21.6,0.0,170829
"Beef, chuck eye Country-Style ribs, boneless, separable lean and fat, trimmed to 0"" fat, select, cooked, braised",,285,28.5,0.0,19.0,0.0,170830
"Beef, chuck eye Country-Style ribs, boneless, separable lean only, trimmed to 0"" fat, all grades, cooked, braised",,228,31.4,0.0,11.4,0.0,170799
"Beef, chuck eye Country-Style ribs, boneless, separable lean only, trimmed to 0"" fat, choice, cooked, braised",,234,31.0,0.0,12.2,0.0,170797
"Beef, chuck eye Country-Style ribs, boneless, separable lean only, trimmed to 0"" fat, select, cooked, braised",,221,32.1,0.0,10.2,0.0,170798
"Beef, chuck eye roast, boneless, America's Beef Roast, separable lean and fat, trimmed to 0"" fat, all grades, raw",,180,19.2,0.0,11.5,0.0,168660
"Beef, chuck eye roast, boneless, America's Beef Roast, separable lean and fat, trimmed to 0"" fat, choice, raw",,185,19.1,0.0,12.0,0.0,168661
"Beef, chuck eye roast, boneless, America's Beef Roast, separable lean and fat, trimmed to 0"" fat, select, raw",,173,19.2,0.0,10.7,0.0,168662
"Beef, chuck eye roast, boneless, America's Beef Roast, separable lean only, trimmed to 0"" fat, all grades, raw",,137,20.6,0.0,6.01,0.0,169565
"Beef, chuck eye roast, boneless, America's Beef Roast, separable lean only, trimmed to 0"" fat, choice, raw",,139,20.7,0.0,6.21,0.0,169566
"Beef, chuck eye roast, boneless, America's Beef Roast, separable lean only, trimmed to 0"" fat, select, raw",,133,20.5,0.0,5.71,0.0,168742
"Beef, chuck eye steak, boneless, separable lean and fat, trimmed to 0"" fat, all grades, cooked, grilled",,277,25.0,0.0,19.6,0.0,171228
"Beef, chuck eye steak, boneless, separable lean and fat, trimmed to 0"" fat, choice, cooked, grilled",,283,25.0,0.0,20.4,0.0,171229
"Beef, chuck eye steak, boneless, separable lean and fat, trimmed to 0"" fat, select, cooked, grilled",,267,25.0,0.0,18.6,0.0,171230
"Beef, chuck eye steak, boneless, separable lean only, trimmed to 0"" fat, all grades, cooked, grilled",,209,27.9,0.0,10.8,0.0,170801
"Beef, chuck eye steak, boneless, separable lean only, trimmed to 0"" fat, choice, cooked, grilled",,215,28.0,0.0,11.5,0.0,171196
"Beef, chuck eye steak, boneless, separable lean only, trimmed to 0"" fat, select, cooked, grilled",,199,27.9,0.0,9.77,0.0,171197
"Beef, chuck for stew, separable lean and fat, all grades, cooked, braised",,191,32.4,0.0,6.82,0.0,171203
"Beef, chuck for stew, separable lean and fat, choice, cooked, braised",,194,32.5,0.0,7.14,0.0,171205
"Beef, chuck for stew, separable lean and fat, select, cooked, braised",,186,32.3,0.0,6.34,0.0,171204
"Beef, chuck, arm pot roast, separable lean and fat, trimmed to 0"" fat, all grades, cooked, braised",,297,28.9,0.0,19.2,0.0,170213
"Beef, chuck, arm pot roast, separable lean and fat, trimmed to 0"" fat, select, cooked, braised",,283,29.2,0.0,17.6,0.0,170614
"Beef, chuck, arm pot roast, separable lean and fat, trimmed to 1/8"" fat, all grades, cooked, braised",,302,30.1,0.0,19.2,0.0,168667
"Beef, chuck, arm pot roast, separable lean and fat, trimmed to 1/8"" fat, choice, cooked, braised",,309,30.2,0.0,19.9,0.0,168669
"Beef, chuck, arm pot roast, separable lean and fat, trimmed to 1/8"" fat, select, cooked, braised",,295,30.0,0.0,18.5,0.0,169492
"Beef, chuck, arm pot roast, separable lean only, trimmed to 0"" fat, choice, cooked, braised",,212,33.4,0.0,7.67,0.0,170615
"Beef, chuck, arm pot roast, separable lean only, trimmed to 0"" fat, select, cooked, braised",,195,33.4,0.0,5.8,0.0,170616
"Beef, chuck, arm pot roast, separable lean only, trimmed to 1/8"" fat, all grades, cooked, braised",,214,34.7,0.0,7.36,0.0,174050
"Beef, chuck, arm pot roast, separable lean only, trimmed to 1/8"" fat, choice, cooked, braised",,224,34.7,0.0,8.37,0.0,171817
"Beef, chuck, arm pot roast, separable lean only, trimmed to 1/8"" fat, select, cooked, braised",,205,34.6,0.0,6.35,0.0,174767
"Beef, chuck, blade roast, separable lean and fat, trimmed to 0"" fat, all grades, cooked, braised",,334,27.2,0.0,24.1,0.0,170617
"Beef, chuck, blade roast, separable lean and fat, trimmed to 1/8"" fat, all grades, cooked, braised",,341,26.8,0.0,25.1,0.0,169494
"Beef, chuck, blade roast, separable lean and fat, trimmed to 1/8"" fat, choice, cooked, braised",,359,26.4,0.0,27.3,0.0,168671
"Beef, chuck, blade roast, separable lean and fat, trimmed to 1/8"" fat, select, cooked, braised",,318,27.3,0.0,22.4,0.0,168673
"Beef, chuck, blade roast, separable lean only, trimmed to 0"" fat, all grades, cooked, braised",,253,31.1,0.0,13.3,0.0,170215
"Beef, chuck, clod roast, separable lean and fat, trimmed to 0"" fat, all grades, cooked, roasted",,207,25.7,0.0,10.8,0.0,174027
"Beef, chuck, clod roast, separable lean and fat, trimmed to 0"" fat, choice, cooked, roasted",,216,24.6,0.0,12.3,0.0,174023
"Beef, chuck, clod roast, separable lean and fat, trimmed to 0"" fat, select, cooked, roasted",,196,27.3,0.0,8.76,0.0,171784
"Beef, chuck, clod roast, separable lean only, trimmed to 0"" fat, all grades, cooked, roasted",,172,26.8,0.0,6.34,0.0,174019
"Beef, chuck, clod roast, separable lean only, trimmed to 0"" fat, choice, cooked, roasted",,171,26.0,0.0,6.69,0.0,169553
"Beef, chuck, clod roast, separable lean only, trimmed to 0"" fat, select, cooked, roasted",,172,28.1,0.0,5.82,0.0,168730
"Beef, chuck, clod roast, separable lean only, trimmed to 1/4"" fat, all grades, cooked, roasted",,173,26.4,0.0,6.75,0.0,171780
"Beef, chuck, clod steak, separable lean only, trimmed to 1/4"" fat, all grades, cooked, braised",,189,29.3,0.0,7.04,0.0,171782
"Beef, chuck, mock tender steak, boneless, separable lean and fat, trimmed to 0"" fat, all grades, cooked, braised",,220,32.1,0.0,10.2,0.0,170821
"Beef, chuck, mock tender steak, boneless, separable lean and fat, trimmed to 0"" fat, choice, cooked, braised",,225,32.2,0.0,10.7,0.0,170822
"Beef, chuck, mock tender steak, boneless, separable lean and fat, trimmed to 0"" fat, select, cooked, braised",,211,31.9,0.0,9.34,0.0,170823
"Beef, chuck, mock tender steak, boneless, separable lean only, trimmed to 0"" fat, all grades, cooked, braised",,190,33.3,0.0,6.34,0.0,170806
"Beef, chuck, mock tender steak, boneless, separable lean only, trimmed to 0"" fat, choice, cooked, braised",,197,33.6,0.0,6.94,0.0,171201
"Beef, chuck, mock tender steak, boneless, separable lean only, trimmed to 0"" fat, select, cooked, braised",,181,33.0,0.0,5.44,0.0,170805
"Beef, chuck, mock tender steak, separable lean and fat, trimmed to 0"" fat, all grades, cooked, broiled",,160,25.9,0.0,5.52,0.0,174025
"Beef, chuck, mock tender steak, separable lean and fat, trimmed to 0"" fat, USDA choice, cooked, broiled",,161,25.7,0.0,5.72,0.0,171783
"Beef, chuck, mock tender steak, separable lean and fat, trimmed to 0"" fat, USDA select, cooked, broiled",,159,26.1,0.0,5.24,0.0,174020
"Beef, chuck, mock tender steak, separable lean only, trimmed to 0"" fat, all grades, cooked, broiled",,159,25.9,0.0,5.42,0.0,174016
"Beef, chuck, mock tender steak, separable lean only, trimmed to 0"" fat, choice, cooked, broiled",,161,25.7,0.0,5.69,0.0,169561
"Beef, chuck, mock tender steak, separable lean only, trimmed to 0"" fat, select, cooked, broiled",,157,26.1,0.0,5.02,0.0,169562
"Beef, chuck, short ribs, boneless, separable lean and fat, trimmed to 0"" fat, all grades, cooked, braised",,305,25.5,0.0,22.6,0.0,171222
"Beef, chuck, short ribs, boneless, separable lean and fat, trimmed to 0"" fat, choice, cooked, braised",,317,25.3,0.0,24.0,0.0,171223
"Beef, chuck, short ribs, boneless, separable lean and fat, trimmed to 0"" fat, select, cooked, braised",,287,25.8,0.0,20.4,0.0,170825
"Beef, chuck, short ribs, boneless, separable lean only, trimmed to 0"" fat, all grades, cooked, braised",,240,28.8,0.0,13.8,0.0,169569
"Beef, chuck, short ribs, boneless, separable lean only, trimmed to 0"" fat, choice, cooked, braised",,250,28.8,0.0,15.0,0.0,169567
"Beef, chuck, short ribs, boneless, separable lean only, trimmed to 0"" fat, select, cooked, braised",,224,28.8,0.0,12.1,0.0,169568
"Beef, chuck, shoulder clod, shoulder tender, medallion, separable lean and fat, trimmed to 0"" fat, all grades, cooked, grilled",,177,26.2,0.0,7.2,0.0,173366
"Beef, chuck, shoulder clod, shoulder tender, medallion, separable lean and fat, trimmed to 0"" fat, choice, cooked, grilled",,181,26.1,0.0,7.68,0.0,173355
"Beef, chuck, shoulder clod, shoulder tender, medallion, separable lean and fat, trimmed to 0"" fat, select, cooked, grilled",,172,26.4,0.33,6.43,0.0,172136
"Beef, chuck, shoulder clod, shoulder top and center steaks, separable lean and fat, trimmed to 0"" fat, all grades, cooked, grilled",,182,26.3,0.12,7.66,0.0,172133
"Beef, chuck, shoulder clod, shoulder top and center steaks, separable lean and fat, trimmed to 0"" fat, choice, cooked, grilled",,184,26.1,0.0,8.11,0.0,173358
"Beef, chuck, shoulder clod, shoulder top and center steaks, separable lean and fat, trimmed to 0"" fat, select, cooked, grilled",,176,26.7,0.0,6.94,0.0,172124
"Beef, chuck, shoulder clod, top blade, steak, separable lean and fat, trimmed to 0"" fat, all grades, cooked, grilled",,222,24.9,0.0,12.8,0.0,173368
"Beef, chuck, shoulder clod, top blade, steak, separable lean and fat, trimmed to 0"" fat, choice, cooked, grilled",,228,24.7,0.0,13.6,0.0,172126
"Beef, chuck, shoulder clod, top blade, steak, separable lean and fat, trimmed to 0"" fat, select, cooked, grilled",,212,25.3,0.0,11.5,0.0,173360
"Beef, chuck, top blade, separable lean and fat, trimmed to 0"" fat, all grades, cooked, broiled",,216,25.7,0.0,11.7,0.0,174026
"Beef, chuck, top blade, separable lean and fat, trimmed to 0"" fat, choice, cooked, broiled",,227,25.8,0.0,12.9,0.0,174021
"Beef, chuck, top blade, separable lean and fat, trimmed to 0"" fat, select, cooked, broiled",,200,25.7,0.0,9.99,0.0,174022
"Beef, chuck, top blade, separable lean only, trimmed to 0"" fat, all grades, cooked, broiled",,203,26.1,0.0,10.2,0.0,174017
"Beef, chuck, top blade, separable lean only, trimmed to 0"" fat, choice, cooked, broiled",,217,26.1,0.0,11.6,0.0,168738
"Beef, chuck, top blade, separable lean only, trimmed to 0"" fat, select, cooked, broiled",,184,26.2,0.0,8.0,0.0,168739
"Beef, chuck, under blade center steak, boneless, Denver Cut, separable lean and fat, trimmed to 0"" fat, all grades, cooked, grilled",,227,26.2,0.21,13.5,0.0,170816
"Beef, chuck, under blade center steak, boneless, Denver Cut, separable lean and fat, trimmed to 0"" fat, choice, cooked, grilled",,236,26.1,0.4,14.4,0.0,171211
"Beef, chuck, under blade center steak, boneless, Denver Cut, separable lean and fat, trimmed to 0"" fat, select, cooked, grilled",,215,26.3,0.0,12.2,0.0,171212
"Beef, chuck, under blade center steak, boneless, Denver Cut, separable lean only, trimmed to 0"" fat, all grades, cooked, grilled",,220,26.5,0.14,12.6,0.0,170605
"Beef, chuck, under blade center steak, boneless, Denver Cut, separable lean only, trimmed to 0"" fat, choice, cooked, grilled",,228,26.5,0.28,13.4,0.0,170201
"Beef, chuck, under blade center steak, boneless, Denver Cut, separable lean only, trimmed to 0"" fat, select, cooked, grilled",,209,26.5,0.0,11.5,0.0,170203
"Beef, chuck, under blade pot roast, boneless, separable lean and fat, trimmed to 0"" fat, all grades, cooked, braised",,291,26.7,0.0,20.5,0.0,171208
"Beef, chuck, under blade pot roast, boneless, separable lean and fat, trimmed to 0"" fat, choice, cooked, braised",,306,26.4,0.0,21.5,0.0,170618
"Beef, chuck, under blade pot roast, boneless, separable lean and fat, trimmed to 0"" fat, select, cooked, braised",,288,27.2,0.0,19.0,0.0,170214
"Beef, chuck, under blade pot roast, boneless, separable lean only, trimmed to 0"" fat, all grades, cooked, braised",,216,30.5,0.0,10.5,0.0,169444
"Beef, chuck, under blade pot roast, boneless, separable lean only, trimmed to 0"" fat, choice, cooked, braised",,231,30.4,0.0,11.1,0.0,170216
"Beef, chuck, under blade pot roast, boneless, separable lean only, trimmed to 0"" fat, select, cooked, braised",,216,30.7,0.0,9.44,0.0,170217
"Beef, chuck, under blade steak, boneless, separable lean and fat, trimmed to 0"" fat, all grades, cooked, braised",,275,28.2,0.0,18.0,0.0,171217
"Beef, chuck, under blade steak, boneless, separable lean and fat, trimmed to 0"" fat, choice, cooked, braised",,284,27.6,0.0,19.3,0.0,171218
"Beef, chuck, under blade steak, boneless, separable lean and fat, trimmed to 0"" fat, select, cooked, braised",,261,29.2,0.0,16.0,0.0,171219
"Beef, chuck, under blade steak, boneless, separable lean only, trimmed to 0"" fat, all grades, cooked, braised",,219,31.4,0.0,10.4,0.0,171207
"Beef, chuck, under blade steak, boneless, separable lean only, trimmed to 0"" fat, choice, cooked, braised",,222,30.9,0.0,10.9,0.0,170811
"Beef, chuck, under blade steak, boneless, separable lean only, trimmed to 0"" fat, select, cooked, braised",,215,32.0,0.0,9.66,0.0,170812
"Beef, composite of trimmed retail cuts, separable lean and fat, trimmed to 0"" fat, all grades, cooked",,230,28.4,0.0,12.4,0.0,170609
"Beef, composite of trimmed retail cuts, separable lean and fat, trimmed to 0"" fat, choice, cooked",,233,28.2,0.0,12.5,0.0,170206
"Beef, composite of trimmed retail cuts, separable lean and fat, trimmed to 0"" fat, select, cooked",,203,28.6,0.0,9.18,0.0,170207
"Beef, composite of trimmed retail cuts, separable lean and fat, trimmed to 1/8"" fat, all grades, cooked",,259,26.1,0.0,16.6,0.0,169484
"Beef, composite of trimmed retail cuts, separable lean and fat, trimmed to 1/8"" fat, choice, cooked",,268,25.8,0.0,17.7,0.0,169486
"Beef, composite of trimmed retail cuts, separable lean and fat, trimmed to 1/8"" fat, select, cooked",,245,26.1,0.0,15.1,0.0,168663
"Beef, composite of trimmed retail cuts, separable lean only, trimmed to 0"" fat, all grades, cooked",,203,29.9,0.0,8.37,0.0,170208
"Beef, composite of trimmed retail cuts, separable lean only, trimmed to 0"" fat, choice, cooked",,206,29.5,0.0,8.87,0.0,170209
"Beef, composite of trimmed retail cuts, separable lean only, trimmed to 0"" fat, select, cooked",,188,29.9,0.0,7.12,0.0,170610
"Beef, composite of trimmed retail cuts, separable lean only, trimmed to 1/8"" fat, all grades, cooked",,194,29.0,0.0,8.15,0.0,174759
"Beef, composite of trimmed retail cuts, separable lean only, trimmed to 1/8"" fat, select, cooked",,167,27.5,0.0,6.37,0.0,171778
"Beef, cured, breakfast strips, cooked",,449,31.3,1.4,34.4,0.0,170198
"Beef, cured, corned beef, brisket, raw",,198,14.7,0.14,14.9,0.0,170199
"Beef, cured, corned beef, canned",,250,27.1,0.0,14.9,0.0,170602
"Beef, flank, steak, separable lean and fat, trimmed to 0"" fat, all grades, cooked, broiled",,192,27.7,0.0,8.23,0.0,168733
"Beef, flank, steak, separable lean and fat, trimmed to 0"" fat, choice, cooked, braised",,263,27.0,0.0,16.4,0.0,169434
"Beef, flank, steak, separable lean and fat, trimmed to 0"" fat, choice, cooked, broiled",,202,27.6,0.0,9.31,0.0,169435
"Beef, flank, steak, separable lean and fat, trimmed to 0"" fat, select, cooked, broiled",,183,27.8,0.0,7.15,0.0,169554
"Beef, flank, steak, separable lean only, trimmed to 0"" fat, all grades, cooked, broiled",,186,27.9,0.0,7.4,0.0,174774
"Beef, flank, steak, separable lean only, trimmed to 0"" fat, choice, cooked, braised",,237,28.0,0.0,13.0,0.0,168610
"Beef, flank, steak, separable lean only, trimmed to 0"" fat, choice, cooked, broiled",,194,27.8,0.0,8.32,0.0,168611
"Beef, flank, steak, separable lean only, trimmed to 0"" fat, select, cooked, broiled",,178,28.0,0.0,6.48,0.0,174775
"Beef, ground, 70% lean meat / 30% fat, crumbles, cooked, pan-browned",,270,25.6,0.0,17.9,0.0,169473
"Beef, ground, 70% lean meat / 30% fat, loaf, cooked, baked",,241,23.9,0.0,15.4,0.0,169474
"Beef, ground, 70% lean meat / 30% fat, patty cooked, pan-broiled",,238,22.9,0.0,15.5,0.0,168650
"Beef, ground, 70% lean meat / 30% fat, patty, cooked, broiled",,277,25.4,0.0,18.7,0.0,168651
"Beef, ground, 75% lean meat / 25% fat, crumbles, cooked, pan-browned",,277,26.3,0.0,18.2,0.0,174040
"Beef, ground, 75% lean meat / 25% fat, loaf, cooked, baked",,254,24.6,0.0,16.5,0.0,171801
"Beef, ground, 75% lean meat / 25% fat, patty, cooked, broiled",,279,25.6,0.0,18.9,0.0,174038
"Beef, ground, 75% lean meat / 25% fat, patty, cooked, pan-broiled",,248,23.4,0.0,16.4,0.0,174039
"Beef, ground, 80% lean meat / 20% fat, crumbles, cooked, pan-browned",,272,27.0,0.0,17.4,0.0,171799
"Beef, ground, 80% lean meat / 20% fat, loaf, cooked, baked",,254,25.2,0.0,16.2,0.0,171800
"Beef, ground, 80% lean meat / 20% fat, patty, cooked, broiled",,270,25.8,0.0,17.8,0.0,171797
"Beef, ground, 80% lean meat / 20% fat, patty, cooked, pan-broiled",,246,24.0,0.0,15.9,0.0,171798
"Beef, ground, 85% lean meat / 15% fat, crumbles, cooked, pan-browned",,256,27.7,0.0,15.3,0.0,174034
"Beef, ground, 85% lean meat / 15% fat, loaf, cooked, baked",,240,25.9,0.0,14.4,0.0,174035
"Beef, ground, 85% lean meat / 15% fat, patty, cooked, broiled",,250,25.9,0.0,15.4,0.0,174032
"Beef, ground, 85% lean meat / 15% fat, patty, cooked, pan-broiled",,232,24.6,0.0,14.0,0.0,174033
"Beef, ground, 90% lean meat / 10% fat, crumbles, cooked, pan-browned",,230,28.4,0.0,12.0,0.0,171794
"Beef, ground, 90% lean meat / 10% fat, loaf, cooked, baked",,214,26.6,0.0,11.1,0.0,171795
"Beef, ground, 90% lean meat / 10% fat, patty, cooked, broiled",,217,26.1,0.0,11.8,0.0,174031
"Beef, ground, 90% lean meat / 10% fat, patty, cooked, pan-broiled",,204,25.2,0.0,10.7,0.0,171793
"Beef, ground, 93% lean meat / 7% fat, crumbles, cooked, pan-browned",,209,28.9,0.0,9.51,0.0,174755
"Beef, ground, 93% lean meat / 7% fat, loaf, cooked, baked",,192,27.0,0.0,8.43,0.0,174754
"Beef, ground, 93% lean meat / 7% fat, patty, cooked, broiled",,193,26.2,0.0,8.94,0.0,174752
"Beef, ground, 93% lean meat /7% fat, patty, cooked, pan-broiled",,182,25.6,0.06,8.01,0.0,174753
"Beef, ground, 95% lean meat / 5% fat, crumbles, cooked, pan-browned",,193,29.2,0.0,7.58,0.0,174028
"Beef, ground, 95% lean meat / 5% fat, loaf, cooked, baked",,174,27.3,0.0,6.37,0.0,174029
"Beef, ground, 95% lean meat / 5% fat, patty, cooked, broiled",,174,26.3,0.0,6.8,0.0,171791
"Beef, ground, 95% lean meat / 5% fat, patty, cooked, pan-broiled",,164,25.8,0.0,5.94,0.0,171792
"Beef, ground, 97% lean meat / 3% fat, crumbles, cooked, pan-browned",,175,29.5,0.0,5.46,0.0,174756
"Beef, ground, 97% lean meat / 3% fat, loaf, cooked, baked",,154,27.6,0.0,4.06,0.0,173114
"Beef, ground, 97% lean meat / 3% fat, patty, cooked, broiled",,153,26.4,0.0,4.46,0.0,173112
"Beef, ground, 97% lean meat /3% fat, patty, cooked, pan-broiled",,144,26.0,0.0,3.65,0.0,173113
"Beef, ground, patties, frozen, cooked, broiled",,295,23.0,0.0,21.8,0.0,169447
"Beef, ground, unspecified fat content, cooked",,240,25.1,0.62,14.5,0.0,172161
"Beef, loin, bottom sirloin butt, tri-tip roast, separable lean only, trimmed to 0"" fat, all grades, cooked, roasted",,182,26.8,0.0,8.34,0.0,169571
"Beef, loin, bottom sirloin butt, tri-tip steak, separable lean and fat, trimmed to 0"" fat, all grades, cooked, broiled",,265,30.0,0.0,15.2,0.0,174024
"Beef, loin, tenderloin roast, boneless, separable lean and fat, trimmed to 0"" fat, all grades, cooked, roasted",,183,27.3,0.0,8.14,0.0,173991
"Beef, loin, tenderloin roast, boneless, separable lean and fat, trimmed to 0"" fat, choice, cooked, roasted",,188,27.3,0.0,8.82,0.0,171753
"Beef, loin, tenderloin roast, boneless, separable lean and fat, trimmed to 0"" fat, select, cooked, roasted",,174,27.4,0.0,7.12,0.0,171754
"Beef, loin, tenderloin roast, boneless, separable lean only, trimmed to 0"" fat, all grades, cooked, roasted",,177,27.5,0.0,7.49,0.0,174004
"Beef, loin, tenderloin roast, boneless, separable lean only, trimmed to 0"" fat, choice, cooked, roasted",,183,27.5,0.0,8.13,0.0,174005
"Beef, loin, tenderloin roast, separable lean only, boneless, trimmed to 0"" fat, select, cooked, roasted",,169,27.6,0.0,6.54,0.0,174006
"Beef, loin, tenderloin steak, boneless, separable lean and fat, trimmed to 0"" fat, all grades, cooked, grilled",,211,30.5,0.0,8.91,0.0,170237
"Beef, loin, tenderloin steak, boneless, separable lean and fat, trimmed to 0"" fat, choice, cooked, grilled",,217,30.2,0.0,9.71,0.0,170238
"Beef, loin, tenderloin steak, boneless, separable lean and fat, trimmed to 0"" fat, select, cooked, grilled",,202,30.9,0.0,7.7,0.0,170640
"Beef, loin, tenderloin steak, boneless, separable lean only, trimmed to 0"" fat, all grades, cooked, grilled",,198,30.7,0.0,8.32,0.0,170641
"Beef, loin, tenderloin steak, boneless, separable lean only, trimmed to 0"" fat, choice, cooked, grilled",,211,30.4,0.0,9.03,0.0,170642
"Beef, loin, tenderloin steak, boneless, separable lean only, trimmed to 0"" fat, select, cooked, grilled",,198,31.1,0.0,7.25,0.0,170643
"Beef, loin, top loin steak, boneless, lip off, separable lean and fat, trimmed to 0"" fat, all grades, cooked, grilled",,223,28.6,0.0,11.2,0.0,170239
"Beef, loin, top loin steak, boneless, lip off, separable lean and fat, trimmed to 0"" fat, choice, cooked, grilled",,233,28.2,0.0,12.5,0.0,170240
"Beef, loin, top loin steak, boneless, lip off, separable lean and fat, trimmed to 0"" fat, select, cooked, grilled",,207,29.2,0.0,9.12,0.0,168631
"Beef, loin, top loin steak, boneless, lip off, separable lean only, trimmed to 0"" fat, all grades, cooked, grilled",,202,29.5,0.0,8.41,0.0,168632
"Beef, loin, top loin steak, boneless, lip off, separable lean only, trimmed to 0"" fat, choice, cooked, grilled",,211,29.2,0.0,9.52,0.0,169455
"Beef, loin, top loin steak, boneless, lip off, separable lean only, trimmed to 0"" fat, select, cooked, grilled",,189,30.0,0.0,6.74,0.0,169456
"Beef, loin, top loin steak, boneless, lip-on, separable lean and fat, trimmed to 1/8"" fat, all grades, cooked, grilled",,264,26.2,0.0,17.7,0.0,174714
"Beef, loin, top loin steak, boneless, lip-on, separable lean and fat, trimmed to 1/8"" fat, choice, cooked, grilled",,275,25.7,0.0,19.2,0.0,174712
"Beef, loin, top loin steak, boneless, lip-on, separable lean and fat, trimmed to 1/8"" fat, select, cooked, grilled",,247,26.9,0.0,15.4,0.0,174713
"Beef, loin, top loin steak, boneless, lip-on, separable lean only, trimmed to 1/8"" fat, all grades, cooked, grilled",,198,29.1,0.0,9.11,0.0,173071
"Beef, loin, top loin steak, boneless, lip-on, separable lean only, trimmed to 1/8"" fat, choice, cooked, grilled",,208,28.7,0.0,10.3,0.0,173069
"Beef, loin, top loin steak, boneless, lip-on, separable lean only, trimmed to 1/8"" fat, select, cooked, grilled",,184,29.7,0.0,7.26,0.0,173070
"Beef, loin, top loin, separable lean and fat, trimmed to 1/8"" fat, all grades, cooked, grilled",,264,26.4,0.0,16.8,0.0,169539
"Beef, loin, top loin, separable lean and fat, trimmed to 1/8"" fat, select, cooked, grilled",,250,26.7,0.0,15.1,0.0,168720
"Beef, loin, top sirloin cap steak, boneless, separable lean and fat, trimmed to 1/8"" fat, all grades, cooked, grilled",,242,26.0,0.8,15.0,0.0,173061
"Beef, loin, top sirloin cap steak, boneless, separable lean and fat, trimmed to 1/8"" fat, choice, cooked, grilled",,238,26.3,1.1,14.3,0.0,174704
"Beef, loin, top sirloin cap steak, boneless, separable lean and fat, trimmed to 1/8"" fat, select, cooked, grilled",,249,25.5,0.4,16.1,0.0,174705
"Beef, loin, top sirloin cap steak, boneless, separable lean only, trimmed to 1/8"" fat, all grades, cooked, grilled",,181,28.3,0.73,7.23,0.0,172170
"Beef, loin, top sirloin cap steak, boneless, separable lean only, trimmed to 1/8"" fat, choice, cooked, grilled",,189,28.2,1.07,7.96,0.0,172171
"Beef, loin, top sirloin cap steak, boneless, separable lean only, trimmed to 1/8"" fat, select, cooked, grilled",,170,28.4,0.22,6.14,0.0,172172
"Beef, loin, top sirloin filet, boneless, separable lean only, trimmed to 0"" fat, all grades, cooked, grilled",,171,30.6,0.0,5.37,0.0,174693
"Beef, loin, top sirloin filet, boneless, separable lean only, trimmed to 0"" fat, choice, cooked, grilled",,174,30.4,0.0,5.83,0.0,174694
"Beef, loin, top sirloin filet, boneless, separable lean only, trimmed to 0"" fat, select, cooked, grilled",,165,30.8,0.0,4.68,0.0,173050
"Beef, loin, top sirloin petite roast, boneless, separable lean only, trimmed to 0"" fat, all grades, cooked, roasted",,170,29.1,0.0,5.92,0.0,173051
"Beef, loin, top sirloin petite roast, boneless, separable lean only, trimmed to 0"" fat, choice, cooked, roasted",,173,29.0,0.0,6.37,0.0,173407
"Beef, loin, top sirloin petite roast, boneless, separable lean only, trimmed to 0"" fat, select, cooked, roasted",,165,29.4,0.0,5.25,0.0,173052
"Beef, New Zealand, imported, bolar blade, separable lean and fat, cooked, fast roasted",,228,31.3,0.0,11.4,0.0,173097
"Beef, New Zealand, imported, bolar blade, separable lean only, cooked, fast roasted",,193,33.5,0.0,6.57,0.0,174715
"Beef, New Zealand, imported, brisket navel end, separable lean and fat, cooked, braised",,453,20.1,0.0,41.3,0.0,174739
"Beef, New Zealand, imported, brisket navel end, separable lean only, cooked, braised",,265,29.4,0.0,16.4,0.0,174717
"Beef, New Zealand, imported, brisket point end, separable lean and fat, cooked, braised",,250,31.9,0.0,13.6,0.0,174741
"Beef, New Zealand, imported, brisket point end, separable lean only, cooked, braised",,202,34.5,0.0,7.05,0.0,173073
"Beef, New Zealand, imported, chuck eye roll, separable lean and fat, cooked, braised",,252,29.9,0.0,14.7,0.0,173099
"Beef, New Zealand, imported, chuck eye roll, separable lean only, cooked, braised",,208,32.1,0.0,8.89,0.0,173076
"Beef, New Zealand, imported, cube roll, separable lean and fat, cooked, fast roasted",,286,27.8,0.03,19.4,0.0,173101
"Beef, New Zealand, imported, cube roll, separable lean only, cooked, fast roasted",,239,30.1,0.0,13.2,0.0,174719
"Beef, New Zealand, imported, eye round, separable lean and fat, cooked, slow roasted",,168,29.5,0.0,5.57,0.0,174743
"Beef, New Zealand, imported, eye round, separable lean only, cooked, slow roasted",,164,29.7,0.0,4.98,0.0,174721
"Beef, New Zealand, imported, flank, separable lean and fat, cooked, braised",,208,30.1,0.0,9.73,0.0,174745
"Beef, New Zealand, imported, flank, separable lean only, cooked, braised",,194,30.8,0.0,7.92,0.0,173077
"Beef, New Zealand, imported, flat, separable lean and fat, cooked, braised",,252,31.9,0.0,13.8,0.0,174747
"Beef, New Zealand, imported, flat, separable lean only, cooked, braised",,226,33.2,0.0,10.3,0.0,173079
"Beef, New Zealand, imported, hind shin, separable lean and fat, cooked, braised",,196,29.8,0.07,8.5,0.0,173104
"Beef, New Zealand, imported, hind shin, separable lean only, cooked, braised",,167,31.2,0.0,4.64,0.0,174724
"Beef, New Zealand, imported, intermuscular fat, cooked",,560,7.9,3.39,57.2,0.0,173082
"Beef, New Zealand, imported, knuckle, cooked, fast fried",,178,27.5,0.0,7.58,0.0,173085
"Beef, New Zealand, imported, manufacturing beef, raw",,119,21.2,0.23,3.68,0.0,173086
"Beef, New Zealand, imported, oyster blade, separable lean and fat, cooked, braised",,197,29.8,0.0,8.68,0.0,173106
"Beef, New Zealand, imported, oyster blade, separable lean only, cooked, braised",,196,29.9,0.0,8.46,0.0,173087
"Beef, New Zealand, imported, ribs prepared, cooked, fast roasted",,197,27.2,0.09,9.74,0.0,173089
"Beef, New Zealand, imported, rump centre, separable lean and fat, cooked, fast fried",,192,30.0,0.0,7.96,0.0,174748
"Beef, New Zealand, imported, rump centre, separable lean only, cooked, fast fried",,188,30.2,0.0,7.48,0.0,174732
"Beef, New Zealand, imported, striploin, separable lean and fat, cooked, fast fried",,301,24.9,0.02,22.3,0.0,174751
"Beef, New Zealand, imported, striploin, separable lean only, cooked, fast fried",,217,28.5,0.0,11.4,0.0,174733
"Beef, New Zealand, imported, subcutaneous fat, cooked",,731,6.5,0.0,78.3,0.0,173090
"Beef, New Zealand, imported, sweetbread, cooked, boiled",,318,12.5,0.0,29.8,0.0,173092
"Beef, New Zealand, imported, tenderloin, separable lean and fat, cooked, fast fried",,202,29.3,0.27,9.35,0.0,173108
"Beef, New Zealand, imported, tenderloin, separable lean only, cooked, fast fried",,200,29.4,0.27,9.01,0.0,173094
"Beef, New Zealand, imported, variety meats and by-products liver, cooked, boiled",,150,23.3,3.78,4.68,0.0,174728
"Beef, New Zealand, imported, variety meats and by-products, heart, cooked, boiled",,179,31.3,0.0,6.0,0.0,173081
"Beef, New Zealand, imported, variety meats and by-products, kidney, cooked, boiled",,157,27.3,0.0,5.27,0.0,173084
"Beef, New Zealand, imported, variety meats and by-products, tongue, cooked, boiled",,271,18.3,3.68,20.3,0.0,174737
"Beef, New Zealand, imported, variety meats and by-products, tripe cooked, boiled",,103,19.0,0.0,2.98,0.0,173095
"Beef, plate steak, boneless, inside skirt, separable lean and fat, trimmed to 0"" fat, all grades, cooked, grilled",,245,29.4,0.0,14.2,0.0,173395
"Beef, plate steak, boneless, inside skirt, separable lean and fat, trimmed to 0"" fat, choice, cooked, grilled",,253,28.9,0.0,15.3,0.0,173396
"Beef, plate steak, boneless, inside skirt, separable lean and fat, trimmed to 0"" fat, select, cooked, grilled",,233,30.1,0.0,12.5,0.0,172157
"Beef, plate steak, boneless, inside skirt, separable lean only, trimmed to 0"" fat, all grades, cooked, grilled",,234,30.0,0.0,12.7,0.0,173373
"Beef, plate steak, boneless, inside skirt, separable lean only, trimmed to 0"" fat, choice, cooked, grilled",,242,29.6,0.0,13.7,0.0,173375
"Beef, plate steak, boneless, inside skirt, separable lean only, trimmed to 0"" fat, select, cooked, grilled",,223,30.6,0.0,11.2,0.0,172138
"Beef, plate steak, boneless, outside skirt, separable lean and fat, trimmed to 0"" fat, all grades, cooked, grilled",,292,27.1,0.0,20.5,0.0,173397
"Beef, plate steak, boneless, outside skirt, separable lean and fat, trimmed to 0"" fat, choice, cooked, grilled",,300,26.5,0.0,21.6,0.0,173398
"Beef, plate steak, boneless, outside skirt, separable lean and fat, trimmed to 0"" fat, select, cooked, grilled",,281,28.0,0.0,18.8,0.0,173399
"Beef, plate steak, boneless, outside skirt, separable lean only, trimmed to 0"" fat, all grades, cooked, grilled",,282,27.7,0.0,19.0,0.0,172140
"Beef, plate steak, boneless, outside skirt, separable lean only, trimmed to 0"" fat, choice, cooked, grilled",,291,27.0,0.0,20.3,0.0,173377
"Beef, plate steak, boneless, outside skirt, separable lean only, trimmed to 0"" fat, select, cooked, grilled",,268,28.6,0.0,17.1,0.0,173379
"Beef, plate, inside skirt steak, separable lean and fat, trimmed to 0"" fat, all grades, cooked, broiled",,220,26.1,0.0,12.0,0.0,171787
"Beef, plate, inside skirt steak, separable lean only, trimmed to 0"" fat, all grades, cooked, broiled",,205,26.7,0.0,10.1,0.0,168744
"Beef, plate, outside skirt steak, separable lean and fat, trimmed to 0"" fat, all grades, cooked, broiled",,255,23.5,0.0,17.1,0.0,171788
"Beef, plate, outside skirt steak, separable lean only, trimmed to 0"" fat, all grades, cooked, broiled",,233,24.2,0.0,14.4,0.0,168745
"Beef, retail cuts, separable fat, cooked",,680,10.6,0.0,70.3,0.0,168606
"Beef, rib eye roast, bone-in, lip-on, separable lean and fat, trimmed to 1/8"" fat, all grades, cooked, roasted",,300,23.5,0.0,22.9,0.0,172150
"Beef, rib eye roast, bone-in, lip-on, separable lean and fat, trimmed to 1/8"" fat, choice, cooked, roasted",,307,23.5,0.0,23.6,0.0,173388
"Beef, rib eye roast, bone-in, lip-on, separable lean and fat, trimmed to 1/8"" fat, select, cooked, roasted",,290,23.4,0.0,21.8,0.0,172149
"Beef, rib eye roast, bone-in, lip-on, separable lean only, trimmed to 1/8"" fat, all grades, cooked, roasted",,231,27.1,0.0,13.6,0.0,170836
"Beef, rib eye roast, bone-in, lip-on, separable lean only, trimmed to 1/8"" fat, choice, cooked, roasted",,240,27.2,0.0,14.6,0.0,171210
"Beef, rib eye roast, bone-in, lip-on, separable lean only, trimmed to 1/8"" fat, select, cooked, roasted",,219,27.0,0.0,12.3,0.0,170837
"Beef, rib eye roast, boneless, lip-on, separable lean and fat, trimmed to 1/8"" fat, all grades, cooked, roasted",,292,24.3,0.0,21.7,0.0,172153
"Beef, rib eye roast, boneless, lip-on, separable lean and fat, trimmed to 1/8"" fat, choice, cooked, roasted",,303,23.9,0.0,23.0,0.0,172154
"Beef, rib eye roast, boneless, lip-on, separable lean and fat, trimmed to 1/8"" fat, select, cooked, roasted",,277,24.8,0.0,19.7,0.0,172155
"Beef, rib eye roast, boneless, lip-on, separable lean only, trimmed to 1/8"" fat, all grades, cooked, roasted",,218,28.2,0.0,11.7,0.0,171239
"Beef, rib eye roast, boneless, lip-on, separable lean only, trimmed to 1/8"" fat, choice, cooked, roasted",,229,27.9,0.0,13.0,0.0,170842
"Beef, rib eye roast, boneless, lip-on, separable lean only, trimmed to 1/8"" fat, select, cooked, roasted",,202,28.7,0.0,9.68,0.0,173372
"Beef, rib eye steak, bone-in, lip-on, separable lean and fat, trimmed to 1/8"" fat, all grades, cooked, grilled",,309,22.9,0.0,24.2,0.0,173387
"Beef, rib eye steak, bone-in, lip-on, separable lean and fat, trimmed to 1/8"" fat, choice, cooked, grilled",,313,22.7,0.0,24.7,0.0,173385
"Beef, rib eye steak, bone-in, lip-on, separable lean and fat, trimmed to 1/8"" fat, select, cooked, grilled",,304,23.2,0.0,23.5,0.0,173386
"Beef, rib eye steak, bone-in, lip-on, separable lean only, trimmed to 1/8"" fat, all grades, cooked, grilled",,221,27.4,0.0,12.4,0.0,171236
"Beef, rib eye steak, bone-in, lip-on, separable lean only, trimmed to 1/8"" fat, choice, cooked, grilled",,229,27.0,0.0,13.4,0.0,171237
"Beef, rib eye steak, bone-in, lip-on, separable lean only, trimmed to 1/8"" fat, select, cooked, grilled",,210,28.0,0.0,10.9,0.0,171238
"Beef, rib eye steak, boneless, lip off, separable lean and fat, trimmed to 0"" fat, all grades, cooked, grilled",,271,24.8,0.0,19.0,0.0,172164
"Beef, rib eye steak, boneless, lip off, separable lean and fat, trimmed to 0"" fat, choice, cooked, grilled",,285,23.9,0.0,21.1,0.0,172165
"Beef, rib eye steak, boneless, lip off, separable lean and fat, trimmed to 0"" fat, select, cooked, grilled",,248,26.3,0.0,15.9,0.0,173401
"Beef, rib eye steak, boneless, lip off, separable lean only, trimmed to 0"" fat, all grades, cooked, grilled",,206,28.1,0.0,10.4,0.0,172142
"Beef, rib eye steak, boneless, lip off, separable lean only, trimmed to 0"" fat, choice, cooked, grilled",,215,27.4,0.0,11.8,0.0,172144
"Beef, rib eye steak, boneless, lip off, separable lean only, trimmed to 0"" fat, select, cooked, grilled",,191,29.2,0.0,8.31,0.0,173381
"Beef, rib eye steak, boneless, lip-on, separable lean and fat, trimmed to 1/8"" fat, all grades, cooked, grilled",,291,23.7,0.0,21.8,0.0,173392
"Beef, rib eye steak, boneless, lip-on, separable lean and fat, trimmed to 1/8"" fat, choice, cooked, grilled",,303,22.9,0.0,23.5,0.0,173390
"Beef, rib eye steak, boneless, lip-on, separable lean and fat, trimmed to 1/8"" fat, select, cooked, grilled",,273,24.8,0.0,19.2,0.0,173391
"Beef, rib eye steak, boneless, lip-on, separable lean only, trimmed to 1/8"" fat, all grades, cooked, grilled",,207,28.0,0.0,10.6,0.0,171209
"Beef, rib eye steak, boneless, lip-on, separable lean only, trimmed to 1/8"" fat, choice, cooked, grilled",,217,27.3,0.0,12.0,0.0,171232
"Beef, rib eye steak, boneless, lip-on, separable lean only, trimmed to 1/8"" fat, select, cooked, grilled",,192,29.0,0.0,8.48,0.0,171233
"Beef, rib eye, small end (ribs 10-12), separable lean and fat, trimmed to 0"" fat, all grades, cooked, broiled",,249,27.3,0.0,14.7,0.0,169557
"Beef, rib eye, small end (ribs 10-12), separable lean and fat, trimmed to 0"" fat, select, cooked, broiled",,234,28.0,0.0,12.7,0.0,169556
"Beef, rib, back ribs, bone-in, separable lean and fat, trimmed to 0"" fat, all grades, cooked, braised",,360,24.2,0.0,29.2,0.0,172166
"Beef, rib, back ribs, bone-in, separable lean and fat, trimmed to 0"" fat, choice, cooked, braised",,372,23.3,0.0,31.0,0.0,172167
"Beef, rib, back ribs, bone-in, separable lean and fat, trimmed to 0"" fat, select, cooked, braised",,341,25.6,0.0,26.6,0.0,172168
"Beef, rib, back ribs, bone-in, separable lean only, trimmed to 0"" fat, all grades, cooked, braised",,299,28.4,0.0,20.6,0.0,173383
"Beef, rib, back ribs, bone-in, separable lean only, trimmed to 0"" fat, choice, cooked, braised",,306,27.8,0.0,21.7,0.0,172146
"Beef, rib, back ribs, bone-in, separable lean only, trimmed to 0"" fat, select, cooked, braised",,287,29.3,0.0,18.8,0.0,172148
"Beef, rib, eye, small end (ribs 10- 12) separable lean only, trimmed to 0"" fat, select, cooked, broiled",,182,29.9,0.0,6.05,0.0,168648
"Beef, rib, eye, small end (ribs 10-12), separable lean and fat, trimmed to 0"" fat, choice, cooked, broiled",,265,26.6,0.0,16.8,0.0,169436
"Beef, rib, eye, small end (ribs 10-12), separable lean only, trimmed to 0"" fat, choice, cooked, broiled",,205,28.9,0.0,9.01,0.0,169438
"Beef, rib, large end (ribs 6-9), separable lean and fat, trimmed to 0"" fat, choice, cooked, roasted",,372,22.8,0.0,30.5,0.0,170619
"Beef, rib, large end (ribs 6-9), separable lean and fat, trimmed to 0"" fat, select, cooked, roasted",,331,23.5,0.0,25.5,0.0,170620
"Beef, rib, large end (ribs 6-9), separable lean and fat, trimmed to 1/8"" fat, all grades, cooked, broiled",,338,21.6,0.0,27.2,0.0,168681
"Beef, rib, large end (ribs 6-9), separable lean and fat, trimmed to 1/8"" fat, all grades, cooked, roasted",,355,23.0,0.0,28.5,0.0,168682
"Beef, rib, large end (ribs 6-9), separable lean and fat, trimmed to 1/8"" fat, choice, cooked, broiled",,370,20.9,0.0,31.2,0.0,169506
"Beef, rib, large end (ribs 6-9), separable lean and fat, trimmed to 1/8"" fat, choice, cooked, roasted",,378,22.5,0.0,31.3,0.0,169507
"Beef, rib, large end (ribs 6-9), separable lean and fat, trimmed to 1/8"" fat, prime, cooked, broiled",,404,20.6,0.0,35.0,0.0,168686
"Beef, rib, large end (ribs 6-9), separable lean and fat, trimmed to 1/8"" fat, prime, cooked, roasted",,393,22.9,0.0,32.7,0.0,168687
"Beef, rib, large end (ribs 6-9), separable lean and fat, trimmed to 1/8"" fat, select, cooked, broiled",,324,21.6,0.0,25.7,0.0,168683
"Beef, rib, large end (ribs 6-9), separable lean and fat, trimmed to 1/8"" fat, select, cooked, roasted",,333,23.4,0.0,25.8,0.0,168684
"Beef, rib, large end (ribs 6-9), separable lean only, trimmed to 0"" fat, all grades, cooked, roasted",,238,27.5,0.0,13.4,0.0,170621
"Beef, rib, large end (ribs 6-9), separable lean only, trimmed to 0"" fat, choice, cooked, roasted",,253,27.5,0.0,15.0,0.0,170622
"Beef, rib, large end (ribs 6-9), separable lean only, trimmed to 0"" fat, select, cooked, roasted",,220,27.5,0.0,11.4,0.0,170218
"Beef, rib, shortribs, separable lean and fat, choice, cooked, braised",,471,21.6,0.0,42.0,0.0,168613
"Beef, rib, shortribs, separable lean only, choice, cooked, braised",,295,30.8,0.0,18.1,0.0,168615
"Beef, rib, small end (ribs 10-12), separable lean and fat, trimmed to 0"" fat, all grades, cooked, broiled",,249,27.3,0.0,14.7,0.0,170219
"Beef, rib, small end (ribs 10-12), separable lean and fat, trimmed to 0"" fat, choice, cooked, broiled",,312,24.7,0.0,22.8,0.0,170220
"Beef, rib, small end (ribs 10-12), separable lean and fat, trimmed to 0"" fat, select, cooked, broiled",,285,24.9,0.0,19.8,0.0,170221
"Beef, rib, small end (ribs 10-12), separable lean and fat, trimmed to 1/8"" fat, all grades, cooked, broiled",,291,25.8,0.0,20.0,0.0,169510
"Beef, rib, small end (ribs 10-12), separable lean and fat, trimmed to 1/8"" fat, all grades, cooked, roasted",,341,22.5,0.0,27.1,0.0,169511
"Beef, rib, small end (ribs 10-12), separable lean and fat, trimmed to 1/8"" fat, choice, cooked, broiled",,304,24.5,0.0,22.1,0.0,168688
"Beef, rib, small end (ribs 10-12), separable lean and fat, trimmed to 1/8"" fat, choice, cooked, roasted",,359,22.3,0.0,29.2,0.0,168689
"Beef, rib, small end (ribs 10-12), separable lean and fat, trimmed to 1/8"" fat, prime, cooked, broiled",,354,24.1,0.0,27.9,0.0,169515
"Beef, rib, small end (ribs 10-12), separable lean and fat, trimmed to 1/8"" fat, prime, cooked, roasted",,411,22.2,0.0,35.1,0.0,169516
"Beef, rib, small end (ribs 10-12), separable lean and fat, trimmed to 1/8"" fat, select, cooked, broiled",,278,27.2,0.0,18.0,0.0,168691
"Beef, rib, small end (ribs 10-12), separable lean and fat, trimmed to 1/8"" fat, select, cooked, roasted",,323,22.8,0.0,25.0,0.0,169513
"Beef, rib, small end (ribs 10-12), separable lean only, trimmed to 0"" fat, all grades, cooked, broiled",,193,29.4,0.0,7.53,0.0,170623
"Beef, rib, small end (ribs 10-12), separable lean only, trimmed to 0"" fat, choice, cooked, broiled",,225,28.0,0.0,11.7,0.0,170624
"Beef, rib, small end (ribs 10-12), separable lean only, trimmed to 0"" fat, select, cooked, broiled",,198,28.0,0.0,8.7,0.0,170625
"Beef, rib, small end (ribs 10-12), separable lean only, trimmed to 1/8"" fat, all grades, cooked, broiled",,195,29.6,0.0,7.63,0.0,173123
"Beef, rib, small end (ribs 10-12), separable lean only, trimmed to 1/8"" fat, select, cooked, broiled",,188,30.9,0.0,6.22,0.0,174042
"Beef, rib, small end (ribs 10-12), separable lean only, trimmed to 1/8""fat, choice, cooked, broiled",,202,28.3,0.0,9.05,0.0,174764
"Beef, rib, whole (ribs 6-12), separable lean and fat, trimmed to 1/8"" fat, all grades, cooked, broiled",,337,22.4,0.0,26.8,0.0,169499
"Beef, rib, whole (ribs 6-12), separable lean and fat, trimmed to 1/8"" fat, all grades, cooked, roasted",,351,22.8,0.0,28.1,0.0,169500
"Beef, rib, whole (ribs 6-12), separable lean and fat, trimmed to 1/8"" fat, choice, cooked, broiled",,352,22.3,0.0,28.5,0.0,168676
"Beef, rib, whole (ribs 6-12), separable lean and fat, trimmed to 1/8"" fat, choice, cooked, roasted",,365,22.6,0.0,29.8,0.0,168677
"Beef, rib, whole (ribs 6-12), separable lean and fat, trimmed to 1/8"" fat, prime, cooked, broiled",,386,22.0,0.0,32.4,0.0,169504
"Beef, rib, whole (ribs 6-12), separable lean and fat, trimmed to 1/8"" fat, prime, cooked, roasted",,400,22.6,0.0,33.7,0.0,168679
"Beef, rib, whole (ribs 6-12), separable lean and fat, trimmed to 1/8"" fat, select, cooked, broiled",,315,22.7,0.0,24.2,0.0,169501
"Beef, rib, whole (ribs 6-12), separable lean and fat, trimmed to 1/8"" fat, select, cooked, roasted",,330,23.1,0.0,25.6,0.0,169502
"Beef, ribeye cap steak, boneless, separable lean only, trimmed to 0"" fat, all grades, cooked, grilled",,246,24.7,1.53,15.7,0.0,173054
"Beef, ribeye cap steak, boneless, separable lean only, trimmed to 0"" fat, choice, cooked, grilled",,259,24.2,1.81,17.2,0.0,173055
"Beef, ribeye cap steak, boneless, separable lean only, trimmed to 0"" fat, select, cooked, grilled",,226,25.3,1.1,13.4,0.0,173056
"Beef, ribeye filet, boneless, separable lean only, trimmed to 0"" fat, all grades, cooked, grilled",,199,28.8,0.17,9.2,0.0,174701
"Beef, ribeye filet, boneless, separable lean only, trimmed to 0"" fat, choice, cooked, grilled",,208,28.4,0.51,10.3,0.0,174702
"Beef, ribeye filet, boneless, separable lean only, trimmed to 0"" fat, select, cooked, grilled",,186,29.4,0.0,7.61,0.0,174703
"Beef, ribeye petite roast, boneless, separable lean only, trimmed to 0"" fat, all grades, cooked, roasted",,178,28.2,0.0,7.31,0.0,173058
"Beef, ribeye petite roast, boneless, separable lean only, trimmed to 0"" fat, choice, cooked, roasted",,188,28.0,0.0,8.42,0.0,173059
"Beef, ribeye petite roast, boneless, separable lean only, trimmed to 0"" fat, select, cooked, roasted",,164,28.4,0.0,5.65,0.0,173060
"Beef, round, bottom round , roast, separable lean only, trimmed to 1/8"" fat, select, cooked, roasted",,164,28.4,0.0,4.67,0.0,171806
"Beef, round, bottom round roast, separable lean only, trimmed to 0"" fat, select, cooked, roasted",,169,28.3,0.0,5.33,0.0,170227
"Beef, round, bottom round, roast, separable lean and fat, trimmed to 0"" fat, all grades, cooked, roasted",,187,27.4,0.0,7.72,0.0,170222
"Beef, round, bottom round, roast, separable lean and fat, trimmed to 0"" fat, choice, cooked, roasted",,199,26.8,0.0,9.37,0.0,170224
"Beef, round, bottom round, roast, separable lean and fat, trimmed to 0"" fat, select, cooked, roasted",,175,28.1,0.0,6.06,0.0,170627
"Beef, round, bottom round, roast, separable lean and fat, trimmed to 1/8"" fat, all grades, cooked, roasted",,218,26.4,0.0,11.6,0.0,168696
"Beef, round, bottom round, roast, separable lean and fat, trimmed to 1/8"" fat, choice, cooked, roasted",,223,26.0,0.0,12.4,0.0,168699
"Beef, round, bottom round, roast, separable lean and fat, trimmed to 1/8"" fat, select, cooked, roasted",,212,26.8,0.0,10.8,0.0,169522
"Beef, round, bottom round, roast, separable lean only, trimmed to 0"" fat, all grades, cooked, roasted",,177,27.8,0.0,6.48,0.0,170629
"Beef, round, bottom round, roast, separable lean only, trimmed to 0"" fat, choice, cooked, roasted",,185,27.2,0.0,7.63,0.0,170631
"Beef, round, bottom round, roast, separable lean only, trimmed to 1/8"" fat, all grades, cooked",,163,28.0,0.0,5.72,0.0,174052
"Beef, round, bottom round, roast, separable lean only, trimmed to 1/8"" fat, choice, cooked, roasted",,179,27.6,0.0,6.77,0.0,174059
"Beef, round, bottom round, steak, separable lean and fat, trimmed to 0"" fat, all grades, cooked, braised",,223,33.6,0.0,8.86,0.0,170626
"Beef, round, bottom round, steak, separable lean and fat, trimmed to 0"" fat, choice, cooked, braised",,230,32.7,0.0,10.0,0.0,170223
"Beef, round, bottom round, steak, separable lean and fat, trimmed to 0"" fat, select, cooked, braised",,217,34.4,0.0,7.72,0.0,170225
"Beef, round, bottom round, steak, separable lean and fat, trimmed to 1/8"" fat, all grades, cooked, braised",,247,32.8,0.0,11.9,0.0,169520
"Beef, round, bottom round, steak, separable lean and fat, trimmed to 1/8"" fat, choice, cooked, braised",,254,32.8,0.0,12.6,0.0,168698
"Beef, round, bottom round, steak, separable lean and fat, trimmed to 1/8"" fat, select, cooked, braised",,240,32.7,0.0,11.2,0.0,169521
"Beef, round, bottom round, steak, separable lean only, trimmed to 0"" fat, all grades, cooked, braised",,214,34.0,0.0,7.67,0.0,170628
"Beef, round, bottom round, steak, separable lean only, trimmed to 0"" fat, choice, cooked, braised",,223,33.1,0.0,9.03,0.0,170630
"Beef, round, bottom round, steak, separable lean only, trimmed to 0"" fat, select, cooked, braised",,206,34.9,0.0,6.3,0.0,170226
"Beef, round, bottom round, steak, separable lean only, trimmed to 1/8"" fat, all grades, cooked, braised",,216,34.3,0.0,7.73,0.0,174053
"Beef, round, bottom round, steak, separable lean only, trimmed to 1/8"" fat, choice, cooked, braised",,228,34.2,0.0,9.02,0.0,173115
"Beef, round, bottom round, steak, separable lean only, trimmed to 1/8"" fat, select, cooked, braised",,205,34.5,0.0,6.43,0.0,174045
"Beef, round, eye of round roast, boneless, separable lean and fat, trimmed to 0"" fat, all grades, cooked, roasted",,167,29.7,0.0,4.46,0.0,170228
"Beef, round, eye of round roast, boneless, separable lean and fat, trimmed to 0"" fat, choice, cooked, roasted",,171,29.8,0.0,4.83,0.0,170229
"Beef, round, eye of round roast, boneless, separable lean and fat, trimmed to 0"" fat, select, cooked, roasted",,162,29.4,0.0,3.97,0.0,170632
"Beef, round, eye of round roast, boneless, separable lean only, trimmed to 0"" fat, all grades, cooked, roasted",,163,29.8,0.0,3.9,0.0,170633
"Beef, round, eye of round roast, boneless, separable lean only, trimmed to 0"" fat, choice, cooked, roasted",,166,29.9,0.0,4.26,0.0,170634
"Beef, round, eye of round roast, boneless, separable lean only, trimmed to 0"" fat, select, cooked, roasted",,157,29.5,0.0,3.43,0.0,170635
"Beef, round, eye of round steak, boneless, separable lean and fat, trimmed to 0"" fat, all grades, cooked, grilled",,159,29.7,0.0,4.47,0.0,173993
"Beef, round, eye of round steak, boneless, separable lean and fat, trimmed to 0"" fat, choice, cooked, grilled",,163,29.8,0.0,4.83,0.0,173994
"Beef, round, eye of round steak, boneless, separable lean and fat, trimmed to 0"" fat, select, cooked, grilled",,154,29.5,0.0,3.98,0.0,173995
"Beef, round, eye of round steak, boneless, separable lean only, trimmed to 0"" fat, all grades, cooked, grilled",,155,29.8,0.0,3.9,0.0,171772
"Beef, round, eye of round steak, boneless, separable lean only, trimmed to 0"" fat, choice, cooked, grilled",,158,29.9,0.0,4.26,0.0,171773
"Beef, round, eye of round steak, boneless, separable lean only, trimmed to 0"" fat, select, cooked, grilled",,149,29.5,0.0,3.43,0.0,174008
"Beef, round, eye of round, roast, separable lean and fat, trimmed to 1/8"" fat, all grades, cooked, roasted",,208,28.3,0.0,9.65,0.0,169524
"Beef, round, eye of round, roast, separable lean and fat, trimmed to 1/8"" fat, choice, cooked, roasted",,212,28.5,0.0,10.0,0.0,168702
"Beef, round, eye of round, roast, separable lean and fat, trimmed to 1/8"" fat, select, cooked, roasted",,204,28.1,0.0,9.26,0.0,168704
"Beef, round, eye of round, roast, separable lean only, trimmed to 1/8"" fat, all grades, cooked, roasted",,169,29.7,0.0,4.71,0.0,171809
"Beef, round, eye of round, roast, separable lean only, trimmed to 1/8"" fat, choice, cooked, roasted",,175,29.9,0.0,5.3,0.0,174060
"Beef, round, eye of round, roast, separable lean only, trimmed to 1/8"" fat, select, cooked, roasted",,163,29.6,0.0,4.11,0.0,171807
"Beef, round, full cut, separable lean and fat, trimmed to 1/8"" fat, choice, cooked, broiled",,235,27.5,0.0,13.0,0.0,168695
"Beef, round, full cut, separable lean and fat, trimmed to 1/8"" fat, select, cooked, broiled",,218,27.6,0.0,11.1,0.0,169518
"Beef, round, full cut, separable lean only, trimmed to 1/4"" fat, choice, cooked, broiled",,191,29.2,0.0,7.31,0.0,168616
"Beef, round, full cut, separable lean only, trimmed to 1/4"" fat, select, cooked, broiled",,172,29.2,0.0,5.22,0.0,168617
"Beef, round, knuckle, tip center, steak, separable lean and fat, trimmed to 0"" fat, all grades, cooked, grilled",,177,27.1,0.0,6.78,0.0,173370
"Beef, round, knuckle, tip center, steak, separable lean and fat, trimmed to 0"" fat, choice, cooked, grilled",,188,26.9,0.0,8.13,0.0,173362
"Beef, round, knuckle, tip center, steak, separable lean and fat, trimmed to 0"" fat, select, cooked, grilled",,162,26.6,0.0,5.32,0.0,172127
"Beef, round, knuckle, tip side, steak, separable lean and fat, trimmed to 0"" fat, all grades, cooked, grilled",,168,29.1,0.0,4.84,0.0,172131
"Beef, round, knuckle, tip side, steak, separable lean and fat, trimmed to 0"" fat, choice, cooked, grilled",,174,28.8,0.0,5.71,0.0,172119
"Beef, round, knuckle, tip side, steak, separable lean and fat, trimmed to 0"" fat, select, cooked, grilled",,160,29.2,0.0,3.91,0.0,172121
"Beef, round, outside round, bottom round, steak, separable lean and fat, trimmed to 0"" fat, all grades, cooked, grilled",,182,27.5,0.0,7.1,0.0,172135
"Beef, round, outside round, bottom round, steak, separable lean and fat, trimmed to 0"" fat, choice, cooked, grilled",,191,27.2,0.0,8.3,0.0,172129
"Beef, round, outside round, bottom round, steak, separable lean and fat, trimmed to 0"" fat, select, cooked, grilled",,166,28.0,0.0,5.17,0.0,173364
"Beef, round, tip round, roast, separable lean and fat, trimmed to 0"" fat, all grades, cooked, roasted",,188,26.8,0.0,8.21,0.0,170230
"Beef, round, tip round, roast, separable lean and fat, trimmed to 0"" fat, choice, cooked, roasted",,196,27.0,0.0,8.9,0.0,170231
"Beef, round, tip round, roast, separable lean and fat, trimmed to 0"" fat, select, cooked, roasted",,181,26.6,0.0,7.53,0.0,170232
"Beef, round, tip round, roast, separable lean and fat, trimmed to 1/8"" fat, all grades, cooked, roasted",,219,27.4,0.0,11.3,0.0,169526
"Beef, round, tip round, roast, separable lean and fat, trimmed to 1/8"" fat, choice, cooked, roasted",,228,27.3,0.0,12.3,0.0,169528
"Beef, round, tip round, roast, separable lean and fat, trimmed to 1/8"" fat, select, cooked, roasted",,210,27.6,0.0,10.2,0.0,168706
"Beef, round, tip round, roast, separable lean only, trimmed to 0"" fat, all grades, cooked, roasted",,174,27.5,0.0,6.2,0.0,170233
"Beef, round, tip round, roast, separable lean only, trimmed to 0"" fat, choice, cooked, roasted",,176,27.7,0.0,6.42,0.0,170636
"Beef, round, tip round, roast, separable lean only, trimmed to 0"" fat, select, cooked, roasted",,149,27.4,0.0,4.38,0.0,170637
"Beef, round, top round roast, boneless, separable lean and fat, trimmed to 0"" fat, all grades, cooked, roasted",,160,29.9,0.0,4.49,0.0,171755
"Beef, round, top round roast, boneless, separable lean and fat, trimmed to 0"" fat, choice, cooked, roasted",,163,30.1,0.0,4.79,0.0,171756
"Beef, round, top round roast, boneless, separable lean and fat, trimmed to 0"" fat, select, cooked, roasted",,157,31.0,0.0,3.72,0.0,173992
"Beef, round, top round roast, boneless, separable lean only, trimmed to 0"" fat, all grades, cooked, roasted",,162,30.1,0.0,3.77,0.0,174007
"Beef, round, top round roast, boneless, separable lean only, trimmed to 0"" fat, choice, cooked, roasted",,158,30.2,0.06,4.11,0.0,171770
"Beef, round, top round roast, boneless, separable lean only, trimmed to 0"" fat, select, cooked, roasted",,150,29.8,0.0,3.37,0.0,171771
"Beef, round, top round steak, boneless, separable lean and fat, trimmed to 0"" fat, all grades, cooked, grilled",,167,30.0,0.0,4.28,0.0,169560
"Beef, round, top round steak, boneless, separable lean and fat, trimmed to 0"" fat, choice, cooked, grilled",,170,30.1,0.0,4.62,0.0,168740
"Beef, round, top round steak, boneless, separable lean and fat, trimmed to 0"" fat, select, cooked, grilled",,162,29.7,0.0,3.85,0.0,168741
"Beef, round, top round steak, boneless, separable lean only, trimmed to 0"" fat, all grades, cooked, grilled",,162,30.1,0.0,3.77,0.0,168649
"Beef, round, top round steak, boneless, separable lean only, trimmed to 0"" fat, choice, cooked, grilled",,166,30.2,0.0,4.11,0.0,169471
"Beef, round, top round steak, boneless, separable lean only, trimmed to 0"" fat, select, cooked, grilled",,158,29.8,0.0,3.37,0.0,169472
"Beef, round, top round steak, separable lean and fat, trimmed to 1/8"" fat, all grades, cooked, broiled",,204,30.7,0.0,9.0,0.0,169531
"Beef, round, top round, separable lean and fat, trimmed to 0"" fat, all grades, cooked, braised",,209,35.6,0.0,6.31,0.0,170638
"Beef, round, top round, separable lean and fat, trimmed to 0"" fat, choice, cooked, braised",,216,35.6,0.0,7.09,0.0,170639
"Beef, round, top round, separable lean and fat, trimmed to 0"" fat, select, cooked, braised",,200,35.6,0.0,5.33,0.0,170234
"Beef, round, top round, separable lean and fat, trimmed to 1/8"" fat, all grades, cooked, braised",,238,34.3,0.0,10.1,0.0,169530
"Beef, round, top round, separable lean and fat, trimmed to 1/8"" fat, choice, cooked, braised",,250,34.1,0.0,11.6,0.0,168709
"Beef, round, top round, separable lean and fat, trimmed to 1/8"" fat, choice, cooked, pan-fried",,266,33.0,0.0,13.8,0.0,168711
"Beef, round, top round, separable lean and fat, trimmed to 1/8"" fat, select, cooked, braised",,225,34.6,0.0,8.54,0.0,168713
"Beef, round, top round, separable lean only, trimmed to 0"" fat, choice, cooked, braised",,207,36.1,0.0,5.8,0.0,170235
"Beef, round, top round, separable lean only, trimmed to 0"" fat, select, cooked, braised",,190,36.1,0.0,4.0,0.0,170236
"Beef, round, top round, separable lean only, trimmed to 1/8"" fat, choice, cooked, pan-fried",,228,33.9,2.03,8.33,0.0,168708
"Beef, round, top round, steak, separable lean and fat, trimmed to 1/8"" fat, choice, cooked, broiled",,224,30.7,0.0,10.3,0.0,168710
"Beef, round, top round, steak, separable lean and fat, trimmed to 1/8"" fat, prime, cooked, broiled",,225,31.3,0.0,10.1,0.0,169535
"Beef, round, top round, steak, separable lean and fat, trimmed to 1/8"" fat, select, cooked, broiled",,201,30.6,0.0,7.73,0.0,169533
"Beef, round, top round, steak, separable lean only, trimmed to 1/8"" fat, all grades, cooked, broiled",,185,31.8,0.0,5.45,0.0,171815
"Beef, round, top round, steak, separable lean only, trimmed to 1/8"" fat, choice, cooked, broiled",,193,32.0,0.0,6.25,0.0,174061
"Beef, round, top round, steak, separable lean only, trimmed to 1/8"" fat, select, cooked, broiled",,177,31.6,0.0,4.65,0.0,171808
"Beef, shank crosscuts, separable lean only, trimmed to 1/4"" fat, choice, cooked, simmered",,201,33.7,0.0,6.36,0.0,169442
"Beef, short loin, porterhouse steak, separable lean and fat, trimmed to 0"" fat, all grades, cooked, broiled",,276,24.0,0.0,19.3,0.0,169459
"Beef, short loin, porterhouse steak, separable lean and fat, trimmed to 0"" fat, USDA choice, cooked, broiled",,283,23.6,0.0,20.2,0.0,169460
"Beef, short loin, porterhouse steak, separable lean and fat, trimmed to 0"" fat, USDA select, cooked, broiled",,267,24.5,0.0,18.0,0.0,169461
"Beef, short loin, porterhouse steak, separable lean and fat, trimmed to 1/8"" fat, all grades, cooked, grilled",,276,25.4,0.0,18.6,0.0,172115
"Beef, short loin, porterhouse steak, separable lean and fat, trimmed to 1/8"" fat, choice, cooked, grilled",,284,24.8,0.0,19.8,0.0,168716
"Beef, short loin, porterhouse steak, separable lean and fat, trimmed to 1/8"" fat, select, cooked, grilled",,263,26.2,0.0,16.8,0.0,172117
"Beef, short loin, porterhouse steak, separable lean only,  trimmed to 1/8"" fat, all grades, cooked, grilled",,213,28.2,0.0,10.3,0.0,168637
"Beef, short loin, porterhouse steak, separable lean only, trimmed to 0"" fat, all grades, cooked, broiled",,212,26.1,0.0,11.2,0.0,168638
"Beef, short loin, porterhouse steak, separable lean only, trimmed to 0"" fat, choice, cooked, broiled",,224,25.5,0.0,12.8,0.0,168639
"Beef, short loin, porterhouse steak, separable lean only, trimmed to 0"" fat, select, cooked, broiled",,194,26.9,0.0,8.81,0.0,169463
"Beef, short loin, porterhouse steak, separable lean only, trimmed to 1/8"" fat, choice, cooked, grilled",,221,27.6,0.0,11.4,0.0,168618
"Beef, short loin, porterhouse steak, separable lean only, trimmed to 1/8"" fat, select, cooked, grilled",,203,28.9,0.0,8.76,0.0,168641
"Beef, short loin, t-bone steak, bone-in, separable lean only, trimmed to 1/8"" fat, all grades, cooked, grilled",,212,27.9,0.0,10.4,0.0,168643
"Beef, short loin, t-bone steak, bone-in, separable lean only, trimmed to 1/8"" fat, choice, cooked, grilled",,217,27.5,0.0,11.0,0.0,168620
"Beef, short loin, t-bone steak, bone-in, separable lean only, trimmed to 1/8"" fat, select, cooked, grilled",,206,28.4,0.0,9.35,0.0,169467
"Beef, short loin, t-bone steak, separable lean and fat, trimmed to 0"" fat, all grades, cooked, broiled",,247,24.2,0.0,15.9,0.0,169464
"Beef, short loin, t-bone steak, separable lean and fat, trimmed to 0"" fat, USDA choice, cooked, broiled",,258,24.0,0.0,17.3,0.0,169465
"Beef, short loin, t-bone steak, separable lean and fat, trimmed to 0"" fat, USDA select, cooked, broiled",,230,24.4,0.0,14.0,0.0,169466
"Beef, short loin, t-bone steak, separable lean and fat, trimmed to 1/8"" fat, all grades, cooked, grilled",,289,24.6,0.0,20.4,0.0,173351
"Beef, short loin, t-bone steak, separable lean and fat, trimmed to 1/8"" fat, choice, cooked, grilled",,294,24.2,0.0,21.1,0.0,169537
"Beef, short loin, t-bone steak, separable lean and fat, trimmed to 1/8"" fat, select, cooked, grilled",,281,25.2,0.0,19.2,0.0,173353
"Beef, short loin, t-bone steak, separable lean only, trimmed to 0"" fat, choice, cooked, broiled",,198,26.0,0.0,9.61,0.0,168644
"Beef, short loin, t-bone steak, separable lean only, trimmed to 0"" fat, select, cooked, broiled",,177,26.0,0.0,7.36,0.0,169468
"Beef, short loin, top loin, separable lean and fat, trimmed to 1/8"" fat, prime, cooked, broiled",,310,25.9,0.0,22.1,0.0,169541
"Beef, short loin, top loin, steak, separable lean and fat, trimmed to 1/8"" fat, choice, cooked, grilled",,278,26.2,0.0,18.4,0.0,168718
"Beef, short loin, top loin, steak, separable lean only, trimmed to 1/8"" fat, all grades, cooked, broiled",,189,29.3,0.0,7.09,0.0,171813
"Beef, short loin, top loin, steak, separable lean only, trimmed to 1/8"" fat, choice, cooked, broiled",,201,29.2,0.0,8.45,0.0,173119
"Beef, short loin, top loin, steak, separable lean only, trimmed to 1/8"" fat, select, cooked, grilled",,177,29.4,0.0,5.73,0.0,171805
"Beef, shoulder pot roast, boneless, separable lean and fat, trimmed to 0"" fat, all grades, cooked, braised",,204,31.0,0.0,8.92,0.0,171224
"Beef, shoulder pot roast, boneless, separable lean and fat, trimmed to 0"" fat, choice, cooked, braised",,207,30.9,0.0,9.25,0.0,171225
"Beef, shoulder pot roast, boneless, separable lean and fat, trimmed to 0"" fat, select, cooked, braised",,200,31.2,0.0,8.41,0.0,171226
"Beef, shoulder pot roast, boneless, separable lean only, trimmed to 0"" fat, all grades, cooked, braised",,196,31.5,0.0,7.78,0.0,171200
"Beef, shoulder pot roast, boneless, separable lean only, trimmed to 0"" fat, choice, cooked, braised",,200,31.3,0.0,8.3,0.0,171198
"Beef, shoulder pot roast, boneless, separable lean only, trimmed to 0"" fat, select, cooked, braised",,190,31.7,0.0,7.02,0.0,171199
"Beef, shoulder steak, boneless, separable lean and fat, trimmed to 0"" fat, all grades, cooked, grilled",,182,28.3,0.0,6.8,0.0,171789
"Beef, shoulder steak, boneless, separable lean and fat, trimmed to 0"" fat, choice, cooked, grilled",,186,28.2,0.0,7.25,0.0,171785
"Beef, shoulder steak, boneless, separable lean and fat, trimmed to 0"" fat, select, cooked, grilled",,177,28.4,0.0,6.14,0.0,171786
"Beef, shoulder steak, boneless, separable lean only, trimmed to 0"" fat, all grades, cooked, grilled",,175,28.6,0.0,5.82,0.0,171781
"Beef, shoulder steak, boneless, separable lean only, trimmed to 0"" fat, choice, cooked, grilled",,178,28.5,0.0,6.25,0.0,168731
"Beef, shoulder steak, boneless, separable lean only, trimmed to 0"" fat, select, cooked, grilled",,169,28.7,0.0,5.17,0.0,168732
"Beef, shoulder top blade steak, boneless, separable lean and fat, trimmed to 0"" fat, all grades, cooked, grilled",,210,27.6,0.0,11.1,0.0,169479
"Beef, shoulder top blade steak, boneless, separable lean and fat, trimmed to 0"" fat, choice, cooked, grilled",,220,27.5,0.0,12.3,0.0,168659
"Beef, shoulder top blade steak, boneless, separable lean and fat, trimmed to 0"" fat, select, cooked, grilled",,194,27.7,0.0,9.29,0.0,168692
"Beef, shoulder top blade steak, boneless, separable lean only, trimmed to 0"" fat, all grades, cooked, grilled",,196,28.2,0.0,9.23,0.0,168654
"Beef, shoulder top blade steak, boneless, separable lean only, trimmed to 0"" fat, choice, cooked, grilled",,202,28.3,0.0,9.83,0.0,169475
"Beef, shoulder top blade steak, boneless, separable lean only, trimmed to 0"" fat, select, cooked, grilled",,187,28.0,0.0,8.34,0.0,169476
"Beef, tenderloin, roast, separable lean and fat, trimmed to 1/8"" fat, all grades, cooked, roasted",,324,23.9,0.0,24.6,0.0,169544
"Beef, tenderloin, roast, separable lean and fat, trimmed to 1/8"" fat, choice, cooked, roasted",,331,23.9,0.0,25.4,0.0,168723
"Beef, tenderloin, roast, separable lean and fat, trimmed to 1/8"" fat, prime, cooked, roasted",,343,24.0,0.0,26.7,0.0,169549
"Beef, tenderloin, roast, separable lean and fat, trimmed to 1/8"" fat, select, cooked, roasted",,316,23.9,0.0,23.7,0.0,169546
"Beef, tenderloin, steak, separable lean and fat, trimmed to 1/8"" fat, all grades, cooked, broiled",,267,26.5,0.0,17.1,0.0,169543
"Beef, tenderloin, steak, separable lean and fat, trimmed to 1/8"" fat, choice, cooked, broiled",,273,26.4,0.0,17.8,0.0,168722
"Beef, tenderloin, steak, separable lean and fat, trimmed to 1/8"" fat, prime, cooked, broiled",,308,25.3,0.0,22.2,0.0,169548
"Beef, tenderloin, steak, separable lean and fat, trimmed to 1/8"" fat, select, cooked, broiled",,262,26.5,0.0,16.5,0.0,168725
"Beef, tenderloin, steak, separable lean only, trimmed to 1/8"" fat, all grades, cooked, broiled",,200,29.0,0.0,8.39,0.0,171811
"Beef, tenderloin, steak, separable lean only, trimmed to 1/8"" fat, choice, cooked, broiled",,206,29.0,0.0,9.1,0.0,173117
"Beef, tenderloin, steak, separable lean only, trimmed to 1/8"" fat, select, cooked, broiled",,194,29.1,0.0,7.76,0.0,174043
"Beef, top loin filet, boneless, separable lean and fat, trimmed to 1/8"" fat, all grades, cooked, grilled",,239,27.4,0.6,14.1,0.0,173063
"Beef, top loin filet, boneless, separable lean and fat, trimmed to 1/8"" fat, choice, cooked, grilled",,253,26.8,0.6,15.9,0.0,173064
"Beef, top loin filet, boneless, separable lean and fat, trimmed to 1/8"" fat, select, cooked, grilled",,219,28.3,0.4,11.6,0.0,173065
"Beef, top loin filet, boneless, separable lean only, trimmed to 1/8"" fat, all grades, cooked, grilled",,195,29.3,0.3,8.54,0.0,174688
"Beef, top loin filet, boneless, separable lean only, trimmed to 1/8"" fat, choice, cooked, grilled",,203,29.0,0.36,9.48,0.0,174689
"Beef, top loin filet, boneless, separable lean only, trimmed to 1/8"" fat, select, cooked, grilled",,184,29.8,0.2,7.12,0.0,174690
"Beef, top loin petite roast, boneless, separable lean and fat, trimmed to 1/8"" fat, all grades, cooked, roasted",,228,27.0,1.0,12.9,0.0,174708
"Beef, top loin petite roast, boneless, separable lean and fat, trimmed to 1/8"" fat, choice, cooked, roasted",,239,26.8,1.1,14.1,0.0,174709
"Beef, top loin petite roast, boneless, separable lean and fat, trimmed to 1/8"" fat, select, cooked, roasted",,213,27.1,0.9,11.2,0.0,174710
"Beef, top loin petite roast, boneless, separable lean only, trimmed to 1/8"" fat, all grades, cooked, roasted",,195,28.3,0.82,8.76,0.0,173046
"Beef, top loin petite roast, boneless, separable lean only, trimmed to 1/8"" fat, choice, cooked, roasted",,206,28.2,0.88,9.97,0.0,173047
"Beef, top loin petite roast, boneless, separable lean only, trimmed to 1/8"" fat, select, cooked, roasted",,179,28.5,0.74,6.95,0.0,173048
"Beef, top sirloin, steak, separable lean and fat, trimmed to 0"" fat, all grades, cooked, broiled",,212,29.3,0.0,9.67,0.0,169457
"Beef, top sirloin, steak, separable lean and fat, trimmed to 0"" fat, choice, cooked, broiled",,219,29.0,0.0,10.5,0.0,169458
"Beef, top sirloin, steak, separable lean and fat, trimmed to 0"" fat, select, cooked, broiled",,206,29.6,0.0,8.8,0.0,168633
"Beef, top sirloin, steak, separable lean and fat, trimmed to 1/8"" fat, all grades, cooked, broiled",,243,27.0,0.0,14.2,0.0,168727
"Beef, top sirloin, steak, separable lean and fat, trimmed to 1/8"" fat, choice, cooked, broiled",,257,26.8,0.0,15.8,0.0,168729
"Beef, top sirloin, steak, separable lean and fat, trimmed to 1/8"" fat, choice, cooked, pan-fried",,313,28.8,0.0,21.1,0.0,169550
"Beef, top sirloin, steak, separable lean and fat, trimmed to 1/8"" fat, select, cooked, broiled",,230,27.1,0.0,12.7,0.0,169552
"Beef, top sirloin, steak, separable lean only, trimmed to 0"" fat, all grades, cooked, broiled",,183,30.6,0.0,5.79,0.0,168634
"Beef, top sirloin, steak, separable lean only, trimmed to 0"" fat, choice, cooked, broiled",,188,30.3,0.0,6.55,0.0,168635
"Beef, top sirloin, steak, separable lean only, trimmed to 0"" fat, select, cooked, broiled",,177,30.8,0.0,5.03,0.0,168636
"Beef, top sirloin, steak, separable lean only, trimmed to 1/8"" fat, all grades, cooked, broiled",,178,29.4,0.0,5.84,0.0,174054
"Beef, top sirloin, steak, separable lean only, trimmed to 1/8"" fat, choice, cooked, broiled",,187,29.5,0.0,6.72,0.0,173118
"Beef, top sirloin, steak, separable lean only, trimmed to 1/8"" fat, select, cooked, broiled",,170,29.3,0.0,4.96,0.0,174044
"Beef, variety meats and by-products, brain, cooked, pan-fried",,196,12.6,0.0,15.8,0.0,168623
"Beef, variety meats and by-products, brain, cooked, simmered",,151,11.7,1.48,10.5,0.0,168624
"Beef, variety meats and by-products, heart, cooked, simmered",,165,28.5,0.15,4.73,0.0,169448
"Beef, variety meats and by-products, kidneys, cooked, simmered",,158,27.3,0.0,4.65,0.0,169450
"Beef, variety meats and by-products, liver, cooked, braised",,191,29.1,5.13,5.26,0.0,168626
"Beef, variety meats and by-products, liver, cooked, pan-fried",,175,26.5,5.16,4.68,0.0,168627
"Beef, variety meats and by-products, lungs, cooked, braised",,120,20.4,0.0,3.7,0.0,168629
"Beef, variety meats and by-products, mechanically separated beef, raw",,276,15.0,0.0,23.5,0.0,168630
"Beef, variety meats and by-products, pancreas, cooked, braised",,271,27.1,0.0,17.2,0.0,169453
"Beef, variety meats and by-products, spleen, cooked, braised",,145,25.1,0.0,4.2,0.0,170597
"Beef, variety meats and by-products, thymus, cooked, braised",,319,21.8,0.0,25.0,0.0,170195
"Beef, variety meats and by-products, tongue, cooked, simmered",,284,19.3,0.0,22.3,0.0,170598
"Beef, variety meats and by-products, tripe, cooked, simmered",,94.0,11.7,1.99,4.05,0.0,174769
"Beerwurst, beer salami, pork and beef",,277,14.0,3.76,22.5,0.9,172011
"Beerwurst, pork and beef",,276,14.0,4.27,22.5,0.9,172961
"Beverages, almond milk, chocolate, ready-to-drink",,50.0,0.63,9.38,1.25,0.4,174820
"Beverages, Apple juice drink, light, fortified with vitamin C",,22.0,0.0,5.1,0.1,0.0,174112
"Beverages, chocolate almond milk, unsweetened, shelf-stable, fortified with vitamin D2 and E",,21.0,0.83,1.25,1.46,0.4,173187
"Beverages, chocolate drink, milk and soy based, ready to drink, fortified",,101,4.22,17.3,1.69,1.3,171873
"Beverages, chocolate malt powder, prepared with 1% milk, fortified",,57.0,3.32,8.81,0.97,0.0,171874
"Beverages, chocolate malt, powder, prepared with fat free milk",,49.0,3.25,8.64,0.17,0.0,173184
"Beverages, chocolate syrup, prepared with whole milk",,90.0,3.07,12.8,2.96,0.3,174118
"Beverages, chocolate-flavor beverage mix for milk, powder, with added nutrients",,400,4.55,90.3,2.27,4.5,174159
"Beverages, chocolate-flavor beverage mix, powder, prepared with whole milk",,85.0,3.23,12.0,3.24,0.4,171879
"Beverages, Chocolate-flavored drink, whey and milk based",,49.0,0.64,10.7,0.4,0.6,167711
"Beverages, Clam and tomato juice, canned",,48.0,0.6,11.0,0.2,0.4,171882
"Beverages, cranberry-apple juice drink, bottled",,63.0,0.0,15.8,0.11,0.0,174140
"Beverages, cranberry-apple juice drink, low calorie, with vitamin C added",,19.0,0.1,4.7,0.0,0.1,168123
"Beverages, cranberry-apricot juice drink, bottled",,64.0,0.2,16.2,0.0,0.1,174142
"Beverages, cranberry-grape juice drink, bottled",,56.0,0.2,14.0,0.1,0.1,171902
"Beverages, fruit juice drink, greater than 3% fruit juice, high vitamin C and added thiamin",,54.0,0.13,13.2,0.0,0.1,171945
"Beverages, fruit juice drink, greater than 3% juice, high vitamin C",,46.0,0.13,11.4,0.11,0.1,171947
"Beverages, grape juice drink, canned",,57.0,0.0,14.6,0.0,0.1,173213
"Beverages, Kiwi Strawberry Juice Drink",,47.0,0.0,12.3,0.0,0.0,174111
"Beverages, Malted drink mix, chocolate, powder, prepared with whole milk",,85.0,3.37,11.2,3.29,0.5,174867
"Beverages, Malted drink mix, chocolate, with added nutrients, powder, prepared with whole milk",,87.0,3.29,11.2,3.26,0.4,174865
"Beverages, MOTTS, Apple juice light, fortified with vitamin C",,22.0,0.0,5.1,0.1,0.0,174857
"Beverages, OCEAN SPRAY, Cranberry-Apple Juice Drink, bottled",,56.0,0.29,13.7,0.0,0.6,171895
"Beverages, OCEAN SPRAY, White Cranberry Strawberry Flavored Juice Drink",,49.0,0.22,12.0,0.01,0.6,174137
"Beverages, Orange drink, breakfast type, with juice and pulp, frozen concentrate",,153,0.4,39.0,0.0,0.1,175100
"Beverages, Orange drink, breakfast type, with juice and pulp, frozen concentrate, prepared with water",,45.0,0.12,11.3,0.0,0.0,175101
"Beverages, Orange juice drink",,54.0,0.2,13.4,0.0,0.2,169044
"Beverages, Orange juice, light, No pulp",,21.0,0.21,5.42,0.0,0.0,173178
"Beverages, pineapple and orange juice drink, canned",,50.0,1.3,11.8,0.0,0.1,173225
"Beverages, rice milk, unsweetened",,47.0,0.28,9.17,0.97,0.3,171942
"Beverages, Strawberry-flavor beverage mix, powder, prepared with whole milk",,88.0,3.0,12.3,3.1,0.0,174870
"Beverages, V8 SPLASH Juice Drinks, Berry Blend",,29.0,0.0,7.41,0.0,,171928
"Beverages, V8 SPLASH Juice Drinks, Diet Berry Blend",,4.0,0.0,1.23,0.0,,174162
"Beverages, V8 SPLASH Juice Drinks, Diet Strawberry Kiwi",,4.0,0.0,1.26,0.0,,174164
"Beverages, V8 SPLASH Juice Drinks, Mango Peach",,33.0,0.0,8.23,0.0,,174165
"Beverages, V8 SPLASH Juice Drinks, Orange Pineapple",,29.0,0.0,7.41,0.0,,174166
"Beverages, V8 SPLASH Juice Drinks, Strawberry Kiwi",,29.0,0.0,7.41,0.0,,171931
"Beverages, V8 SPLASH Smoothies, Strawberry Banana",,37.0,1.22,8.16,0.0,0.0,174829
"Beverages, V8 V-FUSION Juices, Strawberry Banana",,49.0,0.41,11.8,0.0,0.0,171934
"Beverages, vegetable and fruit juice blend, 100% juice, with added vitamins A, C, E",,46.0,0.3,11.2,0.01,0.0,174175
"Bologna, beef and pork",,308,15.2,5.49,24.6,0.0,172013
"Bologna, beef and pork, low fat",,230,11.5,2.6,19.3,0.0,167685
"Bologna, chicken, pork",,336,10.3,4.19,30.6,0.0,173873
"Bologna, pork and turkey, lite",,211,13.1,3.45,16.1,0.0,174609
"Bratwurst, beef and pork, smoked",,297,12.2,2.0,26.3,0.0,172956
"Bratwurst, chicken, cooked",,176,19.4,0.0,10.4,0.0,172957
"Bratwurst, pork, beef, link",,323,14.3,2.98,27.8,0.0,171622
"Bratwurst, pork, cooked",,333,13.7,2.85,29.2,0.0,171620
"Braunschweiger (a liver sausage), pork",,327,14.5,3.1,28.5,0.0,171621
"Bread, banana, prepared from recipe, made with margarine",,326,4.3,54.6,10.5,1.1,174906
"Bread, blue corn, somiviki (Hopi)",,186,3.1,39.8,1.53,3.6,169830
"Bread, cheese",,408,10.4,44.8,20.8,2.1,167944
"Bread, cornbread, dry mix, enriched (includes corn muffin mix)",,418,7.0,69.5,12.2,6.5,174908
"Bread, cornbread, dry mix, prepared with 2% milk, 80% margarine, and eggs",,330,6.59,54.5,9.58,2.3,174909
"Bread, cornbread, dry mix, unenriched (includes corn muffin mix)",,418,7.0,69.5,12.2,6.5,172815
"Bread, cornbread, prepared from recipe, made with low fat (2%) milk",,266,6.7,43.5,7.1,,174910
"Bread, egg",,287,9.5,47.8,6.0,2.3,172673
"Bread, egg, toasted",,315,10.5,52.6,6.6,2.5,172674
"Bread, oat bran",,236,10.4,39.8,4.4,4.5,172676
"Bread, oat bran, toasted",,259,11.4,43.7,4.8,4.9,172677
"Bread, pan dulce, sweet yeast bread",,367,9.42,56.4,11.6,2.3,167935
"Bread, potato",,266,12.5,47.1,3.13,6.3,167943
"Bread, reduced-calorie, oat bran",,201,8.0,41.3,3.2,12.0,172682
"Bread, reduced-calorie, oat bran, toasted",,239,9.5,49.2,3.8,14.3,172683
"Bread, rice bran",,243,8.9,43.5,4.6,4.9,174923
"Bread, rice bran, toasted",,264,9.7,47.3,5.0,5.3,175044
"Bread, salvadoran sweet cheese (quesadilla salvadorena)",,374,7.12,47.8,17.1,0.7,167526
"Bread, white, commercially prepared (includes soft bread crumbs)",,266,8.85,49.4,3.33,2.7,174924
"Bread, white, prepared from recipe, made with low fat (2%) milk",,285,7.9,49.6,5.7,2.0,174927
"Bread, white, prepared from recipe, made with nonfat dry milk",,274,7.7,53.6,2.6,2.0,174926
"Broccoli raab, cooked",,25.0,3.83,3.12,0.52,2.8,170382
"Broccoli, chinese, cooked",,22.0,1.14,3.81,0.72,2.5,169392
"Broccoli, cooked, boiled, drained, with salt",,35.0,2.38,7.18,0.41,3.3,168510
"Broccoli, cooked, boiled, drained, without salt",,35.0,2.38,7.18,0.41,3.3,169967
"Broccoli, frozen, chopped, cooked, boiled, drained, with salt",,28.0,3.1,5.35,0.12,3.0,168511
"Broccoli, frozen, chopped, cooked, boiled, drained, without salt",,28.0,3.1,5.35,0.12,3.0,169969
"Broccoli, frozen, spears, cooked, boiled, drained, with salt",,28.0,3.1,5.35,0.11,3.0,168512
"Broccoli, frozen, spears, cooked, boiled, drained, without salt",,28.0,3.1,5.36,0.11,3.0,170380
"BURGER KING, CROISSAN'WICH with Egg and Cheese",,283,10.4,24.8,15.8,0.7,172076
"BURGER KING, CROISSAN'WICH with Sausage and Cheese",,376,13.7,23.0,25.4,0.7,173316
"Burrito, bean and cheese, frozen",,221,7.07,34.0,6.3,3.4,173336
"Burrito, beef and bean, frozen",,239,7.26,30.8,9.61,4.2,173335
"Burrito, beef and bean, microwaved",,298,8.73,39.0,11.9,6.9,172102
"Cabbage, chinese (pak-choi), cooked, boiled, drained, with salt",,12.0,1.56,1.78,0.16,1.0,168517
"Cabbage, chinese (pak-choi), cooked, boiled, drained, without salt",,12.0,1.56,1.78,0.16,1.0,170391
"Cabbage, chinese (pe-tsai), cooked, boiled, drained, with salt",,14.0,1.5,2.41,0.17,1.7,169337
"Cabbage, chinese (pe-tsai), cooked, boiled, drained, without salt",,14.0,1.5,2.41,0.17,1.7,169980
"Cabbage, common, cooked, boiled, drained, with salt",,23.0,1.27,5.51,0.06,1.9,168514
"Cabbage, cooked, boiled, drained, without salt",,23.0,1.27,5.51,0.06,1.9,169976
"Cabbage, napa, cooked",,12.0,1.1,2.23,0.17,,168572
"Cabbage, red, cooked, boiled, drained, with salt",,29.0,1.51,6.94,0.09,2.6,168515
"Cabbage, red, cooked, boiled, drained, without salt",,29.0,1.51,6.94,0.09,2.6,169978
"Cabbage, savoy, cooked, boiled, drained, with salt",,24.0,1.8,5.41,0.09,2.8,168516
"Cabbage, savoy, cooked, boiled, drained, without salt",,24.0,1.8,5.41,0.09,2.8,170389
"Cake, chocolate, commercially prepared with chocolate frosting, in-store bakery",,389,3.48,52.8,20.0,2.2,174934
"CAMPBELL'S CHUNKY, Hearty Beef Barley Soup",,56.0,2.89,8.98,0.92,1.0,174552
"CAMPBELL'S, Cream of Mushroom Soup, condensed",,81.0,1.29,6.59,5.5,0.6,172901
"Candies, HERSHEY'S MILK CHOCOLATE WITH ALMOND BITES",,568,9.76,51.7,35.7,3.6,169622
"Candies, honey-combed, with peanut butter",,473,8.72,67.4,20.2,1.9,167546
"Candies, MARS SNACKFOOD US, DOVE Milk Chocolate",,546,5.94,59.8,31.7,2.4,168804
"Candies, MARS SNACKFOOD US, M&M's Milk Chocolate Candies",,492,4.33,71.2,21.1,2.8,169583
"Candies, MARS SNACKFOOD US, M&M's MINIs Milk Chocolate Candies",,502,4.78,68.4,23.4,2.7,169591
"Candies, MARS SNACKFOOD US, M&M's Peanut Butter Chocolate Candies",,529,10.2,56.9,29.3,4.0,167689
"Candies, MARS SNACKFOOD US, M&M's Peanut Chocolate Candies",,515,9.57,60.5,26.1,3.7,169582
"Candies, MARS SNACKFOOD US, MILKY WAY Caramels, milk chocolate covered",,463,4.28,68.5,19.2,0.7,168806
"Candies, milk chocolate",,535,7.65,59.4,29.7,3.4,167587
"Candies, milk chocolate coated coffee beans",,549,7.41,55.2,33.2,5.7,169637
"Candies, milk chocolate coated peanuts",,519,13.1,49.7,33.5,4.7,168001
"Candies, milk chocolate coated raisins",,390,4.1,68.4,14.8,3.1,169576
"Candies, milk chocolate, with almonds",,526,9.0,53.4,34.4,6.2,168754
"Candies, ROLO Caramels in Milk Chocolate",,474,5.08,68.0,20.9,0.9,168765
"Candies, SYMPHONY Milk Chocolate Bar",,531,8.51,58.0,30.6,1.7,167984
"CARRABBA'S ITALIAN GRILL, chicken parmesan without cavatappi pasta",,206,19.0,7.8,11.0,0.9,169857
"Carrot juice, canned",,40.0,0.95,9.28,0.15,0.8,170491
"Cauliflower, cooked, boiled, drained, with salt",,23.0,1.84,4.11,0.45,2.3,168520
"Cauliflower, cooked, boiled, drained, without salt",,23.0,1.84,4.11,0.45,2.3,170397
"Cauliflower, frozen, cooked, boiled, drained, with salt",,17.0,1.61,3.16,0.22,2.7,168521
"Cauliflower, frozen, cooked, boiled, drained, without salt",,19.0,1.61,3.75,0.22,2.7,170399
"Cauliflower, green, cooked, no salt added",,32.0,3.04,6.28,0.31,3.3,169390
"Cauliflower, green, cooked, with salt",,32.0,3.04,6.28,0.31,3.3,169391
"Celery, cooked, boiled, drained, with salt",,18.0,0.83,4.0,0.16,1.6,169342
"Celery, cooked, boiled, drained, without salt",,18.0,0.83,4.0,0.16,1.6,169989
"Cereals ready-to-eat, chocolate-flavored frosted puffed corn",,405,3.34,87.2,3.5,3.8,172973
"Cereals ready-to-eat, MALT-O-MEAL, OAT BLENDERS with honey",,396,6.78,84.9,4.17,5.0,171679
"Cereals ready-to-eat, MALT-O-MEAL, OAT BLENDERS with honey & almonds",,379,7.8,77.3,4.88,6.1,171680
"Cereals, corn grits, white, regular and quick, enriched, cooked with water, with salt",,71.0,1.71,14.8,0.46,0.8,171671
"Cereals, corn grits, white, regular and quick, enriched, cooked with water, without salt",,71.0,1.71,14.8,0.46,0.8,171655
"Cereals, corn grits, yellow, regular and quick, enriched, cooked with water, without salt",,65.0,1.23,13.9,0.39,0.7,171672
"Cereals, corn grits, yellow, regular, quick, enriched, cooked with water, with salt",,65.0,1.23,13.9,0.39,0.7,171673
"Cereals, CREAM OF RICE, dry",,370,6.3,82.4,0.5,0.7,173900
"Cereals, CREAM OF WHEAT, 1 minute cook time, cooked with water, microwaved, without salt",,55.0,1.95,10.7,0.37,1.5,173012
"Cereals, CREAM OF WHEAT, 1 minute cook time, cooked with water, stove-top, without salt",,56.0,1.65,11.2,0.42,0.4,173011
"Cereals, CREAM OF WHEAT, 2 1/2 minute cook time, cooked with water, microwaved, without salt",,52.0,1.88,10.1,0.37,0.7,173009
"Cereals, CREAM OF WHEAT, 2 1/2 minute cook time, cooked with water, stove-top, without salt",,56.0,1.44,11.7,0.2,0.7,173008
"Cereals, CREAM OF WHEAT, regular (10 minute), cooked with water, with salt",,50.0,1.46,10.7,0.21,0.5,173915
"Cereals, CREAM OF WHEAT, regular (10 minute), cooked with water, without salt",,50.0,1.44,10.5,0.21,0.5,171657
"Cereals, farina, enriched, assorted brands including CREAM OF WHEAT, quick (1-3 minutes), cooked with water, without salt",,55.0,1.82,10.9,0.34,0.8,171659
"Cereals, Oat Bran, QUAKER, QUAKER/MOTHER'S Oat Bran, prepared with water, salt",,43.0,2.03,7.49,0.95,1.7,172978
"Cereals, QUAKER, corn grits, instant, cheddar cheese flavor, dry",,363,8.98,73.0,5.46,4.2,173898
"Cereals, QUAKER, Instant Grits, Ham 'n' Cheese flavor, dry",,355,10.7,71.1,4.68,4.2,172994
"Cereals, QUAKER, Instant Oatmeal, Banana Bread, dry",,368,8.97,75.7,4.85,6.7,174638
"Cereals, QUAKER, Oat Bran, QUAKER/MOTHER'S Oat Bran, dry",,364,17.0,62.9,7.97,14.3,174626
"Cereals, QUAKER, Oat Bran, QUAKER/MOTHER'S Oat Bran, prepared with water, no salt",,43.0,2.03,7.49,0.95,1.7,174627
"Cereals, QUAKER, oatmeal, REAL MEDLEYS, apple walnut, dry",,390,8.18,70.5,10.4,7.0,171684
"Cereals, QUAKER, Weight Control Instant Oatmeal, banana bread",,361,16.5,64.4,6.16,12.6,173923
"Cheese spread, American or Cheddar cheese base, reduced fat",,176,13.4,10.7,8.88,0.0,170896
"Cheese, cream",,350,6.15,5.52,34.4,0.0,173418
"Cheese, cream, fat free",,105,15.7,7.66,1.0,0.0,172207
"Cheese, cream, low fat",,208,7.85,6.73,16.7,0.0,169079
"Cheese, mozzarella, part skim milk",,254,24.3,2.77,15.9,0.0,170847
"Cheese, mozzarella, whole milk",,299,22.2,2.4,22.1,0.0,170845
"Cheese, mozzarella, whole milk, low moisture",,318,21.6,2.47,24.6,0.0,170846
"Cheese, ricotta, part skim milk",,138,11.4,5.14,7.91,0.0,171248
"Cheese, ricotta, whole milk",,150,7.54,7.27,10.2,0.0,170851
"Chicken breast tenders, breaded, cooked, microwaved",,252,16.4,17.6,12.9,0.0,171514
"Chicken breast, oven-roasted, fat-free, sliced",,79.0,16.8,2.17,0.39,0.0,172963
"Chicken breast, roll, oven-roasted",,134,14.6,1.79,7.65,0.0,174608
"Chicken patty, frozen, cooked",,287,14.8,12.8,19.6,0.3,171513
"Chicken, broiler or fryers, breast, skinless, boneless, meat only, cooked, braised",,157,32.1,0.0,3.24,0.0,171140
"Chicken, broiler or fryers, breast, skinless, boneless, meat only, cooked, grilled",,151,30.5,0.0,3.17,0.0,171534
"Chicken, broiler or fryers, breast, skinless, boneless, meat only, with added solution, cooked, braised",,145,28.2,0.0,3.61,0.0,171535
"Chicken, broiler or fryers, breast, skinless, boneless, meat only, with added solution, cooked, grilled",,148,29.5,0.0,3.39,0.0,171536
"Chicken, broilers or fryers,  rotisserie, original seasoning, drumstick, meat and skin, cooked",,215,26.9,0.02,12.0,0.0,171521
"Chicken, broilers or fryers, back, meat and skin, cooked, fried, batter",,331,22.0,10.2,21.9,,171470
"Chicken, broilers or fryers, back, meat and skin, cooked, roasted",,300,26.0,0.0,21.0,0.0,171071
"Chicken, broilers or fryers, back, meat and skin, cooked, stewed",,258,22.2,0.0,18.1,0.0,171072
"Chicken, broilers or fryers, back, meat only, cooked, fried",,288,30.0,5.68,15.3,0.0,171074
"Chicken, broilers or fryers, back, meat only, cooked, roasted",,239,28.2,0.0,13.2,0.0,171472
"Chicken, broilers or fryers, back, meat only, cooked, stewed",,209,25.3,0.0,11.2,0.0,171473
"Chicken, broilers or fryers, breast, meat and skin, cooked, fried, batter",,260,24.8,8.99,13.2,0.3,171475
"Chicken, broilers or fryers, breast, meat and skin, cooked, roasted",,197,29.8,0.0,7.78,0.0,171075
"Chicken, broilers or fryers, breast, meat and skin, cooked, stewed",,184,27.4,0.0,7.42,0.0,171076
"Chicken, broilers or fryers, breast, meat only, cooked, fried",,187,33.4,0.51,4.71,0.0,171078
"Chicken, broilers or fryers, breast, meat only, cooked, roasted",,165,31.0,0.0,3.57,0.0,171477
"Chicken, broilers or fryers, breast, meat only, cooked, stewed",,151,29.0,0.0,3.03,0.0,171478
"Chicken, broilers or fryers, dark meat, drumstick, meat and skin, cooked, braised",,187,22.7,0.0,10.7,0.0,174497
"Chicken, broilers or fryers, dark meat, drumstick, meat only, cooked, braised",,149,23.9,0.0,5.95,0.0,172852
"Chicken, broilers or fryers, dark meat, drumstick, meat only, cooked, roasted",,155,24.2,0.0,5.7,0.0,172376
"Chicken, broilers or fryers, dark meat, meat and skin, cooked, fried, batter",,298,21.8,9.38,18.6,,171063
"Chicken, broilers or fryers, dark meat, meat and skin, cooked, roasted",,253,26.0,0.0,15.8,0.0,171065
"Chicken, broilers or fryers, dark meat, meat and skin, cooked, stewed",,233,23.5,0.0,14.7,0.0,171066
"Chicken, broilers or fryers, dark meat, meat only, cooked, fried",,239,29.0,2.59,11.6,0.0,171068
"Chicken, broilers or fryers, dark meat, meat only, cooked, roasted",,205,27.4,0.0,9.73,0.0,171069
"Chicken, broilers or fryers, dark meat, meat only, cooked, stewed",,192,26.0,0.0,8.98,0.0,171070
"Chicken, broilers or fryers, dark meat, thigh, meat and skin, cooked, braised",,229,22.6,0.0,15.4,0.0,174498
"Chicken, broilers or fryers, dark meat, thigh, meat only, cooked, braised",,176,24.6,0.0,8.63,0.0,172853
"Chicken, broilers or fryers, drumstick, meat and skin, cooked, fried, batter",,268,22.0,8.28,15.8,0.3,172374
"Chicken, broilers or fryers, drumstick, meat and skin, cooked, roasted",,191,23.4,0.0,10.2,0.0,173612
"Chicken, broilers or fryers, drumstick, meat and skin, cooked, stewed",,204,25.3,0.0,10.6,0.0,173613
"Chicken, broilers or fryers, drumstick, meat only, cooked, fried",,195,28.6,0.0,8.08,0.0,172375
"Chicken, broilers or fryers, drumstick, meat only, cooked, stewed",,169,27.5,0.0,5.71,0.0,172377
"Chicken, broilers or fryers, drumstick, rotisserie, original seasoning, meat only, cooked",,176,28.7,0.0,6.81,0.0,171519
"Chicken, broilers or fryers, giblets, cooked, fried",,277,32.5,4.35,13.5,0.0,171058
"Chicken, broilers or fryers, giblets, cooked, simmered",,157,27.2,0.0,4.5,0.0,171455
"Chicken, broilers or fryers, leg, meat and skin, cooked, fried, batter",,273,21.8,8.72,16.2,0.3,173615
"Chicken, broilers or fryers, leg, meat and skin, cooked, roasted",,184,24.0,0.0,8.99,0.0,173617
"Chicken, broilers or fryers, leg, meat and skin, cooked, stewed",,220,24.2,0.0,12.9,0.0,173618
"Chicken, broilers or fryers, leg, meat only, cooked, fried",,208,28.4,0.65,9.32,0.0,172379
"Chicken, broilers or fryers, leg, meat only, cooked, roasted",,174,24.2,0.0,7.8,0.0,172380
"Chicken, broilers or fryers, leg, meat only, cooked, stewed",,185,26.3,0.0,8.06,0.0,172381
"Chicken, broilers or fryers, light meat, meat and skin, cooked, fried, batter",,277,23.6,9.5,15.4,,171459
"Chicken, broilers or fryers, light meat, meat and skin, cooked, roasted",,222,29.0,0.0,10.8,0.0,171461
"Chicken, broilers or fryers, light meat, meat and skin, cooked, stewed",,201,26.1,0.0,9.97,0.0,171462
"Chicken, broilers or fryers, light meat, meat only, cooked, fried",,192,32.8,0.42,5.54,0.0,171465
"Chicken, broilers or fryers, light meat, meat only, cooked, roasted",,173,30.9,0.0,4.51,0.0,171466
"Chicken, broilers or fryers, light meat, meat only, cooked, stewed",,159,28.9,0.0,3.99,0.0,171467
"Chicken, broilers or fryers, meat and skin and giblets and neck, cooked, fried, batter",,291,22.8,9.03,17.5,,171048
"Chicken, broilers or fryers, meat and skin and giblets and neck, roasted",,234,26.8,0.06,13.3,0.0,171050
"Chicken, broilers or fryers, meat and skin, cooked, fried, batter",,289,22.5,9.42,17.4,0.3,171448
"Chicken, broilers or fryers, meat and skin, cooked, roasted",,239,27.3,0.0,13.6,0.0,171450
"Chicken, broilers or fryers, meat and skin, cooked, stewed",,219,24.7,0.0,12.6,0.0,171051
"Chicken, broilers or fryers, meat only, cooked, fried",,219,30.6,1.69,9.12,0.1,171053
"Chicken, broilers or fryers, meat only, cooked, roasted",,190,28.9,0.0,7.41,0.0,171054
"Chicken, broilers or fryers, meat only, cooked, stewed",,177,27.3,0.0,6.71,0.0,171451
"Chicken, broilers or fryers, neck, meat and skin, cooked simmered",,247,19.6,0.0,18.1,0.0,173622
"Chicken, broilers or fryers, neck, meat and skin, cooked, fried, batter",,330,19.8,8.7,23.5,,173620
"Chicken, broilers or fryers, neck, meat only, cooked, fried",,229,26.9,1.77,11.9,0.0,172383
"Chicken, broilers or fryers, neck, meat only, cooked, simmered",,179,24.6,0.0,8.18,0.0,172384
"Chicken, broilers or fryers, rotisserie, original seasoning, back, meat and skin, cooked",,260,23.2,0.03,18.6,0.0,171122
"Chicken, broilers or fryers, rotisserie, original seasoning, back, meat only, cooked",,205,25.3,0.0,11.5,0.0,171517
"Chicken, broilers or fryers, rotisserie, original seasoning, breast, meat and skin, cooked",,184,27.5,0.02,8.18,0.0,171123
"Chicken, broilers or fryers, rotisserie, original seasoning, breast, meat only, cooked",,137,28.0,0.0,2.79,0.0,171518
"Chicken, broilers or fryers, rotisserie, original seasoning, skin only, cooked",,406,17.7,0.11,37.2,0.0,171520
"Chicken, broilers or fryers, rotisserie, original seasoning, thigh, meat and skin, cooked",,233,22.9,0.02,15.7,0.0,171522
"Chicken, broilers or fryers, rotisserie, original seasoning, thigh, meat only, cooked",,196,24.1,0.0,11.1,0.0,171120
"Chicken, broilers or fryers, rotisserie, original seasoning, wing, meat and skin, cooked",,266,24.3,0.04,18.8,0.0,171523
"Chicken, broilers or fryers, rotisserie, original seasoning, wing, meat only, cooked",,197,27.7,0.0,9.53,0.0,171121
"Chicken, broilers or fryers, skin only, cooked, fried, batter",,394,10.3,23.2,28.8,,171453
"Chicken, broilers or fryers, skin only, cooked, roasted",,454,20.4,0.0,40.7,0.0,171055
"Chicken, broilers or fryers, skin only, cooked, stewed",,363,15.2,0.0,33.0,0.0,171056
"Chicken, broilers or fryers, thigh, meat and skin, cooked, fried, batter",,277,21.6,9.08,16.5,0.3,172386
"Chicken, broilers or fryers, thigh, meat and skin, cooked, roasted",,232,23.3,0.0,14.7,0.0,173625
"Chicken, broilers or fryers, thigh, meat and skin, cooked, stewed",,232,23.3,0.0,14.7,0.0,173626
"Chicken, broilers or fryers, thigh, meat only, cooked, fried",,218,28.2,1.18,10.3,0.0,172387
"Chicken, broilers or fryers, thigh, meat only, cooked, roasted",,179,24.8,0.0,8.15,0.0,172388
"Chicken, broilers or fryers, thigh, meat only, cooked, stewed",,195,25.0,0.0,9.79,0.0,172389
"Chicken, broilers or fryers, wing, meat and skin, cooked, fried, batter",,324,19.9,10.9,21.8,0.3,173628
"Chicken, broilers or fryers, wing, meat and skin, cooked, roasted",,254,23.8,0.0,16.9,0.0,173630
"Chicken, broilers or fryers, wing, meat and skin, cooked, stewed",,249,22.8,0.0,16.8,0.0,173631
"Chicken, broilers or fryers, wing, meat only, cooked, fried",,211,30.2,0.0,9.15,0.0,172391
"Chicken, broilers or fryers, wing, meat only, cooked, roasted",,203,30.5,0.0,8.13,0.0,172392
"Chicken, broilers or fryers, wing, meat only, cooked, stewed",,181,27.2,0.0,7.18,0.0,172393
"Chicken, capons, giblets, cooked, simmered",,164,26.4,0.76,5.4,0.0,174466
"Chicken, capons, meat and skin and giblets and neck, cooked, roasted",,226,28.4,0.04,11.7,0.0,172407
"Chicken, capons, meat and skin, cooked, roasted",,229,29.0,0.0,11.6,0.0,173646
"Chicken, cornish game hens, meat and skin, cooked, roasted",,259,22.3,0.0,18.2,0.0,171107
"Chicken, cornish game hens, meat only, cooked, roasted",,134,23.3,0.0,3.87,0.0,171109
"Chicken, dark meat, drumstick, meat and skin, with added solution, cooked, braised",,183,21.6,0.13,10.7,0.0,174504
"Chicken, dark meat, drumstick, meat and skin, with added solution, cooked, roasted",,180,24.7,0.05,9.0,0.0,172861
"Chicken, dark meat, drumstick, meat only, with added solution, cooked, braised",,149,23.0,0.0,6.33,0.0,172857
"Chicken, dark meat, drumstick, meat only, with added solution, cooked, roasted",,146,25.3,0.0,5.0,0.0,172856
"Chicken, dark meat, thigh, meat and skin, with added solution, cooked, braised",,215,20.7,0.21,14.6,0.0,172862
"Chicken, dark meat, thigh, meat and skin, with added solution, cooked, roasted",,214,23.5,0.09,13.8,0.0,174505
"Chicken, dark meat, thigh, meat only, with added solution, cooked, braised",,164,23.0,0.0,7.96,0.0,172858
"Chicken, dark meat, thigh, meat only, with added solution, cooked, roasted",,164,24.2,0.0,7.73,0.0,174500
"Chicken, feet, boiled",,215,19.4,0.2,14.6,0.0,171119
"Chicken, gizzard, all classes, cooked, simmered",,154,30.4,0.0,2.68,0.0,171457
"Chicken, ground, crumbles, cooked, pan-browned",,189,23.3,0.0,10.9,0.0,171117
"Chicken, heart, all classes, cooked, simmered",,185,26.4,0.1,7.92,0.0,171059
"Chicken, liver, all classes, cooked, pan-fried",,172,25.8,1.11,6.43,0.0,174491
"Chicken, liver, all classes, cooked, simmered",,167,24.5,0.87,6.51,0.0,171061
"Chicken, roasting, dark meat, meat only, cooked, roasted",,178,23.2,0.0,8.75,0.0,173639
"Chicken, roasting, giblets, cooked, simmered",,165,26.8,0.86,5.22,0.0,172397
"Chicken, roasting, light meat, meat only, cooked, roasted",,153,27.1,0.0,4.07,0.0,173637
"Chicken, roasting, meat and skin and giblets and neck, cooked, roasted",,220,24.0,0.05,13.1,0.0,173633
"Chicken, roasting, meat and skin, cooked, roasted",,223,24.0,0.0,13.4,0.0,173635
"Chicken, roasting, meat only, cooked, roasted",,167,25.0,0.0,6.63,0.0,172395
"Chicken, skin (drumsticks and thighs), cooked, braised",,443,14.6,0.0,42.8,0.0,172854
"Chicken, skin (drumsticks and thighs), cooked, roasted",,462,16.6,0.0,44.0,0.0,174496
"Chicken, skin (drumsticks and thighs), with added solution, cooked, braised",,403,12.3,1.0,38.9,0.0,174501
"Chicken, skin (drumsticks and thighs), with added solution, cooked, roasted",,421,20.3,0.44,37.6,0.0,174503
"Chicken, stewing, dark meat, meat only, cooked, stewed",,258,28.1,0.0,15.3,0.0,172405
"Chicken, stewing, giblets, cooked, simmered",,194,25.7,0.11,9.3,0.0,173642
"Chicken, stewing, light meat, meat only, cooked, stewed",,213,33.0,0.0,7.98,0.0,173644
"Chicken, stewing, meat and skin, and giblets and neck, cooked, stewed",,214,24.9,0.0,11.9,0.0,172399
"Chicken, stewing, meat and skin, cooked, stewed",,285,26.9,0.0,18.9,0.0,172401
"Chicken, stewing, meat only, cooked, stewed",,237,30.4,0.0,11.9,0.0,172403
Chickpea flour (besan),,387,22.4,57.8,6.69,10.8,174288
"Cookie, with peanut butter filling, chocolate-coated",,562,8.1,52.9,35.3,3.5,171836
"Cookies, chocolate chip, refrigerated dough, baked",,492,4.9,68.2,22.6,1.7,174954
"Cookies, chocolate cream covered biscuit sticks",,447,10.0,51.1,22.5,5.0,171866
"Cookies, chocolate sandwich, with creme filling, regular, chocolate-coated",,481,3.6,66.4,26.4,5.2,172719
"Cookies, chocolate, made with rice cereal",,440,3.23,63.3,19.4,1.6,174096
"Cookies, marshmallow, with rice cereal and chocolate chips",,435,4.55,63.3,18.2,0.0,174097
"Cookies, peanut butter, refrigerated dough, baked",,503,9.1,57.3,27.5,1.2,172730
"Corn flour, masa, enriched, white",,363,8.46,76.6,3.69,6.4,169694
"Corn flour, masa, unenriched, white",,363,8.46,76.6,3.69,6.4,169696
"Corn flour, whole-grain, blue (harina de maiz morado)",,364,8.75,73.9,5.09,8.4,168921
"Corn flour, whole-grain, white",,361,6.93,76.8,3.86,7.3,169748
"Corn flour, whole-grain, yellow",,361,6.93,76.8,3.86,7.3,170290
"Corn flour, yellow, degermed, unenriched",,375,5.59,82.8,1.39,1.9,169695
"Corn flour, yellow, masa, enriched",,363,8.46,76.6,3.69,6.4,169749
"Corn, sweet, white, canned, cream style, no salt added",,72.0,1.74,18.1,0.42,1.2,169363
"Corn, sweet, white, canned, cream style, regular pack",,74.0,1.74,18.6,0.42,1.2,169362
"Corn, sweet, white, cooked, boiled, drained, with salt",,97.0,3.34,21.7,1.41,2.7,168540
"Corn, sweet, white, cooked, boiled, drained, without salt",,97.0,3.34,21.7,1.41,2.7,168539
"Corn, sweet, white, frozen, kernels cut off cob, boiled, drained, with salt",,80.0,2.75,19.6,0.43,2.4,169364
"Corn, sweet, white, frozen, kernels cut off cob, boiled, drained, without salt",,80.0,2.75,19.6,0.43,2.4,168545
"Corn, sweet, white, frozen, kernels on cob, cooked, boiled, drained, with salt",,94.0,3.11,22.3,0.74,2.8,169367
"Corn, sweet, white, frozen, kernels on cob, cooked, boiled, drained, without salt",,94.0,3.11,22.3,0.74,2.1,169366
"Corn, sweet, yellow, canned, cream style, no salt added",,72.0,1.74,18.1,0.42,1.2,169346
"Corn, sweet, yellow, canned, cream style, regular pack",,72.0,1.74,18.1,0.42,1.2,169215
"Corn, sweet, yellow, cooked, boiled, drained, with salt",,96.0,3.41,21.0,1.5,2.4,168525
"Corn, sweet, yellow, cooked, boiled, drained, without salt",,96.0,3.41,21.0,1.5,2.4,169999
"Corn, sweet, yellow, frozen, kernels cut off cob, boiled, drained, without salt",,81.0,2.55,19.3,0.67,2.4,168399
"Corn, sweet, yellow, frozen, kernels on cob, cooked, boiled, drained, with salt",,94.0,3.11,22.3,0.74,2.8,169349
"Corn, sweet, yellow, frozen, kernels on cob, cooked, boiled, drained, without salt",,94.0,3.11,22.3,0.74,2.8,168401
"Corn, sweet, yellow, frozen, kernels, cut off cob, boiled, drained, with salt",,79.0,2.55,18.7,0.67,2.4,169348
"Corn, white, steamed (Navajo)",,386,9.72,75.2,5.18,16.6,168037
"CRACKER BARREL, chicken tenderloin platter, fried",,293,18.1,20.3,15.5,0.7,169842
"CRACKER BARREL, chicken tenderloin platter, fried, from kid's menu",,294,18.7,20.2,15.4,1.0,168073
"CRACKER BARREL, country fried shrimp platter",,287,12.6,21.4,16.8,0.3,168074
"CRACKER BARREL, macaroni n' cheese",,194,6.49,15.6,11.8,1.1,169849
"CRACKER BARREL, macaroni n' cheese plate, from kid's menu",,192,6.46,15.6,11.5,0.7,167671
"CRACKER BARREL, onion rings, thick-cut",,327,4.78,41.0,16.0,2.2,169021
