sourceRef,label,grams
FNDDS:2705384,Guideline amount per fl oz of beverage,2.5
FNDDS:2705384,1 fl oz,30.5
FNDDS:2705384,Guideline amount per cup of hot cereal,61.0
FNDDS:2705384,1 cup,244.0
FNDDS:2705384,1 individual school container,244.0
FNDDS:2705385,Guideline amount per fl oz of beverage,2.5
FNDDS:2705385,1 individual school container,244.0
FNDDS:2705385,1 cup,244.0
FNDDS:2705385,Guideline amount per cup of hot cereal,61.0
FNDDS:2705385,1 fl oz,30.5
FNDDS:2705386,1 individual school container,244.0
FNDDS:2705386,1 fl oz,30.5
FNDDS:2705386,Guideline amount per fl oz of beverage,2.5
FNDDS:2705386,Guideline amount per cup of hot cereal,61.0
FNDDS:2705386,1 cup,244.0
FNDDS:2705387,1 cup,244.0
FNDDS:2705387,Guideline amount per cup of hot cereal,61.0
FNDDS:2705387,1 fl oz,30.5
FNDDS:2705387,1 individual school container,244.0
FNDDS:2705387,Guideline amount per fl oz of beverage,2.5
FNDDS:2705388,1 fl oz,30.5
FNDDS:2705388,1 cup,244.0
FNDDS:2705388,Guideline amount per cup of hot cereal,61.0
FNDDS:2705388,Guideline amount per fl oz of beverage,2.5
FNDDS:2705388,1 individual school container,244.0
FNDDS:2705389,1 fl oz,30.5
FNDDS:2705389,Guideline amount per cup of hot cereal,61.0
FNDDS:2705389,Guideline amount per fl oz of beverage,2.5
FNDDS:2705389,1 cup,244.0
FNDDS:2705390,Guideline amount per cup of hot cereal,61.0
FNDDS:2705390,Guideline amount per fl oz of beverage,2.5
FNDDS:2705390,1 fl oz,30.5
FNDDS:2705390,1 cup,244.0
FNDDS:2705391,Guideline amount per fl oz of beverage,2.5
FNDDS:2705391,1 fl oz,30.5
FNDDS:2705391,1 cup,244.0
FNDDS:2705391,Guideline amount per cup of hot cereal,61.0
FNDDS:2705392,Guideline amount per cup of hot cereal,61.0
FNDDS:2705392,1 fl oz,30.5
FNDDS:2705392,1 cup,244.0
FNDDS:2705392,Guideline amount per fl oz of beverage,2.5
FNDDS:2705393,1 cup,244.0
FNDDS:2705393,1 fl oz,30.5
FNDDS:2705394,1 cup,244.0
FNDDS:2705394,1 fl oz,30.5
FNDDS:2705395,Guideline amount per cup of hot cereal,61.0
FNDDS:2705395,1 fl oz,30.5
FNDDS:2705395,1 cup,244.0
FNDDS:2705395,Guideline amount per fl oz of beverage,2.5
FNDDS:2705396,Guideline amount per cup of hot cereal,61.0
FNDDS:2705396,Guideline amount per fl oz of beverage,2.5
FNDDS:2705396,1 cup,244.0
FNDDS:2705396,1 fl oz,30.5
FNDDS:2705397,Guideline amount per cup of hot cereal,61.0
FNDDS:2705397,Guideline amount per fl oz of beverage,2.5
FNDDS:2705397,1 fl oz,30.5
FNDDS:2705397,1 cup,244.0
FNDDS:2705398,1 fl oz,31.5
FNDDS:2705398,Guideline amount per fl oz of beverage,2.6
FNDDS:2705398,Guideline amount per cup of hot cereal,63.0
FNDDS:2705398,1 cup,252.0
FNDDS:2705399,1 fl oz,31.5
FNDDS:2705399,Guideline amount per fl oz of beverage,2.6
FNDDS:2705399,1 cup,252.0
FNDDS:2705399,Guideline amount per cup of hot cereal,63.0
FNDDS:2705400,1 fl oz,31.5
FNDDS:2705400,Guideline amount per cup of hot cereal,63.0
FNDDS:2705400,1 cup,252.0
FNDDS:2705401,Guideline amount per cup of hot cereal,63.0
FNDDS:2705401,Guideline amount per fl oz of beverage,2.6
FNDDS:2705401,1 cup,252.0
FNDDS:2705401,1 fl oz,31.5
FNDDS:2705402,1 fl oz,38.0
FNDDS:2705402,1 cup,304.0
FNDDS:2705403,1 cup,244.0
FNDDS:2705403,1 fl oz,30.5
FNDDS:2705403,Guideline amount per fl oz of beverage,2.5
FNDDS:2705403,Guideline amount per cup of hot cereal,61.0
FNDDS:2705404,Guideline amount per fl oz of beverage,2.5
FNDDS:2705404,1 fl oz,30.5
FNDDS:2705404,Guideline amount per cup of hot cereal,61.0
FNDDS:2705404,1 cup,244.0
FNDDS:2705405,1 cup,244.0
FNDDS:2705405,Guideline amount per cup of hot cereal,61.0
FNDDS:2705405,1 fl oz,30.5
FNDDS:2705405,Guideline amount per fl oz of beverage,2.5
FNDDS:2705406,1 cup,244.0
FNDDS:2705406,1 fl oz,30.5
FNDDS:2705407,Guideline amount per fl oz of beverage,2.5
FNDDS:2705407,1 cup,244.0
FNDDS:2705407,Guideline amount per cup of hot cereal,61.0
FNDDS:2705407,1 fl oz,30.5
FNDDS:2705408,1 cup,244.0
FNDDS:2705408,1 fl oz,30.5
FNDDS:2705409,Guideline amount per fl oz of beverage,2.5
FNDDS:2705409,1 fl oz,30.5
FNDDS:2705409,1 cup,244.0
FNDDS:2705409,Guideline amount per cup of hot cereal,61.0
FNDDS:2705410,1 fl oz,30.5
FNDDS:2705410,1 cup,244.0
FNDDS:2705410,Guideline amount per fl oz of beverage,2.5
FNDDS:2705410,Guideline amount per cup of hot cereal,61.0
FNDDS:2705411,1 fl oz,30.5
FNDDS:2705411,Guideline amount per fl oz of beverage,2.5
FNDDS:2705411,1 cup,244.0
FNDDS:2705411,Guideline amount per cup of hot cereal,61.0
FNDDS:2705412,1 fl oz,30.5
FNDDS:2705412,1 cup,244.0
FNDDS:2705412,Guideline amount per fl oz of beverage,2.5
FNDDS:2705412,Guideline amount per cup of hot cereal,61.0
FNDDS:2705413,1 cup,244.0
FNDDS:2705413,Guideline amount per fl oz of beverage,2.5
FNDDS:2705413,1 fl oz,30.5
FNDDS:2705413,Guideline amount per cup of hot cereal,61.0
FNDDS:2705414,1 4 oz container,113.0
FNDDS:2705414,"1 container, NFS",170.0
FNDDS:2705414,1 cup,245.0
FNDDS:2705414,1 6 oz container,170.0
FNDDS:2705415,1 cup,245.0
FNDDS:2705415,1 5.3 oz container,150.0
FNDDS:2705415,"1 container, NFS",150.0
FNDDS:2705415,1 6 oz container,170.0
FNDDS:2705416,1 6 oz container,170.0
FNDDS:2705416,1 cup,245.0
FNDDS:2705416,1 4 oz container,113.0
FNDDS:2705416,"1 container, NFS",170.0
FNDDS:2705417,1 cup,245.0
FNDDS:2705417,"1 container, NFS",170.0
FNDDS:2705417,1 6 oz container,170.0
FNDDS:2705417,1 4 oz container,113.0
FNDDS:2705418,1 4 oz container,113.0
FNDDS:2705418,1 6 oz container,170.0
FNDDS:2705418,1 cup,245.0
FNDDS:2705418,"1 container, NFS",170.0
FNDDS:2705419,1 cup,245.0
FNDDS:2705419,"1 container, NFS",170.0
FNDDS:2705419,1 4 oz container,113.0
FNDDS:2705419,1 6 oz container,170.0
FNDDS:2705420,"1 container, NFS",170.0
FNDDS:2705420,1 6 oz container,170.0
FNDDS:2705420,1 cup,245.0
FNDDS:2705420,1 4 oz container,113.0
FNDDS:2705421,1 5.3 oz container,150.0
FNDDS:2705421,1 6 oz container,170.0
FNDDS:2705421,1 cup,245.0
FNDDS:2705421,"1 container, NFS",150.0
FNDDS:2705422,1 cup,245.0
FNDDS:2705422,1 5.3 oz container,150.0
FNDDS:2705422,1 6 oz container,170.0
FNDDS:2705422,"1 container, NFS",150.0
FNDDS:2705423,1 cup,245.0
FNDDS:2705423,1 6 oz container,170.0
FNDDS:2705423,"1 container, NFS",150.0
FNDDS:2705423,1 5.3 oz container,150.0
FNDDS:2705424,"1 container, NFS",150.0
FNDDS:2705424,1 5.3 oz container,150.0
FNDDS:2705424,1 6 oz container,170.0
FNDDS:2705424,1 cup,245.0
FNDDS:2705425,1 4 oz container,113.0
FNDDS:2705425,1 cup,245.0
FNDDS:2705425,1 6 oz container,170.0
FNDDS:2705425,"1 container, NFS",170.0
FNDDS:2705426,1 4 oz container,113.0
FNDDS:2705426,"1 container, NFS",170.0
FNDDS:2705426,1 cup,245.0
FNDDS:2705426,1 6 oz container,170.0
FNDDS:2705427,1 4 oz container,113.0
FNDDS:2705427,1 cup,245.0
FNDDS:2705427,"1 container, NFS",170.0
FNDDS:2705427,1 6 oz container,170.0
FNDDS:2705428,1 6 oz container,170.0
FNDDS:2705428,"1 container, NFS",170.0
FNDDS:2705428,1 cup,245.0
FNDDS:2705428,1 4 oz container,113.0
FNDDS:2705429,1 cup,245.0
FNDDS:2705429,"1 container, NFS",150.0
FNDDS:2705429,1 6 oz container,170.0
FNDDS:2705429,1 5.3 oz container,150.0
FNDDS:2705430,1 cup,245.0
FNDDS:2705430,"1 container, NFS",150.0
FNDDS:2705430,1 5.3 oz container,150.0
FNDDS:2705430,1 6 oz container,170.0
FNDDS:2705431,1 cup,245.0
FNDDS:2705431,"1 container, NFS",150.0
FNDDS:2705431,1 6 oz container,170.0
FNDDS:2705431,1 5.3 oz container,150.0
FNDDS:2705432,1 5.3 oz container,150.0
FNDDS:2705432,"1 container, NFS",150.0
FNDDS:2705432,1 6 oz container,170.0
FNDDS:2705432,1 cup,245.0
FNDDS:2705433,1 cup,245.0
FNDDS:2705433,"1 container, NFS",170.0
FNDDS:2705433,1 4 oz container,113.0
FNDDS:2705433,1 6 oz container,170.0
FNDDS:2705434,1 4 oz container,113.0
FNDDS:2705434,"1 container, NFS",170.0
FNDDS:2705434,1 6 oz container,170.0
FNDDS:2705434,1 cup,245.0
FNDDS:2705435,1 cup,245.0
FNDDS:2705435,"1 container, NFS",170.0
FNDDS:2705435,1 6 oz container,170.0
FNDDS:2705435,1 4 oz container,113.0
FNDDS:2705436,"1 container, NFS",170.0
FNDDS:2705436,1 6 oz container,170.0
FNDDS:2705436,1 4 oz container,113.0
FNDDS:2705436,1 cup,245.0
FNDDS:2705437,1 cup,245.0
FNDDS:2705437,"1 container, NFS",150.0
FNDDS:2705437,1 6 oz container,170.0
FNDDS:2705437,1 5.3 oz container,150.0
FNDDS:2705438,"1 container, NFS",150.0
FNDDS:2705438,1 5.3 oz container,150.0
FNDDS:2705438,1 6 oz container,170.0
FNDDS:2705438,1 cup,245.0
FNDDS:2705439,1 6 oz container,170.0
FNDDS:2705439,"1 container, NFS",150.0
FNDDS:2705439,1 5.3 oz container,150.0
FNDDS:2705439,1 cup,245.0
FNDDS:2705440,1 6 oz container,170.0
FNDDS:2705440,"1 container, NFS",150.0
FNDDS:2705440,1 5.3 oz container,150.0
FNDDS:2705440,1 cup,245.0
FNDDS:2705441,"1 container, NFS",150.0
FNDDS:2705441,1 cup,245.0
FNDDS:2705441,1 5.3 oz container,150.0
FNDDS:2705442,1 bottle,150.0
FNDDS:2705442,1 cup,245.0
FNDDS:2705443,1 tube,75.0
FNDDS:2705444,1 individual container,70.0
FNDDS:2705444,1 tablespoon,15.0
FNDDS:2705445,1 individual container,70.0
FNDDS:2705445,1 tablespoon,15.0
FNDDS:2705446,1 individual container,70.0
FNDDS:2705446,1 tablespoon,15.0
FNDDS:2705447,1 individual container,70.0
FNDDS:2705447,1 tablespoon,15.0
FNDDS:2705448,1 individual container,70.0
FNDDS:2705448,1 tablespoon,15.0
FNDDS:2705449,1 individual container,70.0
FNDDS:2705449,1 tablespoon,15.0
FNDDS:2705450,1 McDonald's parfait,150.0
FNDDS:2705451,1 small ice cream cup,160.0
FNDDS:2705451,1 scoop,160.0
FNDDS:2705451,1 cup,175.0
FNDDS:2705451,1 medium ice cream cup,320.0
FNDDS:2705451,1 large ice cream cup,480.0
FNDDS:2705452,1 small ice cream cup,160.0
FNDDS:2705452,1 cup,175.0
FNDDS:2705452,1 scoop,160.0
FNDDS:2705452,1 medium ice cream cup,320.0
FNDDS:2705452,1 large ice cream cup,480.0
FNDDS:2705453,1 cup,175.0
FNDDS:2705453,1 small ice cream cup,160.0
FNDDS:2705453,1 scoop,160.0
FNDDS:2705453,1 large ice cream cup,480.0
FNDDS:2705453,1 medium ice cream cup,320.0
FNDDS:2705454,1 cup,175.0
FNDDS:2705455,1 cup,175.0
FNDDS:2705456,1 sandwich,75.0
FNDDS:2705457,1 bar,65.0
FNDDS:2705458,1 bar,65.0
FNDDS:2705459,1 cone,125.0
FNDDS:2705460,1 cone,125.0
FNDDS:2705461,1 cone,255.0
FNDDS:2705462,1 cone,255.0
FNDDS:2705463,1 jar,110.0
FNDDS:2705463,1 tablespoon,15.0
FNDDS:2705463,1 tub,110.0
FNDDS:2705463,1 pouch,110.0
FNDDS:2705464,1 container,110.0
FNDDS:2705464,1 tablespoon,15.0
FNDDS:2705464,1 pouch,110.0
FNDDS:2705465,1 tablespoon,15.0
FNDDS:2705465,1 pouch,110.0
FNDDS:2705465,1 container,110.0
FNDDS:2705466,1 cup,248.0
FNDDS:2705466,1 fl oz,31.0
FNDDS:2705466,1 individual school container,248.0
FNDDS:2705467,1 cup,248.0
FNDDS:2705467,1 individual school container,248.0
FNDDS:2705467,1 fl oz,31.0
FNDDS:2705468,1 individual school container,248.0
FNDDS:2705468,1 cup,248.0
FNDDS:2705468,1 fl oz,31.0
FNDDS:2705469,1 fl oz,31.0
FNDDS:2705469,1 cup,248.0
FNDDS:2705469,1 individual school container,248.0
FNDDS:2705470,1 individual school container,248.0
FNDDS:2705470,1 fl oz,31.0
FNDDS:2705470,1 cup,248.0
FNDDS:2705471,1 cup,248.0
FNDDS:2705471,1 fl oz,31.0
FNDDS:2705471,1 individual school container,248.0
FNDDS:2705472,1 fl oz,31.0
FNDDS:2705472,1 cup,248.0
FNDDS:2705473,1 fl oz,31.0
FNDDS:2705473,1 cup,248.0
FNDDS:2705474,1 cup,248.0
FNDDS:2705474,1 fl oz,31.0
FNDDS:2705475,1 fl oz,31.0
FNDDS:2705475,1 cup,248.0
FNDDS:2705476,1 cup,248.0
FNDDS:2705476,1 fl oz,31.0
FNDDS:2705477,1 fl oz,31.0
FNDDS:2705477,1 cup,248.0
FNDDS:2705478,1 cup,248.0
FNDDS:2705478,1 fl oz,31.0
FNDDS:2705479,1 fl oz,31.0
FNDDS:2705479,1 cup,248.0
FNDDS:2705480,1 fl oz,31.0
FNDDS:2705480,1 cup,248.0
FNDDS:2705481,1 cup,248.0
FNDDS:2705481,1 fl oz,31.0
FNDDS:2705482,1 fl oz,31.0
FNDDS:2705482,1 cup,248.0
FNDDS:2705483,1 fl oz,31.0
FNDDS:2705483,"1 packet, reconstituted",248.0
FNDDS:2705483,1 cup,248.0
FNDDS:2705484,"1 packet, reconstituted",248.0
FNDDS:2705484,1 fl oz,31.0
FNDDS:2705484,1 cup,248.0
FNDDS:2705485,"1 packet, reconstituted",248.0
FNDDS:2705485,1 fl oz,31.0
FNDDS:2705485,1 cup,248.0
FNDDS:2705486,1 cup,248.0
FNDDS:2705486,"1 packet, reconstituted",248.0
FNDDS:2705486,1 fl oz,31.0
FNDDS:2705487,1 fl oz,31.0
FNDDS:2705487,"1 packet, reconstituted",248.0
FNDDS:2705487,1 cup,248.0
FNDDS:2705488,1 cup,248.0
FNDDS:2705488,"1 packet, reconstituted",248.0
FNDDS:2705488,1 fl oz,31.0
FNDDS:2705489,"1 packet, reconstituted",248.0
FNDDS:2705489,1 fl oz,31.0
FNDDS:2705489,1 cup,248.0
FNDDS:2705490,1 fl oz,31.0
FNDDS:2705490,1 cup,248.0
FNDDS:2705491,1 fl oz,31.0
FNDDS:2705491,1 cup,248.0
FNDDS:2705491,"1 packet, reconstituted",248.0
FNDDS:2705492,1 fl oz,31.0
FNDDS:2705492,"1 packet, reconstituted",248.0
FNDDS:2705492,1 cup,248.0
FNDDS:2705493,"1 packet, reconstituted",248.0
FNDDS:2705493,1 cup,248.0
FNDDS:2705493,1 fl oz,31.0
FNDDS:2705494,1 cup,248.0
FNDDS:2705494,1 fl oz,31.0
FNDDS:2705494,"1 packet, reconstituted",248.0
FNDDS:2705495,1 cup,248.0
FNDDS:2705495,1 individual school container,248.0
FNDDS:2705495,1 fl oz,31.0
FNDDS:2705496,1 individual school container,248.0
FNDDS:2705496,1 cup,248.0
FNDDS:2705496,1 fl oz,31.0
FNDDS:2705497,1 individual school container,248.0
FNDDS:2705497,1 fl oz,31.0
FNDDS:2705497,1 cup,248.0
FNDDS:2705498,1 individual school container,248.0
FNDDS:2705498,1 fl oz,31.0
FNDDS:2705498,1 cup,248.0
FNDDS:2705499,1 fl oz,31.0
FNDDS:2705499,1 cup,248.0
FNDDS:2705499,1 individual school container,248.0
FNDDS:2705500,1 cup,248.0
FNDDS:2705500,1 fl oz,31.0
FNDDS:2705500,1 individual school container,248.0
FNDDS:2705501,1 fl oz,32.0
FNDDS:2705501,1 cup,256.0
FNDDS:2705502,1 cup,256.0
FNDDS:2705502,1 fl oz,32.0
FNDDS:2705503,1 cup,224.0
FNDDS:2705503,1 milkshake (10 fl oz),280.0
FNDDS:2705503,1 fl oz,28.0
FNDDS:2705504,1 cup,224.0
FNDDS:2705504,1 fl oz,28.0
FNDDS:2705504,1 milkshake (10 fl oz),280.0
FNDDS:2705505,1 cup,224.0
FNDDS:2705505,1 fl oz,28.0
FNDDS:2705506,1 fl oz,28.0
FNDDS:2705506,1 cup,224.0
FNDDS:2705507,1 milkshake (10 fl oz),280.0
FNDDS:2705507,1 fl oz,28.0
FNDDS:2705508,1 large,690.0
FNDDS:2705508,1 cup,224.0
FNDDS:2705508,1 small,405.0
FNDDS:2705508,1 medium,526.0
FNDDS:2705508,1 fl oz,28.0
FNDDS:2705509,1 medium,526.0
FNDDS:2705509,1 cup,224.0
FNDDS:2705509,1 large,690.0
FNDDS:2705509,1 small,405.0
FNDDS:2705509,1 fl oz,28.0
FNDDS:2705510,1 fl oz,31.0
FNDDS:2705510,1 bottle (12 fl oz),372.0
FNDDS:2705510,1 cup,248.0
FNDDS:2705511,1 fl oz,31.0
FNDDS:2705511,1 cup,248.0
FNDDS:2705511,1 bottle (12 fl oz),372.0
FNDDS:2705512,1 fl oz,27.0
FNDDS:2705512,1 cup,216.0
FNDDS:2705513,1 medium,864.0
FNDDS:2705513,1 cup,216.0
FNDDS:2705513,1 fl oz,27.0
FNDDS:2705513,1 small,540.0
FNDDS:2705513,1 large,1080.0
FNDDS:2705514,1 medium,864.0
FNDDS:2705514,1 cup,216.0
FNDDS:2705514,1 large,1080.0
FNDDS:2705514,1 small,540.0
FNDDS:2705514,1 fl oz,27.0
FNDDS:2705515,1 small,540.0
FNDDS:2705515,1 cup,216.0
FNDDS:2705515,1 medium,864.0
FNDDS:2705515,1 large,1080.0
FNDDS:2705515,1 fl oz,27.0
FNDDS:2705516,1 medium,864.0
FNDDS:2705516,1 fl oz,27.0
FNDDS:2705516,1 cup,216.0
FNDDS:2705516,1 large,1080.0
FNDDS:2705516,1 small,540.0
FNDDS:2705517,1 cup,248.0
FNDDS:2705517,1 fl oz,31.0
FNDDS:2705518,1 fl oz,30.5
FNDDS:2705519,1 fl oz,30.5
FNDDS:2705520,1 fl oz,30.5
FNDDS:2705521,1 fl oz,30.5
FNDDS:2705522,1 fl oz,30.5
FNDDS:2705523,1 fl oz,30.5
FNDDS:2705524,1 fl oz,30.5
FNDDS:2705525,1 fl oz,30.5
FNDDS:2705526,1 fl oz,30.5
FNDDS:2705527,1 fl oz,30.5
FNDDS:2705528,1 fl oz,30.5
FNDDS:2705529,1 fl oz,30.5
FNDDS:2705530,1 fl oz,30.5
FNDDS:2705531,1 fl oz,30.5
FNDDS:2705532,1 fl oz,30.5
FNDDS:2705533,1 fl oz,30.5
FNDDS:2705534,1 fl oz,30.5
FNDDS:2705535,1 fl oz,30.5
FNDDS:2705536,1 fl oz,30.5
FNDDS:2705537,1 fl oz,30.5
FNDDS:2705538,1 fl oz,30.5
FNDDS:2705539,1 fl oz,30.5
FNDDS:2705540,1 fl oz,30.5
FNDDS:2705541,1 fl oz,30.5
FNDDS:2705542,1 fl oz,30.5
FNDDS:2705543,1 fl oz,30.5
FNDDS:2705544,1 fl oz,30.5
FNDDS:2705545,1 bottle (8 fl oz),248.0
FNDDS:2705545,1 fl oz,31.0
FNDDS:2705546,1 fl oz,30.5
FNDDS:2705547,1 fl oz,30.5
FNDDS:2705548,1 bottle (8 fl oz),248.0
FNDDS:2705548,1 fl oz,31.0
FNDDS:2705549,1 fl oz,30.5
FNDDS:2705550,1 fl oz,30.5
FNDDS:2705551,1 fl oz,30.5
FNDDS:2705552,1 fl oz,30.5
FNDDS:2705553,1 fl oz,30.5
FNDDS:2705554,1 fl oz,30.5
FNDDS:2705555,1 fl oz,30.5
FNDDS:2705556,1 fl oz,30.5
FNDDS:2705557,1 fl oz,30.5
FNDDS:2705558,1 fl oz,30.5
FNDDS:2705559,1 fl oz,30.5
FNDDS:2705560,1 fl oz,30.5
FNDDS:2705561,1 fl oz,30.5
FNDDS:2705562,1 fl oz,30.5
FNDDS:2705563,1 fl oz,30.5
FNDDS:2705564,1 fl oz,30.5
FNDDS:2705565,1 fl oz,30.5
FNDDS:2705566,1 fl oz,30.5
FNDDS:2705567,1 fl oz,30.5
FNDDS:2705568,1 fl oz,30.5
FNDDS:2705569,1 fl oz,30.5
FNDDS:2705570,1 fl oz,30.5
FNDDS:2705571,1 fl oz,30.5
FNDDS:2705572,1 fl oz,30.5
FNDDS:2705573,1 fl oz,30.5
FNDDS:2705574,1 fl oz,30.5
FNDDS:2705575,1 fl oz,30.5
FNDDS:2705576,1 fl oz,30.5
FNDDS:2705577,1 fl oz,30.5
FNDDS:2705578,1 fl oz,30.5
FNDDS:2705579,1 fl oz,30.5
FNDDS:2705580,1 fl oz,30.5
FNDDS:2705581,1 fl oz,30.5
FNDDS:2705582,1 fl oz,30.5
FNDDS:2705583,1 fl oz,30.5
FNDDS:2705584,1 fl oz,30.5
FNDDS:2705585,1 cup,128.0
FNDDS:2705586,1 tablespoon,7.5
FNDDS:2705587,1 tablespoon,5.0
FNDDS:2705587,Guideline amount per fl oz of beverage,0.6
FNDDS:2705588,1 tablespoon,10.0
FNDDS:2705588,Guideline amount per fl oz of beverage,2.5
FNDDS:2705589,Guideline amount per fl oz of beverage,2.5
FNDDS:2705589,1 tablespoon,10.0
FNDDS:2705590,1 tablespoon,5.5
FNDDS:2705590,Guideline amount per fl oz of beverage,1.4
FNDDS:2705591,1 tablespoon,10.0
FNDDS:2705591,Guideline amount per fl oz of beverage,2.5
FNDDS:2705592,1 cup,240.0
FNDDS:2705592,1 individual container,11.0
FNDDS:2705592,1 fl oz,30.0
FNDDS:2705592,Guideline amount per fl oz of beverage,2.5
FNDDS:2705593,1 individual container,11.0
FNDDS:2705593,Guideline amount per fl oz of beverage,2.5
FNDDS:2705593,1 fl oz,30.0
FNDDS:2705593,1 cup,240.0
FNDDS:2705594,1 individual container (.5 fl oz),15.0
FNDDS:2705594,Guideline amount per fl oz of beverage,2.5
FNDDS:2705594,1 cup,240.0
FNDDS:2705594,1 fl oz,30.0
FNDDS:2705595,Guideline amount per fl oz of beverage,2.5
FNDDS:2705595,1 fl oz,30.0
FNDDS:2705595,1 individual container (.5 fl oz),15.0
FNDDS:2705595,1 cup,240.0
FNDDS:2705596,1 cup,240.0
FNDDS:2705596,1 fl oz,30.0
FNDDS:2705596,Guideline amount per fl oz of beverage,2.5
FNDDS:2705597,Guideline amount per fl oz of beverage,2.5
FNDDS:2705597,1 cup,240.0
FNDDS:2705597,1 fl oz,30.0
FNDDS:2705598,1 cup,40.0
FNDDS:2705599,1 cup,240.0
FNDDS:2705599,1 fl oz,30.0
FNDDS:2705599,Guideline amount per fl oz of beverage,2.5
FNDDS:2705600,1 cup,240.0
FNDDS:2705600,Guideline amount per fl oz of beverage,2.5
FNDDS:2705600,1 individual container,15.0
FNDDS:2705600,1 fl oz,30.0
FNDDS:2705601,1 individual container,15.0
FNDDS:2705601,Guideline amount per fl oz of beverage,2.5
FNDDS:2705601,1 fl oz,30.0
FNDDS:2705601,1 cup,240.0
FNDDS:2705602,1 cup,240.0
FNDDS:2705602,Guideline amount per fl oz of beverage,2.5
FNDDS:2705602,1 individual container,5.0
FNDDS:2705602,1 fl oz,30.0
FNDDS:2705603,Guideline amount per fl oz of beverage,2.5
FNDDS:2705603,1 individual container,5.0
FNDDS:2705603,1 fl oz,30.0
FNDDS:2705603,1 cup,240.0
FNDDS:2705604,1 cup,240.0
FNDDS:2705604,Guideline amount per fl oz of beverage,2.5
FNDDS:2705604,1 fl oz,30.0
FNDDS:2705604,1 individual container,15.0
FNDDS:2705605,1 individual container,15.0
FNDDS:2705605,1 fl oz,30.0
FNDDS:2705605,1 cup,240.0
FNDDS:2705605,Guideline amount per fl oz of beverage,2.5
FNDDS:2705606,1 cup,94.0
FNDDS:2705606,1 packet,3.0
FNDDS:2705606,Guideline amount per fl oz of beverage,0.5
FNDDS:2705607,1 packet,3.0
FNDDS:2705607,1 cup,94.0
FNDDS:2705607,Guideline amount per fl oz of beverage,0.5
FNDDS:2705608,1 packet,3.0
FNDDS:2705608,Guideline amount per fl oz of beverage,0.5
FNDDS:2705608,1 cup,94.0
FNDDS:2705609,1 cup,94.0
FNDDS:2705609,1 packet,3.0
FNDDS:2705609,Guideline amount per fl oz of beverage,0.5
FNDDS:2705610,1 fl oz,30.0
FNDDS:2705610,Guideline amount per fl oz of beverage,2.5
FNDDS:2705610,1 cup,240.0
FNDDS:2705611,1 cup,75.0
FNDDS:2705612,1 cup,75.0
FNDDS:2705613,1 cup,75.0
FNDDS:2705614,1 individual container,30.0
FNDDS:2705614,1 cup,240.0
FNDDS:2705614,1 tablespoon,15.0
FNDDS:2705615,1 tablespoon,15.0
FNDDS:2705615,1 cup,240.0
FNDDS:2705616,1 tablespoon,15.0
FNDDS:2705616,1 cup,240.0
FNDDS:2705617,1 tablespoon,15.0
FNDDS:2705617,1 cup,240.0
FNDDS:2705618,1 tablespoon,15.0
FNDDS:2705618,1 individual container,70.0
FNDDS:2705619,1 individual container,70.0
FNDDS:2705619,1 tablespoon,15.0
FNDDS:2705620,1 individual container,70.0
FNDDS:2705620,1 tablespoon,15.0
FNDDS:2705621,1 tablespoon,15.0
FNDDS:2705621,1 individual container,70.0
FNDDS:2705622,1 tablespoon,15.0
FNDDS:2705622,1 individual container,70.0
FNDDS:2705623,1 tablespoon,15.0
FNDDS:2705623,1 individual container,70.0
FNDDS:2705624,1 individual container,70.0
FNDDS:2705624,1 tablespoon,15.0
FNDDS:2705625,1 tablespoon,15.0
FNDDS:2705625,1 individual container,70.0
FNDDS:2705626,1 individual container,70.0
FNDDS:2705626,1 tablespoon,15.0
FNDDS:2705627,1 tablespoon,15.0
FNDDS:2705627,1 individual container,70.0
FNDDS:2705628,1 tablespoon,15.0
FNDDS:2705628,1 individual container,70.0
FNDDS:2705629,1 medium ice cream cup,240.0
FNDDS:2705629,1 individual container,75.0
FNDDS:2705629,1 slice,66.0
FNDDS:2705629,1 scoop,120.0
FNDDS:2705629,1 cup,135.0
FNDDS:2705629,1 large ice cream cup,360.0
FNDDS:2705629,1 small ice cream cup,120.0
FNDDS:2705629,1 cubic inch,9.2
FNDDS:2705630,1 individual container,75.0
FNDDS:2705630,1 medium ice cream cup,240.0
FNDDS:2705630,1 small ice cream cup,120.0
FNDDS:2705630,1 scoop,120.0
FNDDS:2705630,1 large ice cream cup,360.0
FNDDS:2705630,1 cubic inch,9.2
FNDDS:2705630,1 cup,135.0
FNDDS:2705631,1 scoop,125.0
FNDDS:2705631,1 small ice cream cup,125.0
FNDDS:2705631,1 cup,140.0
FNDDS:2705631,1 large ice cream cup,375.0
FNDDS:2705631,1 medium ice cream cup,250.0
FNDDS:2705631,1 individual container,75.0
FNDDS:2705632,1 individual container,75.0
FNDDS:2705632,1 large ice cream cup,360.0
FNDDS:2705632,1 cubic inch,9.2
FNDDS:2705632,1 medium ice cream cup,240.0
FNDDS:2705632,1 cup,135.0
FNDDS:2705632,1 scoop,120.0
FNDDS:2705632,1 small ice cream cup,120.0
FNDDS:2705633,1 medium ice cream cup,250.0
FNDDS:2705633,1 large ice cream cup,375.0
FNDDS:2705633,1 cup,140.0
FNDDS:2705633,1 small ice cream cup,125.0
FNDDS:2705633,1 scoop,125.0
FNDDS:2705633,1 individual container,75.0
FNDDS:2705634,1 cup,175.0
FNDDS:2705635,1 cup,175.0
FNDDS:2705636,1 large ice cream cup,480.0
FNDDS:2705636,1 scoop,160.0
FNDDS:2705636,1 small ice cream cup,160.0
FNDDS:2705636,1 medium ice cream cup,320.0
FNDDS:2705636,1 cup,175.0
FNDDS:2705637,1 large ice cream cup,480.0
FNDDS:2705637,1 cup,175.0
FNDDS:2705637,1 small ice cream cup,160.0
FNDDS:2705637,1 scoop,160.0
FNDDS:2705637,1 medium ice cream cup,320.0
FNDDS:2705638,1 miniature,50.0
FNDDS:2705638,1 cup,133.0
FNDDS:2705638,1 bar,75.0
FNDDS:2705639,1 bar,75.0
FNDDS:2705639,1 miniature,50.0
FNDDS:2705640,1 miniature Snicker bar (1 fl oz),25.0
FNDDS:2705640,1 bar,50.0
FNDDS:2705640,1 Snickers bar (2 fl oz),50.0
FNDDS:2705641,1 bar,75.0
FNDDS:2705641,1 miniature,50.0
FNDDS:2705642,1 sandwich,75.0
FNDDS:2705643,1 sandwich,75.0
FNDDS:2705644,1 sandwich,75.0
FNDDS:2705645,1 cone,125.0
FNDDS:2705646,1 cone,255.0
FNDDS:2705647,1 cone,125.0
FNDDS:2705648,1 cone,125.0
FNDDS:2705649,1 cone,255.0
FNDDS:2705650,1 cone,125.0
FNDDS:2705651,1 cone,125.0
FNDDS:2705652,1 cone,255.0
FNDDS:2705653,1 cone,255.0
FNDDS:2705654,1 cone,95.0
FNDDS:2705655,1 cone,95.0
FNDDS:2705656,1 soda (10 fl oz),240.0
FNDDS:2705656,1 cup,192.0
FNDDS:2705657,1 soda (10 fl oz),240.0
FNDDS:2705657,1 cup,192.0
FNDDS:2705658,1 sundae,180.0
FNDDS:2705658,1 cup,140.0
FNDDS:2705659,1 cup,140.0
FNDDS:2705659,1 sundae,180.0
FNDDS:2705660,1 banana split,490.0
FNDDS:2705661,1 cup,140.0
FNDDS:2705661,1 sundae,180.0
FNDDS:2705662,1 sundae,180.0
FNDDS:2705662,1 cup,140.0
FNDDS:2705663,1 cup,135.0
FNDDS:2705664,1 large ice cream cup,360.0
FNDDS:2705664,1 small ice cream cup,120.0
FNDDS:2705664,1 cubic inch,9.2
FNDDS:2705664,1 scoop,120.0
FNDDS:2705664,1 cup,135.0
FNDDS:2705664,1 medium ice cream cup,240.0
FNDDS:2705665,1 large ice cream cup,360.0
FNDDS:2705665,1 scoop,120.0
FNDDS:2705665,1 cubic inch,9.2
FNDDS:2705665,1 cup,135.0
FNDDS:2705665,1 small ice cream cup,120.0
FNDDS:2705665,1 medium ice cream cup,240.0
FNDDS:2705666,1 medium ice cream cup,240.0
FNDDS:2705666,1 cubic inch,9.2
FNDDS:2705666,1 small ice cream cup,120.0
FNDDS:2705666,1 large ice cream cup,360.0
FNDDS:2705666,1 scoop,120.0
FNDDS:2705666,1 cup,135.0
FNDDS:2705667,1 small,300.0
FNDDS:2705667,1 large,500.0
FNDDS:2705667,1 medium,400.0
FNDDS:2705667,1 cup,215.0
FNDDS:2705668,1 sandwich,75.0
FNDDS:2705669,1 sandwich,75.0
FNDDS:2705670,1 bar,75.0
FNDDS:2705670,1 miniature,50.0
FNDDS:2705671,1 bar,75.0
FNDDS:2705671,1 miniature,50.0
FNDDS:2705672,1 bar,75.0
FNDDS:2705673,1 sicle,65.0
FNDDS:2705674,1 sicle,65.0
FNDDS:2705675,1 cone,95.0
FNDDS:2705676,1 cone,95.0
FNDDS:2705677,1 cup,175.0
FNDDS:2705677,1 individual container,75.0
FNDDS:2705677,1 small ice cream cup,160.0
FNDDS:2705677,1 push up,50.0
FNDDS:2705677,1 scoop,160.0
FNDDS:2705677,1 large ice cream cup,480.0
FNDDS:2705677,1 medium ice cream cup,320.0
FNDDS:2705678,1 bar,45.0
FNDDS:2705679,1 cup,260.0
FNDDS:2705680,1 cup,200.0
FNDDS:2705680,1 cubic inch,14.0
FNDDS:2705681,1 cup,260.0
FNDDS:2705682,1 cup,260.0
FNDDS:2705683,1 cubic inch,19.0
FNDDS:2705683,1 cup,260.0
FNDDS:2705684,1 cup,260.0
FNDDS:2705684,1 cubic inch,19.0
FNDDS:2705685,1 snack size container,110.0
FNDDS:2705685,1 cup,260.0
FNDDS:2705686,1 cup,260.0
FNDDS:2705687,1 cup,260.0
FNDDS:2705688,1 cup,260.0
FNDDS:2705689,1 cup,260.0
FNDDS:2705690,1 cup,260.0
FNDDS:2705691,1 cup,260.0
FNDDS:2705692,1 cup,260.0
FNDDS:2705692,1 snack size container,110.0
FNDDS:2705693,1 cup,260.0
FNDDS:2705693,1 snack size container,110.0
FNDDS:2705694,1 cup,260.0
FNDDS:2705694,1 snack size container,110.0
FNDDS:2705695,1 snack size container,110.0
FNDDS:2705695,1 cup,260.0
FNDDS:2705696,1 cup,260.0
FNDDS:2705696,1 snack size container,110.0
FNDDS:2705697,1 cup,190.0
FNDDS:2705698,1 cup,170.0
FNDDS:2705699,1 cup,300.0
FNDDS:2705700,1 cubic inch,21.0
FNDDS:2705700,1 piece,45.0
FNDDS:2705701,1 cubic inch,10.0
FNDDS:2705701,1 cup,145.0
FNDDS:2705702,1 cubic inch,10.0
FNDDS:2705702,1 cup,145.0
FNDDS:2705702,1 piece,175.0
FNDDS:2705703,1 cup,240.0
FNDDS:2705704,1 cracker-size slice,9.0
FNDDS:2705704,1 cubic inch,17.3
FNDDS:2705704,1 stick,28.0
FNDDS:2705704,1 slice,21.0
FNDDS:2705704,"1 cup, melted",244.0
FNDDS:2705704,1 cup,113.0
FNDDS:2705705,"1 cup, crumbled",135.0
FNDDS:2705705,1 cubic inch,17.3
FNDDS:2705705,1 cracker-size slice,9.0
FNDDS:2705705,1 slice,21.0
FNDDS:2705706,1 cracker-size slice,9.0
FNDDS:2705706,"1 cup, diced",132.0
FNDDS:2705706,"1 cup, NFS",113.0
FNDDS:2705706,1 slice,21.0
FNDDS:2705706,1 cubic inch,17.2
FNDDS:2705706,"1 cup, shredded",113.0
FNDDS:2705707,1 cup,246.0
FNDDS:2705707,1 cubic inch,17.0
FNDDS:2705707,1 wedge (1.33 oz),38.0
FNDDS:2705708,1 cubic inch,17.0
FNDDS:2705708,"1 cup, melted",240.0
FNDDS:2705708,"1 cup, sliced",144.0
FNDDS:2705708,1 package (4.5 oz),128.0
FNDDS:2705708,"1 cup, NFS",144.0
FNDDS:2705709,1 slice,21.0
FNDDS:2705709,"1 cup, diced",132.0
FNDDS:2705709,"1 cup, shredded",113.0
FNDDS:2705709,"1 cup, NFS",113.0
FNDDS:2705709,"1 cup, melted",244.0
FNDDS:2705709,"1 cup, cubed",132.0
FNDDS:2705709,1 cracker-size slice,9.0
FNDDS:2705709,1 stick,28.4
FNDDS:2705709,1 cubic inch,17.0
FNDDS:2705710,1 cracker-size slice,9.0
FNDDS:2705710,"1 cup, shredded",113.0
FNDDS:2705710,1 stick,28.4
FNDDS:2705710,1 cubic inch,17.0
FNDDS:2705710,"1 cup, cubed",132.0
FNDDS:2705710,"1 cup, melted",244.0
FNDDS:2705710,"1 cup, NFS",113.0
FNDDS:2705710,"1 cup, diced",132.0
FNDDS:2705710,1 slice,21.0
FNDDS:2705711,1 stick,28.4
FNDDS:2705711,"1 cup, NFS",113.0
FNDDS:2705711,1 cracker-size slice,9.0
FNDDS:2705711,1 cubic inch,17.0
FNDDS:2705711,1 slice,21.0
FNDDS:2705711,"1 cup, shredded",113.0
FNDDS:2705711,"1 cup, diced",140.0
FNDDS:2705711,"1 cup, cubed",132.0
FNDDS:2705711,"1 cup, melted",244.0
FNDDS:2705712,"1 cup, melted",244.0
FNDDS:2705712,"1 cup, diced",132.0
FNDDS:2705712,1 cracker-size slice,9.0
FNDDS:2705712,1 slice,21.0
FNDDS:2705712,1 stick,28.4
FNDDS:2705712,"1 cup, NFS",113.0
FNDDS:2705712,"1 cup, shredded",113.0
FNDDS:2705712,1 cubic inch,17.2
FNDDS:2705713,"1 cup, diced",132.0
FNDDS:2705713,"1 cup, melted",244.0
FNDDS:2705713,1 stick,28.4
FNDDS:2705713,"1 cup, shredded",113.0
FNDDS:2705713,1 cracker-size slice,9.0
FNDDS:2705713,1 slice,21.0
FNDDS:2705713,"1 cup, NFS",113.0
FNDDS:2705713,1 cubic inch,17.0
FNDDS:2705714,"1 cup, crumbled",150.0
FNDDS:2705714,1 wedge (1.33 oz),38.0
FNDDS:2705714,1 cubic inch,17.0
FNDDS:2705715,"1 cup, NFS",108.0
FNDDS:2705715,1 slice,21.0
FNDDS:2705715,1 cubic inch,15.0
FNDDS:2705715,"1 cup, diced",132.0
FNDDS:2705715,"1 cup, shredded",108.0
FNDDS:2705715,1 cracker-size slice,9.0
FNDDS:2705716,1 cubic inch,25.0
FNDDS:2705716,"1 cup, crumbled",140.0
FNDDS:2705717,1 slice,21.0
FNDDS:2705717,1 cubic inch,17.0
FNDDS:2705717,"1 cup, diced",132.0
FNDDS:2705717,1 package (7 oz),198.0
FNDDS:2705717,1 cracker-size slice,9.0
FNDDS:2705718,"1 cup, diced",132.0
FNDDS:2705718,1 cracker-size slice,9.0
FNDDS:2705718,1 package (6 oz),170.0
FNDDS:2705718,"1 cup, NFS",108.0
FNDDS:2705718,1 cubic inch,15.0
FNDDS:2705718,"1 cup, shredded",108.0
FNDDS:2705718,1 slice,21.0
FNDDS:2705719,1 cup,134.0
FNDDS:2705719,1 cubic inch,18.0
FNDDS:2705719,1 package (8 oz),227.0
FNDDS:2705719,1 box,113.0
FNDDS:2705720,1 slice,21.0
FNDDS:2705720,"1 cup, diced",132.0
FNDDS:2705720,1 cubic inch,17.2
FNDDS:2705720,"1 cup, melted",244.0
FNDDS:2705720,"1 cup, shredded",113.0
FNDDS:2705720,1 cracker-size slice,9.0
FNDDS:2705720,"1 cup, NFS",113.0
FNDDS:2705721,1 cubic inch,16.6
FNDDS:2705721,1 slice,21.0
FNDDS:2705721,1 cracker-size slice,9.0
FNDDS:2705721,"1 cup, diced",132.0
FNDDS:2705721,"1 cup, NFS",113.0
FNDDS:2705721,"1 cup, melted",244.0
FNDDS:2705721,"1 cup, shredded",113.0
FNDDS:2705722,"1 cup, NFS",113.0
FNDDS:2705722,1 slice,21.0
FNDDS:2705722,"1 cup, melted",244.0
FNDDS:2705722,1 cheese curd,4.0
FNDDS:2705722,"1 cup, shredded",113.0
FNDDS:2705722,1 stick,28.4
FNDDS:2705722,"1 cup, diced",132.0
FNDDS:2705722,1 cracker-size slice,9.0
FNDDS:2705722,1 cubic inch,18.0
FNDDS:2705723,"1 cup, NFS",113.0
FNDDS:2705723,1 cubic inch,17.6
FNDDS:2705723,1 slice,21.0
FNDDS:2705723,"1 cup, diced",132.0
FNDDS:2705723,1 stick,28.4
FNDDS:2705723,1 cracker-size slice,9.0
FNDDS:2705723,"1 cup, shredded",113.0
FNDDS:2705723,1 string,4.7
FNDDS:2705723,"1 cup, melted",244.0
FNDDS:2705724,1 slice,21.0
FNDDS:2705724,"1 cup, shredded",113.0
FNDDS:2705724,1 cubic inch,18.0
FNDDS:2705724,"1 cup, NFS",113.0
FNDDS:2705724,"1 cup, diced",132.0
FNDDS:2705724,1 stick,28.4
FNDDS:2705724,"1 cup, melted",244.0
FNDDS:2705724,1 cracker-size slice,9.0
FNDDS:2705725,1 cracker-size slice,9.0
FNDDS:2705725,1 string,4.7
FNDDS:2705725,1 cubic inch,17.6
FNDDS:2705725,1 stick,28.4
FNDDS:2705725,"1 cup, shredded",113.0
FNDDS:2705725,"1 cup, melted",244.0
FNDDS:2705725,"1 cup, NFS",113.0
FNDDS:2705725,1 slice,21.0
FNDDS:2705726,"1 cup, diced",132.0
FNDDS:2705726,1 slice,21.0
FNDDS:2705726,1 cubic inch,17.5
FNDDS:2705726,1 cracker-size slice,9.0
FNDDS:2705726,"1 cup, shredded",113.0
FNDDS:2705727,1 slice,21.0
FNDDS:2705727,1 cubic inch,17.5
FNDDS:2705727,1 cracker-size slice,9.0
FNDDS:2705727,"1 cup, shredded",113.0
FNDDS:2705728,1 cup,100.0
FNDDS:2705728,1 tablespoon,6.2
FNDDS:2705729,1 cup,106.0
FNDDS:2705729,1 tablespoon,7.0
FNDDS:2705730,1 tablespoon,5.0
FNDDS:2705730,5 oz package,142.0
FNDDS:2705730,1 oz,28.4
FNDDS:2705730,1 cubic inch,10.3
FNDDS:2705731,1 cup,120.0
FNDDS:2705731,1 tablespoon,7.5
FNDDS:2705732,1 cracker-size slice,9.0
FNDDS:2705732,"1 cup, shredded",113.0
FNDDS:2705732,1 cubic inch,17.2
FNDDS:2705732,1 slice,21.0
FNDDS:2705732,"1 cup, NFS",113.0
FNDDS:2705732,"1 cup, diced",132.0
FNDDS:2705733,1 cubic inch,17.0
FNDDS:2705733,1 slice,21.0
FNDDS:2705733,"1 cup, diced",132.0
FNDDS:2705733,1 cracker-size slice,9.0
FNDDS:2705734,"1 cup, diced",132.0
FNDDS:2705734,1 cubic inch,17.0
FNDDS:2705734,1 cracker-size slice,9.0
FNDDS:2705734,1 slice,21.0
FNDDS:2705735,"1 cup, melted",244.0
FNDDS:2705735,1 cubic inch,15.0
FNDDS:2705735,"1 cup, diced",132.0
FNDDS:2705735,"1 cup, shredded",108.0
FNDDS:2705735,1 cracker-size slice,9.0
FNDDS:2705735,"1 cup, NFS",108.0
FNDDS:2705735,1 slice,21.0
FNDDS:2705736,1 cubic inch,15.0
FNDDS:2705736,1 slice,21.0
FNDDS:2705736,"1 cup, NFS",108.0
FNDDS:2705736,1 cracker-size slice,9.0
FNDDS:2705736,"1 cup, shredded",108.0
FNDDS:2705736,"1 cup, diced",132.0
FNDDS:2705737,1 cubic inch,15.0
FNDDS:2705737,1 cracker-size slice,9.0
FNDDS:2705737,"1 cup, shredded",108.0
FNDDS:2705737,"1 cup, NFS",108.0
FNDDS:2705737,1 slice,21.0
FNDDS:2705737,"1 cup, diced",132.0
FNDDS:2705738,1 slice,21.0
FNDDS:2705738,1 cracker-size slice,9.0
FNDDS:2705738,"1 cup, NFS",108.0
FNDDS:2705738,1 cubic inch,15.0
FNDDS:2705738,"1 cup, diced",132.0
FNDDS:2705738,"1 cup, shredded",108.0
FNDDS:2705739,"1 cup, melted",244.0
FNDDS:2705739,1 cracker-size slice,9.0
FNDDS:2705739,1 slice,21.0
FNDDS:2705739,"1 cup, shredded",113.0
FNDDS:2705739,"1 cup, NFS",113.0
FNDDS:2705739,"1 cup, diced",132.0
FNDDS:2705739,1 cubic inch,17.3
FNDDS:2705740,1 cup,246.0
FNDDS:2705741,"1 cup, melted",244.0
FNDDS:2705741,"1 cup, shredded",113.0
FNDDS:2705742,"1 cup, shredded",113.0
FNDDS:2705743,1 cubic inch,17.5
FNDDS:2705743,"1 cup, crumbled",132.0
FNDDS:2705743,1 oz,28.4
FNDDS:2705744,1 slice,21.0
FNDDS:2705744,"1 cup, shredded",113.0
FNDDS:2705744,"1 cup, NFS",113.0
FNDDS:2705744,"1 cup, diced",132.0
FNDDS:2705744,1 cubic inch,18.0
FNDDS:2705744,1 cracker-size slice,9.0
FNDDS:2705745,1 oz,28.4
FNDDS:2705745,1 cubic inch,18.0
FNDDS:2705745,1 slice,21.0
FNDDS:2705745,1 cracker-size slice,9.0
FNDDS:2705745,1 cup,135.0
FNDDS:2705746,1 tablespoon,6.2
FNDDS:2705746,1 cup,100.0
FNDDS:2705747,1 cup,210.0
FNDDS:2705748,1 cup,210.0
FNDDS:2705749,1 cup,210.0
FNDDS:2705750,1 cup,246.0
FNDDS:2705751,1 cup,226.0
FNDDS:2705752,1 cup,226.0
FNDDS:2705753,"1 cup, dry type",145.0
FNDDS:2705753,"1 cup, creamed",210.0
FNDDS:2705753,"1 cup, NFS",210.0
FNDDS:2705754,"1 cup, creamed",210.0
FNDDS:2705754,"1 cup, dry type",145.0
FNDDS:2705754,"1 cup, NFS",210.0
FNDDS:2705755,1 cubic inch,17.0
FNDDS:2705755,1 cup,128.0
FNDDS:2705755,1 slice,28.0
FNDDS:2705756,1 cup,226.0
FNDDS:2705757,1 cup,226.0
FNDDS:2705758,1 cup,226.0
FNDDS:2705759,1 cup,227.0
FNDDS:2705760,1 individual container,28.4
FNDDS:2705760,1 tablespoon,15.0
FNDDS:2705760,1 cup,240.0
FNDDS:2705761,1 tablespoon,15.0
FNDDS:2705761,1 individual container,28.4
FNDDS:2705761,1 cup,240.0
FNDDS:2705762,1 tablespoon,15.0
FNDDS:2705762,1 cup,240.0
FNDDS:2705763,1 slice,21.0
FNDDS:2705763,"1"" wedge",28.0
FNDDS:2705763,1 cubic inch,17.5
FNDDS:2705763,1 cracker-size slice,9.0
FNDDS:2705764,"1 cup, NFS",113.0
FNDDS:2705764,"1 cup, shredded",113.0
FNDDS:2705764,1 slice,21.0
FNDDS:2705764,"1 cup, diced",140.0
FNDDS:2705764,1 cracker-size slice,9.0
FNDDS:2705764,"1 cup, melted",244.0
FNDDS:2705764,1 stick,28.4
FNDDS:2705764,1 cubic inch,17.5
FNDDS:2705764,"1 cup, cubed",132.0
FNDDS:2705765,"1 cup, diced",140.0
FNDDS:2705765,1 cracker-size slice,9.0
FNDDS:2705765,"1 cup, shredded",113.0
FNDDS:2705765,"1 cup, melted",244.0
FNDDS:2705765,"1 cup, cubed",132.0
FNDDS:2705765,"1 cup, NFS",113.0
FNDDS:2705765,1 cubic inch,17.5
FNDDS:2705765,1 slice,21.0
FNDDS:2705765,1 stick,28.4
FNDDS:2705766,"1 cup, diced",140.0
FNDDS:2705766,"1 cup, melted",244.0
FNDDS:2705766,1 cracker-size slice,9.0
FNDDS:2705766,1 cubic inch,16.2
FNDDS:2705766,"1 cup, shredded",113.0
FNDDS:2705766,"1 cup, NFS",113.0
FNDDS:2705766,1 slice,21.0
FNDDS:2705766,"1 cup, cubed",132.0
FNDDS:2705766,1 stick,28.4
FNDDS:2705767,"1 cup, shredded",113.0
FNDDS:2705767,1 slice,21.0
FNDDS:2705767,1 cracker-size slice,9.0
FNDDS:2705767,1 cubic inch,17.5
FNDDS:2705767,"1 cup, NFS",113.0
FNDDS:2705767,"1 cup, diced",140.0
FNDDS:2705768,"1 cup, melted",244.0
FNDDS:2705768,1 slice,21.0
FNDDS:2705768,1 cracker-size slice,9.0
FNDDS:2705768,"1 cup, shredded",113.0
FNDDS:2705768,"1 cup, NFS",113.0
FNDDS:2705768,1 wedge,21.0
FNDDS:2705768,"1 cup, diced",140.0
FNDDS:2705768,1 cubic inch,17.5
FNDDS:2705768,1 bite size,4.7
FNDDS:2705769,1 cup,240.0
FNDDS:2705769,1 tablespoon,15.0
FNDDS:2705770,1 Handi-Snack cheese container,16.0
FNDDS:2705770,1 slice,21.0
FNDDS:2705771,1 slice,21.0
FNDDS:2705771,1 cubic inch,17.5
FNDDS:2705771,1 cracker-size slice,9.0
FNDDS:2705771,"1 cup, melted",244.0
FNDDS:2705771,1 oz,28.4
FNDDS:2705771,"1 cup, diced",140.0
FNDDS:2705771,"1 cup, shredded",113.0
FNDDS:2705771,"1 cup, NFS",113.0
FNDDS:2705772,"1 cup, melted",244.0
FNDDS:2705772,"1 cup, shredded",113.0
FNDDS:2705772,1 cubic inch,17.5
FNDDS:2705772,"1 cup, diced",140.0
FNDDS:2705772,"1 cup, NFS",113.0
FNDDS:2705772,1 oz,28.4
FNDDS:2705773,1 cracker-size slice,9.0
FNDDS:2705773,1 cubic inch,17.5
FNDDS:2705773,1 slice,21.0
FNDDS:2705773,1 bite size,4.7
FNDDS:2705773,1 wedge,21.0
FNDDS:2705773,1 cup,244.0
FNDDS:2705773,"1 cup, diced",140.0
FNDDS:2705773,1 jar (5 oz),142.0
FNDDS:2705773,1 oz,28.4
FNDDS:2705774,1 cubic inch,17.5
FNDDS:2705774,1 cup,244.0
FNDDS:2705774,1 oz,28.4
FNDDS:2705775,1 oz,28.4
FNDDS:2705775,1 cup,240.0
FNDDS:2705776,1 can (4.75 oz),135.0
FNDDS:2705776,1 cup,225.0
FNDDS:2705777,1 cubic inch,17.7
FNDDS:2705777,"1 cup, shredded",113.0
FNDDS:2705777,"1 cup, NFS",113.0
FNDDS:2705777,1 slice,21.0
FNDDS:2705778,1 cup,240.0
FNDDS:2705779,1 cup,240.0
FNDDS:2705780,1 cup,240.0
FNDDS:2705781,1 cubic inch,16.6
FNDDS:2705781,1 tablespoon,15.0
FNDDS:2705782,1 tablespoon,15.0
FNDDS:2705782,1 individual container,70.0
FNDDS:2705783,1 tablespoon,15.0
FNDDS:2705783,1 individual container,70.0
FNDDS:2705784,1 tablespoon,15.0
FNDDS:2705784,1 individual container,70.0
FNDDS:2705785,1 tablespoon,15.0
FNDDS:2705785,1 individual container,70.0
FNDDS:2705786,1 individual container,70.0
FNDDS:2705786,1 tablespoon,15.0
FNDDS:2705787,Topping from 1 piece,40.0
FNDDS:2705787,Topping per surface inch of pizza,2.1
FNDDS:2705787,1 cup,215.0
FNDDS:2705788,Topping from 1 piece,49.0
FNDDS:2705788,Topping per surface inch of pizza,2.6
FNDDS:2705788,1 cup,168.0
FNDDS:2705789,Topping from 1 piece,41.0
FNDDS:2705789,1 cup,168.0
FNDDS:2705789,Topping per surface inch of pizza,2.1
FNDDS:2705790,Topping per surface inch of pizza,2.6
FNDDS:2705790,1 cup,168.0
FNDDS:2705790,Topping from 1 piece,51.0
FNDDS:2705791,1 tablespoon,13.0
FNDDS:2705792,1 cup,95.0
FNDDS:2705793,1 tablespoon,15.0
FNDDS:2705794,1 sandwich,102.0
FNDDS:2705795,1 sandwich,102.0
FNDDS:2705796,1 sandwich,102.0
FNDDS:2705797,1 sandwich,102.0
FNDDS:2705798,1 sandwich,102.0
FNDDS:2705799,1 sandwich,102.0
FNDDS:2705800,1 sandwich,102.0
FNDDS:2705801,1 sandwich,116.0
FNDDS:2705802,1 sandwich,116.0
FNDDS:2705803,1 sandwich,116.0
FNDDS:2705804,1 sandwich,116.0
FNDDS:2705805,1 sandwich,116.0
FNDDS:2705806,1 sandwich,116.0
FNDDS:2705807,1 sandwich,116.0
FNDDS:2705808,1 tablespoon,16.0
FNDDS:2705808,1 dipping-size container,28.0
FNDDS:2705809,1 cup,260.0
FNDDS:2705810,1 cup,260.0
FNDDS:2705811,1 cup,260.0
FNDDS:2705812,1 cup,260.0
FNDDS:2705813,1 cup,260.0
FNDDS:2705814,1 cup,260.0
FNDDS:2705815,1 cup,260.0
FNDDS:2705816,1 cup,260.0
FNDDS:2705817,"1 piece or stick (4"" x 1"" x 3/4"")",44.0
FNDDS:2705817,1 cup,115.0
FNDDS:2705817,1 cubic inch,14.7
FNDDS:2705817,1 nugget,7.0
FNDDS:2705818,1 cup,160.0
FNDDS:2705819,"1 piece/slice, any size",30.0
FNDDS:2705819,1 oz yields,20.0
FNDDS:2705819,1 cup,135.0
FNDDS:2705819,1 cubic inch,17.0
FNDDS:2705820,1 patty,85.0
FNDDS:2705820,1 oz yields,20.0
FNDDS:2705820,1 cubic inch,17.0
FNDDS:2705820,1 cup,125.0
FNDDS:2705821,1 jar,70.0
FNDDS:2705821,1 tablespoon,15.0
FNDDS:2705822,1 cubic inch,17.0
FNDDS:2705822,1 cup,135.0
FNDDS:2705822,1 oz yields,20.0
FNDDS:2705822,"1 piece/slice, any size",30.0
FNDDS:2705823,1 thin,120.0
FNDDS:2705823,1 oz yields,20.0
FNDDS:2705823,1 thick,240.0
FNDDS:2705823,1 cup,135.0
FNDDS:2705823,1 cubic inch,17.0
FNDDS:2705823,"1 piece/slice, any size",30.0
FNDDS:2705823,1 regular,160.0
FNDDS:2705824,1 oz yields,20.0
FNDDS:2705824,1 regular,160.0
FNDDS:2705824,"1 piece/slice, any size",30.0
FNDDS:2705824,1 thick,240.0
FNDDS:2705824,1 cup,135.0
FNDDS:2705824,1 thin,120.0
FNDDS:2705824,1 cubic inch,17.0
FNDDS:2705825,1 regular,160.0
FNDDS:2705825,1 oz yields,20.0
FNDDS:2705825,1 thick,240.0
FNDDS:2705825,1 cup,135.0
FNDDS:2705825,1 cubic inch,17.0
FNDDS:2705825,"1 piece/slice, any size",30.0
FNDDS:2705825,1 thin,120.0
FNDDS:2705826,"1 piece/slice, any size",30.0
FNDDS:2705826,1 regular,160.0
FNDDS:2705826,1 cup,135.0
FNDDS:2705826,1 oz yields,20.0
FNDDS:2705826,1 thin,120.0
FNDDS:2705826,1 cubic inch,17.0
FNDDS:2705826,1 thick,240.0
FNDDS:2705827,1 thin,120.0
FNDDS:2705827,1 oz yields,20.0
FNDDS:2705827,1 thick,240.0
FNDDS:2705827,1 cup,135.0
FNDDS:2705827,1 cubic inch,17.0
FNDDS:2705827,"1 piece/slice, any size",30.0
FNDDS:2705827,1 regular,160.0
FNDDS:2705828,1 regular,240.0
FNDDS:2705828,1 thick,360.0
FNDDS:2705828,1 cup,135.0
FNDDS:2705828,1 oz yields,20.0
FNDDS:2705828,"1 piece/slice, any size",30.0
FNDDS:2705828,1 thin,180.0
FNDDS:2705828,1 cubic inch,17.0
FNDDS:2705829,1 thin,180.0
FNDDS:2705829,1 cup,135.0
FNDDS:2705829,1 oz yields,20.0
FNDDS:2705829,1 cubic inch,17.0
FNDDS:2705829,1 thick,360.0
FNDDS:2705829,1 regular,240.0
FNDDS:2705829,"1 piece/slice, any size",30.0
FNDDS:2705830,1 cubic inch,17.0
FNDDS:2705830,1 cup,135.0
FNDDS:2705830,"1 piece/slice, any size",30.0
FNDDS:2705830,1 thin,180.0
FNDDS:2705830,1 thick,360.0
FNDDS:2705830,1 regular,240.0
FNDDS:2705830,1 oz yields,20.0
FNDDS:2705831,1 cup,135.0
FNDDS:2705831,"1 piece/slice, any size",30.0
FNDDS:2705831,1 regular,160.0
FNDDS:2705831,1 thick,240.0
FNDDS:2705831,1 oz yields,20.0
FNDDS:2705831,1 thin,120.0
FNDDS:2705831,1 cubic inch,17.0
FNDDS:2705832,1 cubic inch,17.0
FNDDS:2705832,1 oz yields,20.0
FNDDS:2705832,1 thin,120.0
FNDDS:2705832,1 regular,160.0
FNDDS:2705832,"1 piece/slice, any size",30.0
FNDDS:2705832,1 thick,240.0
FNDDS:2705832,1 cup,135.0
FNDDS:2705833,1 regular,160.0
FNDDS:2705833,1 cup,135.0
FNDDS:2705833,1 oz yields,20.0
FNDDS:2705833,1 thin,120.0
FNDDS:2705833,1 cubic inch,17.0
FNDDS:2705833,"1 piece/slice, any size",30.0
FNDDS:2705833,1 thick,240.0
FNDDS:2705834,1 cubic inch,17.0
FNDDS:2705834,1 oz yields,20.0
FNDDS:2705834,1 thick,240.0
FNDDS:2705834,1 thin,120.0
FNDDS:2705834,"1 piece/slice, any size",30.0
FNDDS:2705834,1 cup,135.0
FNDDS:2705834,1 regular,160.0
FNDDS:2705835,1 cup,135.0
FNDDS:2705835,"1 piece/slice, any size",30.0
FNDDS:2705835,1 regular,240.0
FNDDS:2705835,1 thick,360.0
FNDDS:2705835,1 thin,180.0
FNDDS:2705835,1 oz yields,20.0
FNDDS:2705835,1 cubic inch,17.0
FNDDS:2705836,1 cup,135.0
FNDDS:2705836,"1 piece/slice, any size",30.0
FNDDS:2705836,1 oz yields,20.0
FNDDS:2705836,1 thin,180.0
FNDDS:2705836,1 regular,240.0
FNDDS:2705836,1 thick,360.0
FNDDS:2705836,1 cubic inch,17.0
FNDDS:2705837,1 thick,360.0
FNDDS:2705837,"1 piece/slice, any size",30.0
FNDDS:2705837,1 cubic inch,17.0
FNDDS:2705837,1 regular,240.0
FNDDS:2705837,1 thin,180.0
FNDDS:2705837,1 oz yields,20.0
FNDDS:2705837,1 cup,135.0
FNDDS:2705838,"1 piece/slice, any size",30.0
FNDDS:2705838,1 cup,135.0
FNDDS:2705838,1 oz yields,20.0
FNDDS:2705838,1 thin,225.0
FNDDS:2705838,1 cubic inch,17.0
FNDDS:2705838,1 regular,300.0
FNDDS:2705838,1 thick,450.0
FNDDS:2705839,1 regular,300.0
FNDDS:2705839,1 oz yields,20.0
FNDDS:2705839,1 thick,450.0
FNDDS:2705839,1 thin,225.0
FNDDS:2705839,1 cup,135.0
FNDDS:2705839,"1 piece/slice, any size",30.0
FNDDS:2705839,1 cubic inch,17.0
FNDDS:2705840,1 cubic inch,17.0
FNDDS:2705840,1 thin,225.0
FNDDS:2705840,1 cup,135.0
FNDDS:2705840,1 thick,450.0
FNDDS:2705840,1 oz yields,20.0
FNDDS:2705840,1 regular,300.0
FNDDS:2705840,"1 piece/slice, any size",30.0
FNDDS:2705841,1 regular,160.0
FNDDS:2705841,1 cup,135.0
FNDDS:2705841,"1 piece/slice, any size",30.0
FNDDS:2705841,1 oz yields,20.0
FNDDS:2705841,1 thin,120.0
FNDDS:2705841,1 thick,240.0
FNDDS:2705841,1 cubic inch,17.0
FNDDS:2705842,1 oz yields,20.0
FNDDS:2705842,1 cup,135.0
FNDDS:2705842,1 regular,160.0
FNDDS:2705842,1 thick,240.0
FNDDS:2705842,"1 piece/slice, any size",30.0
FNDDS:2705842,1 thin,120.0
FNDDS:2705842,1 cubic inch,17.0
FNDDS:2705843,1 tail bone,30.0
FNDDS:2705843,1 tail,240.0
FNDDS:2705843,1 oz yields,16.0
FNDDS:2705843,1 cup,135.0
FNDDS:2705844,1 oz yields,10.0
FNDDS:2705844,1 cup,55.0
FNDDS:2705844,1 neckbone,45.0
FNDDS:2705845,1 oz yields,15.0
FNDDS:2705845,1 cup,135.0
FNDDS:2705845,"1 rib (yield after cooking, bone removed)",70.0
FNDDS:2705846,1 oz yields,8.0
FNDDS:2705846,1 cup,135.0
FNDDS:2705846,1 cubic inch,17.0
FNDDS:2705847,1 regular/thin slice,60.0
FNDDS:2705847,1 cup,135.0
FNDDS:2705847,1 cubic inch,17.0
FNDDS:2705847,1 thick slice,90.0
FNDDS:2705847,1 oz yields,20.0
FNDDS:2705848,1 regular/thin slice,60.0
FNDDS:2705848,1 cup,135.0
FNDDS:2705848,1 cubic inch,17.0
FNDDS:2705848,1 thick slice,90.0
FNDDS:2705848,1 oz yields,20.0
FNDDS:2705849,1 cup,135.0
FNDDS:2705849,1 oz yields,20.0
FNDDS:2705849,1 cubic inch,17.0
FNDDS:2705850,1 cubic inch,17.0
FNDDS:2705850,1 oz yields,20.0
FNDDS:2705850,1 cup,135.0
FNDDS:2705850,"1 piece/slice, any size",30.0
FNDDS:2705851,1 regular/thin slice,60.0
FNDDS:2705851,1 oz yields,20.0
FNDDS:2705851,1 thick slice,90.0
FNDDS:2705851,1 cup,135.0
FNDDS:2705851,1 cubic inch,17.0
FNDDS:2705852,1 oz yields,20.0
FNDDS:2705852,1 cup,110.0
FNDDS:2705852,1 steak,30.0
FNDDS:2705852,1 slice,30.0
FNDDS:2705853,1 cup,225.0
FNDDS:2705854,1 cubic inch,17.0
FNDDS:2705854,1 oz yields,20.0
FNDDS:2705854,1 cup,125.0
FNDDS:2705855,1 quarter lb patty,85.0
FNDDS:2705855,1 oz yields,20.0
FNDDS:2705855,1 small patty,65.0
FNDDS:2705855,1 medium patty,85.0
FNDDS:2705855,1 miniature patty,30.0
FNDDS:2705855,1 cup,125.0
FNDDS:2705855,1 cubic inch,17.0
FNDDS:2705855,"1 patty, NFS",85.0
FNDDS:2705855,1 large patty,120.0
FNDDS:2705856,"1 oz, cooked",28.4
FNDDS:2705856,"1 oz, raw (yield after cooking)",9.0
FNDDS:2705856,Guideline amount on regular sandwich,16.0
FNDDS:2705856,Guideline amount if topping,8.0
FNDDS:2705856,"1 slice, cooked (approx .8 oz, raw)",6.5
FNDDS:2705856,"1 cup, pieces",84.0
FNDDS:2705857,Guideline amount if topping,6.0
FNDDS:2705857,Guideline amount on regular sandwich,12.0
FNDDS:2705857,"1 cup, pieces",84.0
FNDDS:2705857,"1 slice, cooked (approx .8 oz, raw)",6.5
FNDDS:2705857,"1 oz, cooked",28.4
FNDDS:2705857,"1 oz, raw (yield after cooking)",9.0
FNDDS:2705858,1 jar (2.5 oz),71.0
FNDDS:2705858,1 oz,28.4
FNDDS:2705858,1 cup,121.0
FNDDS:2705858,1 slice,9.0
FNDDS:2705859,"1 oz, yield after cooking",27.0
FNDDS:2705859,"1 cup, diced",128.0
FNDDS:2705859,"1 oz, cooked",28.4
FNDDS:2705860,1 Giant Jerk,18.0
FNDDS:2705860,1 Super Jerk,9.8
FNDDS:2705860,1 cubic inch,12.0
FNDDS:2705860,1 Slim Jim,9.6
FNDDS:2705860,1 Big Jerk,6.7
FNDDS:2705860,"1 cup, pieces",90.0
FNDDS:2705861,1 tablespoon,15.0
FNDDS:2705861,1 jar,70.0
FNDDS:2705862,"1 slice, any size",30.0
FNDDS:2705862,1 oz yields,20.0
FNDDS:2705862,1 cup,135.0
FNDDS:2705862,1 cubic inch,17.0
FNDDS:2705863,1 cubic inch,17.0
FNDDS:2705863,1 patty,85.0
FNDDS:2705863,1 oz yields,20.0
FNDDS:2705863,1 cup,125.0
FNDDS:2705864,1 oz yields,20.0
FNDDS:2705864,1 cup,135.0
FNDDS:2705865,1 cubic inch,20.0
FNDDS:2705865,"1 cup, pieces",126.0
FNDDS:2705865,"1 strip (approx 4-1/2"" long)",5.0
FNDDS:2705866,1 oz yields,20.0
FNDDS:2705866,1 thick,180.0
FNDDS:2705866,1 cubic inch,17.0
FNDDS:2705866,"1 slice, any size",30.0
FNDDS:2705866,1 regular,120.0
FNDDS:2705866,1 cup,135.0
FNDDS:2705866,1 thin,90.0
FNDDS:2705867,1 cup,135.0
FNDDS:2705867,1 thin,90.0
FNDDS:2705867,1 thick,180.0
FNDDS:2705867,1 cubic inch,17.0
FNDDS:2705867,"1 slice, any size",30.0
FNDDS:2705867,1 oz yields,20.0
FNDDS:2705867,1 regular,120.0
FNDDS:2705868,1 cubic inch,17.0
FNDDS:2705868,1 regular,120.0
FNDDS:2705868,1 thin,90.0
FNDDS:2705868,1 cup,135.0
FNDDS:2705868,1 oz yields,20.0
FNDDS:2705868,"1 slice, any size",30.0
FNDDS:2705868,1 thick,180.0
FNDDS:2705869,1 cubic inch,17.0
FNDDS:2705869,1 oz yields,20.0
FNDDS:2705869,1 cup,135.0
FNDDS:2705869,1 regular,120.0
FNDDS:2705869,"1 slice, any size",30.0
FNDDS:2705869,1 thick,180.0
FNDDS:2705869,1 thin,90.0
FNDDS:2705870,1 thick,180.0
FNDDS:2705870,"1 slice, any size",30.0
FNDDS:2705870,1 regular,120.0
FNDDS:2705870,1 thin,90.0
FNDDS:2705870,1 cubic inch,17.0
FNDDS:2705870,1 cup,135.0
FNDDS:2705870,1 oz yields,20.0
FNDDS:2705871,1 regular,120.0
FNDDS:2705871,1 cup,135.0
FNDDS:2705871,1 cubic inch,17.0
FNDDS:2705871,1 oz yields,20.0
FNDDS:2705871,"1 slice, any size",30.0
FNDDS:2705871,1 thin,90.0
FNDDS:2705871,1 thick,180.0
FNDDS:2705872,1 oz yields,20.0
FNDDS:2705872,"1 chop, any size",180.0
FNDDS:2705872,1 cup,135.0
FNDDS:2705872,1 cubic inch,17.0
FNDDS:2705873,"1 steak, any size",120.0
FNDDS:2705873,1 cubic inch,17.0
FNDDS:2705873,1 oz yields,20.0
FNDDS:2705873,"1 slice, any size",30.0
FNDDS:2705873,1 cup,135.0
FNDDS:2705874,1 cubic inch,17.0
FNDDS:2705874,"1 steak, any size",120.0
FNDDS:2705874,"1 slice, any size",30.0
FNDDS:2705874,1 cup,135.0
FNDDS:2705874,1 oz yields,20.0
FNDDS:2705875,1 oz yields,20.0
FNDDS:2705875,"1 steak, any size",120.0
FNDDS:2705875,"1 slice, any size",30.0
FNDDS:2705875,1 cup,135.0
FNDDS:2705875,1 cubic inch,17.0
FNDDS:2705876,1 oz yields,20.0
FNDDS:2705876,1 cup,135.0
FNDDS:2705876,"1 slice, any size",30.0
FNDDS:2705876,1 cubic inch,17.0
FNDDS:2705876,"1 steak, any size",120.0
FNDDS:2705877,1 cubic inch,17.0
FNDDS:2705877,"1 slice, any size",30.0
FNDDS:2705877,1 cup,135.0
FNDDS:2705877,1 oz yields,20.0
FNDDS:2705878,1 cup,135.0
FNDDS:2705878,1 regular/thin slice,60.0
FNDDS:2705878,1 oz yields,20.0
FNDDS:2705878,1 thick slice,90.0
FNDDS:2705878,1 cubic inch,17.0
FNDDS:2705879,"1 oz, boneless",28.4
FNDDS:2705879,1 cup,56.0
FNDDS:2705879,1 surface inch,0.3
FNDDS:2705879,1 thin slice,9.2
FNDDS:2705879,"1 slice, NFS",9.2
FNDDS:2705880,1 thick slice,90.0
FNDDS:2705880,1 cubic inch,17.0
FNDDS:2705880,1 oz yields,20.0
FNDDS:2705880,1 cup,135.0
FNDDS:2705880,1 regular/thin slice,60.0
FNDDS:2705881,1 oz yields,20.0
FNDDS:2705881,1 patty,85.0
FNDDS:2705881,1 cup,125.0
FNDDS:2705882,1 thick slice,90.0
FNDDS:2705882,1 cubic inch,17.0
FNDDS:2705882,1 cup,135.0
FNDDS:2705882,1 oz yields,20.0
FNDDS:2705882,1 regular/thin slice,60.0
FNDDS:2705883,"1 slice, any size",30.0
FNDDS:2705884,"1 cubic inch, cooked",18.0
FNDDS:2705884,"1 oz, cooked",28.4
FNDDS:2705884,"1 oz, raw (yield after cooking)",23.0
FNDDS:2705884,1 slice,23.0
FNDDS:2705885,Guideline amount if topping,8.0
FNDDS:2705885,Guideline amount on regular sandwich,16.0
FNDDS:2705885,"1 cup, pieces",80.0
FNDDS:2705885,1 medium slice (yield after cooking),8.0
FNDDS:2705885,"1 oz, raw (yield after cooking)",8.0
FNDDS:2705885,1 thick slice (yield after cooking),12.0
FNDDS:2705885,"1 oz, cooked",28.4
FNDDS:2705885,1 thin slice (yield after cooking),5.0
FNDDS:2705886,"1 oz, raw (yield after cooking)",8.0
FNDDS:2705886,Guideline amount on regular sandwich,16.0
FNDDS:2705886,1 thick slice (yield after cooking),12.0
FNDDS:2705886,1 medium slice (yield after cooking),8.0
FNDDS:2705886,"1 oz, cooked",28.4
FNDDS:2705886,1 thin slice (yield after cooking),5.0
FNDDS:2705886,"1 cup, pieces",80.0
FNDDS:2705886,Guideline amount if topping,8.0
FNDDS:2705887,Guideline amount if topping,8.0
FNDDS:2705887,1 thin slice (yield after cooking),5.0
FNDDS:2705887,"1 cup, pieces",80.0
FNDDS:2705887,Guideline amount on regular sandwich,16.0
FNDDS:2705887,1 medium slice (yield after cooking),8.0
FNDDS:2705887,1 thick slice (yield after cooking),12.0
FNDDS:2705887,"1 oz, raw (yield after cooking)",8.0
FNDDS:2705888,1 thin slice (yield after cooking),5.0
FNDDS:2705888,1 medium slice (yield after cooking),8.0
FNDDS:2705888,"1 oz, raw (yield after cooking)",8.0
FNDDS:2705888,1 thick slice (yield after cooking),12.0
FNDDS:2705888,Guideline amount if topping,8.0
FNDDS:2705888,Guideline amount on regular sandwich,16.0
FNDDS:2705888,"1 cup, pieces",80.0
FNDDS:2705889,1 thick slice (yield after cooking),12.0
FNDDS:2705889,"1 oz, raw (yield after cooking)",8.0
FNDDS:2705889,1 medium slice (yield after cooking),8.0
FNDDS:2705889,1 thin slice (yield after cooking),5.0
FNDDS:2705889,"1 cup, pieces",80.0
FNDDS:2705889,Guideline amount on regular sandwich,16.0
FNDDS:2705889,Guideline amount if topping,8.0
FNDDS:2705889,"1 oz, cooked",28.4
FNDDS:2705890,Guideline amount on regular sandwich,16.0
FNDDS:2705890,"1 oz, raw (yield after cooking)",8.0
FNDDS:2705890,Guideline amount if topping,8.0
FNDDS:2705890,1 medium slice (yield after cooking),8.0
FNDDS:2705891,Guideline amount on regular sandwich,16.0
FNDDS:2705891,Guideline amount if topping,8.0
FNDDS:2705891,"1 cup, pieces",80.0
FNDDS:2705891,1 thick slice (yield after cooking),12.0
FNDDS:2705891,1 medium slice (yield after cooking),8.0
FNDDS:2705891,"1 oz, raw (yield after cooking)",8.0
FNDDS:2705891,"1 oz, cooked",28.4
FNDDS:2705891,1 thin slice (yield after cooking),5.0
FNDDS:2705892,"1 cubic inch, cooked",15.0
FNDDS:2705892,"1 slice (4"" x 1-3/4"" x 1/2"")",47.0
FNDDS:2705892,"1 oz, raw (yield after cooking)",20.0
FNDDS:2705892,"1 slice (2-1/4"" x 1-3/4"" x 1/4"")",26.0
FNDDS:2705892,"1 cup, cooked",128.0
FNDDS:2705893,1 cup,135.0
FNDDS:2705893,1 oz yields,20.0
FNDDS:2705893,"1 rib (yield after cooking, bone removed)",35.0
FNDDS:2705894,"1 rib (yield after cooking, bone removed)",35.0
FNDDS:2705894,1 cup,135.0
FNDDS:2705894,1 oz yields,20.0
FNDDS:2705895,1 cup,90.0
FNDDS:2705896,1 item,85.0
FNDDS:2705897,1 cup,55.0
FNDDS:2705897,1 neckbone,45.0
FNDDS:2705898,1 cup,80.0
FNDDS:2705898,1 item,85.0
FNDDS:2705899,1 item,85.0
FNDDS:2705900,1 ham hock,85.0
FNDDS:2705900,1 cup,140.0
FNDDS:2705901,"1 slice, any size",30.0
FNDDS:2705901,1 oz yields,20.0
FNDDS:2705901,1 cup,135.0
FNDDS:2705901,1 cubic inch,17.0
FNDDS:2705902,1 medium single serving bag,57.0
FNDDS:2705902,1 cup,30.0
FNDDS:2705902,1 small single serving bag,28.0
FNDDS:2705902,1 large single serving bag,85.0
FNDDS:2705902,1 rind,1.0
FNDDS:2705903,1 tablespoon,15.0
FNDDS:2705903,1 jar,70.0
FNDDS:2705904,1 stick,10.0
FNDDS:2705904,1 jar,70.0
FNDDS:2705905,1 oz yields,20.0
FNDDS:2705905,1 cubic inch,17.0
FNDDS:2705905,1 cup,135.0
FNDDS:2705905,"1 piece/slice, any size",30.0
FNDDS:2705906,1 oz yields,20.0
FNDDS:2705906,"1 chop, any size",90.0
FNDDS:2705906,1 cup,135.0
FNDDS:2705906,1 cubic inch,17.0
FNDDS:2705907,1 cup,125.0
FNDDS:2705907,1 cubic inch,17.0
FNDDS:2705907,1 patty,85.0
FNDDS:2705907,1 oz yields,20.0
FNDDS:2705908,1 cup,135.0
FNDDS:2705908,1 cubic inch,17.0
FNDDS:2705909,1 cup,135.0
FNDDS:2705909,1 oz yields,20.0
FNDDS:2705909,1 cubic inch,17.0
FNDDS:2705909,"1 chop, any size",90.0
FNDDS:2705910,1 cubic inch,17.0
FNDDS:2705910,1 patty,85.0
FNDDS:2705910,1 cup,125.0
FNDDS:2705910,1 oz yields,20.0
FNDDS:2705911,1 stick,85.0
FNDDS:2705912,1 cup,135.0
FNDDS:2705913,1 cup,135.0
FNDDS:2705914,1 patty,85.0
FNDDS:2705914,"1 steak, any size",85.0
FNDDS:2705914,1 cup,135.0
FNDDS:2705915,"1 strip or stick (4"" long)",14.0
FNDDS:2705915,1 cup,140.0
FNDDS:2705916,1 cup,135.0
FNDDS:2705916,1 slice,15.0
FNDDS:2705916,1 patty,35.0
FNDDS:2705917,1 cup,135.0
FNDDS:2705918,1 cup,135.0
FNDDS:2705919,1 cup,135.0
FNDDS:2705920,1 cup,135.0
FNDDS:2705920,1 patty,85.0
FNDDS:2705921,1 cup,135.0
FNDDS:2705922,1 cup,135.0
FNDDS:2705923,1 cup,135.0
FNDDS:2705924,1 cup,135.0
FNDDS:2705925,1 cup,135.0
FNDDS:2705926,1 cup,135.0
FNDDS:2705927,1 cup,135.0
FNDDS:2705928,1 cup,135.0
FNDDS:2705929,1 slice,60.0
FNDDS:2705929,"1 cup, cooked, diced",135.0
FNDDS:2705929,1 piece,60.0
FNDDS:2705929,"1 oz, cooked",28.4
FNDDS:2705930,1 piece,60.0
FNDDS:2705930,"1 oz, cooked",28.4
FNDDS:2705930,"1 cup, cooked, diced",135.0
FNDDS:2705930,1 slice,60.0
FNDDS:2705931,"1 cup, cooked, diced",135.0
FNDDS:2705931,1 piece,50.0
FNDDS:2705931,1 slice,60.0
FNDDS:2705931,"1 oz, cooked",28.4
FNDDS:2705932,1 slice,60.0
FNDDS:2705932,"1 oz, cooked",28.4
FNDDS:2705932,"1 cup, cooked, diced",135.0
FNDDS:2705932,"1/2 chicken (yield after cooking, bone removed)",300.0
FNDDS:2705932,1 piece,60.0
FNDDS:2705933,"1 oz, cooked",28.4
FNDDS:2705933,1 piece,60.0
FNDDS:2705933,"1 cup, cooked, diced",135.0
FNDDS:2705933,"1/2 chicken (yield after cooking, bone removed)",300.0
FNDDS:2705933,1 slice,60.0
FNDDS:2705934,"1 cup, cooked, diced",135.0
FNDDS:2705934,"1/2 chicken (yield after cooking, bone and skin removed)",245.0
FNDDS:2705934,"1 oz, cooked",28.4
FNDDS:2705934,1 slice,60.0
FNDDS:2705934,1 piece,50.0
FNDDS:2705935,1 slice,60.0
FNDDS:2705935,"1 oz, cooked",28.4
FNDDS:2705935,"1/2 chicken (yield after cooking, bone removed)",300.0
FNDDS:2705935,1 piece,60.0
FNDDS:2705935,"1 cup, cooked, diced",135.0
FNDDS:2705936,"1 oz, cooked",28.4
FNDDS:2705936,1 piece,60.0
FNDDS:2705936,"1 cup, cooked, diced",135.0
FNDDS:2705936,1 slice,60.0
FNDDS:2705936,"1/2 chicken (yield after cooking, bone removed)",300.0
FNDDS:2705937,"1/2 chicken (yield after cooking, bone removed)",245.0
FNDDS:2705937,"1 oz, cooked",28.4
FNDDS:2705937,"1 cup, cooked, diced",135.0
FNDDS:2705937,1 piece,50.0
FNDDS:2705937,1 slice,60.0
FNDDS:2705938,1 piece,70.0
FNDDS:2705938,"1 cup, cooked, diced",135.0
FNDDS:2705938,1 slice,60.0
FNDDS:2705938,"1 oz, cooked",28.4
FNDDS:2705939,1 piece,70.0
FNDDS:2705939,1 slice,60.0
FNDDS:2705939,"1 cup, cooked, diced",135.0
FNDDS:2705939,"1 oz, cooked",28.4
FNDDS:2705940,1 slice,60.0
FNDDS:2705940,"1 oz, cooked",28.4
FNDDS:2705940,1 piece,55.0
FNDDS:2705940,"1 cup, cooked, diced",135.0
FNDDS:2705941,1 piece,60.0
FNDDS:2705941,"1 oz, cooked",28.4
FNDDS:2705941,"1 cup, cooked, diced",135.0
FNDDS:2705941,1 slice,60.0
FNDDS:2705942,1 slice,60.0
FNDDS:2705942,1 piece,60.0
FNDDS:2705942,"1 cup, cooked, diced",135.0
FNDDS:2705942,"1 oz, cooked",28.4
FNDDS:2705943,"1 cup, cooked, diced",135.0
FNDDS:2705943,"1 oz, cooked",28.4
FNDDS:2705943,1 slice,60.0
FNDDS:2705943,1 piece,50.0
FNDDS:2705944,1 slice,60.0
FNDDS:2705944,"1 oz, cooked",28.4
FNDDS:2705944,1 piece,85.0
FNDDS:2705944,"1 cup, cooked, diced",165.0
FNDDS:2705945,1 piece,85.0
FNDDS:2705945,1 slice,60.0
FNDDS:2705945,"1 cup, cooked, diced",165.0
FNDDS:2705945,"1 oz, cooked",28.4
FNDDS:2705946,"1 oz, cooked",28.4
FNDDS:2705946,1 piece,75.0
FNDDS:2705946,1 slice,60.0
FNDDS:2705946,"1 cup, cooked, diced",165.0
FNDDS:2705947,"1 cup, cooked, diced",135.0
FNDDS:2705947,"1 oz, cooked",28.4
FNDDS:2705947,1 slice,60.0
FNDDS:2705947,1 piece,60.0
FNDDS:2705948,"1 oz, cooked",28.4
FNDDS:2705948,1 slice,60.0
FNDDS:2705948,"1 cup, cooked, diced",135.0
FNDDS:2705948,1 piece,60.0
FNDDS:2705949,1 slice,60.0
FNDDS:2705949,1 piece,85.0
FNDDS:2705949,"1 cup, cooked, diced",135.0
FNDDS:2705949,"1/2 chicken (yield after cooking, bone removed)",465.0
FNDDS:2705949,"1 oz, cooked",28.4
FNDDS:2705950,"1 oz, cooked",28.4
FNDDS:2705950,"1 cup, cooked, diced",135.0
FNDDS:2705950,1 slice,60.0
FNDDS:2705950,1 piece,50.0
FNDDS:2705951,1 slice,60.0
FNDDS:2705951,1 piece,85.0
FNDDS:2705951,"1 cup, cooked, diced",135.0
FNDDS:2705951,"1 oz, cooked",28.4
FNDDS:2705951,"1/2 chicken (yield after cooking, bone removed)",465.0
FNDDS:2705952,"1 cup, cooked, diced",135.0
FNDDS:2705952,1 slice,60.0
FNDDS:2705952,1 piece,50.0
FNDDS:2705952,"1 oz, cooked",28.4
FNDDS:2705953,1 breast,130.0
FNDDS:2705953,"1 cup, cooked, diced",135.0
FNDDS:2705953,1 small or thin slice,30.0
FNDDS:2705953,"1 oz, cooked",28.4
FNDDS:2705953,1 medium slice,60.0
FNDDS:2705953,"1 breast quarter (yield after cooking, bone removed)",155.0
FNDDS:2705953,1 large or thick slice,85.0
FNDDS:2705954,"1 oz, cooked",28.4
FNDDS:2705954,1 small or thin slice,30.0
FNDDS:2705954,1 large or thick slice,85.0
FNDDS:2705954,"1 cup, cooked, diced",135.0
FNDDS:2705954,1 medium slice,60.0
FNDDS:2705954,1 breast,120.0
FNDDS:2705954,"1 breast quarter (yield after cooking, bone removed)",155.0
FNDDS:2705955,"1 breast quarter (yield after cooking, bone removed)",155.0
FNDDS:2705955,1 small or thin slice,30.0
FNDDS:2705955,1 large breast,145.0
FNDDS:2705955,1 small breast,110.0
FNDDS:2705955,"1 oz, cooked",28.4
FNDDS:2705955,1 medium breast,130.0
FNDDS:2705955,1 medium slice,60.0
FNDDS:2705955,"1 cup, cooked, diced",135.0
FNDDS:2705955,1 large or thick slice,85.0
FNDDS:2705956,"1 breast quarter (yield after cooking, bone removed)",155.0
FNDDS:2705956,"1 cup, cooked, diced",135.0
FNDDS:2705956,1 small breast,105.0
FNDDS:2705956,1 medium slice,60.0
FNDDS:2705956,1 large or thick slice,85.0
FNDDS:2705956,1 small or thin slice,30.0
FNDDS:2705956,"1 oz, cooked",28.4
FNDDS:2705956,1 large breast,135.0
FNDDS:2705956,1 medium breast,120.0
FNDDS:2705957,1 large breast,145.0
FNDDS:2705957,"1 cup, cooked, diced",135.0
FNDDS:2705957,"1 oz, cooked",28.4
FNDDS:2705957,1 medium slice,60.0
FNDDS:2705957,"1 breast quarter (yield after cooking, bone removed)",155.0
FNDDS:2705957,1 medium breast,130.0
FNDDS:2705957,1 large or thick slice,85.0
FNDDS:2705957,1 small or thin slice,30.0
FNDDS:2705957,1 small breast,110.0
FNDDS:2705958,"1 breast quarter (yield after cooking, bone removed)",155.0
FNDDS:2705958,"1 oz, cooked",28.4
FNDDS:2705958,1 medium slice,60.0
FNDDS:2705958,1 small or thin slice,30.0
FNDDS:2705958,1 large or thick slice,85.0
FNDDS:2705958,1 large breast,135.0
FNDDS:2705958,1 medium breast,120.0
FNDDS:2705958,"1 cup, cooked, diced",135.0
FNDDS:2705958,1 small breast,105.0
FNDDS:2705959,"1 breast quarter (yield after cooking, bone removed)",155.0
FNDDS:2705959,1 large or thick slice,85.0
FNDDS:2705959,1 small or thin slice,30.0
FNDDS:2705959,1 medium slice,60.0
FNDDS:2705959,"1 cup, cooked, diced",135.0
FNDDS:2705959,1 breast,130.0
FNDDS:2705959,"1 oz, cooked",28.4
FNDDS:2705960,1 breast,120.0
FNDDS:2705960,1 medium slice,60.0
FNDDS:2705960,1 large or thick slice,85.0
FNDDS:2705960,1 small or thin slice,30.0
FNDDS:2705960,"1 oz, cooked",28.4
FNDDS:2705960,"1 breast quarter (yield after cooking, bone removed)",155.0
FNDDS:2705960,"1 cup, cooked, diced",135.0
FNDDS:2705961,"1 oz, cooked",28.4
FNDDS:2705961,"1 breast quarter (yield after cooking, bone removed)",155.0
FNDDS:2705961,1 medium breast,130.0
FNDDS:2705961,1 small breast,110.0
FNDDS:2705961,1 medium slice,60.0
FNDDS:2705961,1 small or thin slice,30.0
FNDDS:2705961,"1 cup, cooked, diced",135.0
FNDDS:2705961,1 large breast,145.0
FNDDS:2705961,1 large or thick slice,85.0
FNDDS:2705962,1 large or thick slice,85.0
FNDDS:2705962,1 medium breast,120.0
FNDDS:2705962,"1 breast quarter (yield after cooking, bone removed)",155.0
FNDDS:2705962,1 small or thin slice,30.0
FNDDS:2705962,1 large breast,135.0
FNDDS:2705962,1 small breast,105.0
FNDDS:2705962,1 medium slice,60.0
FNDDS:2705962,"1 oz, cooked",28.4
FNDDS:2705962,"1 cup, cooked, diced",135.0
FNDDS:2705963,1 large or thick slice,85.0
FNDDS:2705963,1 breast,130.0
FNDDS:2705963,"1 cup, cooked, diced",135.0
FNDDS:2705963,1 small or thin slice,30.0
FNDDS:2705963,"1 oz, cooked",28.4
FNDDS:2705963,"1 breast quarter (yield after cooking, bone removed)",155.0
FNDDS:2705963,1 medium slice,60.0
FNDDS:2705964,"1 oz, cooked",28.4
FNDDS:2705964,1 large or thick slice,85.0
FNDDS:2705964,1 medium slice,60.0
FNDDS:2705964,1 breast,120.0
FNDDS:2705964,1 small or thin slice,30.0
FNDDS:2705964,"1 breast quarter (yield after cooking, bone removed)",155.0
FNDDS:2705964,"1 cup, cooked, diced",135.0
FNDDS:2705965,"1 breast, NS as to size",150.0
FNDDS:2705965,"1 cup, cooked, diced",135.0
FNDDS:2705965,1 small breast,130.0
FNDDS:2705965,1 large breast,170.0
FNDDS:2705965,1 large or thick slice,85.0
FNDDS:2705965,1 medium slice,60.0
FNDDS:2705965,1 small or thin slice,30.0
FNDDS:2705965,1 medium breast,150.0
FNDDS:2705965,"1 oz, cooked",28.4
FNDDS:2705966,"1 cup, cooked, diced",135.0
FNDDS:2705966,1 medium slice,60.0
FNDDS:2705966,"1 breast, NS as to size",140.0
FNDDS:2705966,1 large breast,155.0
FNDDS:2705966,1 medium breast,140.0
FNDDS:2705966,1 small breast,120.0
FNDDS:2705966,"1 oz, cooked",28.4
FNDDS:2705966,1 small or thin slice,30.0
FNDDS:2705966,1 large or thick slice,85.0
FNDDS:2705967,"1 cup, cooked, diced",135.0
FNDDS:2705967,"1 breast quarter (yield after cooking, bone removed)",155.0
FNDDS:2705967,1 large or thick slice,85.0
FNDDS:2705967,1 small or thin slice,30.0
FNDDS:2705967,1 medium slice,60.0
FNDDS:2705967,1 medium breast,130.0
FNDDS:2705967,"1 oz, cooked",28.4
FNDDS:2705967,1 small breast,110.0
FNDDS:2705967,1 large breast,145.0
FNDDS:2705968,1 medium breast,120.0
FNDDS:2705968,1 large or thick slice,85.0
FNDDS:2705968,1 small breast,105.0
FNDDS:2705968,"1 cup, cooked, diced",135.0
FNDDS:2705968,"1 oz, cooked",28.4
FNDDS:2705968,"1 breast quarter (yield after cooking, bone removed)",155.0
FNDDS:2705968,1 large breast,135.0
FNDDS:2705968,1 small or thin slice,30.0
FNDDS:2705968,1 medium slice,60.0
FNDDS:2705969,1 small breast,150.0
FNDDS:2705969,"1 breast, NS as to size",175.0
FNDDS:2705969,"1 cup, cooked, diced",165.0
FNDDS:2705969,"1 breast quarter (yield after cooking, bone removed)",220.0
FNDDS:2705969,1 large breast,195.0
FNDDS:2705969,1 medium slice,60.0
FNDDS:2705969,1 large or thick slice,85.0
FNDDS:2705969,1 small or thin slice,30.0
FNDDS:2705969,"1 oz, cooked",28.4
FNDDS:2705969,1 medium breast,175.0
FNDDS:2705970,1 medium slice,60.0
FNDDS:2705970,1 small or thin slice,30.0
FNDDS:2705970,1 medium breast,165.0
FNDDS:2705970,"1 breast quarter (yield after cooking, bone removed)",210.0
FNDDS:2705970,1 large or thick slice,85.0
FNDDS:2705970,1 small breast,140.0
FNDDS:2705970,1 large breast,185.0
FNDDS:2705970,"1 cup, cooked, diced",165.0
FNDDS:2705970,"1 oz, cooked",28.4
FNDDS:2705970,"1 breast, NS as to size",165.0
FNDDS:2705971,"1 breast, NS as to size",130.0
FNDDS:2705971,1 small breast,110.0
FNDDS:2705971,"1 cup, cooked, diced",135.0
FNDDS:2705971,1 large breast,145.0
FNDDS:2705971,"1 oz, cooked",28.4
FNDDS:2705971,1 large or thick slice,85.0
FNDDS:2705971,1 small or thin slice,30.0
FNDDS:2705971,1 medium slice,60.0
FNDDS:2705971,1 medium breast,130.0
FNDDS:2705972,"1 cup, cooked, diced",135.0
FNDDS:2705972,"1 breast, NS as to size",120.0
FNDDS:2705972,1 small or thin slice,30.0
FNDDS:2705972,1 large breast,135.0
FNDDS:2705972,1 medium breast,120.0
FNDDS:2705972,"1 oz, cooked",28.4
FNDDS:2705972,1 medium slice,60.0
FNDDS:2705972,1 large or thick slice,85.0
FNDDS:2705972,1 small breast,105.0
FNDDS:2705973,"1 cup, cooked, diced",135.0
FNDDS:2705973,1 small or thin slice,30.0
FNDDS:2705973,1 small breast,150.0
FNDDS:2705973,1 medium breast,175.0
FNDDS:2705973,"1 oz, cooked",28.4
FNDDS:2705973,1 medium slice,60.0
FNDDS:2705973,1 large or thick slice,85.0
FNDDS:2705973,1 large breast,195.0
FNDDS:2705973,"1 breast quarter (yield after cooking, bone removed)",155.0
FNDDS:2705974,1 large breast,135.0
FNDDS:2705974,1 medium slice,60.0
FNDDS:2705974,1 small breast,105.0
FNDDS:2705974,"1 cup, cooked, diced",135.0
FNDDS:2705974,"1 oz, cooked",28.4
FNDDS:2705974,1 large or thick slice,85.0
FNDDS:2705974,1 medium breast,120.0
FNDDS:2705974,"1 breast quarter (yield after cooking, bone removed)",155.0
FNDDS:2705974,1 small or thin slice,30.0
FNDDS:2705975,1 medium slice,60.0
FNDDS:2705975,1 large breast,185.0
FNDDS:2705975,1 small breast,140.0
FNDDS:2705975,"1 cup, cooked, diced",135.0
FNDDS:2705975,"1 oz, cooked",28.4
FNDDS:2705975,"1 breast quarter (yield after cooking, bone removed)",155.0
FNDDS:2705975,1 large or thick slice,85.0
FNDDS:2705975,1 medium breast,165.0
FNDDS:2705975,1 small or thin slice,30.0
FNDDS:2705976,1 medium slice,60.0
FNDDS:2705976,"1 oz, cooked",28.4
FNDDS:2705976,"1 cup, cooked, diced",135.0
FNDDS:2705976,1 large or thick slice,85.0
FNDDS:2705976,1 small or thin slice,30.0
FNDDS:2705976,1 large breast,195.0
FNDDS:2705976,"1 breast quarter (yield after cooking, bone removed)",155.0
FNDDS:2705976,1 small breast,150.0
FNDDS:2705976,1 medium breast,175.0
FNDDS:2705977,"1 cup, cooked, diced",135.0
FNDDS:2705977,"1 oz, cooked",28.4
FNDDS:2705977,1 small breast,105.0
FNDDS:2705977,1 small or thin slice,30.0
FNDDS:2705977,1 large or thick slice,85.0
FNDDS:2705977,1 large breast,135.0
FNDDS:2705977,1 medium slice,60.0
FNDDS:2705977,"1 breast quarter (yield after cooking, bone removed)",155.0
FNDDS:2705977,1 medium breast,120.0
FNDDS:2705978,1 medium slice,60.0
FNDDS:2705978,"1 cup, cooked, diced",135.0
FNDDS:2705978,1 large or thick slice,85.0
FNDDS:2705978,1 breast,175.0
FNDDS:2705978,"1 breast quarter (yield after cooking, bone removed)",155.0
FNDDS:2705978,1 small or thin slice,30.0
FNDDS:2705978,"1 oz, cooked",28.4
FNDDS:2705979,"1 breast quarter (yield after cooking, bone removed)",155.0
FNDDS:2705979,"1 cup, cooked, diced",135.0
FNDDS:2705979,1 breast,120.0
FNDDS:2705979,"1 oz, cooked",28.4
FNDDS:2705979,1 large or thick slice,85.0
FNDDS:2705979,1 medium slice,60.0
FNDDS:2705979,1 small or thin slice,30.0
FNDDS:2705980,"1 oz, cooked",28.4
FNDDS:2705980,"1 breast quarter (yield after cooking, bone removed)",155.0
FNDDS:2705980,1 large or thick slice,85.0
FNDDS:2705980,"1 breast, NS as to size",175.0
FNDDS:2705980,1 large breast,195.0
FNDDS:2705980,1 medium breast,175.0
FNDDS:2705980,1 medium slice,60.0
FNDDS:2705980,1 small or thin slice,30.0
FNDDS:2705980,1 small breast,150.0
FNDDS:2705980,"1 cup, cooked, diced",135.0
FNDDS:2705981,"1 breast, NS as to size",120.0
FNDDS:2705981,1 large breast,135.0
FNDDS:2705981,1 medium breast,120.0
FNDDS:2705981,"1 oz, cooked",28.4
FNDDS:2705981,"1 cup, cooked, diced",135.0
FNDDS:2705981,1 small or thin slice,30.0
FNDDS:2705981,1 small breast,105.0
FNDDS:2705981,"1 breast quarter (yield after cooking, bone removed)",155.0
FNDDS:2705981,1 large or thick slice,85.0
FNDDS:2705981,1 medium slice,60.0
FNDDS:2705982,1 leg,140.0
FNDDS:2705982,"1 oz, cooked",28.4
FNDDS:2705982,"1 cup, cooked, diced",135.0
FNDDS:2705983,"1 oz, cooked",28.4
FNDDS:2705983,"1 cup, cooked, diced",135.0
FNDDS:2705983,1 leg,120.0
FNDDS:2705984,1 large leg,185.0
FNDDS:2705984,"1 oz, cooked",28.4
FNDDS:2705984,1 medium leg,140.0
FNDDS:2705984,1 small leg,120.0
FNDDS:2705984,"1 cup, cooked, diced",135.0
FNDDS:2705984,"1 leg quarter (yield after cooking, bone removed)",140.0
FNDDS:2705984,"1 leg, NS as to size",140.0
FNDDS:2705985,"1 cup, cooked, diced",135.0
FNDDS:2705985,"1 leg, NS as to size",120.0
FNDDS:2705985,1 large leg,155.0
FNDDS:2705985,1 medium leg,120.0
FNDDS:2705985,1 small leg,105.0
FNDDS:2705985,"1 oz, cooked",28.4
FNDDS:2705985,"1 leg quarter (yield after cooking, bone removed)",120.0
FNDDS:2705986,"1 cup, cooked, diced",135.0
FNDDS:2705986,1 leg,140.0
FNDDS:2705986,"1 leg quarter (yield after cooking, bone removed)",140.0
FNDDS:2705986,"1 oz, cooked",28.4
FNDDS:2705987,1 leg,120.0
FNDDS:2705987,"1 cup, cooked, diced",135.0
FNDDS:2705987,"1 oz, cooked",28.4
FNDDS:2705987,"1 leg quarter (yield after cooking, bone removed)",120.0
FNDDS:2705988,"1 leg, NS as to size",155.0
FNDDS:2705988,"1 leg quarter (yield after cooking, bone removed)",155.0
FNDDS:2705988,1 large leg,200.0
FNDDS:2705988,"1 oz, cooked",28.4
FNDDS:2705988,1 small leg,130.0
FNDDS:2705988,1 medium leg,155.0
FNDDS:2705988,"1 cup, cooked, diced",135.0
FNDDS:2705989,1 large leg,170.0
FNDDS:2705989,1 small leg,110.0
FNDDS:2705989,"1 cup, cooked, diced",135.0
FNDDS:2705989,"1 leg, NS as to size",130.0
FNDDS:2705989,"1 leg quarter (yield after cooking, bone and skin removed)",130.0
FNDDS:2705989,1 medium leg,130.0
FNDDS:2705989,"1 oz, cooked",28.4
FNDDS:2705990,"1 cup, cooked, diced",135.0
FNDDS:2705990,"1 oz, cooked",28.4
FNDDS:2705990,1 small leg,120.0
FNDDS:2705990,"1 leg, NS as to size",140.0
FNDDS:2705990,1 medium leg,140.0
FNDDS:2705990,1 large leg,185.0
FNDDS:2705990,"1 leg quarter (yield after cooking, bone removed)",140.0
FNDDS:2705991,1 large leg,155.0
FNDDS:2705991,"1 leg quarter (yield after cooking, bone removed)",120.0
FNDDS:2705991,"1 leg, NS as to size",120.0
FNDDS:2705991,"1 oz, cooked",28.4
FNDDS:2705991,"1 cup, cooked, diced",135.0
FNDDS:2705991,1 small leg,105.0
FNDDS:2705991,1 medium leg,120.0
FNDDS:2705992,"1 leg, NS as to size",195.0
FNDDS:2705992,1 small leg,165.0
FNDDS:2705992,1 medium leg,195.0
FNDDS:2705992,"1 oz, cooked",28.4
FNDDS:2705992,1 large leg,250.0
FNDDS:2705992,"1 leg quarter (yield after cooking, bone removed)",195.0
FNDDS:2705992,"1 cup, cooked, diced",165.0
FNDDS:2705993,"1 leg, NS as to size",185.0
FNDDS:2705993,"1 cup, cooked, diced",165.0
FNDDS:2705993,1 small leg,155.0
FNDDS:2705993,"1 oz, cooked",28.4
FNDDS:2705993,1 medium leg,185.0
FNDDS:2705993,"1 leg quarter (yield after cooking, bone removed)",185.0
FNDDS:2705993,1 large leg,240.0
FNDDS:2705994,"1 leg, NS as to size",140.0
FNDDS:2705994,"1 cup, cooked, diced",135.0
FNDDS:2705994,"1 leg quarter (yield after cooking, bone removed)",140.0
FNDDS:2705994,"1 oz, cooked",28.4
FNDDS:2705994,1 small leg,120.0
FNDDS:2705994,1 large leg,185.0
FNDDS:2705994,1 medium leg,140.0
FNDDS:2705995,"1 leg quarter (yield after cooking, bone removed)",120.0
FNDDS:2705995,"1 cup, cooked, diced",135.0
FNDDS:2705995,"1 leg, NS as to size",120.0
FNDDS:2705995,1 medium leg,120.0
FNDDS:2705995,1 small leg,105.0
FNDDS:2705995,"1 oz, cooked",28.4
FNDDS:2705995,1 large leg,155.0
FNDDS:2705996,"1 leg quarter (yield after cooking, bone removed)",195.0
FNDDS:2705996,1 medium leg,195.0
FNDDS:2705996,1 large leg,250.0
FNDDS:2705996,1 small leg,165.0
FNDDS:2705996,"1 cup, cooked, diced",135.0
FNDDS:2705996,"1 oz, cooked",28.4
FNDDS:2705997,1 small leg,105.0
FNDDS:2705997,1 large leg,155.0
FNDDS:2705997,1 medium leg,120.0
FNDDS:2705997,"1 leg quarter (yield after cooking, bone removed)",120.0
FNDDS:2705997,"1 cup, cooked, diced",135.0
FNDDS:2705997,"1 oz, cooked",28.4
FNDDS:2705998,"1 oz, cooked",28.4
FNDDS:2705998,1 medium leg,195.0
FNDDS:2705998,1 large leg,250.0
FNDDS:2705998,"1 leg, NS as to size",195.0
FNDDS:2705998,"1 leg quarter (yield after cooking, bone removed)",195.0
FNDDS:2705998,1 small leg,165.0
FNDDS:2705998,"1 cup, cooked, diced",135.0
FNDDS:2705999,"1 leg quarter (yield after cooking, bone removed)",120.0
FNDDS:2705999,"1 cup, cooked, diced",135.0
FNDDS:2705999,"1 leg, NS as to size",120.0
FNDDS:2705999,1 medium leg,120.0
FNDDS:2705999,"1 oz, cooked",28.4
FNDDS:2705999,1 large leg,155.0
FNDDS:2705999,1 small leg,105.0
FNDDS:2706000,"1 cup, cooked, diced",135.0
FNDDS:2706000,"1 oz, cooked",28.4
FNDDS:2706000,1 drumstick,60.0
FNDDS:2706001,"1 oz, cooked",28.4
FNDDS:2706001,1 drumstick,50.0
FNDDS:2706001,"1 cup, cooked, diced",135.0
FNDDS:2706002,1 medium drumstick,60.0
FNDDS:2706002,1 large drumstick,80.0
FNDDS:2706002,"1 cup, cooked, diced",135.0
FNDDS:2706002,"1 oz, cooked",28.4
FNDDS:2706002,1 small drumstick,45.0
FNDDS:2706003,"1 oz, cooked",28.4
FNDDS:2706003,1 medium drumstick,50.0
FNDDS:2706003,1 large drumstick,65.0
FNDDS:2706003,"1 cup, cooked, diced",135.0
FNDDS:2706003,1 small drumstick,40.0
FNDDS:2706004,1 large drumstick,80.0
FNDDS:2706004,1 medium drumstick,60.0
FNDDS:2706004,"1 oz, cooked",28.4
FNDDS:2706004,"1 cup, cooked, diced",135.0
FNDDS:2706004,1 small drumstick,45.0
FNDDS:2706005,"1 cup, cooked, diced",135.0
FNDDS:2706005,1 small drumstick,40.0
FNDDS:2706005,1 medium drumstick,50.0
FNDDS:2706005,1 large drumstick,65.0
FNDDS:2706005,"1 oz, cooked",28.4
FNDDS:2706006,"1 cup, cooked, diced",135.0
FNDDS:2706006,1 drumstick,60.0
FNDDS:2706006,"1 oz, cooked",28.4
FNDDS:2706007,"1 oz, cooked",28.4
FNDDS:2706007,"1 cup, cooked, diced",135.0
FNDDS:2706007,1 drumstick,50.0
FNDDS:2706008,1 drumstick,60.0
FNDDS:2706008,"1 oz, cooked",28.4
FNDDS:2706008,"1 cup, cooked, diced",135.0
FNDDS:2706009,1 drumstick,50.0
FNDDS:2706009,"1 cup, cooked, diced",135.0
FNDDS:2706009,"1 oz, cooked",28.4
FNDDS:2706010,1 large drumstick,80.0
FNDDS:2706010,"1 oz, cooked",28.4
FNDDS:2706010,1 medium drumstick,60.0
FNDDS:2706010,"1 cup, cooked, diced",135.0
FNDDS:2706010,"1 drumstick, NS as to size",60.0
FNDDS:2706010,1 small drumstick,45.0
FNDDS:2706011,1 large drumstick,65.0
FNDDS:2706011,"1 oz, cooked",28.4
FNDDS:2706011,"1 cup, cooked, diced",135.0
FNDDS:2706011,"1 drumstick, NS as to size",50.0
FNDDS:2706011,1 small drumstick,40.0
FNDDS:2706011,1 medium drumstick,50.0
FNDDS:2706012,1 medium drumstick,85.0
FNDDS:2706012,"1 oz, cooked",28.4
FNDDS:2706012,1 small drumstick,65.0
FNDDS:2706012,"1 drumstick, NS as to size",85.0
FNDDS:2706012,1 large drumstick,110.0
FNDDS:2706012,"1 cup, cooked, diced",165.0
FNDDS:2706013,"1 drumstick, NS as to size",75.0
FNDDS:2706013,1 medium drumstick,75.0
FNDDS:2706013,"1 oz, cooked",28.4
FNDDS:2706013,"1 cup, cooked, diced",165.0
FNDDS:2706013,1 small drumstick,55.0
FNDDS:2706013,1 large drumstick,100.0
FNDDS:2706014,1 small drumstick,50.0
FNDDS:2706014,"1 cup, cooked, diced",135.0
FNDDS:2706014,"1 oz, cooked",28.4
FNDDS:2706014,1 medium drumstick,65.0
FNDDS:2706014,1 large drumstick,90.0
FNDDS:2706014,"1 drumstick, NS as to size",65.0
FNDDS:2706015,"1 cup, cooked, diced",135.0
FNDDS:2706015,1 medium drumstick,55.0
FNDDS:2706015,1 large drumstick,70.0
FNDDS:2706015,"1 drumstick, NS as to size",55.0
FNDDS:2706015,1 small drumstick,45.0
FNDDS:2706015,"1 oz, cooked",28.4
FNDDS:2706016,"1 cup, cooked, diced",135.0
FNDDS:2706016,1 small drumstick,45.0
FNDDS:2706016,1 medium drumstick,60.0
FNDDS:2706016,1 large drumstick,80.0
FNDDS:2706016,"1 oz, cooked",28.4
FNDDS:2706016,"1 drumstick, NS as to size",60.0
FNDDS:2706017,"1 drumstick, NS as to size",50.0
FNDDS:2706017,1 small drumstick,40.0
FNDDS:2706017,1 medium drumstick,50.0
FNDDS:2706017,1 large drumstick,65.0
FNDDS:2706017,"1 oz, cooked",28.4
FNDDS:2706017,"1 cup, cooked, diced",135.0
FNDDS:2706018,"1 cup, cooked, diced",135.0
FNDDS:2706018,1 small drumstick,65.0
FNDDS:2706018,1 large drumstick,110.0
FNDDS:2706018,1 medium drumstick,85.0
FNDDS:2706018,"1 oz, cooked",28.4
FNDDS:2706019,1 medium drumstick,50.0
FNDDS:2706019,"1 oz, cooked",28.4
FNDDS:2706019,1 small drumstick,40.0
FNDDS:2706019,1 large drumstick,65.0
FNDDS:2706019,"1 cup, cooked, diced",135.0
FNDDS:2706020,"1 oz, cooked",28.4
FNDDS:2706020,"1 cup, cooked, diced",135.0
FNDDS:2706020,1 medium drumstick,60.0
FNDDS:2706020,1 small drumstick,45.0
FNDDS:2706020,1 large drumstick,80.0
FNDDS:2706021,"1 oz, cooked",28.4
FNDDS:2706021,1 large drumstick,110.0
FNDDS:2706021,1 medium drumstick,85.0
FNDDS:2706021,1 small drumstick,65.0
FNDDS:2706021,"1 cup, cooked, diced",135.0
FNDDS:2706022,1 small drumstick,40.0
FNDDS:2706022,"1 cup, cooked, diced",135.0
FNDDS:2706022,"1 oz, cooked",28.4
FNDDS:2706022,1 large drumstick,65.0
FNDDS:2706022,1 medium drumstick,50.0
FNDDS:2706023,"1 oz, cooked",28.4
FNDDS:2706023,1 drumstick,85.0
FNDDS:2706023,"1 cup, cooked, diced",135.0
FNDDS:2706024,"1 oz, cooked",28.4
FNDDS:2706024,"1 cup, cooked, diced",135.0
FNDDS:2706024,1 drumstick,50.0
FNDDS:2706025,1 medium drumstick,85.0
FNDDS:2706025,"1 drumstick, NS as to size",85.0
FNDDS:2706025,1 small drumstick,65.0
FNDDS:2706025,"1 cup, cooked, diced",135.0
FNDDS:2706025,1 large drumstick,110.0
FNDDS:2706025,"1 oz, cooked",28.4
FNDDS:2706026,1 small drumstick,40.0
FNDDS:2706026,"1 drumstick, NS as to size",50.0
FNDDS:2706026,1 large drumstick,65.0
FNDDS:2706026,"1 oz, cooked",28.4
FNDDS:2706026,"1 cup, cooked, diced",135.0
FNDDS:2706026,1 medium drumstick,50.0
FNDDS:2706027,"1 cup, cooked, diced",135.0
FNDDS:2706027,1 thigh,80.0
FNDDS:2706027,"1 oz, cooked",28.4
FNDDS:2706028,"1 cup, cooked, diced",135.0
FNDDS:2706028,1 thigh,70.0
FNDDS:2706028,"1 oz, cooked",28.4
FNDDS:2706029,"1 oz, cooked",28.4
FNDDS:2706029,1 medium thigh,80.0
FNDDS:2706029,1 large thigh,105.0
FNDDS:2706029,"1 cup, cooked, diced",135.0
FNDDS:2706029,1 small thigh,75.0
FNDDS:2706030,1 medium thigh,70.0
FNDDS:2706030,"1 oz, cooked",28.4
FNDDS:2706030,1 large thigh,90.0
FNDDS:2706030,"1 cup, cooked, diced",135.0
FNDDS:2706030,1 small thigh,65.0
FNDDS:2706031,1 small thigh,75.0
FNDDS:2706031,"1 oz, cooked",28.4
FNDDS:2706031,1 medium thigh,80.0
FNDDS:2706031,1 large thigh,105.0
FNDDS:2706031,"1 cup, cooked, diced",135.0
FNDDS:2706032,"1 cup, cooked, diced",135.0
FNDDS:2706032,"1 oz, cooked",28.4
FNDDS:2706032,1 medium thigh,70.0
FNDDS:2706032,1 small thigh,65.0
FNDDS:2706032,1 large thigh,90.0
FNDDS:2706033,"1 oz, cooked",28.4
FNDDS:2706033,"1 cup, cooked, diced",135.0
FNDDS:2706033,1 thigh,80.0
FNDDS:2706034,"1 cup, cooked, diced",135.0
FNDDS:2706034,1 thigh,70.0
FNDDS:2706034,"1 oz, cooked",28.4
FNDDS:2706035,"1 oz, cooked",28.4
FNDDS:2706035,1 thigh,80.0
FNDDS:2706035,"1 cup, cooked, diced",135.0
FNDDS:2706036,1 thigh,70.0
FNDDS:2706036,"1 oz, cooked",28.4
FNDDS:2706036,"1 cup, cooked, diced",135.0
FNDDS:2706037,"1 oz, cooked",28.4
FNDDS:2706037,"1 cup, cooked, diced",135.0
FNDDS:2706037,1 medium thigh,90.0
FNDDS:2706037,1 large thigh,110.0
FNDDS:2706037,1 small thigh,80.0
FNDDS:2706037,"1 thigh, NS as to size",90.0
FNDDS:2706038,"1 cup, cooked, diced",135.0
FNDDS:2706038,"1 oz, cooked",28.4
FNDDS:2706038,"1 thigh, NS as to size",80.0
FNDDS:2706038,1 medium thigh,80.0
FNDDS:2706038,1 small thigh,70.0
FNDDS:2706038,1 large thigh,100.0
FNDDS:2706039,"1 oz, cooked",28.4
FNDDS:2706039,"1 cup, cooked, diced",135.0
FNDDS:2706039,1 small thigh,75.0
FNDDS:2706039,1 medium thigh,80.0
FNDDS:2706039,1 large thigh,105.0
FNDDS:2706039,"1 thigh, NS as to size",80.0
FNDDS:2706040,1 large thigh,90.0
FNDDS:2706040,1 small thigh,65.0
FNDDS:2706040,"1 oz, cooked",28.4
FNDDS:2706040,"1 thigh, NS as to size",70.0
FNDDS:2706040,1 medium thigh,70.0
FNDDS:2706040,"1 cup, cooked, diced",135.0
FNDDS:2706041,1 large thigh,140.0
FNDDS:2706041,1 medium thigh,110.0
FNDDS:2706041,1 small thigh,100.0
FNDDS:2706041,"1 thigh, NS as to size",110.0
FNDDS:2706041,"1 cup, cooked, diced",165.0
FNDDS:2706041,"1 oz, cooked",28.4
FNDDS:2706042,1 large thigh,130.0
FNDDS:2706042,"1 thigh, NS as to size",100.0
FNDDS:2706042,1 medium thigh,100.0
FNDDS:2706042,1 small thigh,90.0
FNDDS:2706042,"1 cup, cooked, diced",165.0
FNDDS:2706042,"1 oz, cooked",28.4
FNDDS:2706043,1 medium thigh,80.0
FNDDS:2706043,1 small thigh,75.0
FNDDS:2706043,"1 cup, cooked, diced",135.0
FNDDS:2706043,1 large thigh,105.0
FNDDS:2706043,"1 oz, cooked",28.4
FNDDS:2706043,"1 thigh, NS as to size",80.0
FNDDS:2706044,"1 oz, cooked",28.4
FNDDS:2706044,1 medium thigh,70.0
FNDDS:2706044,"1 cup, cooked, diced",135.0
FNDDS:2706044,1 large thigh,90.0
FNDDS:2706044,"1 thigh, NS as to size",70.0
FNDDS:2706044,1 small thigh,65.0
FNDDS:2706045,1 large thigh,140.0
FNDDS:2706045,"1 cup, cooked, diced",135.0
FNDDS:2706045,"1 oz, cooked",28.4
FNDDS:2706045,1 medium thigh,110.0
FNDDS:2706045,1 small thigh,100.0
FNDDS:2706046,1 large thigh,90.0
FNDDS:2706046,"1 cup, cooked, diced",135.0
FNDDS:2706046,1 small thigh,65.0
FNDDS:2706046,"1 oz, cooked",28.4
FNDDS:2706046,1 medium thigh,70.0
FNDDS:2706047,"1 oz, cooked",28.4
FNDDS:2706047,1 large thigh,125.0
FNDDS:2706047,1 medium thigh,100.0
FNDDS:2706047,1 small thigh,90.0
FNDDS:2706047,"1 cup, cooked, diced",135.0
FNDDS:2706048,1 medium thigh,110.0
FNDDS:2706048,"1 oz, cooked",28.4
FNDDS:2706048,"1 cup, cooked, diced",135.0
FNDDS:2706048,1 large thigh,140.0
FNDDS:2706048,1 small thigh,100.0
FNDDS:2706049,"1 cup, cooked, diced",135.0
FNDDS:2706049,1 large thigh,90.0
FNDDS:2706049,"1 oz, cooked",28.4
FNDDS:2706049,1 medium thigh,70.0
FNDDS:2706049,1 small thigh,65.0
FNDDS:2706050,"1 oz, cooked",28.4
FNDDS:2706050,1 thigh,110.0
FNDDS:2706050,"1 cup, cooked, diced",135.0
FNDDS:2706051,1 thigh,70.0
FNDDS:2706051,"1 oz, cooked",28.4
FNDDS:2706051,"1 cup, cooked, diced",135.0
FNDDS:2706052,1 thigh,110.0
FNDDS:2706052,"1 oz, cooked",28.4
FNDDS:2706052,"1 cup, cooked, diced",135.0
FNDDS:2706053,"1 oz, cooked",28.4
FNDDS:2706053,1 thigh,70.0
FNDDS:2706053,"1 cup, cooked, diced",135.0
FNDDS:2706054,1 small thigh,100.0
FNDDS:2706054,"1 thigh, NS as to size",110.0
FNDDS:2706054,1 medium thigh,110.0
FNDDS:2706054,"1 oz, cooked",28.4
FNDDS:2706054,1 large thigh,140.0
FNDDS:2706054,"1 cup, cooked, diced",135.0
FNDDS:2706055,1 medium thigh,70.0
FNDDS:2706055,1 small thigh,65.0
FNDDS:2706055,"1 thigh, NS as to size",70.0
FNDDS:2706055,1 large thigh,90.0
FNDDS:2706055,"1 cup, cooked, diced",135.0
FNDDS:2706055,"1 oz, cooked",28.4
FNDDS:2706056,1 drummette,22.0
FNDDS:2706056,"1 wing, any size",35.0
FNDDS:2706057,"1 wing, any size",35.0
FNDDS:2706057,1 drummette,22.0
FNDDS:2706058,1 drummette,22.0
FNDDS:2706058,"1 wing, any size",35.0
FNDDS:2706059,1 wing,35.0
FNDDS:2706059,1 drummette,22.0
FNDDS:2706060,1 drummette,22.0
FNDDS:2706060,"1 wing, any size",35.0
FNDDS:2706061,"1 wing, any size",45.0
FNDDS:2706061,1 drummette,22.0
FNDDS:2706062,"1 wing, any size",35.0
FNDDS:2706062,1 drummette,22.0
FNDDS:2706063,"1 wing, any size",55.0
FNDDS:2706063,1 drummette,22.0
FNDDS:2706064,"1 wing, any size",35.0
FNDDS:2706064,1 drummette,22.0
FNDDS:2706065,1 drummette,22.0
FNDDS:2706065,"1 wing, any size",55.0
FNDDS:2706066,1 drummette,22.0
FNDDS:2706066,"1 wing, any size",55.0
FNDDS:2706067,1 drummette,22.0
FNDDS:2706067,"1 wing, any size",55.0
FNDDS:2706068,1 drummette,22.0
FNDDS:2706068,"1 wing, any size",55.0
FNDDS:2706069,1 drummette,22.0
FNDDS:2706069,"1 wing, any size",55.0
FNDDS:2706070,1 drummette,35.0
FNDDS:2706071,1 drummette,35.0
FNDDS:2706072,1 drummette,22.0
FNDDS:2706073,1 drummette,35.0
FNDDS:2706074,1 drummette,35.0
FNDDS:2706075,1 drummette,22.0
FNDDS:2706076,1 drummette,35.0
FNDDS:2706077,1 drummette,35.0
FNDDS:2706078,1 drummette,22.0
FNDDS:2706079,1 boneless wing,35.0
FNDDS:2706080,1 boneless wing,35.0
FNDDS:2706081,"1 small back (yield after cooking, bone removed)",110.0
FNDDS:2706081,"1 large back (yield after cooking, bone removed)",160.0
FNDDS:2706081,"1 medium back (yield after cooking, bone removed)",130.0
FNDDS:2706082,"1 neck (yield after cooking, bone removed)",35.0
FNDDS:2706083,1 tail,30.0
FNDDS:2706084,"1 oz, raw (yield after cooking)",20.0
FNDDS:2706084,"1/2 chicken, skin only",55.0
FNDDS:2706085,1 foot,35.0
FNDDS:2706086,1 cup,205.0
FNDDS:2706086,1 can (5 oz) yields,125.0
FNDDS:2706087,1 slice,28.0
FNDDS:2706087,"1 cup, diced",135.0
FNDDS:2706087,1 cubic inch,17.0
FNDDS:2706088,1 patty,75.0
FNDDS:2706088,1 cubic inch,17.0
FNDDS:2706089,1 cubic inch,17.0
FNDDS:2706089,1 fillet,120.0
FNDDS:2706090,1 cubic inch,17.0
FNDDS:2706090,1 nugget,16.0
FNDDS:2706090,1 fillet,100.0
FNDDS:2706091,"1 oz, cooked",28.4
FNDDS:2706091,1 patty,60.0
FNDDS:2706091,"1 cup, cooked",130.0
FNDDS:2706092,1 cup,140.0
FNDDS:2706092,1 nugget,16.0
FNDDS:2706093,1 chicken bite,16.0
FNDDS:2706093,1 cup,140.0
FNDDS:2706093,1 nugget,16.0
FNDDS:2706094,1 nugget,16.0
FNDDS:2706094,1 cup,140.0
FNDDS:2706095,1 nugget,16.0
FNDDS:2706095,1 cup,140.0
FNDDS:2706096,1 nugget,16.0
FNDDS:2706096,1 cup,140.0
FNDDS:2706097,1 nugget,16.0
FNDDS:2706097,1 cup,140.0
FNDDS:2706098,1 popcorn chicken,10.0
FNDDS:2706098,1 cup,140.0
FNDDS:2706098,"1 tender, strip, or finger",50.0
FNDDS:2706098,1 chicken fry,14.0
FNDDS:2706099,1 chicken fry,14.0
FNDDS:2706099,1 cup,140.0
FNDDS:2706099,1 popcorn chicken,10.0
FNDDS:2706099,"1 tender, strip, or finger",50.0
FNDDS:2706100,1 popcorn chicken,10.0
FNDDS:2706100,1 cup,140.0
FNDDS:2706100,"1 tender, strip, or finger",50.0
FNDDS:2706101,1 popcorn chicken,10.0
FNDDS:2706101,1 strip,40.0
FNDDS:2706101,1 cup,140.0
FNDDS:2706101,1 tender or finger,17.0
FNDDS:2706102,1 tender or finger,17.0
FNDDS:2706102,1 strip,40.0
FNDDS:2706102,1 popcorn chicken,10.0
FNDDS:2706102,1 cup,140.0
FNDDS:2706102,1 chicken fry,14.0
FNDDS:2706103,1 popcorn chicken,10.0
FNDDS:2706103,"1 tender, strip, or finger",50.0
FNDDS:2706103,1 cup,140.0
FNDDS:2706104,"1 oz, boneless, cooked",28.4
FNDDS:2706104,1 small or thin slice,30.0
FNDDS:2706104,1 large or thick slice,85.0
FNDDS:2706104,"1 cup, diced, cooked",135.0
FNDDS:2706104,1 medium slice,60.0
FNDDS:2706105,1 large or thick slice,85.0
FNDDS:2706105,"1 cup, cooked, diced",135.0
FNDDS:2706105,1 small or thin slice,30.0
FNDDS:2706105,1 medium slice,60.0
FNDDS:2706105,1 turkey cutlet,55.0
FNDDS:2706105,"1 oz, boneless, cooked, skinless",28.4
FNDDS:2706106,1 small or thin slice,30.0
FNDDS:2706106,1 large or thick slice,85.0
FNDDS:2706106,1 medium slice,60.0
FNDDS:2706106,"1 oz, boneless, cooked",28.4
FNDDS:2706106,"1 cup, diced, cooked",135.0
FNDDS:2706107,"1 cup, cooked, diced",135.0
FNDDS:2706107,1 large or thick slice,85.0
FNDDS:2706107,"1 oz, boneless, cooked, skinless",28.4
FNDDS:2706107,1 small or thin slice,30.0
FNDDS:2706107,1 medium slice,60.0
FNDDS:2706108,"1 cup, diced, cooked",135.0
FNDDS:2706108,1 small or thin slice,30.0
FNDDS:2706108,1 medium slice,60.0
FNDDS:2706108,"1 oz, boneless, cooked",28.4
FNDDS:2706108,1 large or thick slice,85.0
FNDDS:2706109,1 small or thin slice,30.0
FNDDS:2706109,"1 cup, cooked, diced",135.0
FNDDS:2706109,1 large or thick slice,85.0
FNDDS:2706109,"1 oz, boneless, cooked, skinless",28.4
FNDDS:2706109,1 medium slice,60.0
FNDDS:2706110,1 medium slice,60.0
FNDDS:2706110,"1 oz, boneless, cooked",28.4
FNDDS:2706110,1 small or thin slice,30.0
FNDDS:2706110,1 large or thick slice,85.0
FNDDS:2706110,"1 cup, diced, cooked",135.0
FNDDS:2706111,1 small or thin slice,30.0
FNDDS:2706111,1 medium slice,60.0
FNDDS:2706111,1 large or thick slice,85.0
FNDDS:2706111,"1 cup, cooked, diced",135.0
FNDDS:2706111,"1 oz, boneless, cooked, skinless",28.4
FNDDS:2706112,1 large or thick slice,85.0
FNDDS:2706112,1 small or thin slice,30.0
FNDDS:2706112,1 medium slice,60.0
FNDDS:2706112,"1 cup, diced, cooked",135.0
FNDDS:2706112,"1 oz, boneless, cooked",28.4
FNDDS:2706113,1 small or thin slice,30.0
FNDDS:2706113,"1 cup, cooked, diced",135.0
FNDDS:2706113,"1 oz, boneless, cooked, skinless",28.4
FNDDS:2706113,1 large or thick slice,85.0
FNDDS:2706113,1 medium slice,60.0
FNDDS:2706114,1 large or thick slice,85.0
FNDDS:2706114,"1 oz, boneless, cooked",28.4
FNDDS:2706114,"1 cup, diced, cooked",135.0
FNDDS:2706114,1 small or thin slice,30.0
FNDDS:2706114,1 medium slice,60.0
FNDDS:2706115,1 large or thick slice,85.0
FNDDS:2706115,"1 oz, boneless, cooked, skinless",28.4
FNDDS:2706115,1 small or thin slice,30.0
FNDDS:2706115,"1 cup, cooked, diced",135.0
FNDDS:2706115,1 medium slice,60.0
FNDDS:2706116,1 small or thin slice,28.0
FNDDS:2706116,1 large or thick slice,85.0
FNDDS:2706116,1 medium slice,57.0
FNDDS:2706116,"1 oz, boneless, cooked",28.4
FNDDS:2706116,"1 cup, diced, cooked",135.0
FNDDS:2706117,1 medium slice,57.0
FNDDS:2706117,1 large or thick slice,85.0
FNDDS:2706117,"1 cup, cooked, diced",135.0
FNDDS:2706117,"1 oz, boneless, cooked, skinless",28.4
FNDDS:2706117,1 small or thin slice,28.0
FNDDS:2706118,1 small or thin slice,28.0
FNDDS:2706118,1 large or thick slice,85.0
FNDDS:2706118,1 medium slice,57.0
FNDDS:2706118,"1 cup, diced, cooked",135.0
FNDDS:2706118,"1 oz, boneless, cooked",28.4
FNDDS:2706119,1 medium slice,57.0
FNDDS:2706119,1 small or thin slice,28.0
FNDDS:2706119,1 large or thick slice,85.0
FNDDS:2706119,"1 oz, boneless, cooked",28.4
FNDDS:2706119,"1 cup, cooked, diced",135.0
FNDDS:2706120,1 small or thin slice,28.0
FNDDS:2706120,1 large or thick slice,85.0
FNDDS:2706120,"1 cup, cooked, diced",135.0
FNDDS:2706120,"1 oz, boneless, cooked, skinless",28.4
FNDDS:2706120,1 medium slice,57.0
FNDDS:2706121,"1 cup, cooked, diced",135.0
FNDDS:2706121,"1 large drumstick (from tom, approx 19 to 21 lb bird) (yield after cooking, bone and skin removed)",270.0
FNDDS:2706121,"1 small drumstick (from hen, approx 11 to 13 lb bird) (yield after cooking, bone and skin removed)",130.0
FNDDS:2706121,"1 medium drumstick (approx 14 to 18 lb bird) (yield after cooking, bone and skin removed)",200.0
FNDDS:2706122,"1 large drumstick (from tom, approx 19 to 21 lb bird) (yield after cooking, bone removed)",290.0
FNDDS:2706122,"1 medium drumstick (approx 14 to 18 lb bird) (yield after cooking, bone removed)",215.0
FNDDS:2706122,"1 cup, diced, cooked",135.0
FNDDS:2706122,"1 small drumstick (from hen, approx 11 to 13 lb bird) (yield after cooking, bone removed)",145.0
FNDDS:2706123,"1 small drumstick (from hen, approx 11 to 13 lb bird) (yield after cooking, bone and skin removed)",115.0
FNDDS:2706123,"1 large drumstick (from tom, approx 19 to 21 lb bird) (yield after cooking, bone and skin removed)",260.0
FNDDS:2706123,"1 cup, cooked, diced",135.0
FNDDS:2706123,"1 medium drumstick (approx 14 to 18 lb bird) (yield after cooking, bone and skin removed)",190.0
FNDDS:2706124,"1 small drumstick (from hen, approx 11 to 13 lb bird) (yield after cooking, bone removed)",125.0
FNDDS:2706124,"1 cup, diced, cooked",135.0
FNDDS:2706124,"1 medium drumstick (approx 14 to 18 lb bird) (yield after cooking, bone removed)",205.0
FNDDS:2706124,"1 large drumstick (from tom, approx 19 to 21 lb bird) (yield after cooking, bone removed)",285.0
FNDDS:2706125,"1 cup, diced, cooked",135.0
FNDDS:2706125,"1 medium thigh (approx 14 to 18 lb bird) (yield after cooking, bone removed)",300.0
FNDDS:2706125,"1 large thigh (from tom, approx 19 to 21 lb bird) (yield after cooking, bone removed)",370.0
FNDDS:2706125,"1 small thigh (from hen, approx 11 to 13 lb bird) (yield after cooking, bone removed)",225.0
FNDDS:2706125,"1 oz, boneless, cooked",28.4
FNDDS:2706126,"1 oz, boneless, cooked, skinless",28.4
FNDDS:2706126,"1 small thigh (from hen, approx 11 to 13 lb bird) (yield after cooking, bone and skin removed)",205.0
FNDDS:2706126,"1 cup, cooked, diced",135.0
FNDDS:2706126,"1 large thigh (from tom, approx 19 to 21 lb bird) (yield after cooking, bone and skin removed)",345.0
FNDDS:2706126,"1 medium thigh (approx 14 to 18 lb bird) (yield after cooking, bone and skin removed)",275.0
FNDDS:2706127,1 medium neck (from 14 to 18 lb turkey),155.0
FNDDS:2706127,"1 cup, diced, cooked",135.0
FNDDS:2706127,1 small neck (from 11 to 13 lb turkey),115.0
FNDDS:2706127,1 large neck (from 19 to 21 lb turkey),195.0
FNDDS:2706128,"1 cup, cooked, diced",135.0
FNDDS:2706128,"1 small wing (yield after cooking, bone and skin removed)",60.0
FNDDS:2706128,"1 large wing (yield after cooking, bone and skin removed)",200.0
FNDDS:2706128,"1 medium wing (yield after cooking, bone and skin removed)",145.0
FNDDS:2706129,"1 medium wing (yield after cooking, bone removed)",175.0
FNDDS:2706129,"1 large wing (yield after cooking, bone removed)",240.0
FNDDS:2706129,"1 small wing (yield after cooking, bone removed)",90.0
FNDDS:2706129,"1 cup, diced, cooked",135.0
FNDDS:2706130,"1 tail (yield after cooking, bone removed)",60.0
FNDDS:2706131,"1 back (yield after cooking, bone removed)",525.0
FNDDS:2706132,1 can (5 oz) yields,125.0
FNDDS:2706132,"1 cup, drained",135.0
FNDDS:2706133,"1 cup, cooked",130.0
FNDDS:2706133,1 patty,60.0
FNDDS:2706133,"1 oz, cooked",28.4
FNDDS:2706134,1 cup,140.0
FNDDS:2706134,1 nugget,20.0
FNDDS:2706135,1 thin slice (yield after cooking),8.0
FNDDS:2706135,"1 slice, NFS",11.0
FNDDS:2706135,1 thick slice (yield after cooking),14.0
FNDDS:2706135,Guideline amount on regular sandwich,22.0
FNDDS:2706135,"1 cup, pieces",82.0
FNDDS:2706135,Guideline amount if topping,11.0
FNDDS:2706135,"1 oz, cooked",28.4
FNDDS:2706135,"1 oz, raw (yield after cooking)",16.0
FNDDS:2706135,1 medium slice (yield after cooking),11.0
FNDDS:2706136,1 medium slice (yield after cooking),11.0
FNDDS:2706136,Guideline amount on regular sandwich,22.0
FNDDS:2706136,"1 cup, pieces",82.0
FNDDS:2706136,Guideline amount if topping,11.0
FNDDS:2706136,"1 oz, cooked",28.4
FNDDS:2706136,1 thin slice (yield after cooking),8.0
FNDDS:2706136,"1 slice, NFS",11.0
FNDDS:2706136,1 thick slice (yield after cooking),14.0
FNDDS:2706136,"1 oz, raw (yield after cooking)",16.0
FNDDS:2706137,1 breast,120.0
FNDDS:2706137,"1 leg (drumstick and thigh) (yield after cooking, bone removed)",90.0
FNDDS:2706137,"1 wing (yield after cooking, bone removed)",50.0
FNDDS:2706137,"1/2 duck (yield after cooking, bone removed)",380.0
FNDDS:2706137,"1 cup, cooked, diced",140.0
FNDDS:2706138,"1/2 duck (yield after cooking, bone and skin removed)",220.0
FNDDS:2706138,"1 leg (drumstick and thigh) (yield after cooking, bone and skin removed)",75.0
FNDDS:2706138,"1 cup, cooked, diced",140.0
FNDDS:2706138,1 breast,95.0
FNDDS:2706138,"1 wing (yield after cooking, bone and skin removed)",40.0
FNDDS:2706139,"1 wing (yield after cooking, bone removed)",50.0
FNDDS:2706139,"1 leg (drumstick and thigh) (yield after cooking, bone removed)",90.0
FNDDS:2706139,"1/2 duck (yield after cooking, bone removed)",380.0
FNDDS:2706139,"1 cup, cooked, diced",140.0
FNDDS:2706139,1 breast,120.0
FNDDS:2706140,"1 leg (drumstick and thigh) (yield after cooking, bone and skin removed)",75.0
FNDDS:2706140,"1 cup, cooked, diced",140.0
FNDDS:2706140,1 breast,95.0
FNDDS:2706140,"1/2 duck (yield after cooking, bone and skin removed)",220.0
FNDDS:2706140,"1 wing (yield after cooking, bone and skin removed)",40.0
FNDDS:2706141,"1 oz, cooked",28.4
FNDDS:2706141,"1 cup, diced, cooked",140.0
FNDDS:2706142,"1 cup, cooked, diced",140.0
FNDDS:2706143,"1 wing (yield after cooking, bone removed)",20.0
FNDDS:2706143,"1 cup, diced, cooked",140.0
FNDDS:2706143,"1 hen (1-1/4 lb, raw) (yield after cooking, bone removed)",305.0
FNDDS:2706143,1 breast,55.0
FNDDS:2706143,"1 leg (drumstick and thigh) (yield after cooking, bone removed)",60.0
FNDDS:2706144,1 breast,45.0
FNDDS:2706144,"1 cup, cooked, diced",140.0
FNDDS:2706144,"1 hen (1-1/4 lb, raw) (yield after cooking, bone and skin removed)",250.0
FNDDS:2706144,"1 wing (yield after cooking, bone and skin removed)",15.0
FNDDS:2706144,"1 leg (drumstick and thigh) (yield after cooking, bone and skin removed)",50.0
FNDDS:2706145,"1 leg (drumstick and thigh) (yield after cooking, bone removed)",60.0
FNDDS:2706145,"1 cup, diced, cooked",140.0
FNDDS:2706145,"1 wing (yield after cooking, bone removed)",20.0
FNDDS:2706145,1 breast,55.0
FNDDS:2706145,"1 hen (1-1/4 lb, raw) (yield after cooking, bone removed)",305.0
FNDDS:2706146,1 breast,45.0
FNDDS:2706146,"1 leg (drumstick and thigh) (yield after cooking, bone and skin removed)",50.0
FNDDS:2706146,"1 cup, cooked, diced",140.0
FNDDS:2706146,"1 wing (yield after cooking, bone and skin removed)",15.0
FNDDS:2706146,"1 hen (1-1/4 lb, raw) (yield after cooking, bone and skin removed)",250.0
FNDDS:2706147,"1 cup, diced, cooked",140.0
FNDDS:2706147,"1 dove (yield after cooking, bone removed)",110.0
FNDDS:2706148,"1 cup, diced, cooked",140.0
FNDDS:2706148,"1 dove (yield after cooking, bone removed)",110.0
FNDDS:2706149,"1 cup, diced, cooked",135.0
FNDDS:2706149,"1 quail (yield after cooking, bone removed)",75.0
FNDDS:2706150,"1/2 pheasant breast (yield after cooking, bone removed)",130.0
FNDDS:2706150,"1 pheasant leg (drumstick and thigh) (yield after cooking, bone removed)",75.0
FNDDS:2706150,"1 cup, diced, cooked",135.0
FNDDS:2706151,1 jar,70.0
FNDDS:2706151,1 tablespoon,15.0
FNDDS:2706152,1 tablespoon,15.0
FNDDS:2706152,1 jar,70.0
FNDDS:2706153,"1 slice, any size",85.0
FNDDS:2706153,1 oz yields,20.0
FNDDS:2706153,1 cubic inch,22.0
FNDDS:2706153,1 cup,125.0
FNDDS:2706154,1 oz yields,20.0
FNDDS:2706154,1 cup,140.0
FNDDS:2706154,1 liver,22.0
FNDDS:2706155,1 cup,210.0
FNDDS:2706156,1 oz yields,20.0
FNDDS:2706156,1 heart,3.0
FNDDS:2706156,1 cup,145.0
FNDDS:2706157,1 kidney,230.0
FNDDS:2706157,1 oz yields,20.0
FNDDS:2706157,1 cup,140.0
FNDDS:2706158,1 pair,190.0
FNDDS:2706158,1 oz yields,20.0
FNDDS:2706159,1 cup,140.0
FNDDS:2706159,1 oz yields,20.0
FNDDS:2706160,1 oz yields,20.0
FNDDS:2706161,"1 slice (5"" x 2"" x 1"")",110.0
FNDDS:2706162,1 cup,140.0
FNDDS:2706162,1 oz yields,16.0
FNDDS:2706162,"1 cubic inch, cooked",18.0
FNDDS:2706163,1 oz yields,20.0
FNDDS:2706163,1 cup,125.0
FNDDS:2706164,1 cup,140.0
FNDDS:2706164,1 oz yields,20.0
FNDDS:2706164,"1 cubic inch, cooked",18.0
FNDDS:2706165,1 oz yields,20.0
FNDDS:2706165,1 gizzard,22.0
FNDDS:2706165,1 cup,145.0
FNDDS:2706166,1 bun length/jumbo,57.0
FNDDS:2706166,1 footlong,88.0
FNDDS:2706166,1 cocktail/miniature,10.0
FNDDS:2706166,1 regular,57.0
FNDDS:2706166,"1 cup, sliced",150.0
FNDDS:2706167,1 bun length/jumbo,57.0
FNDDS:2706167,1 cocktail/miniature,10.0
FNDDS:2706167,"1 cup, sliced",150.0
FNDDS:2706167,1 regular,57.0
FNDDS:2706167,1 footlong,88.0
FNDDS:2706168,1 footlong,88.0
FNDDS:2706168,1 bun length/jumbo,57.0
FNDDS:2706168,1 cocktail/miniature,10.0
FNDDS:2706168,1 regular,57.0
FNDDS:2706168,"1 cup, sliced",150.0
FNDDS:2706169,1 bun length/jumbo,57.0
FNDDS:2706169,1 footlong,88.0
FNDDS:2706169,1 regular,57.0
FNDDS:2706169,"1 cup, sliced",150.0
FNDDS:2706169,1 cocktail/miniature,10.0
FNDDS:2706170,1 cocktail/miniature,10.0
FNDDS:2706170,1 bun length/jumbo,57.0
FNDDS:2706170,1 footlong,88.0
FNDDS:2706170,1 regular,57.0
FNDDS:2706170,"1 cup, sliced",150.0
FNDDS:2706171,1 cubic inch,18.0
FNDDS:2706171,1 slice,15.0
FNDDS:2706171,1 bun-size or griller link,75.0
FNDDS:2706171,1 cocktail or miniature link,10.0
FNDDS:2706171,1 half smoke sausage,112.0
FNDDS:2706171,"1 oz, cooked",28.4
FNDDS:2706171,1 piece,75.0
FNDDS:2706171,"1 cup, NFS",138.0
FNDDS:2706171,1 breakfast size link,20.0
FNDDS:2706171,1 patty,35.0
FNDDS:2706172,1 link,76.0
FNDDS:2706172,"1 cup, NFS",138.0
FNDDS:2706173,"1 slice, round (2-1/4"" dia x 1/8"" thick)",8.0
FNDDS:2706173,1 cubic inch,18.0
FNDDS:2706173,"1 slice, loaf shape (5"" x 4-5/8"" x 1/16"")",25.0
FNDDS:2706173,"1 slice, NFS",25.0
FNDDS:2706173,"1 cup, NFS",138.0
FNDDS:2706174,1 cubic inch,15.0
FNDDS:2706174,1 bun-size or griller link,75.0
FNDDS:2706175,1 bun-size or griller link,75.0
FNDDS:2706175,"1 cup, NFS",140.0
FNDDS:2706175,1 cubic inch,15.0
FNDDS:2706176,Guideline amount on regular sandwich,56.0
FNDDS:2706176,Guideline amount on large sandwich,84.0
FNDDS:2706176,"1 slice, NFS",28.0
FNDDS:2706176,"1 cup, pieces",140.0
FNDDS:2706177,"1 slice, NFS",28.0
FNDDS:2706177,"1 cup, pieces",140.0
FNDDS:2706177,Guideline amount on regular sandwich,56.0
FNDDS:2706177,Guideline amount on large sandwich,84.0
FNDDS:2706178,"1 cup, pieces",140.0
FNDDS:2706178,Guideline amount on regular sandwich,56.0
FNDDS:2706178,"1 slice, NFS",28.0
FNDDS:2706178,Guideline amount on large sandwich,84.0
FNDDS:2706179,1 piece,75.0
FNDDS:2706179,1 breakfast size link,20.0
FNDDS:2706179,"1 oz, cooked",28.4
FNDDS:2706179,1 cocktail or miniature link,10.0
FNDDS:2706179,1 slice,15.0
FNDDS:2706179,1 patty,35.0
FNDDS:2706179,1 cubic inch,16.0
FNDDS:2706179,1 bun-size or griller link,75.0
FNDDS:2706179,"1 cup, NFS",140.0
FNDDS:2706180,"1 cup, diced",140.0
FNDDS:2706180,"1 slice, NFS",28.0
FNDDS:2706181,1 bun-size or griller link,75.0
FNDDS:2706181,1 cubic inch,17.0
FNDDS:2706182,1 slice (15 per 8 oz package),15.0
FNDDS:2706183,"1 slice, NFS",28.0
FNDDS:2706183,Guideline amount on regular sandwich,56.0
FNDDS:2706183,"1 cup, pieces",140.0
FNDDS:2706183,Guideline amount on large sandwich,84.0
FNDDS:2706184,Guideline amount on large sandwich,84.0
FNDDS:2706184,"1 slice, NFS",28.0
FNDDS:2706184,"1 cup, pieces",140.0
FNDDS:2706184,Guideline amount on regular sandwich,56.0
FNDDS:2706185,"1 sausage (10-1/4"" long  x 1-3/8"" dia)",251.0
FNDDS:2706185,1 slice,2.0
FNDDS:2706185,"1 cup, NFS",140.0
FNDDS:2706186,"1 cup, NFS",140.0
FNDDS:2706186,"1 sausage (10-1/4"" long  x 1-3/8"" dia)",251.0
FNDDS:2706186,1 slice,2.0
FNDDS:2706187,"1 cup, NFS",140.0
FNDDS:2706187,"1 sausage (10-1/4"" long  x 1-3/8"" dia)",251.0
FNDDS:2706187,1 slice,2.0
FNDDS:2706188,"1 sausage (10"" long x 1-1/4"" dia)",227.0
FNDDS:2706188,1 cubic inch,21.0
FNDDS:2706188,1 slice,15.0
FNDDS:2706188,1 cocktail or miniature link,10.0
FNDDS:2706188,1 breakfast size link,20.0
FNDDS:2706188,1 patty,35.0
FNDDS:2706188,1 piece,75.0
FNDDS:2706188,"1 oz, cooked",28.4
FNDDS:2706188,"1 cup, NFS",138.0
FNDDS:2706188,1 bun-size or griller link,75.0
FNDDS:2706189,"1 oz, cooked",28.4
FNDDS:2706189,1 patty,35.0
FNDDS:2706189,1 bun-size or griller link,75.0
FNDDS:2706189,1 breakfast size link,20.0
FNDDS:2706189,1 slice,15.0
FNDDS:2706189,1 cocktail or miniature link,10.0
FNDDS:2706189,1 piece,75.0
FNDDS:2706189,1 cubic inch,15.0
FNDDS:2706189,"1 cup, NFS",138.0
FNDDS:2706190,1 piece,35.0
FNDDS:2706190,1 slice,15.0
FNDDS:2706190,1 patty,35.0
FNDDS:2706190,1 cocktail or miniature link,10.0
FNDDS:2706190,1 cubic inch,18.0
FNDDS:2706190,1 breakfast size link,20.0
FNDDS:2706190,"1 cup, NFS",138.0
FNDDS:2706190,1 bun-size or griller link,75.0
FNDDS:2706190,"1 oz, cooked",28.4
FNDDS:2706191,1 half smoke sausage,112.0
FNDDS:2706191,1 patty,35.0
FNDDS:2706191,"1 cup, NFS",138.0
FNDDS:2706191,"1 oz, cooked",28.4
FNDDS:2706191,1 cubic inch,18.0
FNDDS:2706191,1 bun-size or griller link,75.0
FNDDS:2706191,1 piece,75.0
FNDDS:2706191,1 slice,15.0
FNDDS:2706191,1 cocktail or miniature link,10.0
FNDDS:2706191,1 breakfast size link,20.0
FNDDS:2706192,1 half smoke sausage,112.0
FNDDS:2706192,1 bun-size or griller link,75.0
FNDDS:2706192,1 breakfast size link,20.0
FNDDS:2706192,"1 cup, NFS",138.0
FNDDS:2706192,"1 oz, cooked",28.4
FNDDS:2706192,1 slice,15.0
FNDDS:2706192,1 cubic inch,18.0
FNDDS:2706192,1 patty,35.0
FNDDS:2706192,1 piece,75.0
FNDDS:2706192,1 cocktail or miniature link,10.0
FNDDS:2706193,1 bun-size or griller link,75.0
FNDDS:2706193,1 piece,75.0
FNDDS:2706193,1 cocktail or miniature link,10.0
FNDDS:2706193,"1 cup, NFS",138.0
FNDDS:2706193,1 breakfast size link,20.0
FNDDS:2706193,"1 oz, cooked",28.4
FNDDS:2706193,1 slice,15.0
FNDDS:2706193,1 cubic inch,16.0
FNDDS:2706193,1 patty,35.0
FNDDS:2706193,1 half smoke sausage,112.0
FNDDS:2706194,1 piece,75.0
FNDDS:2706194,"1 oz, cooked",28.4
FNDDS:2706194,1 slice,15.0
FNDDS:2706194,1 breakfast size link,20.0
FNDDS:2706194,1 bun-size or griller link,75.0
FNDDS:2706194,1 cubic inch,18.0
FNDDS:2706194,1 cocktail or miniature link,10.0
FNDDS:2706194,1 half smoke sausage,112.0
FNDDS:2706194,1 patty,35.0
FNDDS:2706194,"1 cup, NFS",138.0
FNDDS:2706195,Guideline amount on large sandwich,84.0
FNDDS:2706195,"1 slice, NFS",28.0
FNDDS:2706195,1 cup,140.0
FNDDS:2706195,Guideline amount on regular sandwich,56.0
FNDDS:2706196,Guideline amount on regular sandwich,56.0
FNDDS:2706196,1 cup,140.0
FNDDS:2706196,Guideline amount on large sandwich,84.0
FNDDS:2706196,"1 slice, NFS",28.0
FNDDS:2706197,1 cup,140.0
FNDDS:2706197,Guideline amount on regular sandwich,56.0
FNDDS:2706197,"1 slice, NFS",28.0
FNDDS:2706197,Guideline amount on large sandwich,84.0
FNDDS:2706198,"1 oz, raw (yield after cooking)",25.0
FNDDS:2706198,"1 slice (2-3/4"" x 2-1/8"" x 1/4"") (1/18 of loaf)",25.0
FNDDS:2706198,1 cubic inch,17.2
FNDDS:2706199,"1 slice (4-1/8"" dia x 1/8"" thick) (10 per 8 oz package)",23.0
FNDDS:2706199,1 cup,140.0
FNDDS:2706199,1 cubic inch,18.0
FNDDS:2706199,"1 slice, NFS",23.0
FNDDS:2706199,"1 slice (2-7/8"" dia x 1/16"" thick)",8.0
FNDDS:2706199,"1 slice (4-3/8"" dia x 1/10"" thick) (1 oz)",28.0
FNDDS:2706200,1 piece,75.0
FNDDS:2706200,1 bun-size or griller link,75.0
FNDDS:2706200,1 breakfast size link,20.0
FNDDS:2706200,"1 cup, NFS",138.0
FNDDS:2706200,1 cubic inch,18.0
FNDDS:2706200,1 slice,15.0
FNDDS:2706200,1 patty,35.0
FNDDS:2706200,1 cocktail or miniature link,10.0
FNDDS:2706200,"1 oz, cooked",28.4
FNDDS:2706201,"1 cup, NFS",138.0
FNDDS:2706201,1 piece,75.0
FNDDS:2706201,1 breakfast size link,20.0
FNDDS:2706201,1 bun-size or griller link,75.0
FNDDS:2706201,1 cubic inch,18.0
FNDDS:2706201,"1 oz, cooked",28.4
FNDDS:2706201,1 cocktail or miniature link,10.0
FNDDS:2706201,1 slice,15.0
FNDDS:2706201,1 patty,35.0
FNDDS:2706202,1 patty,35.0
FNDDS:2706202,1 slice,15.0
FNDDS:2706202,1 cocktail or miniature link,10.0
FNDDS:2706202,1 bun-size or griller link,75.0
FNDDS:2706202,1 cubic inch,18.0
FNDDS:2706202,"1 oz, cooked",28.4
FNDDS:2706202,1 breakfast size link,20.0
FNDDS:2706202,"1 cup, NFS",138.0
FNDDS:2706202,1 piece,75.0
FNDDS:2706203,1 cup,151.0
FNDDS:2706203,"1 sausage (7/8"" dia x 2"" long)",16.0
FNDDS:2706203,1 can (5 oz) yields,113.0
FNDDS:2706204,1 sausage,14.0
FNDDS:2706205,Guideline amount on regular sandwich,56.0
FNDDS:2706205,Guideline amount on large sandwich,84.0
FNDDS:2706205,"1 cup, pieces",140.0
FNDDS:2706205,"1 slice, NFS",28.0
FNDDS:2706206,"1 slice, NFS",28.0
FNDDS:2706206,Guideline amount on regular sandwich,56.0
FNDDS:2706206,"1 cup, pieces",140.0
FNDDS:2706206,Guideline amount on large sandwich,84.0
FNDDS:2706207,"1 slice, NFS",28.0
FNDDS:2706207,Guideline amount on regular sandwich,56.0
FNDDS:2706207,Guideline amount on large sandwich,84.0
FNDDS:2706207,"1 cup, pieces",140.0
FNDDS:2706208,"1 slice, NFS",28.0
FNDDS:2706208,"1 cup, pieces",140.0
FNDDS:2706208,Guideline amount on large sandwich,84.0
FNDDS:2706208,Guideline amount on regular sandwich,56.0
FNDDS:2706209,"1 cup, pieces",140.0
FNDDS:2706209,Guideline amount on regular sandwich,56.0
FNDDS:2706209,"1 slice, NFS",28.0
FNDDS:2706209,Guideline amount on large sandwich,84.0
FNDDS:2706210,Guideline amount on regular sandwich,56.0
FNDDS:2706210,"1 slice, NFS",28.0
FNDDS:2706210,Guideline amount on large sandwich,84.0
FNDDS:2706210,"1 cup, pieces",140.0
FNDDS:2706211,"1 cup, pieces",140.0
FNDDS:2706211,"1 slice, NFS",56.0
FNDDS:2706211,Guideline amount on large sandwich,84.0
FNDDS:2706211,Guideline amount on regular sandwich,56.0
FNDDS:2706212,"1 slice, NFS",56.0
FNDDS:2706212,"1 cup, pieces",140.0
FNDDS:2706212,Guideline amount on regular sandwich,56.0
FNDDS:2706212,Guideline amount on large sandwich,84.0
FNDDS:2706213,"1 cup, solid pack",213.0
FNDDS:2706213,Guideline amount on regular sandwich,56.0
FNDDS:2706213,Guideline amount on large sandwich,84.0
FNDDS:2706213,"1 slice, NFS",28.0
FNDDS:2706214,Guideline amount on regular sandwich,56.0
FNDDS:2706214,"1 cup, pieces",140.0
FNDDS:2706214,"1 slice, NFS",28.0
FNDDS:2706214,Guideline amount on large sandwich,84.0
FNDDS:2706215,Guideline amount on regular sandwich,56.0
FNDDS:2706215,"1 slice, NFS",28.0
FNDDS:2706215,Guideline amount on large sandwich,84.0
FNDDS:2706215,"1 cup, pieces",140.0
FNDDS:2706216,"1 slice, NFS",28.0
FNDDS:2706216,"1 cup, pieces",140.0
FNDDS:2706216,Guideline amount on large sandwich,84.0
FNDDS:2706216,Guideline amount on regular sandwich,56.0
FNDDS:2706217,"1 slice, NFS",28.0
FNDDS:2706217,Guideline amount on large sandwich,84.0
FNDDS:2706217,1 cup,140.0
FNDDS:2706217,Guideline amount on regular sandwich,56.0
FNDDS:2706218,"1 slice, NFS",28.0
FNDDS:2706218,Guideline amount on regular sandwich,56.0
FNDDS:2706218,"1 cup, pieces",140.0
FNDDS:2706218,Guideline amount on large sandwich,84.0
FNDDS:2706219,Guideline amount on regular sandwich,56.0
FNDDS:2706219,"1 cup, pieces",140.0
FNDDS:2706219,Guideline amount on large sandwich,84.0
FNDDS:2706219,"1 slice, NFS",28.0
FNDDS:2706220,1 cup,225.0
FNDDS:2706220,1 can (5.5 oz),156.0
FNDDS:2706221,1 cup,208.0
FNDDS:2706221,1 can (7.5 oz),213.0
FNDDS:2706222,1 cup,253.0
FNDDS:2706222,1 can (7.5 oz),213.0
FNDDS:2706223,1 cup,135.0
FNDDS:2706224,1 cup,135.0
FNDDS:2706224,1 oz yields,20.0
FNDDS:2706224,"1 whole fish, any size",270.0
FNDDS:2706224,1 large fillet,135.0
FNDDS:2706224,1 cubic inch,17.0
FNDDS:2706224,1 small/regular fillet,90.0
FNDDS:2706225,1 cup,135.0
FNDDS:2706225,1 large fillet,135.0
FNDDS:2706225,1 oz yields,20.0
FNDDS:2706225,1 small/regular fillet,90.0
FNDDS:2706225,"1 whole fish, any size",270.0
FNDDS:2706225,1 cubic inch,17.0
FNDDS:2706226,1 large fillet,135.0
FNDDS:2706226,"1 whole fish, any size",270.0
FNDDS:2706226,1 cubic inch,17.0
FNDDS:2706226,1 oz yields,20.0
FNDDS:2706226,1 cup,135.0
FNDDS:2706226,1 small/regular fillet,90.0
FNDDS:2706227,"1 whole fish, any size",270.0
FNDDS:2706227,1 oz yields,20.0
FNDDS:2706227,1 small/regular fillet,90.0
FNDDS:2706227,1 large fillet,135.0
FNDDS:2706227,1 cubic inch,17.0
FNDDS:2706227,1 cup,135.0
FNDDS:2706228,1 cubic inch,17.0
FNDDS:2706228,1 cup,135.0
FNDDS:2706228,1 large fillet,135.0
FNDDS:2706228,1 oz yields,20.0
FNDDS:2706228,"1 whole fish, any size",270.0
FNDDS:2706228,1 small/regular fillet,90.0
FNDDS:2706229,1 cup,135.0
FNDDS:2706230,1 cubic inch,17.0
FNDDS:2706230,1 cup,135.0
FNDDS:2706231,1 stick,20.0
FNDDS:2706231,1 nugget,20.0
FNDDS:2706232,1 anchovy,4.0
FNDDS:2706232,1 can,45.0
FNDDS:2706233,1 cup,135.0
FNDDS:2706233,1 oz yields,20.0
FNDDS:2706233,"1 fillet, any size",90.0
FNDDS:2706233,"1 whole fish, any size",270.0
FNDDS:2706233,1 cubic inch,17.0
FNDDS:2706233,1 steak,135.0
FNDDS:2706234,1 small/regular fillet,90.0
FNDDS:2706234,1 cubic inch,17.0
FNDDS:2706234,"1 whole fish, any size",270.0
FNDDS:2706234,1 cup,135.0
FNDDS:2706234,1 large fillet,135.0
FNDDS:2706234,1 oz yields,20.0
FNDDS:2706235,1 small/regular fillet,90.0
FNDDS:2706235,"1 whole fish, any size",270.0
FNDDS:2706235,1 oz yields,20.0
FNDDS:2706235,1 cubic inch,17.0
FNDDS:2706235,1 cup,135.0
FNDDS:2706235,1 large fillet,135.0
FNDDS:2706236,1 cup,135.0
FNDDS:2706236,1 oz yields,20.0
FNDDS:2706236,1 small/regular fillet,90.0
FNDDS:2706236,"1 whole fish, any size",270.0
FNDDS:2706236,1 large fillet,135.0
FNDDS:2706236,1 cubic inch,17.0
FNDDS:2706237,1 large fillet,135.0
FNDDS:2706237,"1 whole fish, any size",270.0
FNDDS:2706237,1 oz yields,20.0
FNDDS:2706237,1 cup,135.0
FNDDS:2706237,1 small/regular fillet,90.0
FNDDS:2706237,1 cubic inch,17.0
FNDDS:2706238,"1 whole fish, any size",270.0
FNDDS:2706238,1 small/regular fillet,90.0
FNDDS:2706238,1 cup,135.0
FNDDS:2706238,1 cubic inch,17.0
FNDDS:2706238,1 large fillet,135.0
FNDDS:2706238,1 oz yields,20.0
FNDDS:2706239,"1 whole fish, any size",270.0
FNDDS:2706239,1 large fillet,135.0
FNDDS:2706239,1 small/regular fillet,90.0
FNDDS:2706239,1 cubic inch,17.0
FNDDS:2706239,1 oz yields,20.0
FNDDS:2706239,1 cup,135.0
FNDDS:2706240,1 cup,135.0
FNDDS:2706240,1 oz yields,20.0
FNDDS:2706240,1 large fillet,210.0
FNDDS:2706240,1 steak,210.0
FNDDS:2706240,"1 whole fish, any size",420.0
FNDDS:2706240,1 small/regular fillet,140.0
FNDDS:2706240,1 cubic inch,17.0
FNDDS:2706241,1 cup,135.0
FNDDS:2706241,"1 whole fish, any size",420.0
FNDDS:2706241,1 cubic inch,17.0
FNDDS:2706241,1 steak,210.0
FNDDS:2706241,1 large fillet,210.0
FNDDS:2706241,1 oz yields,20.0
FNDDS:2706241,1 small/regular fillet,140.0
FNDDS:2706242,1 oz yields,20.0
FNDDS:2706242,1 cup,135.0
FNDDS:2706242,1 small/regular fillet,140.0
FNDDS:2706242,"1 whole fish, any size",420.0
FNDDS:2706242,1 large fillet,210.0
FNDDS:2706242,1 steak,210.0
FNDDS:2706242,1 cubic inch,17.0
FNDDS:2706243,1 cubic inch,17.0
FNDDS:2706243,1 oz yields,20.0
FNDDS:2706243,1 small/regular fillet,140.0
FNDDS:2706243,1 cup,135.0
FNDDS:2706243,"1 whole fish, any size",420.0
FNDDS:2706243,1 large fillet,210.0
FNDDS:2706243,1 steak,210.0
FNDDS:2706244,1 large fillet,210.0
FNDDS:2706244,1 cubic inch,17.0
FNDDS:2706244,1 small/regular fillet,140.0
FNDDS:2706244,1 cup,135.0
FNDDS:2706244,1 steak,210.0
FNDDS:2706244,1 oz yields,20.0
FNDDS:2706244,"1 whole fish, any size",420.0
FNDDS:2706245,1 cup,135.0
FNDDS:2706245,1 small/regular fillet,140.0
FNDDS:2706245,1 cubic inch,17.0
FNDDS:2706245,1 steak,210.0
FNDDS:2706245,"1 whole fish, any size",420.0
FNDDS:2706245,1 large fillet,210.0
FNDDS:2706245,1 oz yields,20.0
FNDDS:2706246,1 oz yields,20.0
FNDDS:2706246,1 cup,135.0
FNDDS:2706246,"1 fillet, any size",90.0
FNDDS:2706246,"1 whole fish, any size",270.0
FNDDS:2706246,1 cubic inch,17.0
FNDDS:2706247,1 cup,135.0
FNDDS:2706247,1 oz yields,20.0
FNDDS:2706247,1 cubic inch,17.0
FNDDS:2706248,"1 whole fish, any size",270.0
FNDDS:2706248,1 cup,135.0
FNDDS:2706248,1 small/regular fillet,90.0
FNDDS:2706248,1 cubic inch,17.0
FNDDS:2706248,1 large fillet,135.0
FNDDS:2706248,1 oz yields,20.0
FNDDS:2706249,1 oz yields,20.0
FNDDS:2706249,1 small/regular fillet,90.0
FNDDS:2706249,1 cup,135.0
FNDDS:2706249,"1 whole fish, any size",270.0
FNDDS:2706249,1 large fillet,135.0
FNDDS:2706249,1 cubic inch,17.0
FNDDS:2706250,1 oz yields,20.0
FNDDS:2706250,1 cup,135.0
FNDDS:2706250,1 large fillet,135.0
FNDDS:2706250,1 cubic inch,17.0
FNDDS:2706250,"1 whole fish, any size",270.0
FNDDS:2706250,1 small/regular fillet,90.0
FNDDS:2706251,1 cubic inch,17.0
FNDDS:2706251,1 oz yields,20.0
FNDDS:2706251,1 small/regular fillet,90.0
FNDDS:2706251,1 cup,135.0
FNDDS:2706251,"1 whole fish, any size",270.0
FNDDS:2706251,1 large fillet,135.0
FNDDS:2706252,1 cup,135.0
FNDDS:2706252,1 oz yields,20.0
FNDDS:2706252,1 cubic inch,17.0
FNDDS:2706252,1 small/regular fillet,90.0
FNDDS:2706252,1 large fillet,135.0
FNDDS:2706252,"1 whole fish, any size",270.0
FNDDS:2706253,1 cup,135.0
FNDDS:2706253,"1 whole fish, any size",270.0
FNDDS:2706253,1 large fillet,135.0
FNDDS:2706253,1 oz yields,20.0
FNDDS:2706253,1 small/regular fillet,90.0
FNDDS:2706253,1 cubic inch,17.0
FNDDS:2706254,1 cubic inch,17.0
FNDDS:2706254,1 oz yields,20.0
FNDDS:2706254,1 small/regular fillet,140.0
FNDDS:2706254,1 cup,135.0
FNDDS:2706254,"1 whole fish, any size",420.0
FNDDS:2706254,1 steak,210.0
FNDDS:2706254,1 large fillet,210.0
FNDDS:2706255,1 oz yields,20.0
FNDDS:2706255,1 cubic inch,17.0
FNDDS:2706255,1 small/regular fillet,140.0
FNDDS:2706255,"1 whole fish, any size",420.0
FNDDS:2706255,1 large fillet,210.0
FNDDS:2706255,1 steak,210.0
FNDDS:2706255,1 cup,135.0
FNDDS:2706256,"1 whole fish, any size",420.0
FNDDS:2706256,1 small/regular fillet,140.0
FNDDS:2706256,1 oz yields,20.0
FNDDS:2706256,1 cubic inch,17.0
FNDDS:2706256,1 cup,135.0
FNDDS:2706256,1 steak,210.0
FNDDS:2706256,1 large fillet,210.0
FNDDS:2706257,1 oz yields,20.0
FNDDS:2706257,1 cubic inch,17.0
FNDDS:2706257,1 cup,135.0
FNDDS:2706257,1 small/regular fillet,140.0
FNDDS:2706257,1 steak,210.0
FNDDS:2706257,"1 whole fish, any size",420.0
FNDDS:2706257,1 large fillet,210.0
FNDDS:2706258,1 small/regular fillet,140.0
FNDDS:2706258,1 cubic inch,17.0
FNDDS:2706258,"1 whole fish, any size",420.0
FNDDS:2706258,1 cup,135.0
FNDDS:2706258,1 oz yields,20.0
FNDDS:2706258,1 large fillet,210.0
FNDDS:2706258,1 steak,210.0
FNDDS:2706259,"1 whole fish, any size",420.0
FNDDS:2706259,1 cup,135.0
FNDDS:2706259,1 steak,210.0
FNDDS:2706259,1 small/regular fillet,140.0
FNDDS:2706259,1 oz yields,20.0
FNDDS:2706259,1 cubic inch,17.0
FNDDS:2706259,1 large fillet,210.0
FNDDS:2706260,1 cubic inch,17.0
FNDDS:2706260,1 oz yields,20.0
FNDDS:2706260,"1 whole fish, any size",420.0
FNDDS:2706260,1 steak,210.0
FNDDS:2706260,1 cup,135.0
FNDDS:2706260,"1 fillet, any size",140.0
FNDDS:2706261,"1 fillet, any size",90.0
FNDDS:2706261,1 cubic inch,17.0
FNDDS:2706261,1 cup,135.0
FNDDS:2706261,"1 whole fish, any size",270.0
FNDDS:2706261,1 oz yields,20.0
FNDDS:2706262,1 cup,135.0
FNDDS:2706263,1 small/regular fillet,140.0
FNDDS:2706263,1 steak,210.0
FNDDS:2706263,1 oz yields,20.0
FNDDS:2706263,1 cup,135.0
FNDDS:2706263,1 large fillet,210.0
FNDDS:2706263,1 cubic inch,17.0
FNDDS:2706264,1 large fillet,210.0
FNDDS:2706264,1 cubic inch,17.0
FNDDS:2706264,1 cup,135.0
FNDDS:2706264,1 steak,210.0
FNDDS:2706264,1 small/regular fillet,140.0
FNDDS:2706264,1 oz yields,20.0
FNDDS:2706265,1 large fillet,210.0
FNDDS:2706265,1 small/regular fillet,140.0
FNDDS:2706265,1 oz yields,20.0
FNDDS:2706265,1 steak,210.0
FNDDS:2706265,1 cup,135.0
FNDDS:2706265,1 cubic inch,17.0
FNDDS:2706266,1 cup,135.0
FNDDS:2706266,1 oz yields,20.0
FNDDS:2706266,1 steak,210.0
FNDDS:2706266,1 small/regular fillet,140.0
FNDDS:2706266,1 cubic inch,17.0
FNDDS:2706266,1 large fillet,210.0
FNDDS:2706267,1 cubic inch,17.0
FNDDS:2706267,1 oz yields,20.0
FNDDS:2706267,1 large fillet,210.0
FNDDS:2706267,1 steak,210.0
FNDDS:2706267,1 small/regular fillet,140.0
FNDDS:2706267,1 cup,135.0
FNDDS:2706268,1 cup,135.0
FNDDS:2706268,1 large can,420.0
FNDDS:2706268,1 standard can,75.0
FNDDS:2706269,1 cup,135.0
FNDDS:2706269,1 oz yields,20.0
FNDDS:2706269,"1 fillet, any size",140.0
FNDDS:2706269,1 cubic inch,17.0
FNDDS:2706269,"1 whole fish, any size",420.0
FNDDS:2706270,1 oz yields,20.0
FNDDS:2706270,1 cubic inch,17.0
FNDDS:2706270,1 large fillet,135.0
FNDDS:2706270,"1 whole fish, any size",270.0
FNDDS:2706270,1 cup,135.0
FNDDS:2706270,1 small/regular fillet,90.0
FNDDS:2706271,1 oz yields,20.0
FNDDS:2706271,"1 whole fish, any size",270.0
FNDDS:2706271,1 large fillet,135.0
FNDDS:2706271,1 cubic inch,17.0
FNDDS:2706271,1 cup,135.0
FNDDS:2706271,1 small/regular fillet,90.0
FNDDS:2706272,1 cup,135.0
FNDDS:2706272,"1 whole fish, any size",270.0
FNDDS:2706272,1 oz yields,20.0
FNDDS:2706272,1 small/regular fillet,90.0
FNDDS:2706272,1 large fillet,135.0
FNDDS:2706272,1 cubic inch,17.0
FNDDS:2706273,1 large fillet,135.0
FNDDS:2706273,1 cubic inch,17.0
FNDDS:2706273,1 oz yields,20.0
FNDDS:2706273,1 cup,135.0
FNDDS:2706273,1 small/regular fillet,90.0
FNDDS:2706273,"1 whole fish, any size",270.0
FNDDS:2706274,1 cubic inch,17.0
FNDDS:2706274,1 small/regular fillet,90.0
FNDDS:2706274,"1 whole fish, any size",270.0
FNDDS:2706274,1 large fillet,135.0
FNDDS:2706274,1 cup,135.0
FNDDS:2706274,1 oz yields,20.0
FNDDS:2706275,1 oz yields,20.0
FNDDS:2706275,1 small/regular fillet,90.0
FNDDS:2706275,1 cubic inch,17.0
FNDDS:2706275,"1 whole fish, any size",270.0
FNDDS:2706275,1 large fillet,135.0
FNDDS:2706275,1 cup,135.0
FNDDS:2706276,"1 fillet, any size",140.0
FNDDS:2706276,1 cup,135.0
FNDDS:2706276,1 cubic inch,17.0
FNDDS:2706276,1 steak,210.0
FNDDS:2706276,1 oz yields,20.0
FNDDS:2706277,1 oz yields,20.0
FNDDS:2706277,1 cup,135.0
FNDDS:2706277,"1 whole fish, any size",270.0
FNDDS:2706277,1 cubic inch,17.0
FNDDS:2706277,1 large fillet,135.0
FNDDS:2706277,1 small/regular fillet,90.0
FNDDS:2706278,1 large fillet,135.0
FNDDS:2706278,"1 whole fish, any size",270.0
FNDDS:2706278,1 cubic inch,17.0
FNDDS:2706278,1 cup,135.0
FNDDS:2706278,1 small/regular fillet,90.0
FNDDS:2706278,1 oz yields,20.0
FNDDS:2706279,1 cup,135.0
FNDDS:2706279,1 large fillet,135.0
FNDDS:2706279,1 cubic inch,17.0
FNDDS:2706279,"1 whole fish, any size",270.0
FNDDS:2706279,1 small/regular fillet,90.0
FNDDS:2706279,1 oz yields,20.0
FNDDS:2706280,1 oz yields,20.0
FNDDS:2706280,"1 whole fish, any size",270.0
FNDDS:2706280,1 cup,135.0
FNDDS:2706280,1 cubic inch,17.0
FNDDS:2706280,1 large fillet,135.0
FNDDS:2706280,1 small/regular fillet,90.0
FNDDS:2706281,1 large fillet,135.0
FNDDS:2706281,1 oz yields,20.0
FNDDS:2706281,1 cubic inch,17.0
FNDDS:2706281,1 small/regular fillet,90.0
FNDDS:2706281,1 cup,135.0
FNDDS:2706281,"1 whole fish, any size",270.0
FNDDS:2706282,1 cup,135.0
FNDDS:2706282,1 cubic inch,17.0
FNDDS:2706282,1 small/regular fillet,90.0
FNDDS:2706282,1 large fillet,135.0
FNDDS:2706282,"1 whole fish, any size",270.0
FNDDS:2706282,1 oz yields,20.0
FNDDS:2706283,1 cup,135.0
FNDDS:2706283,"1 whole fish, any size",270.0
FNDDS:2706283,1 oz yields,20.0
FNDDS:2706283,1 cubic inch,17.0
FNDDS:2706283,"1 fillet, any size",90.0
FNDDS:2706284,1 cup,135.0
FNDDS:2706285,1 cup,135.0
FNDDS:2706285,1 large fillet,210.0
FNDDS:2706285,1 small/regular fillet,140.0
FNDDS:2706285,1 oz yields,20.0
FNDDS:2706285,1 cubic inch,17.0
FNDDS:2706285,1 steak,210.0
FNDDS:2706286,1 large fillet,210.0
FNDDS:2706286,1 oz yields,20.0
FNDDS:2706286,1 small/regular fillet,140.0
FNDDS:2706286,1 cup,135.0
FNDDS:2706286,1 steak,210.0
FNDDS:2706286,1 cubic inch,17.0
FNDDS:2706287,1 small/regular fillet,140.0
FNDDS:2706287,1 large fillet,210.0
FNDDS:2706287,1 cup,135.0
FNDDS:2706287,1 cubic inch,17.0
FNDDS:2706287,1 steak,210.0
FNDDS:2706287,1 oz yields,20.0
FNDDS:2706288,1 oz yields,20.0
FNDDS:2706288,1 small/regular fillet,140.0
FNDDS:2706288,1 cup,135.0
FNDDS:2706288,1 cubic inch,17.0
FNDDS:2706288,1 large fillet,210.0
FNDDS:2706288,1 steak,210.0
FNDDS:2706289,1 cubic inch,17.0
FNDDS:2706289,1 cup,135.0
FNDDS:2706289,1 small/regular fillet,140.0
FNDDS:2706289,1 steak,210.0
FNDDS:2706289,1 large fillet,210.0
FNDDS:2706289,1 oz yields,20.0
FNDDS:2706290,1 small/regular fillet,140.0
FNDDS:2706290,1 cubic inch,17.0
FNDDS:2706290,1 large fillet,210.0
FNDDS:2706290,1 oz yields,20.0
FNDDS:2706290,1 steak,210.0
FNDDS:2706290,1 cup,135.0
FNDDS:2706291,1 small can,75.0
FNDDS:2706291,1 standard can,115.0
FNDDS:2706291,1 cup,135.0
FNDDS:2706291,1 tall can,420.0
FNDDS:2706291,1 pouch,75.0
FNDDS:2706292,1 cup,135.0
FNDDS:2706293,1 standard can,75.0
FNDDS:2706293,1 cubic inch,17.0
FNDDS:2706293,1 sardine,12.0
FNDDS:2706294,1 cup,135.0
FNDDS:2706294,1 small/regular fillet,90.0
FNDDS:2706294,1 oz yields,20.0
FNDDS:2706294,1 cubic inch,17.0
FNDDS:2706294,1 large fillet,135.0
FNDDS:2706295,1 small/regular fillet,90.0
FNDDS:2706295,1 large fillet,135.0
FNDDS:2706295,1 cubic inch,17.0
FNDDS:2706295,1 cup,135.0
FNDDS:2706295,1 oz yields,20.0
FNDDS:2706296,1 cubic inch,17.0
FNDDS:2706296,1 small/regular fillet,90.0
FNDDS:2706296,1 oz yields,20.0
FNDDS:2706296,1 cup,135.0
FNDDS:2706296,1 large fillet,135.0
FNDDS:2706297,1 large fillet,135.0
FNDDS:2706297,1 cup,135.0
FNDDS:2706297,1 oz yields,20.0
FNDDS:2706297,1 small/regular fillet,90.0
FNDDS:2706297,1 cubic inch,17.0
FNDDS:2706298,1 small/regular fillet,90.0
FNDDS:2706298,1 cup,135.0
FNDDS:2706298,1 oz yields,20.0
FNDDS:2706298,1 large fillet,135.0
FNDDS:2706298,1 cubic inch,17.0
FNDDS:2706299,1 large fillet,135.0
FNDDS:2706299,1 cubic inch,17.0
FNDDS:2706299,1 oz yields,20.0
FNDDS:2706299,1 small/regular fillet,90.0
FNDDS:2706299,1 cup,135.0
FNDDS:2706300,"1 fillet, any size",140.0
FNDDS:2706300,1 cup,135.0
FNDDS:2706300,1 cubic inch,17.0
FNDDS:2706300,1 steak,210.0
FNDDS:2706300,1 oz yields,20.0
FNDDS:2706301,1 steak,210.0
FNDDS:2706301,1 oz yields,20.0
FNDDS:2706301,1 cup,135.0
FNDDS:2706301,"1 fillet, any size",140.0
FNDDS:2706301,1 cubic inch,17.0
FNDDS:2706302,1 cup,135.0
FNDDS:2706302,1 oz yields,20.0
FNDDS:2706302,"1 whole fish, any size",270.0
FNDDS:2706302,1 large fillet,135.0
FNDDS:2706302,1 small/regular fillet,90.0
FNDDS:2706302,1 cubic inch,17.0
FNDDS:2706303,1 oz yields,20.0
FNDDS:2706303,"1 whole fish, any size",270.0
FNDDS:2706303,1 cup,135.0
FNDDS:2706303,1 large fillet,135.0
FNDDS:2706303,1 cubic inch,17.0
FNDDS:2706303,1 small/regular fillet,90.0
FNDDS:2706304,1 oz yields,20.0
FNDDS:2706304,1 cup,135.0
FNDDS:2706304,1 cubic inch,17.0
FNDDS:2706304,1 small/regular fillet,90.0
FNDDS:2706304,"1 whole fish, any size",270.0
FNDDS:2706304,1 large fillet,135.0
FNDDS:2706305,1 oz yields,20.0
FNDDS:2706305,1 cup,135.0
FNDDS:2706305,1 small/regular fillet,90.0
FNDDS:2706305,1 large fillet,135.0
FNDDS:2706305,1 cubic inch,17.0
FNDDS:2706305,"1 whole fish, any size",270.0
FNDDS:2706306,1 large fillet,135.0
FNDDS:2706306,1 small/regular fillet,90.0
FNDDS:2706306,1 oz yields,20.0
FNDDS:2706306,"1 whole fish, any size",270.0
FNDDS:2706306,1 cup,135.0
FNDDS:2706306,1 cubic inch,17.0
FNDDS:2706307,1 cubic inch,17.0
FNDDS:2706307,1 small/regular fillet,90.0
FNDDS:2706307,1 cup,135.0
FNDDS:2706307,1 large fillet,135.0
FNDDS:2706307,"1 whole fish, any size",270.0
FNDDS:2706307,1 oz yields,20.0
FNDDS:2706308,1 cup,135.0
FNDDS:2706309,1 oz yields,20.0
FNDDS:2706309,1 cup,135.0
FNDDS:2706309,1 steak,135.0
FNDDS:2706309,1 small/regular fillet,90.0
FNDDS:2706309,1 cubic inch,17.0
FNDDS:2706309,1 large fillet,135.0
FNDDS:2706310,1 small/regular fillet,90.0
FNDDS:2706310,1 oz yields,20.0
FNDDS:2706310,1 cubic inch,17.0
FNDDS:2706310,1 steak,135.0
FNDDS:2706310,1 cup,135.0
FNDDS:2706310,1 large fillet,135.0
FNDDS:2706311,1 cup,135.0
FNDDS:2706311,1 large can,255.0
FNDDS:2706311,1 standard can,115.0
FNDDS:2706311,1 pouch,75.0
FNDDS:2706311,1 small can,75.0
FNDDS:2706312,1 large fillet,135.0
FNDDS:2706312,"1 whole fish, any size",270.0
FNDDS:2706312,1 cup,135.0
FNDDS:2706312,1 oz yields,20.0
FNDDS:2706312,1 small/regular fillet,90.0
FNDDS:2706312,1 cubic inch,17.0
FNDDS:2706313,1 cubic inch,17.0
FNDDS:2706313,"1 whole fish, any size",270.0
FNDDS:2706313,1 small/regular fillet,90.0
FNDDS:2706313,1 cup,135.0
FNDDS:2706313,1 large fillet,135.0
FNDDS:2706313,1 oz yields,20.0
FNDDS:2706314,1 cup,135.0
FNDDS:2706314,"1 whole fish, any size",270.0
FNDDS:2706314,1 oz yields,20.0
FNDDS:2706314,1 small/regular fillet,90.0
FNDDS:2706314,1 cubic inch,17.0
FNDDS:2706314,1 large fillet,135.0
FNDDS:2706315,1 oz yields,20.0
FNDDS:2706315,"1 whole fish, any size",270.0
FNDDS:2706315,1 cup,135.0
FNDDS:2706315,1 large fillet,135.0
FNDDS:2706315,1 cubic inch,17.0
FNDDS:2706315,1 small/regular fillet,90.0
FNDDS:2706316,1 large fillet,135.0
FNDDS:2706316,1 cubic inch,17.0
FNDDS:2706316,1 small/regular fillet,90.0
FNDDS:2706316,"1 whole fish, any size",270.0
FNDDS:2706316,1 oz yields,20.0
FNDDS:2706316,1 cup,135.0
FNDDS:2706317,1 oz yields,20.0
FNDDS:2706317,1 small/regular fillet,90.0
FNDDS:2706317,1 cup,135.0
FNDDS:2706317,1 large fillet,135.0
FNDDS:2706317,1 cubic inch,17.0
FNDDS:2706317,"1 whole fish, any size",270.0
FNDDS:2706318,"1 whole fish, any size",270.0
FNDDS:2706318,1 cup,135.0
FNDDS:2706318,1 small/regular fillet,90.0
FNDDS:2706318,1 large fillet,135.0
FNDDS:2706318,1 oz yields,20.0
FNDDS:2706318,1 cubic inch,17.0
FNDDS:2706319,1 cubic inch,17.0
FNDDS:2706319,1 large fillet,135.0
FNDDS:2706319,1 small/regular fillet,90.0
FNDDS:2706319,1 cup,135.0
FNDDS:2706319,"1 whole fish, any size",270.0
FNDDS:2706319,1 oz yields,20.0
FNDDS:2706320,1 cup,135.0
FNDDS:2706320,1 large fillet,135.0
FNDDS:2706320,"1 whole fish, any size",270.0
FNDDS:2706320,1 small/regular fillet,90.0
FNDDS:2706320,1 oz yields,20.0
FNDDS:2706320,1 cubic inch,17.0
FNDDS:2706321,1 cup,135.0
FNDDS:2706321,"1 whole fish, any size",270.0
FNDDS:2706321,1 cubic inch,17.0
FNDDS:2706321,1 large fillet,135.0
FNDDS:2706321,1 small/regular fillet,90.0
FNDDS:2706321,1 oz yields,20.0
FNDDS:2706322,1 cup,135.0
FNDDS:2706322,1 small/regular fillet,90.0
FNDDS:2706322,1 cubic inch,17.0
FNDDS:2706322,"1 whole fish, any size",270.0
FNDDS:2706322,1 oz yields,20.0
FNDDS:2706322,1 large fillet,135.0
FNDDS:2706323,"1 whole fish, any size",270.0
FNDDS:2706323,1 cup,135.0
FNDDS:2706323,1 small/regular fillet,90.0
FNDDS:2706323,1 cubic inch,17.0
FNDDS:2706323,1 large fillet,135.0
FNDDS:2706323,1 oz yields,20.0
FNDDS:2706324,1 large fillet,135.0
FNDDS:2706324,1 cubic inch,17.0
FNDDS:2706324,1 cup,135.0
FNDDS:2706324,"1 whole fish, any size",270.0
FNDDS:2706324,1 small/regular fillet,90.0
FNDDS:2706324,1 oz yields,20.0
FNDDS:2706325,1 oz yields,20.0
FNDDS:2706325,1 large fillet,135.0
FNDDS:2706325,1 small/regular fillet,90.0
FNDDS:2706325,1 cup,135.0
FNDDS:2706325,"1 whole fish, any size",270.0
FNDDS:2706325,1 cubic inch,17.0
FNDDS:2706326,1 cup,135.0
FNDDS:2706326,"1 whole fish, any size",270.0
FNDDS:2706326,1 large fillet,135.0
FNDDS:2706326,1 small/regular fillet,90.0
FNDDS:2706326,1 cubic inch,17.0
FNDDS:2706326,1 oz yields,20.0
FNDDS:2706327,"1 whole fish, any size",270.0
FNDDS:2706327,1 large fillet,135.0
FNDDS:2706327,1 oz yields,20.0
FNDDS:2706327,1 small/regular fillet,90.0
FNDDS:2706327,1 cup,135.0
FNDDS:2706327,1 cubic inch,17.0
FNDDS:2706328,1 small/regular fillet,90.0
FNDDS:2706328,1 large fillet,135.0
FNDDS:2706328,"1 whole fish, any size",270.0
FNDDS:2706328,1 oz yields,20.0
FNDDS:2706328,1 cup,135.0
FNDDS:2706328,1 cubic inch,17.0
FNDDS:2706329,1 large fillet,135.0
FNDDS:2706329,1 oz yields,20.0
FNDDS:2706329,1 small/regular fillet,90.0
FNDDS:2706329,"1 whole fish, any size",270.0
FNDDS:2706329,1 cubic inch,17.0
FNDDS:2706329,1 cup,135.0
FNDDS:2706330,1 oz yields,20.0
FNDDS:2706330,1 leg,25.0
FNDDS:2706331,1 cup,135.0
FNDDS:2706332,1 tablespoon,16.0
FNDDS:2706333,1 item,15.0
FNDDS:2706333,1 cup,135.0
FNDDS:2706334,1 item,15.0
FNDDS:2706334,1 cup,135.0
FNDDS:2706335,1 cup,135.0
FNDDS:2706336,1 cup,135.0
FNDDS:2706337,1 cup,135.0
FNDDS:2706338,1 clam,15.0
FNDDS:2706338,1 cup,225.0
FNDDS:2706339,1 clam,15.0
FNDDS:2706339,1 cup,135.0
FNDDS:2706340,1 cup,135.0
FNDDS:2706340,1 clam,15.0
FNDDS:2706341,1 strip,5.0
FNDDS:2706341,1 cup,135.0
FNDDS:2706341,1 clam,15.0
FNDDS:2706342,1 clam,15.0
FNDDS:2706342,1 cup,135.0
FNDDS:2706343,1 small can,75.0
FNDDS:2706343,1 large can,255.0
FNDDS:2706343,1 cup,225.0
FNDDS:2706343,1 standard can,115.0
FNDDS:2706344,1 cup,135.0
FNDDS:2706344,1 leg,15.0
FNDDS:2706344,1 crab,40.0
FNDDS:2706344,1 claw,15.0
FNDDS:2706345,1 large can,450.0
FNDDS:2706345,1 cup,135.0
FNDDS:2706345,1 small can,60.0
FNDDS:2706345,1 standard can,120.0
FNDDS:2706346,1 crab,65.0
FNDDS:2706347,1 crayfish,15.0
FNDDS:2706347,1 cup,135.0
FNDDS:2706348,1 cup,135.0
FNDDS:2706348,1 crayfish,15.0
FNDDS:2706349,1 claw,50.0
FNDDS:2706349,1 lobster,200.0
FNDDS:2706349,1 tail,100.0
FNDDS:2706349,1 cup,135.0
FNDDS:2706350,1 mussel,15.0
FNDDS:2706350,1 cup,135.0
FNDDS:2706351,1 oyster,15.0
FNDDS:2706351,1 cup,225.0
FNDDS:2706352,1 cup,135.0
FNDDS:2706352,1 oyster,15.0
FNDDS:2706353,1 oyster,15.0
FNDDS:2706353,1 cup,135.0
FNDDS:2706354,1 oyster,15.0
FNDDS:2706354,1 cup,135.0
FNDDS:2706355,1 large can,255.0
FNDDS:2706355,1 standard can,115.0
FNDDS:2706355,1 small can,75.0
FNDDS:2706355,1 cup,225.0
FNDDS:2706355,1 oyster,15.0
FNDDS:2706356,1 scallop,15.0
FNDDS:2706356,1 cup,135.0
FNDDS:2706357,1 scallop,15.0
FNDDS:2706357,1 cup,135.0
FNDDS:2706358,1 scallop,15.0
FNDDS:2706358,1 cup,135.0
FNDDS:2706359,1 cup,135.0
FNDDS:2706359,1 scallop,15.0
FNDDS:2706360,1 small/medium shrimp,10.0
FNDDS:2706360,1 cup,135.0
FNDDS:2706360,1 prawn,20.0
FNDDS:2706360,1 tiny shrimp,5.0
FNDDS:2706360,1 large/jumbo shrimp,15.0
FNDDS:2706361,1 large/jumbo shrimp,15.0
FNDDS:2706361,1 tiny shrimp,5.0
FNDDS:2706361,1 cup,135.0
FNDDS:2706361,1 prawn,20.0
FNDDS:2706361,1 small/medium shrimp,10.0
FNDDS:2706362,1 cup,135.0
FNDDS:2706362,1 large/jumbo shrimp,15.0
FNDDS:2706362,1 small/medium shrimp,10.0
FNDDS:2706362,1 tiny shrimp,5.0
FNDDS:2706362,1 prawn,20.0
FNDDS:2706363,1 large/jumbo shrimp,15.0
FNDDS:2706363,1 cup,135.0
FNDDS:2706363,1 small/medium shrimp,10.0
FNDDS:2706363,1 prawn,20.0
FNDDS:2706363,1 tiny shrimp,5.0
FNDDS:2706364,1 prawn,20.0
FNDDS:2706364,1 tiny shrimp,5.0
FNDDS:2706364,1 large/jumbo shrimp,15.0
FNDDS:2706364,1 small/medium shrimp,10.0
FNDDS:2706364,1 cup,135.0
FNDDS:2706365,1 cup,135.0
FNDDS:2706365,1 tiny shrimp,5.0
FNDDS:2706365,1 prawn,20.0
FNDDS:2706365,1 large/jumbo shrimp,15.0
FNDDS:2706365,1 small/medium shrimp,10.0
FNDDS:2706366,1 cup,135.0
FNDDS:2706367,1 large can,255.0
FNDDS:2706367,1 standard can,115.0
FNDDS:2706367,1 cup,135.0
FNDDS:2706367,1 small can,75.0
FNDDS:2706368,1 snail,5.0
FNDDS:2706369,1 cup,240.0
FNDDS:2706369,1 slice,60.0
FNDDS:2706370,1 cup,249.0
FNDDS:2706370,1 slice with sauce,65.0
FNDDS:2706371,1 cup,244.0
FNDDS:2706372,1 cup,255.0
FNDDS:2706373,Guideline amount per cup of french fries,64.0
FNDDS:2706373,Guideline amount per hot dog or per hamburger,64.0
FNDDS:2706373,1 cup,255.0
FNDDS:2706374,1 cup,255.0
FNDDS:2706375,1 cup,255.0
FNDDS:2706376,1 individual container,255.0
FNDDS:2706376,1 cup,255.0
FNDDS:2706376,1 can,440.0
FNDDS:2706377,1 cup,255.0
FNDDS:2706378,1 cup,250.0
FNDDS:2706379,"1 cubic inch, boneless, cooked",17.0
FNDDS:2706379,1 large patty with gravy,158.0
FNDDS:2706379,1 small patty with gravy,83.0
FNDDS:2706379,1 medium patty with gravy,115.0
FNDDS:2706379,1 slice with gravy,65.0
FNDDS:2706379,1 cup,244.0
FNDDS:2706380,1 cup,244.0
FNDDS:2706380,1 steak with gravy,129.0
FNDDS:2706380,1 frozen family size package (6 steaks),794.0
FNDDS:2706381,1 cup,256.0
FNDDS:2706382,1 cup,256.0
FNDDS:2706383,1 cup,246.0
FNDDS:2706384,1 cup,246.0
FNDDS:2706384,1 meatball with sauce,45.0
FNDDS:2706385,1 slice with sauce,65.0
FNDDS:2706385,1 cup,256.0
FNDDS:2706385,1 cubic inch,17.0
FNDDS:2706386,1 cup,244.0
FNDDS:2706387,1 cup,244.0
FNDDS:2706388,1 cup,240.0
FNDDS:2706389,1 cup,200.0
FNDDS:2706390,1 cup,240.0
FNDDS:2706390,1 slice,60.0
FNDDS:2706391,1 slice,60.0
FNDDS:2706391,1 cup,135.0
FNDDS:2706392,1 cup,252.0
FNDDS:2706393,1 cup,222.0
FNDDS:2706394,1 cup,225.0
FNDDS:2706395,1 meatball with sauce,50.0
FNDDS:2706396,1 cup,200.0
FNDDS:2706397,1 cup,200.0
FNDDS:2706398,1 slice with gravy,65.0
FNDDS:2706398,1 pork chop with gravy,117.0
FNDDS:2706398,1 cup,244.0
FNDDS:2706399,1 cup,240.0
FNDDS:2706399,1 slice,60.0
FNDDS:2706400,1 slice,60.0
FNDDS:2706400,1 cup,135.0
FNDDS:2706401,1 nugget,18.0
FNDDS:2706401,1 cup,226.0
FNDDS:2706402,1 cup,244.0
FNDDS:2706403,1 slice with sauce,65.0
FNDDS:2706403,1 cup,244.0
FNDDS:2706403,1 pork chop with sauce,115.0
FNDDS:2706404,1 slice with sauce,65.0
FNDDS:2706404,1 cup,249.0
FNDDS:2706404,1 pork chop with sauce,116.0
FNDDS:2706405,1 cup,248.0
FNDDS:2706405,1 link with sauce,42.0
FNDDS:2706406,1 cup,240.0
FNDDS:2706407,1 cup,255.0
FNDDS:2706408,1 cup,244.0
FNDDS:2706408,1 pork chop with sauce,115.0
FNDDS:2706409,1 hot dog with sauce,125.0
FNDDS:2706410,1 hot dog with sauce,68.0
FNDDS:2706410,1 cup,244.0
FNDDS:2706411,1 cup,236.0
FNDDS:2706412,1 cup,200.0
FNDDS:2706413,1 slice with gravy,43.0
FNDDS:2706413,1 cup,244.0
FNDDS:2706414,1 piece with gravy,88.0
FNDDS:2706414,1 cup,177.0
FNDDS:2706415,1 cup,140.0
FNDDS:2706415,1 slice with sauce,96.0
FNDDS:2706416,1 slice with sauce,96.0
FNDDS:2706417,1 patty with sauce and cheese,182.0
FNDDS:2706417,1 cup,209.0
FNDDS:2706418,1 roll (with ham and sauce),229.0
FNDDS:2706419,1 cup,249.0
FNDDS:2706420,"1 cubic inch, boneless, cooked",18.0
FNDDS:2706420,1 slice with gravy,65.0
FNDDS:2706420,1 cup,244.0
FNDDS:2706421,1 cup,244.0
FNDDS:2706421,1 chicken wing with sauce,59.0
FNDDS:2706421,1 chicken drumstick with sauce,90.0
FNDDS:2706421,1 chicken leg with sauce,197.0
FNDDS:2706421,1 slice of turkey with sauce,48.0
FNDDS:2706421,1 chicken thigh with sauce,107.0
FNDDS:2706421,1 slice of chicken with sauce,24.0
FNDDS:2706421,1/2 chicken breast with sauce,169.0
FNDDS:2706422,1 cup,260.0
FNDDS:2706423,1 cup,260.0
FNDDS:2706424,1 chicken thigh with sauce,77.0
FNDDS:2706424,1 cup,244.0
FNDDS:2706424,1 chicken leg with sauce,144.0
FNDDS:2706424,1 chicken drumstick with sauce,67.0
FNDDS:2706424,1 chicken wing with sauce,44.0
FNDDS:2706424,1/2 chicken breast with sauce,128.0
FNDDS:2706424,1 slice of chicken with sauce,22.0
FNDDS:2706425,1 cup,255.0
FNDDS:2706426,1 cup,255.0
FNDDS:2706427,1 cup,255.0
FNDDS:2706428,1 chicken wing with gravy,44.0
FNDDS:2706428,1 slice with gravy,22.0
FNDDS:2706428,1 chicken thigh with gravy,78.0
FNDDS:2706428,1 chicken drumstick with gravy,68.0
FNDDS:2706428,1 cup,244.0
FNDDS:2706428,1/2 chicken breast with gravy,129.0
FNDDS:2706428,1 chicken leg with gravy,145.0
FNDDS:2706429,1 cup,244.0
FNDDS:2706430,1 cup,244.0
FNDDS:2706430,1 slice with gravy,43.0
FNDDS:2706431,1 slice of turkey with sauce,43.0
FNDDS:2706431,1 chicken leg with sauce,145.0
FNDDS:2706431,1 chicken drumstick with sauce,68.0
FNDDS:2706431,1 chicken thigh with sauce,78.0
FNDDS:2706431,1 slice of chicken with sauce,22.0
FNDDS:2706431,1 chicken wing with sauce,44.0
FNDDS:2706431,1/2 chicken breast with sauce,129.0
FNDDS:2706431,1 cup,241.0
FNDDS:2706432,1 chicken wing with sauce,44.0
FNDDS:2706432,1 slice of chicken with sauce,22.0
FNDDS:2706432,1 chicken leg with sauce,145.0
FNDDS:2706432,1/2 chicken breast with sauce,129.0
FNDDS:2706432,1 cup,256.0
FNDDS:2706432,1 slice of turkey with sauce,43.0
FNDDS:2706432,1 chicken thigh with sauce,78.0
FNDDS:2706432,1 chicken drumstick with sauce,68.0
FNDDS:2706433,1 chicken leg with sauce,145.0
FNDDS:2706433,1 chicken drumstick with sauce,70.0
FNDDS:2706433,1 chicken wing with sauce,47.0
FNDDS:2706433,1 cup,244.0
FNDDS:2706433,1/2 chicken breast with sauce,128.0
FNDDS:2706433,1 chicken thigh with sauce,76.0
FNDDS:2706433,1 cubic inch,18.0
FNDDS:2706434,1 cup,240.0
FNDDS:2706435,1 cup,252.0
FNDDS:2706435,1 nugget,18.0
FNDDS:2706436,1 nugget,18.0
FNDDS:2706436,1 cup,252.0
FNDDS:2706437,1 cup,240.0
FNDDS:2706438,1 cup,200.0
FNDDS:2706439,1 cup,244.0
FNDDS:2706440,1 cup,241.0
FNDDS:2706441,1 roll (1/2 breast with ham and sauce),229.0
FNDDS:2706441,1 cup,140.0
FNDDS:2706442,1 patty with sauce and cheese,182.0
FNDDS:2706442,1/2 breast with sauce and cheese,159.0
FNDDS:2706442,1 cup,209.0
FNDDS:2706442,1 thigh with sauce and cheese,106.0
FNDDS:2706443,1 chicken drumstick with sauce,71.0
FNDDS:2706443,1 cup,252.0
FNDDS:2706443,1 chicken wing with sauce,47.0
FNDDS:2706443,1 chicken leg with sauce,156.0
FNDDS:2706443,1 chicken thigh with sauce,85.0
FNDDS:2706443,1/2 chicken breast with sauce,134.0
FNDDS:2706444,1 chicken wing with sauce,47.0
FNDDS:2706444,1/2 chicken breast with sauce,134.0
FNDDS:2706444,1 cup,252.0
FNDDS:2706444,1 chicken thigh with sauce,85.0
FNDDS:2706444,1 chicken drumstick with sauce,71.0
FNDDS:2706444,1 chicken leg with sauce,156.0
FNDDS:2706445,1 serving (1 whole breast),258.0
FNDDS:2706446,"1 breast (4"" x 3"" x 3/4"")",210.0
FNDDS:2706447,1 cup,249.0
FNDDS:2706448,1 cup,175.0
FNDDS:2706449,1 cup,250.0
FNDDS:2706449,1 shrimp with sauce,15.0
FNDDS:2706450,1 cup,237.0
FNDDS:2706451,1 cup,250.0
FNDDS:2706452,1 tablespoon,16.0
FNDDS:2706453,1 cup,260.0
FNDDS:2706454,1 cup,260.0
FNDDS:2706455,1 cup,185.0
FNDDS:2706456,1 cup,176.0
FNDDS:2706456,1 shrimp,12.0
FNDDS:2706457,1 tablespoon,16.0
FNDDS:2706458,1 shrimp,15.0
FNDDS:2706458,1 cup,250.0
FNDDS:2706459,1 cup,222.0
FNDDS:2706460,1 cup,240.0
FNDDS:2706461,1 cup,200.0
FNDDS:2706462,1 cup,201.0
FNDDS:2706463,1 cup,250.0
FNDDS:2706464,1 cup,170.0
FNDDS:2706465,1 cup,212.0
FNDDS:2706466,1 cup,255.0
FNDDS:2706467,1 cup,235.0
FNDDS:2706467,1 meatball with sauce,43.0
FNDDS:2706468,"1 serving (3"" x 1"" x 2"")",95.0
FNDDS:2706469,1 cup,249.0
FNDDS:2706470,1 cup,260.0
FNDDS:2706471,1 cup,260.0
FNDDS:2706472,1 cup,222.0
FNDDS:2706473,1 cup,244.0
FNDDS:2706474,1 cup,190.0
FNDDS:2706475,"1 package, prepared",1341.0
FNDDS:2706475,1 cup,252.0
FNDDS:2706476,1 cup,190.0
FNDDS:2706477,1 small can (7 oz),198.0
FNDDS:2706477,1 large can,716.0
FNDDS:2706477,"1 cup, NFS",220.0
FNDDS:2706477,"1 cup, canned",220.0
FNDDS:2706477,1 medium can (15 oz),425.0
FNDDS:2706477,"1 cup, homemade",190.0
FNDDS:2706478,1 cup,249.0
FNDDS:2706479,1 cup,222.0
FNDDS:2706480,"1 package, prepared",839.0
FNDDS:2706480,1 cup,156.0
FNDDS:2706481,"1 package, prepared",1245.0
FNDDS:2706481,1 cup,246.0
FNDDS:2706482,"1 package, prepared",1245.0
FNDDS:2706482,1 cup,249.0
FNDDS:2706483,1 cup,255.0
FNDDS:2706484,1 cup,249.0
FNDDS:2706485,1 cup,249.0
FNDDS:2706486,1 cup,256.0
FNDDS:2706486,"1 package, prepared",1408.0
FNDDS:2706487,1 cup,249.0
FNDDS:2706488,1 cup,249.0
FNDDS:2706489,1 cup,196.0
FNDDS:2706490,1 cup,196.0
FNDDS:2706491,1 cup,244.0
FNDDS:2706492,1 porcupine ball with sauce,35.0
FNDDS:2706492,1 cup,176.0
FNDDS:2706493,1 cup,222.0
FNDDS:2706494,1 cup,248.0
FNDDS:2706495,1 cup,248.0
FNDDS:2706496,1 porcupine ball with sauce,35.0
FNDDS:2706496,1 cup,176.0
FNDDS:2706497,1 cup,244.0
FNDDS:2706497,"1 package, prepared",1266.0
FNDDS:2706498,"1 package, prepared",1240.0
FNDDS:2706498,1 cup,248.0
FNDDS:2706499,1 large meatball,42.0
FNDDS:2706499,1 cubic inch,19.0
FNDDS:2706499,1 small patty,81.0
FNDDS:2706499,1 large patty,134.0
FNDDS:2706499,1 medium slice,108.0
FNDDS:2706499,1 medium meatball,28.0
FNDDS:2706499,1 small or thin slice,86.0
FNDDS:2706499,1 cup,140.0
FNDDS:2706499,1 cocktail meatball,7.0
FNDDS:2706499,1 small meatball,14.0
FNDDS:2706499,"1 oz, raw (yield after cooking)",22.0
FNDDS:2706499,1 medium patty,101.0
FNDDS:2706499,1 oz,28.4
FNDDS:2706499,1 large slice,144.0
FNDDS:2706500,"1 oz, cooked",28.4
FNDDS:2706500,1 medium patty,128.0
FNDDS:2706500,1 large patty,170.0
FNDDS:2706500,"1 oz, raw (yield after cooking)",22.0
FNDDS:2706500,1 small patty,103.0
FNDDS:2706500,1 cup,178.0
FNDDS:2706500,1 small or thin slice,109.0
FNDDS:2706500,1 cocktail meatball,9.0
FNDDS:2706500,1 large slice,183.0
FNDDS:2706500,1 medium slice,137.0
FNDDS:2706500,1 medium meatball,36.0
FNDDS:2706500,1 large meatball,53.0
FNDDS:2706500,1 cubic inch,19.0
FNDDS:2706500,1 small meatball,18.0
FNDDS:2706501,1 slice,116.0
FNDDS:2706502,1 patty,100.0
FNDDS:2706503,1 cup,212.0
FNDDS:2706504,1 cup,140.0
FNDDS:2706504,1 medium meatball,28.0
FNDDS:2706504,1 small meatball,14.0
FNDDS:2706504,1 medium slice,108.0
FNDDS:2706504,1 cocktail meatball,7.0
FNDDS:2706504,1 small or thin slice,86.0
FNDDS:2706504,1 large meatball,42.0
FNDDS:2706504,1 large slice,144.0
FNDDS:2706505,1 cup,244.0
FNDDS:2706506,1 cup,248.0
FNDDS:2706507,1 cup,200.0
FNDDS:2706507,1 stuffed pork chop,155.0
FNDDS:2706508,"1 croquette (1-1/2"" dia, 2"" high)",62.0
FNDDS:2706508,1 cup,140.0
FNDDS:2706509,1 cup,244.0
FNDDS:2706510,1 cup,244.0
FNDDS:2706511,1 cup,244.0
FNDDS:2706512,1 cup,244.0
FNDDS:2706513,1 cup,244.0
FNDDS:2706514,1 cup,157.0
FNDDS:2706515,1 cup,196.0
FNDDS:2706516,1 cup,252.0
FNDDS:2706517,1 cup,249.0
FNDDS:2706518,1 cup (yield after bone removed),184.0
FNDDS:2706518,"1 serving (2 pig's feet, 3"" x 2"", two slices Spanish sausage, 1"" x 1/4"", 1/2 cup sauce) (yield after bone removed)",206.0
FNDDS:2706519,1 cup,255.0
FNDDS:2706520,1 cup,255.0
FNDDS:2706521,1 cup,140.0
FNDDS:2706521,1 medium slice,108.0
FNDDS:2706521,1 small or thin slice,86.0
FNDDS:2706521,1 large slice,144.0
FNDDS:2706522,1 cup,252.0
FNDDS:2706523,1 cup,252.0
FNDDS:2706524,1 cup,249.0
FNDDS:2706525,1 medium slice,108.0
FNDDS:2706525,1 small or thin slice,86.0
FNDDS:2706525,1 cup,140.0
FNDDS:2706525,1 medium meatball,28.0
FNDDS:2706525,1 small meatball,14.0
FNDDS:2706525,1 cubic inch,19.0
FNDDS:2706525,1 large slice,144.0
FNDDS:2706525,1 large meatball,42.0
FNDDS:2706526,1 cup,249.0
FNDDS:2706527,1 cup,190.0
FNDDS:2706528,1 cup,242.0
FNDDS:2706529,1 cup,157.0
FNDDS:2706530,1 cup,224.0
FNDDS:2706531,1 cup,224.0
FNDDS:2706532,1 cup,224.0
FNDDS:2706533,1 cup,224.0
FNDDS:2706534,1 cup,246.0
FNDDS:2706535,1 cup,224.0
FNDDS:2706536,1 cup,224.0
FNDDS:2706537,1 cup,196.0
FNDDS:2706538,1 cup,196.0
FNDDS:2706539,1 cup,248.0
FNDDS:2706540,1 cup,248.0
FNDDS:2706541,1 cup,244.0
FNDDS:2706542,1 cup,244.0
FNDDS:2706543,1 cup,244.0
FNDDS:2706544,1 cup,200.0
FNDDS:2706545,1 croquette,62.0
FNDDS:2706545,1 cup,140.0
FNDDS:2706545,1 cubic inch,14.2
FNDDS:2706545,1 cake or patty,85.0
FNDDS:2706546,1 cup,159.0
FNDDS:2706547,1 medium meatball,28.0
FNDDS:2706547,1 cocktail meatball,7.0
FNDDS:2706547,1 small meatball,14.0
FNDDS:2706547,1 small or thin slice,86.0
FNDDS:2706547,1 cup,140.0
FNDDS:2706547,1 large meatball,42.0
FNDDS:2706547,1 cubic inch,19.0
FNDDS:2706547,1 medium slice,108.0
FNDDS:2706547,1 large or thick slice,144.0
FNDDS:2706548,1 medium meatball,36.0
FNDDS:2706548,1 large meatball,53.0
FNDDS:2706548,1 small or thin slice,109.0
FNDDS:2706548,1 medium slice,137.0
FNDDS:2706548,1 small meatball,18.0
FNDDS:2706548,"1 oz, raw (yield after cooking)",22.0
FNDDS:2706548,1 cocktail meatball,9.0
FNDDS:2706548,1 large or thick slice,183.0
FNDDS:2706548,"1 oz, cooked",28.4
FNDDS:2706548,1 cup,178.0
FNDDS:2706548,1 cubic inch,19.0
FNDDS:2706549,1 cake or patty,85.0
FNDDS:2706550,1 cubic inch,14.0
FNDDS:2706550,1 cake or patty,85.0
FNDDS:2706551,1 piece with broth,68.0
FNDDS:2706551,5 balls,41.0
FNDDS:2706551,1 cubic inch,16.0
FNDDS:2706551,1 cup,250.0
FNDDS:2706552,1 ball,85.0
FNDDS:2706552,1 croquette,85.0
FNDDS:2706552,1 cake or patty,85.0
FNDDS:2706552,1 cubic inch,17.0
FNDDS:2706553,1 cup,157.0
FNDDS:2706554,1 cup,224.0
FNDDS:2706555,1 cup,224.0
FNDDS:2706556,1 cup,224.0
FNDDS:2706557,1 cup,224.0
FNDDS:2706558,1 cup,224.0
FNDDS:2706559,1 cup,224.0
FNDDS:2706560,1 cake or patty,120.0
FNDDS:2706561,1 cake or patty,120.0
FNDDS:2706562,1 piece,210.0
FNDDS:2706563,1 lobster,400.0
FNDDS:2706564,1 clam,30.0
FNDDS:2706565,1 cake or patty,85.0
FNDDS:2706566,1 cup,140.0
FNDDS:2706566,1 stuffed shrimp,16.0
FNDDS:2706567,1 cubic inch,12.0
FNDDS:2706567,1/2 slice,48.0
FNDDS:2706568,1 cup,135.0
FNDDS:2706569,1 cup,159.0
FNDDS:2706570,1 cup,224.0
FNDDS:2706571,1 cup,224.0
FNDDS:2706572,1 cup,248.0
FNDDS:2706573,1 cup,248.0
FNDDS:2706574,1 cup,248.0
FNDDS:2706575,1 cup,248.0
FNDDS:2706576,1 cup,224.0
FNDDS:2706577,1 cup,224.0
FNDDS:2706578,1 cup,212.0
FNDDS:2706579,1 small meatball,14.0
FNDDS:2706579,1 cocktail meatball,7.0
FNDDS:2706579,1 large slice,144.0
FNDDS:2706579,1 medium slice,108.0
FNDDS:2706579,1 cubic inch,19.0
FNDDS:2706579,1 small or thin slice,86.0
FNDDS:2706579,1 medium meatball,28.0
FNDDS:2706579,1 large meatball,42.0
FNDDS:2706579,1 cup,140.0
FNDDS:2706580,1 meatball with sauce,43.0
FNDDS:2706580,1 cup,235.0
FNDDS:2706581,1 medium slice,108.0
FNDDS:2706581,1 large meatball,42.0
FNDDS:2706581,1 small patty,81.0
FNDDS:2706581,1 cubic inch,19.0
FNDDS:2706581,1 cup,140.0
FNDDS:2706581,1 small or thin slice,86.0
FNDDS:2706581,1 large patty,134.0
FNDDS:2706581,1 large slice,144.0
FNDDS:2706581,"1 oz, raw (yield after cooking)",22.0
FNDDS:2706581,1 cocktail meatball,7.0
FNDDS:2706581,1 small meatball,14.0
FNDDS:2706581,1 medium meatball,28.0
FNDDS:2706581,1 medium patty,101.0
FNDDS:2706582,1 small patty,81.0
FNDDS:2706582,1 large slice,144.0
FNDDS:2706582,1 medium patty,101.0
FNDDS:2706582,1 cocktail meatball,7.0
FNDDS:2706582,1 cup,140.0
FNDDS:2706582,1 medium meatball,28.0
FNDDS:2706582,1 medium slice,108.0
FNDDS:2706582,1 small or thin slice,86.0
FNDDS:2706582,1 large meatball,42.0
FNDDS:2706582,1 small meatball,14.0
FNDDS:2706582,"1 oz, raw (yield after cooking)",22.0
FNDDS:2706582,1 large patty,134.0
FNDDS:2706582,1 cubic inch,19.0
FNDDS:2706583,1 large patty,170.0
FNDDS:2706583,1 small or thin slice,109.0
FNDDS:2706583,1 cup,178.0
FNDDS:2706583,1 cocktail meatball,9.0
FNDDS:2706583,1 large meatball,53.0
FNDDS:2706583,1 small patty,103.0
FNDDS:2706583,"1 oz, cooked",28.4
FNDDS:2706583,1 large slice,183.0
FNDDS:2706583,1 cubic inch,19.0
FNDDS:2706583,1 medium meatball,36.0
FNDDS:2706583,1 medium patty,128.0
FNDDS:2706583,"1 oz, raw (yield after cooking)",22.0
FNDDS:2706583,1 medium slice,137.0
FNDDS:2706583,1 small meatball,18.0
FNDDS:2706584,1 cup,190.0
FNDDS:2706585,1 cup,175.0
FNDDS:2706586,1 cup,222.0
FNDDS:2706587,1 cup,162.0
FNDDS:2706588,1 cup,162.0
FNDDS:2706589,1 cup,162.0
FNDDS:2706590,1 cup,162.0
FNDDS:2706591,1 cup,255.0
FNDDS:2706591,1 can,440.0
FNDDS:2706592,1 cup,255.0
FNDDS:2706593,1 cup,255.0
FNDDS:2706594,1 cubic inch,10.0
FNDDS:2706594,"1 pie, any size",1260.0
FNDDS:2706594,1 individual pie,250.0
FNDDS:2706594,"1 slice, any size",210.0
FNDDS:2706594,1 cup,200.0
FNDDS:2706595,1 cup,252.0
FNDDS:2706596,1 cup,252.0
FNDDS:2706597,1 cup,252.0
FNDDS:2706598,1 cup,252.0
FNDDS:2706599,1 cup,252.0
FNDDS:2706600,1 cup,252.0
FNDDS:2706601,1 cup,252.0
FNDDS:2706602,1 cup,252.0
FNDDS:2706603,1 cup,252.0
FNDDS:2706604,1 cup,252.0
FNDDS:2706605,1 cup,162.0
FNDDS:2706606,1 cup,162.0
FNDDS:2706607,1 cup,220.0
FNDDS:2706608,1 cup,217.0
FNDDS:2706609,1 cup,217.0
FNDDS:2706610,1 cup,249.0
FNDDS:2706611,1 cup,249.0
FNDDS:2706612,1 cup,249.0
FNDDS:2706613,1 cup,249.0
FNDDS:2706614,1 cup,249.0
FNDDS:2706615,1 cup,249.0
FNDDS:2706616,1 cup,162.0
FNDDS:2706617,1 cup,162.0
FNDDS:2706618,1 cup,249.0
FNDDS:2706619,1 cup,249.0
FNDDS:2706620,1 cabbage roll,103.0
FNDDS:2706620,1 cup,162.0
FNDDS:2706621,1 roll,21.0
FNDDS:2706621,1 cup,162.0
FNDDS:2706622,1 cup,249.0
FNDDS:2706623,1 cup,249.0
FNDDS:2706624,1 cup,249.0
FNDDS:2706625,1 cup,249.0
FNDDS:2706626,1 cup,249.0
FNDDS:2706627,1 cup,249.0
FNDDS:2706628,1 cup,217.0
FNDDS:2706629,1 cup,217.0
FNDDS:2706630,"1 pie, any size",1260.0
FNDDS:2706630,1 cup,200.0
FNDDS:2706630,1 cubic inch,10.0
FNDDS:2706630,"1 slice, any size",210.0
FNDDS:2706630,1 individual pie,250.0
FNDDS:2706631,1 cup,249.0
FNDDS:2706632,1 cup,249.0
FNDDS:2706633,"1 pepper (3-1/2"" x 3-1/2"" x 2"")",250.0
FNDDS:2706634,1 cup,162.0
FNDDS:2706635,1 cup,162.0
FNDDS:2706636,1 cup,241.0
FNDDS:2706637,1 cup,162.0
FNDDS:2706638,1 cup,249.0
FNDDS:2706639,1 cup,249.0
FNDDS:2706640,1 cup,249.0
FNDDS:2706641,1 cup,252.0
FNDDS:2706642,1 cup,252.0
FNDDS:2706643,1 cup,252.0
FNDDS:2706644,1 cup,252.0
FNDDS:2706645,1 cup,252.0
FNDDS:2706646,1 cup,252.0
FNDDS:2706647,1 cup,162.0
FNDDS:2706648,1 cup,220.0
FNDDS:2706649,1 cup,217.0
FNDDS:2706650,1 cup,217.0
FNDDS:2706651,1 cup,249.0
FNDDS:2706652,1 cup,249.0
FNDDS:2706653,1 cup,162.0
FNDDS:2706654,1 cup,162.0
FNDDS:2706655,1 cup,244.0
FNDDS:2706656,1 cup,252.0
FNDDS:2706657,1 cup,252.0
FNDDS:2706658,1 cup,252.0
FNDDS:2706659,1 roll,21.0
FNDDS:2706659,1 cup,162.0
FNDDS:2706660,1 cup,255.0
FNDDS:2706661,1 cup (yield after bone removed),177.0
FNDDS:2706661,"1 cup, NFS",219.0
FNDDS:2706661,"1 cup, boneless",219.0
FNDDS:2706662,1 cup,252.0
FNDDS:2706663,1 cup,252.0
FNDDS:2706664,1 cup,249.0
FNDDS:2706665,1 cup,249.0
FNDDS:2706666,1 KFC Bowl,531.0
FNDDS:2706667,1 cup,162.0
FNDDS:2706668,1 cup,162.0
FNDDS:2706669,1 cup,252.0
FNDDS:2706670,1 cup,252.0
FNDDS:2706671,1 cup,252.0
FNDDS:2706672,1 cup,252.0
FNDDS:2706673,1 cup,252.0
FNDDS:2706674,1 cup,252.0
FNDDS:2706675,1 cup,252.0
FNDDS:2706676,1 cup,252.0
FNDDS:2706677,1 cup,255.0
FNDDS:2706678,1 cup,255.0
FNDDS:2706679,1 cup,162.0
FNDDS:2706680,1 cup,162.0
FNDDS:2706681,1 cup,224.0
FNDDS:2706682,1 cup,224.0
FNDDS:2706683,1 cup,224.0
FNDDS:2706684,1 cup,224.0
FNDDS:2706685,1 cup,224.0
FNDDS:2706686,1 cup,224.0
FNDDS:2706687,1 cup,220.0
FNDDS:2706688,1 cup,244.0
FNDDS:2706689,1 cup,244.0
FNDDS:2706690,1 cup,162.0
FNDDS:2706691,1 cup,162.0
FNDDS:2706692,1 cup,252.0
FNDDS:2706693,1 cup,252.0
FNDDS:2706694,1 KFC Bowl,384.0
FNDDS:2706695,1 cup,217.0
FNDDS:2706695,1 Jack-in-the-Box Bowl,499.0
FNDDS:2706696,1 cup,217.0
FNDDS:2706697,1 cup,252.0
FNDDS:2706698,1 cup,252.0
FNDDS:2706699,1 cup,249.0
FNDDS:2706700,1 cup,249.0
FNDDS:2706701,1 cup,249.0
FNDDS:2706702,1 cup,249.0
FNDDS:2706703,1 individual pie,250.0
FNDDS:2706703,"1 slice, any size",210.0
FNDDS:2706703,"1 pie, any size",1260.0
FNDDS:2706703,1 cubic inch,10.0
FNDDS:2706703,1 cup,200.0
FNDDS:2706704,1 cup,162.0
FNDDS:2706705,1 cup,162.0
FNDDS:2706706,1 cup,244.0
FNDDS:2706707,1 cup,244.0
FNDDS:2706708,1 cup,249.0
FNDDS:2706709,1 cup,249.0
FNDDS:2706710,"1 cup, boneless",223.0
FNDDS:2706710,1 cup (yield after bone removed),196.0
FNDDS:2706710,"1 cup, NFS",223.0
FNDDS:2706711,1 cup,240.0
FNDDS:2706712,1 cup,220.0
FNDDS:2706713,1 cup,243.0
FNDDS:2706714,1 cup,224.0
FNDDS:2706715,1 cup,244.0
FNDDS:2706716,1 cup,244.0
FNDDS:2706717,1 cup,255.0
FNDDS:2706718,1 cup,224.0
FNDDS:2706719,1 cup,173.0
FNDDS:2706720,1 cup,175.0
FNDDS:2706721,1 cup,255.0
FNDDS:2706722,1 cup,220.0
FNDDS:2706723,1 cup,240.0
FNDDS:2706724,1 cup,220.0
FNDDS:2706725,1 cup,280.0
FNDDS:2706726,1 cup,244.0
FNDDS:2706727,1 cup,244.0
FNDDS:2706728,1 cup,162.0
FNDDS:2706729,1 cup,162.0
FNDDS:2706730,1 cup,154.0
FNDDS:2706730,1 shishkabob,202.0
FNDDS:2706731,1 cup,249.0
FNDDS:2706732,1 large piece with sauce,227.0
FNDDS:2706732,1 medium piece with sauce,170.0
FNDDS:2706732,1 small piece with sauce,113.0
FNDDS:2706732,1 cup,249.0
FNDDS:2706733,1 beef roll,134.0
FNDDS:2706734,1 cup,249.0
FNDDS:2706735,1 cup,252.0
FNDDS:2706736,1 cup,252.0
FNDDS:2706737,1 cup,217.0
FNDDS:2706738,1 cup,217.0
FNDDS:2706739,1 cup,217.0
FNDDS:2706740,1 cup,217.0
FNDDS:2706741,1 cup,217.0
FNDDS:2706742,1 cup,220.0
FNDDS:2706743,1 cup,162.0
FNDDS:2706744,1 cup,217.0
FNDDS:2706745,1 cup,217.0
FNDDS:2706746,1 cup,252.0
FNDDS:2706747,1 cup,217.0
FNDDS:2706748,1 cup,190.0
FNDDS:2706748,1 large patty,113.0
FNDDS:2706748,1 small patty,68.0
FNDDS:2706748,"1 oz, raw (yield after cooking)",21.0
FNDDS:2706748,1 medium patty,85.0
FNDDS:2706749,1 cup,182.0
FNDDS:2706750,1 cup,204.0
FNDDS:2706751,1 cup,162.0
FNDDS:2706752,1 cup,252.0
FNDDS:2706753,1 cup,252.0
FNDDS:2706754,1 cup,179.0
FNDDS:2706755,1 cup,200.0
FNDDS:2706756,1 cup,182.0
FNDDS:2706757,1 cup,147.0
FNDDS:2706757,1 frankfurter with sauerkraut,120.0
FNDDS:2706758,1 cup,162.0
FNDDS:2706759,1 cup,144.0
FNDDS:2706760,1 cup,217.0
FNDDS:2706761,1 cup,252.0
FNDDS:2706762,1 cup,162.0
FNDDS:2706763,1 cup,162.0
FNDDS:2706764,1 cup,151.0
FNDDS:2706765,1 cup,256.0
FNDDS:2706766,1 cup,190.0
FNDDS:2706767,1 cup,162.0
FNDDS:2706768,1 cup,162.0
FNDDS:2706769,1 cup,162.0
FNDDS:2706770,1 cup,217.0
FNDDS:2706771,1 cup,220.0
FNDDS:2706772,1 cup,249.0
FNDDS:2706773,1 cup,249.0
FNDDS:2706774,1 cup,249.0
FNDDS:2706775,1 cup,249.0
FNDDS:2706776,1 cup,154.0
FNDDS:2706777,1 cup,217.0
FNDDS:2706778,1 cup,217.0
FNDDS:2706779,1 shishkabob,202.0
FNDDS:2706779,1 cup,154.0
FNDDS:2706780,1 shishkabob,202.0
FNDDS:2706780,1 cup,154.0
FNDDS:2706781,1 cup,162.0
FNDDS:2706782,1 cup,162.0
FNDDS:2706783,1 cup,154.0
FNDDS:2706783,1 shishkabob,202.0
FNDDS:2706784,1 cup,246.0
FNDDS:2706785,1 cup,252.0
FNDDS:2706786,1 cup,252.0
FNDDS:2706787,1 Banquet's Cookin' Bag (4.5 oz),128.0
FNDDS:2706787,1 cup,241.0
FNDDS:2706788,1 cup,241.0
FNDDS:2706789,1 cup,236.0
FNDDS:2706790,1 cup,217.0
FNDDS:2706791,1 cup,217.0
FNDDS:2706792,1 cup,249.0
FNDDS:2706793,1 cup,249.0
FNDDS:2706794,1 cup,146.0
FNDDS:2706795,1 cup,216.0
FNDDS:2706796,1 cup,162.0
FNDDS:2706797,1/2 chicken breast with sauce,128.0
FNDDS:2706797,1 cup,242.0
FNDDS:2706798,1 cup,220.0
FNDDS:2706799,1 cup,226.0
FNDDS:2706800,1 cup,226.0
FNDDS:2706801,1 cup,226.0
FNDDS:2706802,1 cup,226.0
FNDDS:2706803,1 cup,226.0
FNDDS:2706804,1 cup,226.0
FNDDS:2706805,1 cup,226.0
FNDDS:2706806,1 cup,226.0
FNDDS:2706807,1 cup,226.0
FNDDS:2706808,1 cup,226.0
FNDDS:2706809,1 cup,226.0
FNDDS:2706810,1 cup,90.0
FNDDS:2706810,1 fast food order,344.0
FNDDS:2706811,1 cup,90.0
FNDDS:2706812,1 Wendy's salad,360.0
FNDDS:2706812,1 McDonald's salad,321.0
FNDDS:2706812,1 salad,321.0
FNDDS:2706812,1 cup,90.0
FNDDS:2706813,1 Wendy's salad,360.0
FNDDS:2706813,1 cup,90.0
FNDDS:2706813,1 salad,370.0
FNDDS:2706813,1 McDonald's salad,324.0
FNDDS:2706814,1 salad,370.0
FNDDS:2706814,1 cup,90.0
FNDDS:2706814,1 Burger King salad,370.0
FNDDS:2706815,1 Burger King salad,370.0
FNDDS:2706815,1 salad,370.0
FNDDS:2706815,1 cup,90.0
FNDDS:2706816,1 cup,90.0
FNDDS:2706817,1 cup,90.0
FNDDS:2706817,1 salad,346.0
FNDDS:2706817,1 Wendy's salad,346.0
FNDDS:2706818,1 McDonald's salad,311.0
FNDDS:2706818,1 Wendy's salad,261.0
FNDDS:2706818,1 cup,90.0
FNDDS:2706818,1 salad,286.0
FNDDS:2706819,1 salad,314.0
FNDDS:2706819,1 McDonald's salad,314.0
FNDDS:2706820,1 cup,249.0
FNDDS:2706821,1 cup,249.0
FNDDS:2706822,1 cup,223.0
FNDDS:2706823,1 cup,223.0
FNDDS:2706824,1 cup,208.0
FNDDS:2706825,1 cup,182.0
FNDDS:2706826,1 cup,208.0
FNDDS:2706827,1 cup,220.0
FNDDS:2706828,1 cup,238.0
FNDDS:2706829,1 cup,238.0
FNDDS:2706830,1 cup,238.0
FNDDS:2706831,1 cup,238.0
FNDDS:2706832,1 cup,238.0
FNDDS:2706833,1 cup,238.0
FNDDS:2706834,1 cup,238.0
FNDDS:2706835,1 cup,238.0
FNDDS:2706836,1 cup,238.0
FNDDS:2706837,1 cup,182.0
FNDDS:2706838,1 cup,208.0
FNDDS:2706839,1 cup,238.0
FNDDS:2706840,1 cup,238.0
FNDDS:2706841,1 cup,95.0
FNDDS:2706841,1 fast food order,244.0
FNDDS:2706842,1 cup,95.0
FNDDS:2706843,1 cup,208.0
FNDDS:2706844,1 cup,63.0
FNDDS:2706845,1 cup,95.0
FNDDS:2706846,1 cup,95.0
FNDDS:2706847,1 cup,95.0
FNDDS:2706848,1 cup,95.0
FNDDS:2706849,1 oyster,30.0
FNDDS:2706850,1 cup,234.0
FNDDS:2706851,1 cup,162.0
FNDDS:2706852,1 cup,162.0
FNDDS:2706853,1 cup,217.0
FNDDS:2706854,1 cup,217.0
FNDDS:2706855,1 shishkabob,202.0
FNDDS:2706855,1 cup,154.0
FNDDS:2706856,1 cup,246.0
FNDDS:2706857,1 cup,162.0
FNDDS:2706858,1 cup,224.0
FNDDS:2706859,1 cup,217.0
FNDDS:2706860,1 cup,217.0
FNDDS:2706861,1 cup,224.0
FNDDS:2706862,1 cup,224.0
FNDDS:2706863,1 cup,224.0
FNDDS:2706864,1 cup,224.0
FNDDS:2706865,1 cup,217.0
FNDDS:2706866,1 cup,217.0
FNDDS:2706867,1 shishkabob,202.0
FNDDS:2706867,1 cup,154.0
FNDDS:2706868,"1 slice (4"" x 3-1/2"" x 1/2"") with sauce",213.0
FNDDS:2706869,1 cup,242.0
FNDDS:2706870,1 cup,180.0
FNDDS:2706871,1 cup,145.0
FNDDS:2706872,1 cup,220.0
FNDDS:2706873,1 lau lau,214.0
FNDDS:2706874,1 cup,115.0
FNDDS:2706874,"Quantity not specified, if main course in meal",402.0
FNDDS:2706874,"Quantity not specified, if appetizer",115.0
FNDDS:2706875,1 cup,208.0
FNDDS:2706876,1 cup,202.0
FNDDS:2706876,1 slice with onions,143.0
FNDDS:2706876,"1 cubic inch, cooked",22.0
FNDDS:2706877,1 cup,240.0
FNDDS:2706878,1 cup,260.0
FNDDS:2706879,1 cup,244.0
FNDDS:2706880,1 regular,115.0
FNDDS:2706880,1 large,175.0
FNDDS:2706880,"1 regular or 6"" submarine",175.0
FNDDS:2706880,1 miniature/slider,60.0
FNDDS:2706881,"1 sandwich, any size",140.0
FNDDS:2706882,1 large sandwich,270.0
FNDDS:2706882,1 regular sandwich,180.0
FNDDS:2706882,1 miniature/slider,90.0
FNDDS:2706882,1 submarine,270.0
FNDDS:2706883,"1 sandwich, any size",185.0
FNDDS:2706884,"1 sandwich, any size",185.0
FNDDS:2706885,1 large sandwich,270.0
FNDDS:2706885,1 miniature/slider,90.0
FNDDS:2706885,1 regular sandwich,180.0
FNDDS:2706885,1 submarine,270.0
FNDDS:2706886,1 submarine,270.0
FNDDS:2706886,1 miniature/slider,90.0
FNDDS:2706886,1 regular sandwich,180.0
FNDDS:2706886,1 large sandwich,270.0
FNDDS:2706887,1 miniature,60.0
FNDDS:2706888,1 cheeseburger,165.0
FNDDS:2706889,1 cheeseburger,115.0
FNDDS:2706890,1 cheeseburger,110.0
FNDDS:2706891,1 cheeseburger,155.0
FNDDS:2706892,1 cheeseburger,110.0
FNDDS:2706893,1 cheeseburger,100.0
FNDDS:2706894,1 miniature,80.0
FNDDS:2706895,1 cheeseburger,135.0
FNDDS:2706896,1 cheeseburger,135.0
FNDDS:2706897,1 cheeseburger,165.0
FNDDS:2706898,1 cheeseburger,170.0
FNDDS:2706899,1 cheeseburger,290.0
FNDDS:2706900,1 cheeseburger,200.0
FNDDS:2706901,1 cheeseburger,165.0
FNDDS:2706902,1 cheeseburger,165.0
FNDDS:2706903,1 cheeseburger,210.0
FNDDS:2706904,1 cheeseburger,210.0
FNDDS:2706905,1 double cheeseburger,205.0
FNDDS:2706906,1 double cheeseburger,205.0
FNDDS:2706907,1 double cheeseburger,270.0
FNDDS:2706908,1 double cheeseburger,270.0
FNDDS:2706909,1 cheeseburger,210.0
FNDDS:2706910,1 double cheeseburger,330.0
FNDDS:2706911,1 double cheeseburger,330.0
FNDDS:2706912,1 double cheeseburger,155.0
FNDDS:2706913,1 double cheeseburger,140.0
FNDDS:2706914,1 double cheeseburger,165.0
FNDDS:2706915,1 double cheeseburger,140.0
FNDDS:2706916,1 McDonald's Big Mac,205.0
FNDDS:2706916,1 McDonald's Grand Mac,315.0
FNDDS:2706916,1 MCDonald's Mac Jr,135.0
FNDDS:2706917,1 double cheeseburger,270.0
FNDDS:2706918,1 double cheeseburger,330.0
FNDDS:2706919,1 miniature hamburger,50.0
FNDDS:2706920,1 hamburger,145.0
FNDDS:2706921,1 hamburger,90.0
FNDDS:2706922,1 hamburger,100.0
FNDDS:2706923,1 hamburger,135.0
FNDDS:2706924,1 hamburger,100.0
FNDDS:2706925,1 hamburger,90.0
FNDDS:2706926,1 miniature hamburger,70.0
FNDDS:2706927,1 hamburger,115.0
FNDDS:2706928,1 hamburger,115.0
FNDDS:2706929,1 hamburger,145.0
FNDDS:2706930,1 hamburger,175.0
FNDDS:2706931,1 hamburger,270.0
FNDDS:2706932,1 hamburger,145.0
FNDDS:2706933,1 hamburger,145.0
FNDDS:2706934,1 hamburger,175.0
FNDDS:2706935,1 hamburger,175.0
FNDDS:2706936,1 double hamburger,180.0
FNDDS:2706937,1 double hamburger,180.0
FNDDS:2706938,1 double hamburger,230.0
FNDDS:2706939,1 double hamburger,230.0
FNDDS:2706940,1 double hamburger,290.0
FNDDS:2706941,1 double hamburger,290.0
FNDDS:2706942,1 double hamburger,130.0
FNDDS:2706943,1 double hamburger,230.0
FNDDS:2706944,1 double hamburger,290.0
FNDDS:2706945,1 regular,180.0
FNDDS:2706945,1 miniature/slider,90.0
FNDDS:2706945,"1 regular or 6"" submarine",270.0
FNDDS:2706945,1 large,270.0
FNDDS:2706946,"1 sandwich, any size",135.0
FNDDS:2706947,1 chiliburger,210.0
FNDDS:2706948,1 large,175.0
FNDDS:2706948,1 regular,115.0
FNDDS:2706948,1 miniature/slider,60.0
FNDDS:2706948,"1 regular or 6"" submarine",175.0
FNDDS:2706949,1 regular,135.0
FNDDS:2706949,1 large,205.0
FNDDS:2706949,1 miniature/slider,70.0
FNDDS:2706949,"1 regular or 6"" submarine",205.0
FNDDS:2706950,1 large,175.0
FNDDS:2706950,"1 regular or 6"" submarine",175.0
FNDDS:2706950,1 miniature/slider,60.0
FNDDS:2706950,1 regular,115.0
FNDDS:2706951,1 regular,135.0
FNDDS:2706951,1 miniature/slider,70.0
FNDDS:2706951,1 large,205.0
FNDDS:2706951,"1 regular or 6"" submarine",205.0
FNDDS:2706952,"1 sandwich, any size",215.0
FNDDS:2706953,1 regular,115.0
FNDDS:2706953,"1 regular or 6"" submarine",175.0
FNDDS:2706953,1 miniature/slider,60.0
FNDDS:2706953,1 large,175.0
FNDDS:2706954,1 regular,135.0
FNDDS:2706954,1 large,205.0
FNDDS:2706954,"1 regular or 6"" submarine",205.0
FNDDS:2706954,1 miniature/slider,70.0
FNDDS:2706955,1 miniature/slider,60.0
FNDDS:2706955,1 regular,115.0
FNDDS:2706955,"1 regular or 6"" submarine",175.0
FNDDS:2706955,1 large,175.0
FNDDS:2706956,1 miniature/slider,70.0
FNDDS:2706956,1 regular,135.0
FNDDS:2706956,"1 regular or 6"" submarine",205.0
FNDDS:2706956,1 large,205.0
FNDDS:2706957,"1 sandwich, any size",185.0
FNDDS:2706958,1 miniature/slider,60.0
FNDDS:2706958,1 large,175.0
FNDDS:2706958,"1 regular or 6"" submarine",175.0
FNDDS:2706958,1 regular,115.0
FNDDS:2706959,1 miniature/slider,60.0
FNDDS:2706959,1 regular,115.0
FNDDS:2706959,1 large,175.0
FNDDS:2706959,"1 regular or 6"" submarine",175.0
FNDDS:2706960,1 miniature/slider,75.0
FNDDS:2706960,"1 regular or 6"" submarine",220.0
FNDDS:2706960,1 large,220.0
FNDDS:2706960,1 regular,145.0
FNDDS:2706961,"1 regular or 6"" submarine",220.0
FNDDS:2706961,1 large,220.0
FNDDS:2706961,1 miniature/slider,75.0
FNDDS:2706961,1 regular,145.0
FNDDS:2706962,"1 sandwich, any size",200.0
FNDDS:2706963,"1 sandwich, any size",158.0
FNDDS:2706964,"1 regular or 6"" submarine",175.0
FNDDS:2706964,1 miniature/slider,60.0
FNDDS:2706964,1 regular,115.0
FNDDS:2706964,1 large,175.0
FNDDS:2706965,"1 regular or 6"" submarine",205.0
FNDDS:2706965,1 large,205.0
FNDDS:2706965,1 miniature/slider,70.0
FNDDS:2706965,1 regular,135.0
FNDDS:2706966,1 regular,115.0
FNDDS:2706966,"1 regular or 6"" submarine",175.0
FNDDS:2706966,1 large,175.0
FNDDS:2706966,1 miniature/slider,60.0
FNDDS:2706967,1 regular,135.0
FNDDS:2706967,1 miniature/slider,70.0
FNDDS:2706967,"1 regular or 6"" submarine",205.0
FNDDS:2706967,1 large,205.0
FNDDS:2706968,1 regular,130.0
FNDDS:2706968,1 large,195.0
FNDDS:2706968,1 miniature/slider,65.0
FNDDS:2706968,"1 regular or 6"" submarine",195.0
FNDDS:2706969,1 miniature/slider,80.0
FNDDS:2706969,1 regular,160.0
FNDDS:2706969,1 large,240.0
FNDDS:2706969,"1 regular or 6"" submarine",240.0
FNDDS:2706970,"1 sandwich, any size",135.0
FNDDS:2706971,"1 sandwich, any size",180.0
FNDDS:2706972,"1 sandwich, any size",180.0
FNDDS:2706973,"1 sandwich, any size",190.0
FNDDS:2706974,"1 sandwich, any size",190.0
FNDDS:2706975,1 submarine,270.0
FNDDS:2706975,1 miniature/slider,90.0
FNDDS:2706975,1 regular sandwich,180.0
FNDDS:2706975,1 large sandwich,270.0
FNDDS:2706976,1 submarine,270.0
FNDDS:2706976,1 regular sandwich,180.0
FNDDS:2706976,1 miniature/slider,90.0
FNDDS:2706976,1 large sandwich,270.0
FNDDS:2706977,"1 sandwich, any size",115.0
FNDDS:2706978,"1 sandwich, any size",135.0
FNDDS:2706979,"1 sandwich, any size",105.0
FNDDS:2706980,"1 sandwich, any size",105.0
FNDDS:2706981,1 large,175.0
FNDDS:2706981,1 miniature/slider,60.0
FNDDS:2706981,"1 regular or 6"" submarine",175.0
FNDDS:2706981,1 regular,115.0
FNDDS:2706982,1 large,205.0
FNDDS:2706982,1 miniature/slider,70.0
FNDDS:2706982,"1 regular or 6"" submarine",205.0
FNDDS:2706982,1 regular,135.0
FNDDS:2706983,1 large,175.0
FNDDS:2706983,"1 regular or 6"" submarine",175.0
FNDDS:2706983,1 miniature/slider,60.0
FNDDS:2706983,1 regular,115.0
FNDDS:2706984,1 large,205.0
FNDDS:2706984,"1 regular or 6"" submarine",205.0
FNDDS:2706984,1 regular,135.0
FNDDS:2706984,1 miniature/slider,70.0
FNDDS:2706985,1 miniature/slider,65.0
FNDDS:2706985,1 regular,130.0
FNDDS:2706985,1 large,195.0
FNDDS:2706985,"1 regular or 6"" submarine",195.0
FNDDS:2706986,1 regular,160.0
FNDDS:2706986,"1 regular or 6"" submarine",240.0
FNDDS:2706986,1 large,240.0
FNDDS:2706986,1 miniature/slider,80.0
FNDDS:2706987,"1 sandwich, any size",135.0
FNDDS:2706988,1 regular,130.0
FNDDS:2706988,1 large,195.0
FNDDS:2706988,1 miniature/slider,65.0
FNDDS:2706988,"1 regular or 6"" submarine",195.0
FNDDS:2706989,1 regular,160.0
FNDDS:2706989,1 miniature/slider,80.0
FNDDS:2706989,1 large,240.0
FNDDS:2706989,"1 regular or 6"" submarine",240.0
FNDDS:2706990,1 regular,180.0
FNDDS:2706990,"1 regular or 6"" submarine",270.0
FNDDS:2706990,1 miniature/slider,90.0
FNDDS:2706990,1 large,270.0
FNDDS:2706991,"1 regular or 6"" submarine",270.0
FNDDS:2706991,1 large,270.0
FNDDS:2706991,1 miniature/slider,90.0
FNDDS:2706991,1 regular,180.0
FNDDS:2706992,"1 sandwich, any size",200.0
FNDDS:2706993,"1 sandwich, any size",130.0
FNDDS:2706994,"1 sandwich, any size",155.0
FNDDS:2706995,"1 sandwich, any size",130.0
FNDDS:2706996,"1 sandwich, any size",155.0
FNDDS:2706997,1 regular,145.0
FNDDS:2706997,"1 regular or 6"" submarine",290.0
FNDDS:2706997,1 large,290.0
FNDDS:2706997,1 miniature/slider,75.0
FNDDS:2706998,1 miniature/slider,90.0
FNDDS:2706998,1 large sandwich,270.0
FNDDS:2706998,1 submarine,270.0
FNDDS:2706998,1 regular sandwich,180.0
FNDDS:2706999,1 regular sandwich,180.0
FNDDS:2706999,1 miniature/slider,90.0
FNDDS:2706999,1 large sandwich,270.0
FNDDS:2706999,1 submarine,270.0
FNDDS:2707000,"1 sandwich, any size",140.0
FNDDS:2707001,"1 sandwich, any size",92.0
FNDDS:2707002,"1 sandwich, any size",155.0
FNDDS:2707003,1 regular sandwich,140.0
FNDDS:2707003,1 large sandwich,280.0
FNDDS:2707003,1 submarine,280.0
FNDDS:2707003,1 miniature/slider,70.0
FNDDS:2707004,1 miniature/slider,80.0
FNDDS:2707004,1 submarine,322.0
FNDDS:2707004,1 regular sandwich,161.0
FNDDS:2707004,1 large sandwich,322.0
FNDDS:2707005,1 submarine,280.0
FNDDS:2707005,1 miniature/slider,70.0
FNDDS:2707005,1 large sandwich,280.0
FNDDS:2707005,1 regular sandwich,140.0
FNDDS:2707006,1 large sandwich,322.0
FNDDS:2707006,1 regular sandwich,161.0
FNDDS:2707006,1 submarine,322.0
FNDDS:2707006,1 miniature/slider,80.0
FNDDS:2707007,1 miniature/slider,70.0
FNDDS:2707007,1 regular sandwich,140.0
FNDDS:2707007,1 large sandwich,280.0
FNDDS:2707007,1 submarine,280.0
FNDDS:2707008,1 sandwich (1 slice bread),70.0
FNDDS:2707008,1 large sandwich,280.0
FNDDS:2707008,1 miniature/slider,70.0
FNDDS:2707008,1 submarine,280.0
FNDDS:2707008,1 regular sandwich,140.0
FNDDS:2707009,1 submarine,322.0
FNDDS:2707009,1 miniature/slider,80.0
FNDDS:2707009,1 large sandwich,322.0
FNDDS:2707009,1 sandwich (1 slice bread),80.0
FNDDS:2707009,1 regular sandwich,161.0
FNDDS:2707010,1 submarine,280.0
FNDDS:2707010,1 regular sandwich,140.0
FNDDS:2707010,1 miniature/slider,70.0
FNDDS:2707010,1 large sandwich,280.0
FNDDS:2707010,1 sandwich (1 slice bread),70.0
FNDDS:2707011,1 sandwich (1 slice bread),80.0
FNDDS:2707011,1 miniature/slider,80.0
FNDDS:2707011,1 regular sandwich,161.0
FNDDS:2707011,1 large sandwich,322.0
FNDDS:2707011,1 submarine,322.0
FNDDS:2707012,1 miniature/slider,70.0
FNDDS:2707012,1 sandwich (1 slice bread),70.0
FNDDS:2707012,1 regular sandwich,140.0
FNDDS:2707012,1 large sandwich,280.0
FNDDS:2707012,1 submarine,280.0
FNDDS:2707013,1 submarine,322.0
FNDDS:2707013,1 miniature/slider,80.0
FNDDS:2707013,1 large sandwich,322.0
FNDDS:2707013,1 regular sandwich,161.0
FNDDS:2707013,1 sandwich (1 slice bread),80.0
FNDDS:2707014,1 miniature/slider,70.0
FNDDS:2707014,1 large sandwich,280.0
FNDDS:2707014,1 regular sandwich,140.0
FNDDS:2707014,1 submarine,280.0
FNDDS:2707014,1 sandwich (1 slice bread),70.0
FNDDS:2707015,1 regular sandwich,161.0
FNDDS:2707015,1 sandwich (1 slice bread),80.0
FNDDS:2707015,1 large sandwich,322.0
FNDDS:2707015,1 submarine,322.0
FNDDS:2707015,1 miniature/slider,80.0
FNDDS:2707016,"1 sandwich, any size",161.0
FNDDS:2707017,"1 sandwich, any size",161.0
FNDDS:2707018,1 sandwich,145.0
FNDDS:2707019,1 sandwich,145.0
FNDDS:2707020,1 miniature/slider,65.0
FNDDS:2707020,1 regular sandwich,130.0
FNDDS:2707020,1 large sandwich,260.0
FNDDS:2707020,1 submarine,260.0
FNDDS:2707021,1 miniature/slider,75.0
FNDDS:2707021,1 large sandwich,302.0
FNDDS:2707021,1 regular sandwich,151.0
FNDDS:2707021,1 submarine,302.0
FNDDS:2707022,1 submarine,360.0
FNDDS:2707022,1 regular sandwich,180.0
FNDDS:2707022,1 large sandwich,360.0
FNDDS:2707022,1 miniature/slider,90.0
FNDDS:2707023,1 regular sandwich,180.0
FNDDS:2707023,1 large sandwich,360.0
FNDDS:2707023,1 submarine,360.0
FNDDS:2707023,1 miniature/slider,90.0
FNDDS:2707024,1 large sandwich,360.0
FNDDS:2707024,1 submarine,360.0
FNDDS:2707024,1 regular sandwich,180.0
FNDDS:2707024,1 miniature/slider,90.0
FNDDS:2707025,"1 sandwich, any size",90.0
FNDDS:2707026,"1 sandwich, any size",151.0
FNDDS:2707027,1 large sandwich,260.0
FNDDS:2707027,1 regular sandwich,130.0
FNDDS:2707027,1 submarine,260.0
FNDDS:2707027,1 sandwich (1 slice bread),65.0
FNDDS:2707027,1 miniature/slider,65.0
FNDDS:2707028,1 sandwich (1 slice bread),75.0
FNDDS:2707028,1 large sandwich,302.0
FNDDS:2707028,1 submarine,302.0
FNDDS:2707028,1 miniature/slider,75.0
FNDDS:2707028,1 regular sandwich,151.0
FNDDS:2707029,1 sandwich (1 slice bread),65.0
FNDDS:2707029,1 large sandwich,260.0
FNDDS:2707029,1 regular sandwich,130.0
FNDDS:2707029,1 miniature/slider,65.0
FNDDS:2707029,1 submarine,260.0
FNDDS:2707030,1 regular sandwich,151.0
FNDDS:2707030,1 sandwich (1 slice bread),75.0
FNDDS:2707030,1 miniature/slider,75.0
FNDDS:2707030,1 large sandwich,302.0
FNDDS:2707030,1 submarine,302.0
FNDDS:2707031,1 submarine,260.0
FNDDS:2707031,1 miniature/slider,65.0
FNDDS:2707031,1 large sandwich,260.0
FNDDS:2707031,1 regular sandwich,130.0
FNDDS:2707031,1 sandwich (1 slice bread),65.0
FNDDS:2707032,"1 sandwich, any size",151.0
FNDDS:2707033,1 submarine,270.0
FNDDS:2707033,1 regular sandwich,135.0
FNDDS:2707033,1 large sandwich,270.0
FNDDS:2707033,1 miniature/slider,67.0
FNDDS:2707034,1 regular,180.0
FNDDS:2707034,1 large,270.0
FNDDS:2707034,1 miniature/slider,90.0
FNDDS:2707034,"1 regular or 6"" submarine",270.0
FNDDS:2707035,"1 regular or 6"" submarine",300.0
FNDDS:2707035,1 regular,200.0
FNDDS:2707035,1 miniature/slider,100.0
FNDDS:2707035,1 large,300.0
FNDDS:2707036,1 large,270.0
FNDDS:2707036,"1 regular or 6"" submarine",270.0
FNDDS:2707036,1 miniature/slider,90.0
FNDDS:2707036,1 regular,180.0
FNDDS:2707037,1 regular,200.0
FNDDS:2707037,1 miniature/slider,100.0
FNDDS:2707037,"1 regular or 6"" submarine",300.0
FNDDS:2707037,1 large,300.0
FNDDS:2707038,"1 sandwich, any size",200.0
FNDDS:2707039,1 large sandwich,360.0
FNDDS:2707039,1 submarine,360.0
FNDDS:2707039,1 miniature/slider,90.0
FNDDS:2707039,1 regular sandwich,180.0
FNDDS:2707040,"1 regular or 6"" submarine",175.0
FNDDS:2707040,1 large,175.0
FNDDS:2707040,1 miniature/slider,60.0
FNDDS:2707040,1 regular,115.0
FNDDS:2707041,1 miniature/slider,70.0
FNDDS:2707041,1 regular,135.0
FNDDS:2707041,1 large,205.0
FNDDS:2707041,"1 regular or 6"" submarine",205.0
FNDDS:2707042,"1 regular or 6"" submarine",175.0
FNDDS:2707042,1 miniature/slider,60.0
FNDDS:2707042,1 regular,115.0
FNDDS:2707042,1 large,175.0
FNDDS:2707043,1 miniature/slider,70.0
FNDDS:2707043,"1 regular or 6"" submarine",205.0
FNDDS:2707043,1 regular,135.0
FNDDS:2707043,1 large,205.0
FNDDS:2707044,1 cocktail/miniature,19.0
FNDDS:2707044,1 bun length/jumbo,113.0
FNDDS:2707044,1 regular,88.0
FNDDS:2707045,1 cocktail size pig in a blanket,20.0
FNDDS:2707045,1 pig in blanket,85.0
FNDDS:2707046,1 large,175.0
FNDDS:2707046,"1 regular or 6"" submarine",175.0
FNDDS:2707046,1 regular,115.0
FNDDS:2707046,1 miniature/slider,60.0
FNDDS:2707047,1 regular,135.0
FNDDS:2707047,1 large,205.0
FNDDS:2707047,1 miniature/slider,70.0
FNDDS:2707047,"1 regular or 6"" submarine",205.0
FNDDS:2707048,1 miniature/slider,60.0
FNDDS:2707048,"1 regular or 6"" submarine",175.0
FNDDS:2707048,1 large,175.0
FNDDS:2707048,1 regular,115.0
FNDDS:2707049,1 regular,135.0
FNDDS:2707049,"1 regular or 6"" submarine",205.0
FNDDS:2707049,1 miniature/slider,70.0
FNDDS:2707049,1 large,205.0
FNDDS:2707050,1 miniature/slider,85.0
FNDDS:2707050,1 regular,165.0
FNDDS:2707050,"1 regular or 6"" submarine",250.0
FNDDS:2707050,1 large,250.0
FNDDS:2707051,1 regular,165.0
FNDDS:2707051,1 large,250.0
FNDDS:2707051,"1 regular or 6"" submarine",250.0
FNDDS:2707051,1 miniature/slider,85.0
FNDDS:2707052,"1 regular or 6"" submarine",295.0
FNDDS:2707052,1 miniature/slider,100.0
FNDDS:2707052,1 large,295.0
FNDDS:2707052,1 regular,195.0
FNDDS:2707053,"1 sandwich, any size",135.0
FNDDS:2707054,"1 sandwich, any size",135.0
FNDDS:2707055,"1 sandwich, any size",135.0
FNDDS:2707056,1 sandwich,102.0
FNDDS:2707057,1 sandwich,102.0
FNDDS:2707058,1 sandwich (1 slice bread),87.0
FNDDS:2707059,1 sandwich (1 slice bread),87.0
FNDDS:2707060,1 sandwich,102.0
FNDDS:2707061,1 sandwich,102.0
FNDDS:2707062,1 sandwich (1 slice bread),87.0
FNDDS:2707063,1 sandwich (1 slice bread),87.0
FNDDS:2707064,1 sandwich,102.0
FNDDS:2707065,1 sandwich,102.0
FNDDS:2707066,1 sandwich (1 slice bread),87.0
FNDDS:2707067,1 sandwich (1 slice bread),87.0
FNDDS:2707068,1 sandwich,102.0
FNDDS:2707069,1 sandwich,102.0
FNDDS:2707070,1 sandwich (1 slice bread),87.0
FNDDS:2707071,1 sandwich (1 slice bread),87.0
FNDDS:2707072,1 sandwich,102.0
FNDDS:2707073,1 sandwich,102.0
FNDDS:2707074,1 sandwich (1 slice bread),87.0
FNDDS:2707075,1 sandwich (1 slice bread),87.0
FNDDS:2707076,1 sandwich,115.0
FNDDS:2707077,1 sandwich (1 slice bread),100.0
FNDDS:2707078,1 sandwich,166.0
FNDDS:2707078,1 footlong,269.0
FNDDS:2707079,1 sandwich,166.0
FNDDS:2707079,1 footlong,269.0
FNDDS:2707080,1 sandwich (1 slice bread),151.0
FNDDS:2707081,1 sandwich (1 slice bread),151.0
FNDDS:2707082,1 regular,145.0
FNDDS:2707082,1 miniature/slider,75.0
FNDDS:2707082,1 large,220.0
FNDDS:2707082,"1 regular or 6"" submarine",220.0
FNDDS:2707083,1 regular,165.0
FNDDS:2707083,"1 regular or 6"" submarine",250.0
FNDDS:2707083,1 large,250.0
FNDDS:2707083,1 miniature/slider,85.0
FNDDS:2707084,1 regular,145.0
FNDDS:2707084,1 miniature/slider,75.0
FNDDS:2707084,1 large,220.0
FNDDS:2707084,"1 regular or 6"" submarine",220.0
FNDDS:2707085,1 miniature/slider,85.0
FNDDS:2707085,"1 regular or 6"" submarine",250.0
FNDDS:2707085,1 regular,165.0
FNDDS:2707085,1 large,250.0
FNDDS:2707086,1 miniature/slider,85.0
FNDDS:2707086,1 regular,165.0
FNDDS:2707086,"1 regular or 6"" submarine",250.0
FNDDS:2707086,1 large,250.0
FNDDS:2707087,1 regular,190.0
FNDDS:2707087,1 miniature/slider,95.0
FNDDS:2707087,"1 regular or 6"" submarine",285.0
FNDDS:2707087,1 large,285.0
FNDDS:2707088,"1 sandwich, any size",165.0
FNDDS:2707089,"1 sandwich, any size",145.0
FNDDS:2707090,"1 sandwich, any size",165.0
FNDDS:2707091,"1 sandwich, any size",145.0
FNDDS:2707092,"1 sandwich, any size",165.0
FNDDS:2707093,"1 regular or 6"" submarine",250.0
FNDDS:2707093,1 miniature/slider,85.0
FNDDS:2707093,1 regular,165.0
FNDDS:2707093,1 large,250.0
FNDDS:2707094,1 miniature/slider,100.0
FNDDS:2707094,1 regular,195.0
FNDDS:2707094,1 large,295.0
FNDDS:2707094,"1 regular or 6"" submarine",295.0
FNDDS:2707095,1 meal (11 oz),312.0
FNDDS:2707096,1 meal (11 oz),312.0
FNDDS:2707097,1 meal (10 oz),284.0
FNDDS:2707098,1 meal (11 oz),312.0
FNDDS:2707099,1 Armour meal (11 oz),312.0
FNDDS:2707099,1 Kraft meal (9 oz),255.0
FNDDS:2707100,1 Swanson Salisbury Steak Dinner (11 oz),312.0
FNDDS:2707100,1 Morton Salisbury Steak Dinner (11.25 oz),319.0
FNDDS:2707101,1 meal (10 oz),284.0
FNDDS:2707102,1 Michelina's dinner (10 oz),284.0
FNDDS:2707102,1 Stouffer's meal (8-7/8 oz),252.0
FNDDS:2707102,1 Stouffer's dinner (14 oz),397.0
FNDDS:2707102,1 Banquet meal (9.5 oz),269.0
FNDDS:2707102,1 Swanson dinner (12.75 oz),361.0
FNDDS:2707102,1 Marie Callender's dinner (14.5 oz),411.0
FNDDS:2707103,1 meal (9.1 oz),258.0
FNDDS:2707104,1 Budget Gourmet (8.5 oz),241.0
FNDDS:2707104,1 Stouffer's meal (10.5 oz),298.0
FNDDS:2707105,1 meal (11 oz),312.0
FNDDS:2707106,1 meal (11 oz),312.0
FNDDS:2707107,1 Banquet meal (6.75 oz),191.0
FNDDS:2707108,1 Swanson meal (16.5 oz),468.0
FNDDS:2707108,1 Banquet meal (16.5 oz),468.0
FNDDS:2707109,1 Lean Cuisine meal (11 oz),312.0
FNDDS:2707109,1 Uncle Ben's Rice Bowl (12 oz),340.0
FNDDS:2707109,1 Weight Watchers meal (10.5 oz),297.0
FNDDS:2707110,1 meal (8.5 oz),241.0
FNDDS:2707111,1 entree (9.1 oz),258.0
FNDDS:2707112,1 meal (9 oz),255.0
FNDDS:2707113,1 Lean Cuisine meal (9.25 oz),262.0
FNDDS:2707113,1 Healthy Choice meal (8.5 oz),241.0
FNDDS:2707113,1 Weight Watchers meal (10 oz),283.0
FNDDS:2707114,1 Jenny's Cuisine meal (9.25 oz),262.0
FNDDS:2707114,1 Lean Cuisine meal (11.75 oz),333.0
FNDDS:2707114,1 Healthy Choice meal (8.5 oz),241.0
FNDDS:2707115,1 meal (9 oz),255.0
FNDDS:2707116,1 meal (10 oz),284.0
FNDDS:2707117,1 Healthy Choice meal (10 oz),284.0
FNDDS:2707117,1 Weight Watchers meal (8.5 oz),241.0
FNDDS:2707118,1 Banquet meal (9.25 oz),262.0
FNDDS:2707118,1 Swanson meal (11.75 oz),333.0
FNDDS:2707119,1 meal (10 oz),284.0
FNDDS:2707120,1 meal (11 oz),312.0
FNDDS:2707121,1 meal (11 oz),312.0
FNDDS:2707122,1 Stouffer's dinner (17 oz),482.0
FNDDS:2707122,1 Marie Callender's dinner (14 oz),370.0
FNDDS:2707122,1 Banquet meal (9.5 oz),269.0
FNDDS:2707123,1 cup,245.0
FNDDS:2707124,1 cup,245.0
FNDDS:2707125,1 cup,245.0
FNDDS:2707126,1 cup,245.0
FNDDS:2707127,1 individual container,440.0
FNDDS:2707127,1 cup,245.0
FNDDS:2707127,1 can,525.0
FNDDS:2707128,1 cup,245.0
FNDDS:2707129,1 cup,245.0
FNDDS:2707130,1 individual container,440.0
FNDDS:2707130,1 can,525.0
FNDDS:2707130,1 cup,245.0
FNDDS:2707131,1 can,525.0
FNDDS:2707131,1 cup,245.0
FNDDS:2707131,1 individual container,440.0
FNDDS:2707132,1 carton,910.0
FNDDS:2707132,1 can,525.0
FNDDS:2707132,1 individual container,440.0
FNDDS:2707132,1 cup,240.0
FNDDS:2707133,1 can,525.0
FNDDS:2707133,1 individual container,440.0
FNDDS:2707133,1 cup,245.0
FNDDS:2707134,1 cup,245.0
FNDDS:2707135,1 cup,245.0
FNDDS:2707136,1 cup,245.0
FNDDS:2707137,1 can,525.0
FNDDS:2707137,1 cup,255.0
FNDDS:2707137,1 individual container,440.0
FNDDS:2707138,1 can,525.0
FNDDS:2707138,1 individual container,440.0
FNDDS:2707138,1 cup,245.0
FNDDS:2707139,1 can,525.0
FNDDS:2707139,1 cup,255.0
FNDDS:2707139,1 individual container,440.0
FNDDS:2707140,1 cup,255.0
FNDDS:2707141,1 cup,244.0
FNDDS:2707142,1 cup,244.0
FNDDS:2707143,1 cup,245.0
FNDDS:2707144,1 cup,240.0
FNDDS:2707145,1 cup,240.0
FNDDS:2707146,1 cup,240.0
FNDDS:2707147,1 cup,240.0
FNDDS:2707148,1 cup,240.0
FNDDS:2707149,1 cup,240.0
FNDDS:2707150,1 tablespoon,16.0
FNDDS:2707151,1 tablespoon,16.0
FNDDS:2707152,1 egg,50.0
FNDDS:2707152,1 cup,245.0
FNDDS:2707153,1 egg,50.0
FNDDS:2707153,1 cup,135.0
FNDDS:2707154,1 egg,50.0
FNDDS:2707154,1 slice,5.0
FNDDS:2707154,1 cup,135.0
FNDDS:2707155,1 egg,55.0
FNDDS:2707155,1 cup,135.0
FNDDS:2707156,1 cup,135.0
FNDDS:2707156,1 egg,50.0
FNDDS:2707157,1 cup,135.0
FNDDS:2707157,1 egg,55.0
FNDDS:2707158,1 egg,55.0
FNDDS:2707158,1 cup,135.0
FNDDS:2707159,1 egg,55.0
FNDDS:2707159,1 cup,135.0
FNDDS:2707160,1 cup,135.0
FNDDS:2707160,1 egg,55.0
FNDDS:2707161,1 egg,50.0
FNDDS:2707161,1 cup,135.0
FNDDS:2707162,1 egg,55.0
FNDDS:2707162,1 cup,135.0
FNDDS:2707163,1 egg,55.0
FNDDS:2707163,1 cup,135.0
FNDDS:2707164,1 egg,55.0
FNDDS:2707164,1 cup,135.0
FNDDS:2707165,1 egg,50.0
FNDDS:2707165,1 cup,135.0
FNDDS:2707166,1 egg,55.0
FNDDS:2707166,1 cup,135.0
FNDDS:2707167,1 egg,50.0
FNDDS:2707168,1 cup,245.0
FNDDS:2707168,1 egg white,33.0
FNDDS:2707169,1 cup,135.0
FNDDS:2707169,1 egg white,36.0
FNDDS:2707170,1 cup,135.0
FNDDS:2707170,1 egg white,33.0
FNDDS:2707171,1 cup,135.0
FNDDS:2707171,1 egg white,36.0
FNDDS:2707172,1 egg,17.0
FNDDS:2707172,1 cup,245.0
FNDDS:2707173,1 cup,135.0
FNDDS:2707173,1 egg,20.0
FNDDS:2707174,1 cup,135.0
FNDDS:2707174,1 egg,17.0
FNDDS:2707175,1 egg,20.0
FNDDS:2707175,1 cup,135.0
FNDDS:2707176,1 egg,70.0
FNDDS:2707176,1 cup,135.0
FNDDS:2707177,1 egg,144.0
FNDDS:2707178,1 egg,9.0
FNDDS:2707179,1 egg,145.0
FNDDS:2707179,1 cup,135.0
FNDDS:2707180,1 egg,155.0
FNDDS:2707181,1 egg,30.0
FNDDS:2707182,1 extra large egg,82.0
FNDDS:2707182,1 large egg,74.0
FNDDS:2707182,"1 egg, NS as to size",74.0
FNDDS:2707182,1 medium egg,68.0
FNDDS:2707182,1 cup,222.0
FNDDS:2707183,1 cup,222.0
FNDDS:2707183,1 extra large egg,82.0
FNDDS:2707183,1 large egg,74.0
FNDDS:2707183,"1 egg, NS as to size",74.0
FNDDS:2707183,1 medium egg,68.0
FNDDS:2707184,1 large egg,74.0
FNDDS:2707184,1 cup,222.0
FNDDS:2707184,1 extra large egg,82.0
FNDDS:2707184,1 medium egg,68.0
FNDDS:2707184,"1 egg, NS as to size",74.0
FNDDS:2707185,1 medium egg,68.0
FNDDS:2707185,1 large egg,74.0
FNDDS:2707185,1 extra large egg,82.0
FNDDS:2707185,1 cup,222.0
FNDDS:2707185,"1 egg, NS as to size",74.0
FNDDS:2707186,"1 egg, NS as to size",74.0
FNDDS:2707186,1 extra large egg,82.0
FNDDS:2707186,1 medium egg,68.0
FNDDS:2707186,1 cup,222.0
FNDDS:2707186,1 large egg,74.0
FNDDS:2707187,1 large egg,74.0
FNDDS:2707187,1 extra large egg,82.0
FNDDS:2707187,"1 egg, NS as to size",74.0
FNDDS:2707187,1 medium egg,68.0
FNDDS:2707187,1 cup,222.0
FNDDS:2707188,"1 egg, NS as to size",74.0
FNDDS:2707188,1 large egg,74.0
FNDDS:2707188,1 medium egg,68.0
FNDDS:2707188,1 cup,222.0
FNDDS:2707188,1 extra large egg,82.0
FNDDS:2707189,"1 egg, NS as to size",74.0
FNDDS:2707189,1 extra large egg,82.0
FNDDS:2707189,1 cup,222.0
FNDDS:2707189,1 medium egg,68.0
FNDDS:2707189,1 large egg,74.0
FNDDS:2707190,"1 egg, NS as to size",74.0
FNDDS:2707190,1 cup,222.0
FNDDS:2707190,1 extra large egg,82.0
FNDDS:2707190,1 large egg,74.0
FNDDS:2707190,1 medium egg,68.0
FNDDS:2707191,1 cup,135.0
FNDDS:2707191,1 egg,118.0
FNDDS:2707192,1 cup,164.0
FNDDS:2707192,1 cubic inch,11.8
FNDDS:2707193,1 cup,175.0
FNDDS:2707193,1 patty,86.0
FNDDS:2707194,1 cup,175.0
FNDDS:2707194,1 patty,86.0
FNDDS:2707195,1 patty,86.0
FNDDS:2707195,1 cup,175.0
FNDDS:2707196,1 cup,175.0
FNDDS:2707196,1 patty,86.0
FNDDS:2707197,1 patty,86.0
FNDDS:2707197,1 cup,175.0
FNDDS:2707198,1 egg,55.0
FNDDS:2707198,1 cup,135.0
FNDDS:2707199,1 cup,135.0
FNDDS:2707199,1 egg,55.0
FNDDS:2707200,1 egg,55.0
FNDDS:2707200,1 cup,135.0
FNDDS:2707201,1 egg,55.0
FNDDS:2707201,1 cup,135.0
FNDDS:2707202,1 egg,55.0
FNDDS:2707202,1 cup,135.0
FNDDS:2707203,1 cup,135.0
FNDDS:2707203,1 egg,50.0
FNDDS:2707204,1 cup,135.0
FNDDS:2707204,1 egg,55.0
FNDDS:2707205,1 egg,50.0
FNDDS:2707205,1 cup,135.0
FNDDS:2707206,1 cup,135.0
FNDDS:2707206,1 egg,55.0
FNDDS:2707207,1 egg,65.0
FNDDS:2707207,1 cup,135.0
FNDDS:2707208,1 cup,135.0
FNDDS:2707208,1 egg,65.0
FNDDS:2707209,1 cup,135.0
FNDDS:2707209,1 egg,65.0
FNDDS:2707210,1 egg,65.0
FNDDS:2707210,1 cup,135.0
FNDDS:2707211,1 cup,135.0
FNDDS:2707211,1 egg,60.0
FNDDS:2707212,1 egg,60.0
FNDDS:2707212,1 cup,135.0
FNDDS:2707213,1 cup,135.0
FNDDS:2707213,1 egg,75.0
FNDDS:2707214,1 egg,75.0
FNDDS:2707214,1 cup,135.0
FNDDS:2707215,1 cup,135.0
FNDDS:2707215,1 egg,75.0
FNDDS:2707216,1 egg,75.0
FNDDS:2707216,1 cup,135.0
FNDDS:2707217,1 egg,75.0
FNDDS:2707217,1 cup,135.0
FNDDS:2707218,1 egg,70.0
FNDDS:2707218,1 cup,135.0
FNDDS:2707219,1 cup,135.0
FNDDS:2707219,1 egg,75.0
FNDDS:2707220,1 egg,70.0
FNDDS:2707220,1 cup,135.0
FNDDS:2707221,1 egg,85.0
FNDDS:2707221,1 cup,135.0
FNDDS:2707222,1 egg,85.0
FNDDS:2707222,1 cup,135.0
FNDDS:2707223,1 egg,85.0
FNDDS:2707223,1 cup,135.0
FNDDS:2707224,1 cup,135.0
FNDDS:2707224,1 egg,85.0
FNDDS:2707225,1 cup,135.0
FNDDS:2707225,1 egg,85.0
FNDDS:2707226,1 cup,135.0
FNDDS:2707226,1 egg,80.0
FNDDS:2707227,1 cup,135.0
FNDDS:2707227,1 egg,85.0
FNDDS:2707228,1 egg,80.0
FNDDS:2707228,1 cup,135.0
FNDDS:2707229,1 cup,135.0
FNDDS:2707229,1 egg,75.0
FNDDS:2707230,1 cup,135.0
FNDDS:2707230,1 egg,70.0
FNDDS:2707231,1 cup,135.0
FNDDS:2707231,1 egg,75.0
FNDDS:2707232,1 cup,135.0
FNDDS:2707232,1 egg,75.0
FNDDS:2707233,1 cup,135.0
FNDDS:2707233,1 egg,70.0
FNDDS:2707234,1 cup,135.0
FNDDS:2707234,1 egg,75.0
FNDDS:2707235,1 egg,75.0
FNDDS:2707235,1 cup,135.0
FNDDS:2707236,1 cup,135.0
FNDDS:2707236,1 egg,70.0
FNDDS:2707237,1 egg,75.0
FNDDS:2707237,1 cup,135.0
FNDDS:2707238,1 egg,75.0
FNDDS:2707238,1 cup,135.0
FNDDS:2707239,1 egg,70.0
FNDDS:2707239,1 cup,135.0
FNDDS:2707240,1 egg,75.0
FNDDS:2707240,1 cup,135.0
FNDDS:2707241,1 egg,85.0
FNDDS:2707241,1 cup,135.0
FNDDS:2707242,1 egg,80.0
FNDDS:2707242,1 cup,135.0
FNDDS:2707243,1 cup,135.0
FNDDS:2707243,1 egg,85.0
FNDDS:2707244,1 cup,135.0
FNDDS:2707244,1 egg,85.0
FNDDS:2707245,1 egg,80.0
FNDDS:2707245,1 cup,135.0
FNDDS:2707246,1 egg,85.0
FNDDS:2707246,1 cup,135.0
FNDDS:2707247,1 egg,85.0
FNDDS:2707247,1 cup,135.0
FNDDS:2707248,1 egg,80.0
FNDDS:2707248,1 cup,135.0
FNDDS:2707249,1 egg,85.0
FNDDS:2707249,1 cup,135.0
FNDDS:2707250,1 cup,135.0
FNDDS:2707250,1 egg,85.0
FNDDS:2707251,1 cup,135.0
FNDDS:2707251,1 egg,80.0
FNDDS:2707252,1 cup,135.0
FNDDS:2707252,1 egg,85.0
FNDDS:2707253,1 egg,95.0
FNDDS:2707253,1 cup,135.0
FNDDS:2707254,1 cup,135.0
FNDDS:2707254,1 egg,90.0
FNDDS:2707255,1 egg,95.0
FNDDS:2707255,1 cup,135.0
FNDDS:2707256,1 cup,135.0
FNDDS:2707256,1 egg,95.0
FNDDS:2707257,1 cup,135.0
FNDDS:2707257,1 egg,90.0
FNDDS:2707258,1 egg,95.0
FNDDS:2707258,1 cup,135.0
FNDDS:2707259,1 cup,135.0
FNDDS:2707259,1 egg,95.0
FNDDS:2707260,1 egg,90.0
FNDDS:2707260,1 cup,135.0
FNDDS:2707261,1 cup,135.0
FNDDS:2707261,1 egg,95.0
FNDDS:2707262,1 cup,135.0
FNDDS:2707262,1 egg,95.0
FNDDS:2707263,1 cup,135.0
FNDDS:2707263,1 egg,90.0
FNDDS:2707264,1 cup,135.0
FNDDS:2707264,1 egg,95.0
FNDDS:2707265,1 egg,105.0
FNDDS:2707265,1 cup,135.0
FNDDS:2707266,1 egg,100.0
FNDDS:2707266,1 cup,135.0
FNDDS:2707267,1 egg,105.0
FNDDS:2707267,1 cup,135.0
FNDDS:2707268,1 egg,105.0
FNDDS:2707268,1 cup,135.0
FNDDS:2707269,1 cup,135.0
FNDDS:2707269,1 egg,100.0
FNDDS:2707270,1 egg,105.0
FNDDS:2707270,1 cup,135.0
FNDDS:2707271,1 cup,135.0
FNDDS:2707271,1 egg,105.0
FNDDS:2707272,1 egg,100.0
FNDDS:2707272,1 cup,135.0
FNDDS:2707273,1 egg,105.0
FNDDS:2707273,1 cup,135.0
FNDDS:2707274,1 cup,135.0
FNDDS:2707274,1 egg,105.0
FNDDS:2707275,1 egg,100.0
FNDDS:2707275,1 cup,135.0
FNDDS:2707276,1 egg,105.0
FNDDS:2707276,1 cup,135.0
FNDDS:2707277,1 cup,135.0
FNDDS:2707277,1 egg,75.0
FNDDS:2707278,1 cup,135.0
FNDDS:2707278,1 egg,70.0
FNDDS:2707279,1 cup,135.0
FNDDS:2707279,1 egg,75.0
FNDDS:2707280,1 miniature/slider,90.0
FNDDS:2707280,1 regular,180.0
FNDDS:2707280,"1 regular or 6"" submarine",270.0
FNDDS:2707280,1 large,270.0
FNDDS:2707281,1 regular,180.0
FNDDS:2707281,"1 regular or 6"" submarine",270.0
FNDDS:2707281,1 large,270.0
FNDDS:2707281,1 miniature/slider,90.0
FNDDS:2707282,1 cup,245.0
FNDDS:2707283,1 egg white,36.0
FNDDS:2707283,1 cup,135.0
FNDDS:2707284,1 egg white,36.0
FNDDS:2707284,1 cup,135.0
FNDDS:2707285,1 cup,135.0
FNDDS:2707285,1 egg white,36.0
FNDDS:2707286,1 cup,135.0
FNDDS:2707286,1 egg white,36.0
FNDDS:2707287,1 egg white,33.0
FNDDS:2707287,1 cup,135.0
FNDDS:2707288,1 cup,135.0
FNDDS:2707288,1 egg white,36.0
FNDDS:2707289,1 cup,135.0
FNDDS:2707289,1 egg white,33.0
FNDDS:2707290,1 egg white,41.0
FNDDS:2707290,1 cup,135.0
FNDDS:2707291,1 egg white,46.0
FNDDS:2707291,1 cup,135.0
FNDDS:2707292,1 egg white,46.0
FNDDS:2707292,1 cup,135.0
FNDDS:2707293,1 egg white,51.0
FNDDS:2707293,1 cup,135.0
FNDDS:2707294,1 egg white,51.0
FNDDS:2707294,1 cup,135.0
FNDDS:2707295,1 cup,135.0
FNDDS:2707295,1 egg white,56.0
FNDDS:2707296,1 cup,135.0
FNDDS:2707296,1 egg white,61.0
FNDDS:2707297,1 meringue,22.0
FNDDS:2707298,"1/4 cup, raw (equivalent to 1 large egg) yields",55.0
FNDDS:2707298,"1 cup, cooked",135.0
FNDDS:2707299,"1/4 cup, raw (equivalent to 1 large egg) yields",55.0
FNDDS:2707299,"1 cup, cooked",135.0
FNDDS:2707300,"1 cup, cooked",135.0
FNDDS:2707300,"1/4 cup, raw (equivalent to 1 large egg) yields",55.0
FNDDS:2707301,"1 cup, cooked",135.0
FNDDS:2707301,"1/4 cup, raw (equivalent to 1 large egg) yields",55.0
FNDDS:2707302,"1 cup, cooked",135.0
FNDDS:2707302,"1/4 cup, raw (equivalent to 1 large egg) yields",55.0
FNDDS:2707303,"1/4 cup, raw (equivalent to 1 large egg) yields",55.0
FNDDS:2707303,"1 cup, cooked",135.0
FNDDS:2707304,"1 cup, cooked",135.0
FNDDS:2707304,"1/4 cup, raw (equivalent to 1 large egg) yields",55.0
FNDDS:2707305,"1 cup, cooked",135.0
FNDDS:2707305,"1/4 cup, raw (equivalent to 1 large egg) yields",55.0
FNDDS:2707306,"1/4 cup, raw (equivalent to 1 large egg) yields",55.0
FNDDS:2707306,"1 cup, cooked",135.0
FNDDS:2707307,1 submarine,175.0
FNDDS:2707307,1 large,175.0
FNDDS:2707307,1 regular,115.0
FNDDS:2707307,1 miniature/slider,60.0
FNDDS:2707308,1 large,205.0
FNDDS:2707308,1 regular,135.0
FNDDS:2707308,1 submarine,205.0
FNDDS:2707308,1 miniature/slider,70.0
FNDDS:2707309,1 regular,155.0
FNDDS:2707309,1 large,235.0
FNDDS:2707309,1 submarine,235.0
FNDDS:2707309,1 miniature/slider,80.0
FNDDS:2707310,1 miniature/slider,90.0
FNDDS:2707310,1 submarine,270.0
FNDDS:2707310,1 regular,180.0
FNDDS:2707310,1 large,270.0
FNDDS:2707311,1 miniature/slider,60.0
FNDDS:2707311,1 submarine,175.0
FNDDS:2707311,1 regular,115.0
FNDDS:2707311,1 large,175.0
FNDDS:2707312,1 large,205.0
FNDDS:2707312,1 regular,135.0
FNDDS:2707312,1 miniature/slider,70.0
FNDDS:2707312,1 submarine,205.0
FNDDS:2707313,1 miniature/slider,80.0
FNDDS:2707313,1 submarine,235.0
FNDDS:2707313,1 large,235.0
FNDDS:2707313,1 regular,155.0
FNDDS:2707314,1 submarine,270.0
FNDDS:2707314,1 large,270.0
FNDDS:2707314,1 miniature/slider,90.0
FNDDS:2707314,1 regular,180.0
FNDDS:2707315,1 large,205.0
FNDDS:2707315,1 regular,135.0
FNDDS:2707316,1 regular,180.0
FNDDS:2707316,1 large,270.0
FNDDS:2707317,1 large,225.0
FNDDS:2707317,1 regular,150.0
FNDDS:2707318,1 regular,145.0
FNDDS:2707318,1 large,220.0
FNDDS:2707319,1 large,205.0
FNDDS:2707319,1 regular,135.0
FNDDS:2707320,1 regular,180.0
FNDDS:2707320,1 large,270.0
FNDDS:2707321,1 large,225.0
FNDDS:2707321,1 regular,150.0
FNDDS:2707322,1 large,235.0
FNDDS:2707322,1 regular,155.0
FNDDS:2707323,1 regular,145.0
FNDDS:2707323,1 large,220.0
FNDDS:2707324,1 large,250.0
FNDDS:2707324,1 regular,165.0
FNDDS:2707325,1 regular,190.0
FNDDS:2707325,1 large,285.0
FNDDS:2707326,1 regular,140.0
FNDDS:2707326,1 large,210.0
FNDDS:2707327,1 large,240.0
FNDDS:2707327,1 regular,160.0
FNDDS:2707328,1 regular,185.0
FNDDS:2707328,1 miniature/slider,95.0
FNDDS:2707328,1 large,280.0
FNDDS:2707329,1 miniature/slider,115.0
FNDDS:2707329,1 large,345.0
FNDDS:2707329,1 regular,230.0
FNDDS:2707330,1 miniature/slider,100.0
FNDDS:2707330,1 regular,200.0
FNDDS:2707330,1 large,300.0
FNDDS:2707331,1 regular,205.0
FNDDS:2707331,1 miniature/slider,105.0
FNDDS:2707331,1 large,310.0
FNDDS:2707332,1 large,175.0
FNDDS:2707332,1 regular,115.0
FNDDS:2707333,1 regular,180.0
FNDDS:2707333,1 large,270.0
FNDDS:2707334,1 submarine,175.0
FNDDS:2707334,1 large,175.0
FNDDS:2707334,1 regular,115.0
FNDDS:2707334,1 miniature/slider,60.0
FNDDS:2707335,1 regular,135.0
FNDDS:2707335,1 large,205.0
FNDDS:2707335,1 submarine,205.0
FNDDS:2707335,1 miniature/slider,70.0
FNDDS:2707336,1 submarine,255.0
FNDDS:2707336,1 miniature/slider,85.0
FNDDS:2707336,1 large,255.0
FNDDS:2707336,1 regular,170.0
FNDDS:2707337,1 regular,105.0
FNDDS:2707337,1 large,160.0
FNDDS:2707338,1 regular,110.0
FNDDS:2707338,1 large,165.0
FNDDS:2707339,1 regular,110.0
FNDDS:2707339,1 large,165.0
FNDDS:2707340,1 regular,135.0
FNDDS:2707340,1 large,205.0
FNDDS:2707341,1 regular,125.0
FNDDS:2707341,1 large,190.0
FNDDS:2707342,1 large,230.0
FNDDS:2707342,1 regular,155.0
FNDDS:2707343,"1 item, any size",180.0
FNDDS:2707344,"1 item, any size",190.0
FNDDS:2707345,"1 item, any size",190.0
FNDDS:2707346,"1 item, any size",190.0
FNDDS:2707347,1 cup,185.0
FNDDS:2707348,1 cup,185.0
FNDDS:2707348,"1 oz dry, yield after cooking",72.0
FNDDS:2707349,"1 oz dry, yield after cooking",70.0
FNDDS:2707349,1 cup,180.0
FNDDS:2707350,1 cup,185.0
FNDDS:2707351,1 cup,180.0
FNDDS:2707352,1 cup,260.0
FNDDS:2707353,1 cup,185.0
FNDDS:2707354,1 cup,185.0
FNDDS:2707354,"1 oz dry, yield after cooking",72.0
FNDDS:2707355,1 cup,180.0
FNDDS:2707355,"1 oz dry, yield after cooking",70.0
FNDDS:2707356,1 cup,185.0
FNDDS:2707357,1 cup,180.0
FNDDS:2707358,1 cup,185.0
FNDDS:2707359,1 cup,185.0
FNDDS:2707360,1 cup,185.0
FNDDS:2707360,"1 oz dry, yield after cooking",72.0
FNDDS:2707361,1 cup,180.0
FNDDS:2707361,"1 oz dry, yield after cooking",70.0
FNDDS:2707362,1 cup,185.0
FNDDS:2707363,1 cup,180.0
FNDDS:2707364,1 cup,185.0
FNDDS:2707365,1 cup,260.0
FNDDS:2707366,1 cup,260.0
FNDDS:2707367,"1 oz dry, yield after cooking",72.0
FNDDS:2707367,1 cup,185.0
FNDDS:2707368,1 cup,185.0
FNDDS:2707369,1 cup,185.0
FNDDS:2707369,"1 oz dry, yield after cooking",72.0
FNDDS:2707370,1 cup,185.0
FNDDS:2707370,"1 oz dry, yield after cooking",72.0
FNDDS:2707371,1 cup,185.0
FNDDS:2707372,"1 oz dry, yield after cooking",72.0
FNDDS:2707372,1 cup,185.0
FNDDS:2707373,1 cup,180.0
FNDDS:2707373,"1 oz dry, yield after cooking",70.0
FNDDS:2707374,1 cup,185.0
FNDDS:2707375,1 cup,180.0
FNDDS:2707376,1 cup,185.0
FNDDS:2707377,1 cup,260.0
FNDDS:2707378,1 cup,260.0
FNDDS:2707379,1 cup,185.0
FNDDS:2707380,1 cup,185.0
FNDDS:2707380,"1 oz dry, yield after cooking",72.0
FNDDS:2707381,"1 oz dry, yield after cooking",70.0
FNDDS:2707381,1 cup,180.0
FNDDS:2707382,1 cup,185.0
FNDDS:2707383,1 cup,180.0
FNDDS:2707384,1 cup,185.0
FNDDS:2707385,1 cup,260.0
FNDDS:2707386,1 cup,260.0
FNDDS:2707387,1 cup,185.0
FNDDS:2707387,"1 oz dry, yield after cooking",72.0
FNDDS:2707388,1 cup,185.0
FNDDS:2707388,"1 oz dry, yield after cooking",72.0
FNDDS:2707389,"1 oz dry, yield after cooking",72.0
FNDDS:2707389,1 cup,185.0
FNDDS:2707390,1 cup,260.0
FNDDS:2707391,1 cup,260.0
FNDDS:2707392,1 cup,260.0
FNDDS:2707393,1 cup,255.0
FNDDS:2707394,1 cup,260.0
FNDDS:2707395,1 cup,231.0
FNDDS:2707396,1 cup,260.0
FNDDS:2707397,1 cup,260.0
FNDDS:2707398,1 cup,260.0
FNDDS:2707399,1 cup,260.0
FNDDS:2707400,1 individual container,70.0
FNDDS:2707400,1 tablespoon,15.0
FNDDS:2707401,1 tablespoon,15.0
FNDDS:2707401,1 individual container,70.0
FNDDS:2707402,1 individual container,70.0
FNDDS:2707402,1 tablespoon,15.0
FNDDS:2707403,1 individual container,70.0
FNDDS:2707403,1 tablespoon,15.0
FNDDS:2707404,1 tablespoon,16.0
FNDDS:2707405,1 cup,260.0
FNDDS:2707406,1 cup,260.0
FNDDS:2707407,1 cup,260.0
FNDDS:2707408,1 patty,17.0
FNDDS:2707409,1 cake,32.0
FNDDS:2707410,1 cup,260.0
FNDDS:2707411,1 cup,255.0
FNDDS:2707412,1 cup,185.0
FNDDS:2707413,1 cup,185.0
FNDDS:2707413,"1 oz dry, yield after cooking",72.0
FNDDS:2707414,1 cup,185.0
FNDDS:2707414,1 pea,2.0
FNDDS:2707415,1 pea,2.0
FNDDS:2707415,1 cup,185.0
FNDDS:2707415,"1 oz dry, yield after cooking",72.0
FNDDS:2707416,1 pea,2.0
FNDDS:2707416,1 cup,180.0
FNDDS:2707416,"1 oz dry, yield after cooking",70.0
FNDDS:2707417,1 pea,2.0
FNDDS:2707417,1 cup,185.0
FNDDS:2707418,1 pea,2.0
FNDDS:2707418,1 cup,180.0
FNDDS:2707419,1 pea,2.0
FNDDS:2707419,1 cup,185.0
FNDDS:2707420,"1 oz dry, yield after cooking",70.0
FNDDS:2707420,1 cup,180.0
FNDDS:2707421,1 cup,185.0
FNDDS:2707421,"1 oz dry, yield after cooking",72.0
FNDDS:2707422,1 cup,120.0
FNDDS:2707423,1 cup,185.0
FNDDS:2707424,1 cup,185.0
FNDDS:2707424,"1 oz dry, yield after cooking",72.0
FNDDS:2707425,1 cup,180.0
FNDDS:2707425,"1 oz dry, yield after cooking",70.0
FNDDS:2707426,1 cup,185.0
FNDDS:2707427,1 cup,240.0
FNDDS:2707428,1 medium single serving bag,57.0
FNDDS:2707428,1 chip,3.0
FNDDS:2707428,1 cup,30.0
FNDDS:2707428,1 large single serving bag,85.0
FNDDS:2707428,1 small single serving bag,28.0
FNDDS:2707429,1 papad,9.0
FNDDS:2707430,1 cup,248.0
FNDDS:2707431,1 cup,240.0
FNDDS:2707432,1 cup,200.0
FNDDS:2707433,1 large single serving bag,85.0
FNDDS:2707433,1 medium single serving bag,57.0
FNDDS:2707433,1 small single serving bag,28.0
FNDDS:2707433,1 cup,95.0
FNDDS:2707434,1 large single serving bag,85.0
FNDDS:2707434,1 small single serving bag,28.0
FNDDS:2707434,1 cup,30.0
FNDDS:2707434,1 medium single serving bag,57.0
FNDDS:2707434,1 chip,2.0
FNDDS:2707434,1 100 calorie package,26.0
FNDDS:2707435,1 cubic inch,17.6
FNDDS:2707435,"1 piece (2-1/2"" x 2-3/4"" x 1"")",120.0
FNDDS:2707435,"1 cup (1/2"" cubes)",248.0
FNDDS:2707436,1 cup,160.0
FNDDS:2707436,"1 pod, yields",2.0
FNDDS:2707437,1 cup,225.0
FNDDS:2707437,1 slice,18.0
FNDDS:2707438,1 tablespoon,16.0
FNDDS:2707439,1 cup,275.0
FNDDS:2707440,1 cup,176.0
FNDDS:2707441,1 tablespoon,16.0
FNDDS:2707442,Guideline amount per piece of sushi,2.0
FNDDS:2707442,1 individual packet,9.0
FNDDS:2707442,1 tablespoon,16.0
FNDDS:2707443,Guideline amount per piece of sushi,2.0
FNDDS:2707443,1 individual packet,9.0
FNDDS:2707443,1 tablespoon,16.0
FNDDS:2707444,1 6 oz container,170.0
FNDDS:2707444,1 cup,245.0
FNDDS:2707444,"1 container, NFS",150.0
FNDDS:2707444,1 5.3 oz container,150.0
FNDDS:2707445,1 tablespoon,16.0
FNDDS:2707445,1 individual packet,9.0
FNDDS:2707446,1 tablespoon,16.0
FNDDS:2707446,1 individual packet,9.0
FNDDS:2707447,1 tablespoon,16.0
FNDDS:2707448,1 oz,28.4
FNDDS:2707449,"1 slice (2-3/4"" x 1"" x 1/2"")",29.0
FNDDS:2707449,1 cubic inch,17.0
FNDDS:2707450,1 cup,140.0
FNDDS:2707451,"1 cup, coarse grain",68.0
FNDDS:2707451,"1 cup, fine grain",120.0
FNDDS:2707451,"1 cup, NFS",68.0
FNDDS:2707452,1 fl oz,21.0
FNDDS:2707452,1 cup,165.0
FNDDS:2707453,1 cup,255.0
FNDDS:2707454,1 can,525.0
FNDDS:2707454,1 individual container,440.0
FNDDS:2707454,1 cup,255.0
FNDDS:2707455,1 cup,245.0
FNDDS:2707456,1 individual container,440.0
FNDDS:2707456,1 can,525.0
FNDDS:2707456,1 cup,255.0
FNDDS:2707457,1 cup,255.0
FNDDS:2707458,1 individual container,440.0
FNDDS:2707458,1 cup,255.0
FNDDS:2707458,1 can,525.0
FNDDS:2707459,1 can,525.0
FNDDS:2707459,1 cup,255.0
FNDDS:2707459,1 individual container,440.0
FNDDS:2707460,1 cup,255.0
FNDDS:2707460,1 can,525.0
FNDDS:2707460,1 individual container,440.0
FNDDS:2707461,1 can,525.0
FNDDS:2707461,1 cup,255.0
FNDDS:2707461,1 individual container,440.0
FNDDS:2707462,1 cup,255.0
FNDDS:2707463,1 cup,255.0
FNDDS:2707463,1 individual container,440.0
FNDDS:2707463,1 can,525.0
FNDDS:2707464,1 cup,245.0
FNDDS:2707465,"1 oz, raw (yield after cooking)",16.0
FNDDS:2707465,1 strip,5.0
FNDDS:2707466,1 tablespoon,7.0
FNDDS:2707467,1 slice,28.0
FNDDS:2707467,1 patty,38.0
FNDDS:2707467,1 link,25.0
FNDDS:2707468,1 cup,168.0
FNDDS:2707469,1 piece,36.0
FNDDS:2707469,"1 cup, NFS",130.0
FNDDS:2707469,"1 cup, diced",130.0
FNDDS:2707469,"1 cup, pieces",168.0
FNDDS:2707470,"1 cup, sliced",140.0
FNDDS:2707470,"1 item, any size",70.0
FNDDS:2707471,1 regular slice (1 oz),28.0
FNDDS:2707471,1 thin slice,14.0
FNDDS:2707472,1 cup,144.0
FNDDS:2707472,1 meatball,18.0
FNDDS:2707473,1 cup,125.0
FNDDS:2707473,1 patty,100.0
FNDDS:2707474,1 can (13 oz),369.0
FNDDS:2707474,1 steak with gravy,92.0
FNDDS:2707474,"1 cup, with gravy",216.0
FNDDS:2707475,"1 slice, any size",210.0
FNDDS:2707475,1 cup,200.0
FNDDS:2707475,1 cubic inch,10.0
FNDDS:2707475,1 individual pie,250.0
FNDDS:2707475,"1 pie, any size",1260.0
FNDDS:2707476,1 cup,217.0
FNDDS:2707477,1 cup,217.0
FNDDS:2707478,1 fillet,85.0
FNDDS:2707479,1 cup,247.0
FNDDS:2707480,"1 oz, dry, yields",134.0
FNDDS:2707480,"1 box (3.2 oz), dry, yields",466.0
FNDDS:2707480,"1 cup, cooked",125.0
FNDDS:2707481,1 sandwich,160.0
FNDDS:2707482,1 sandwich,181.0
FNDDS:2707483,"1 sandwich, any size",215.0
FNDDS:2707484,1 cup,142.0
FNDDS:2707484,1 100 calorie package,18.0
FNDDS:2707484,1 package,50.0
FNDDS:2707485,1 nut,1.2
FNDDS:2707485,1 100 calorie package,18.0
FNDDS:2707485,1 package,50.0
FNDDS:2707485,1 oz,28.4
FNDDS:2707485,1 cup,141.0
FNDDS:2707486,1 100 calorie package,18.0
FNDDS:2707486,1 oz,28.4
FNDDS:2707486,1 cup,141.0
FNDDS:2707486,1 package,50.0
FNDDS:2707486,1 nut,1.2
FNDDS:2707487,1 package,50.0
FNDDS:2707487,1 cup,141.0
FNDDS:2707487,1 100 calorie package,18.0
FNDDS:2707487,1 oz,28.4
FNDDS:2707487,1 nut,1.2
FNDDS:2707488,1 oz,28.4
FNDDS:2707488,1 package,50.0
FNDDS:2707488,1 100 calorie package,18.0
FNDDS:2707488,1 cup,141.0
FNDDS:2707488,1 nut,1.2
FNDDS:2707489,1 cup,141.0
FNDDS:2707489,1 100 calorie package,18.0
FNDDS:2707489,1 oz,28.4
FNDDS:2707489,1 nut,1.2
FNDDS:2707489,1 package,50.0
FNDDS:2707490,1 oz,28.4
FNDDS:2707490,1 100 calorie package,18.0
FNDDS:2707490,1 nut,1.2
FNDDS:2707490,1 cup,141.0
FNDDS:2707490,1 package,50.0
FNDDS:2707491,1 100 calorie package,18.0
FNDDS:2707491,1 cup,141.0
FNDDS:2707491,1 oz,28.4
FNDDS:2707491,1 nut,1.2
FNDDS:2707491,1 package,50.0
FNDDS:2707492,1 nut,5.0
FNDDS:2707492,1 cup,133.0
FNDDS:2707493,1 nut,1.5
FNDDS:2707493,1 oz,28.4
FNDDS:2707493,1 package,50.0
FNDDS:2707493,1 cup,130.0
FNDDS:2707494,1 oz,28.4
FNDDS:2707494,1 cup,130.0
FNDDS:2707494,1 package,50.0
FNDDS:2707494,1 nut,1.5
FNDDS:2707495,1 oz,28.4
FNDDS:2707495,1 cup,130.0
FNDDS:2707495,1 nut,1.5
FNDDS:2707495,1 package,50.0
FNDDS:2707496,1 nut,1.5
FNDDS:2707496,1 cup,130.0
FNDDS:2707496,1 package,50.0
FNDDS:2707496,1 oz,28.4
FNDDS:2707497,1 nut,1.5
FNDDS:2707497,1 cup,130.0
FNDDS:2707497,1 oz,28.4
FNDDS:2707497,1 package,50.0
FNDDS:2707498,1 cup,130.0
FNDDS:2707498,1 package,50.0
FNDDS:2707498,1 oz,28.4
FNDDS:2707498,1 nut,1.5
FNDDS:2707499,1 nut,8.0
FNDDS:2707499,1 cup,143.0
FNDDS:2707499,1 oz,28.4
FNDDS:2707500,1 cup,85.0
FNDDS:2707501,1 cup,85.0
FNDDS:2707502,1 cup,135.0
FNDDS:2707502,1 nut,1.5
FNDDS:2707502,1 package,50.0
FNDDS:2707503,1 package,50.0
FNDDS:2707503,1 oz,28.4
FNDDS:2707503,1 nut,2.5
FNDDS:2707503,1 cup,132.0
FNDDS:2707504,1 cup,142.0
FNDDS:2707504,1 package,50.0
FNDDS:2707505,1 package,50.0
FNDDS:2707505,1 cup,142.0
FNDDS:2707506,1 cup,142.0
FNDDS:2707506,1 package,50.0
FNDDS:2707507,1 cup,142.0
FNDDS:2707507,1 package,50.0
FNDDS:2707508,1 package,50.0
FNDDS:2707508,1 cup,142.0
FNDDS:2707509,1 cup,142.0
FNDDS:2707509,1 package,50.0
FNDDS:2707510,1 package,50.0
FNDDS:2707510,1 cup,142.0
FNDDS:2707511,1 cup,142.0
FNDDS:2707511,1 package,50.0
FNDDS:2707512,"1 oz, in shell, yields",21.0
FNDDS:2707512,"1 oz, without shell, NS as to form",28.4
FNDDS:2707512,"1 peanut, without shell",1.0
FNDDS:2707512,1 package,50.0
FNDDS:2707512,"1 peanut in shell, yields",2.0
FNDDS:2707512,"1 cup, in shell, yields",51.0
FNDDS:2707512,"1 cup, NFS",146.0
FNDDS:2707512,"1 oz, NFS",28.4
FNDDS:2707512,"1 peanut, NFS",1.0
FNDDS:2707512,"1 cup, without shell, NS as to form",146.0
FNDDS:2707513,1 cup,146.0
FNDDS:2707513,1 package,50.0
FNDDS:2707513,1 oz,28.4
FNDDS:2707513,1 nut,1.5
FNDDS:2707514,"1 oz, without shell, NS as to form",28.4
FNDDS:2707514,"1 cup, without shell, NS as to form",146.0
FNDDS:2707514,"1 oz, NFS",28.4
FNDDS:2707514,"1 peanut, NFS",1.0
FNDDS:2707514,"1 oz, in shell, yields",21.0
FNDDS:2707514,"1 cup, NFS",146.0
FNDDS:2707514,1 package,50.0
FNDDS:2707514,"1 cup, in shell, yields",51.0
FNDDS:2707514,"1 peanut, without shell",1.0
FNDDS:2707514,"1 peanut in shell, yields",2.0
FNDDS:2707515,"1 oz, NFS",28.4
FNDDS:2707515,"1 cup, without shell, NS as to form",146.0
FNDDS:2707515,"1 cup, in shell, yields",51.0
FNDDS:2707515,"1 peanut, NFS",1.0
FNDDS:2707515,"1 peanut in shell, yields",2.0
FNDDS:2707515,"1 oz, without shell, NS as to form",28.4
FNDDS:2707515,1 package,50.0
FNDDS:2707515,"1 cup, NFS",146.0
FNDDS:2707515,"1 peanut, without shell",1.0
FNDDS:2707515,"1 oz, in shell, yields",21.0
FNDDS:2707516,"1 cup, in shell, yields",51.0
FNDDS:2707516,1 package,50.0
FNDDS:2707516,"1 oz, without shell, NS as to form",28.4
FNDDS:2707516,"1 oz, in shell, yields",21.0
FNDDS:2707516,"1 peanut, without shell",1.0
FNDDS:2707516,"1 cup, without shell, NS as to form",146.0
FNDDS:2707516,"1 peanut, NFS",1.0
FNDDS:2707516,"1 peanut in shell, yields",2.0
FNDDS:2707516,"1 cup, NFS",146.0
FNDDS:2707516,"1 oz, NFS",28.4
FNDDS:2707517,"1 cup, without shell, NS as to form",146.0
FNDDS:2707517,"1 peanut in shell, yields",2.0
FNDDS:2707517,"1 peanut, NFS",1.0
FNDDS:2707517,"1 oz, without shell, NS as to form",28.4
FNDDS:2707517,"1 cup, in shell, yields",51.0
FNDDS:2707517,"1 oz, NFS",28.4
FNDDS:2707517,1 package,50.0
FNDDS:2707517,"1 peanut, without shell",1.0
FNDDS:2707517,"1 cup, NFS",146.0
FNDDS:2707517,"1 oz, in shell, yields",21.0
FNDDS:2707518,"1 cup, without shell, NS as to form",146.0
FNDDS:2707518,"1 peanut, without shell",1.0
FNDDS:2707518,1 package,50.0
FNDDS:2707518,"1 cup, in shell, yields",51.0
FNDDS:2707518,"1 oz, in shell, yields",21.0
FNDDS:2707518,"1 peanut, NFS",1.0
FNDDS:2707518,"1 oz, without shell, NS as to form",28.4
FNDDS:2707518,"1 peanut in shell, yields",2.0
FNDDS:2707518,"1 cup, NFS",146.0
FNDDS:2707518,"1 oz, NFS",28.4
FNDDS:2707519,"1 peanut, without shell",1.0
FNDDS:2707519,"1 peanut in shell, yields",2.0
FNDDS:2707519,"1 oz, NFS",28.4
FNDDS:2707519,"1 cup, NFS",146.0
FNDDS:2707519,"1 cup, in shell, yields",51.0
FNDDS:2707519,"1 oz, in shell, yields",21.0
FNDDS:2707519,"1 cup, without shell, NS as to form",146.0
FNDDS:2707519,1 package,50.0
FNDDS:2707519,"1 oz, without shell, NS as to form",28.4
FNDDS:2707519,"1 peanut, NFS",1.0
FNDDS:2707520,1 nut,1.0
FNDDS:2707520,1 package,50.0
FNDDS:2707520,1 oz,28.4
FNDDS:2707520,1 cup,146.0
FNDDS:2707521,1 nut,1.5
FNDDS:2707521,1 package,50.0
FNDDS:2707521,1 oz,28.4
FNDDS:2707521,1 cup,100.0
FNDDS:2707522,1 package,50.0
FNDDS:2707522,1 cup,100.0
FNDDS:2707522,1 nut,1.5
FNDDS:2707522,1 oz,28.4
FNDDS:2707523,1 nut,1.5
FNDDS:2707523,1 cup,100.0
FNDDS:2707523,1 package,50.0
FNDDS:2707523,1 oz,28.4
FNDDS:2707524,1 oz,28.4
FNDDS:2707524,1 cup,100.0
FNDDS:2707524,1 nut,1.5
FNDDS:2707524,1 package,50.0
FNDDS:2707525,1 package,50.0
FNDDS:2707525,1 cup,100.0
FNDDS:2707525,1 oz,28.4
FNDDS:2707525,1 nut,1.5
FNDDS:2707526,1 cup,135.0
FNDDS:2707526,1 nut,0.2
FNDDS:2707527,1 nut,0.5
FNDDS:2707527,"1 cup, NFS",58.0
FNDDS:2707527,"1 oz, NFS",28.4
FNDDS:2707527,"1 cup, without shell",128.0
FNDDS:2707527,"1 oz, without shell",28.4
FNDDS:2707527,"1 oz, in shell, yields",15.0
FNDDS:2707527,"1 cup, in shell, yields",58.0
FNDDS:2707527,1 package,50.0
FNDDS:2707528,"1 cup, without shell",128.0
FNDDS:2707528,"1 cup, NFS",58.0
FNDDS:2707528,"1 cup, in shell, yields",58.0
FNDDS:2707528,1 nut,0.5
FNDDS:2707528,"1 oz, NFS",28.4
FNDDS:2707528,1 package,50.0
FNDDS:2707528,"1 oz, in shell, yields",15.0
FNDDS:2707528,"1 oz, without shell",28.4
FNDDS:2707529,"1 cup, in shell, yields",58.0
FNDDS:2707529,"1 cup, without shell",128.0
FNDDS:2707529,1 package,50.0
FNDDS:2707529,"1 oz, NFS",28.4
FNDDS:2707529,1 nut,0.5
FNDDS:2707529,"1 oz, without shell",28.4
FNDDS:2707529,"1 oz, in shell, yields",15.0
FNDDS:2707529,"1 cup, NFS",58.0
FNDDS:2707530,1 nut,0.5
FNDDS:2707530,"1 oz, without shell",28.4
FNDDS:2707530,"1 oz, in shell, yields",15.0
FNDDS:2707530,1 package,50.0
FNDDS:2707530,"1 cup, without shell",128.0
FNDDS:2707530,"1 cup, NFS",58.0
FNDDS:2707530,"1 cup, in shell, yields",58.0
FNDDS:2707530,"1 oz, NFS",28.4
FNDDS:2707531,1 cup,120.0
FNDDS:2707531,1 oz,28.4
FNDDS:2707531,1 package,50.0
FNDDS:2707531,1 nut,2.0
FNDDS:2707532,1 oz,28.4
FNDDS:2707532,1 package,50.0
FNDDS:2707532,1 nut,2.0
FNDDS:2707532,1 cup,120.0
FNDDS:2707533,Guideline amount per sandwich,32.0
FNDDS:2707533,Guideline amount per slice of bread/roll,16.0
FNDDS:2707533,1 tablespoon,16.0
FNDDS:2707534,1 tablespoon,16.0
FNDDS:2707534,Guideline amount per sandwich,32.0
FNDDS:2707534,Guideline amount per slice of bread/roll,16.0
FNDDS:2707535,"1 cup, well packed",227.0
FNDDS:2707536,1 tablespoon,16.0
FNDDS:2707536,Guideline amount per sandwich,32.0
FNDDS:2707536,Guideline amount per slice of bread/roll,16.0
FNDDS:2707537,Guideline amount per sandwich,32.0
FNDDS:2707537,1 single serving,45.0
FNDDS:2707537,1 tablespoon,16.0
FNDDS:2707537,Guideline amount per slice of bread/roll,16.0
FNDDS:2707538,1 tablespoon,16.0
FNDDS:2707538,Guideline amount per slice of bread/roll,16.0
FNDDS:2707538,1 single serving,45.0
FNDDS:2707538,Guideline amount per sandwich,32.0
FNDDS:2707539,Guideline amount per slice of bread/roll,16.0
FNDDS:2707539,Guideline amount per sandwich,32.0
FNDDS:2707539,1 tablespoon,16.0
FNDDS:2707540,Guideline amount per slice of bread/roll,16.0
FNDDS:2707540,1 tablespoon,16.0
FNDDS:2707540,Guideline amount per sandwich,32.0
FNDDS:2707541,Guideline amount per sandwich,32.0
FNDDS:2707541,1 tablespoon,16.0
FNDDS:2707541,Guideline amount per slice of bread/roll,16.0
FNDDS:2707542,Guideline amount per sandwich,32.0
FNDDS:2707542,Guideline amount per slice of bread/roll,16.0
FNDDS:2707542,1 tablespoon,16.0
FNDDS:2707543,Guideline amount per sandwich,32.0
FNDDS:2707543,Guideline amount per slice of bread/roll,16.0
FNDDS:2707543,1 tablespoon,16.0
FNDDS:2707544,1 tablespoon,16.0
FNDDS:2707544,Guideline amount per sandwich,32.0
FNDDS:2707544,Guideline amount per slice of bread/roll,16.0
FNDDS:2707545,Guideline amount per sandwich,32.0
FNDDS:2707545,Guideline amount per slice of bread/roll,16.0
FNDDS:2707545,1 tablespoon,16.0
FNDDS:2707546,1 tablespoon,16.0
FNDDS:2707547,1 cup,245.0
FNDDS:2707548,1 cup,240.0
FNDDS:2707549,1 sandwich,92.0
FNDDS:2707549,1 sandwich (1 slice bread),46.0
FNDDS:2707550,1 sandwich (1 slice bread),46.0
FNDDS:2707550,1 sandwich,92.0
FNDDS:2707551,1 sandwich,92.0
FNDDS:2707551,1 sandwich (1 slice bread),46.0
FNDDS:2707552,1 sandwich,92.0
FNDDS:2707552,1 sandwich (1 slice bread),46.0
FNDDS:2707553,1 sandwich,92.0
FNDDS:2707553,1 sandwich (1 slice bread),46.0
FNDDS:2707554,1 sandwich (1 slice bread),56.0
FNDDS:2707554,1 sandwich,112.0
FNDDS:2707555,1 sandwich,112.0
FNDDS:2707555,1 sandwich (1 slice bread),56.0
FNDDS:2707556,1 sandwich (1 slice bread),56.0
FNDDS:2707556,1 sandwich,112.0
FNDDS:2707557,1 sandwich (1 slice bread),56.0
FNDDS:2707557,1 sandwich,112.0
FNDDS:2707558,1 sandwich (1 slice bread),56.0
FNDDS:2707558,1 sandwich,112.0
FNDDS:2707559,1 sandwich,112.0
FNDDS:2707559,1 sandwich (1 slice bread),56.0
FNDDS:2707560,1 sandwich,112.0
FNDDS:2707560,1 sandwich (1 slice bread),56.0
FNDDS:2707561,1 sandwich (1 slice bread),30.0
FNDDS:2707561,1 sandwich,60.0
FNDDS:2707562,1 sandwich (1 slice bread),46.0
FNDDS:2707562,1 sandwich,92.0
FNDDS:2707563,1 sandwich,92.0
FNDDS:2707563,1 sandwich (1 slice bread),46.0
FNDDS:2707564,1 sandwich (1 slice bread),56.0
FNDDS:2707564,1 sandwich,112.0
FNDDS:2707565,1 sandwich,112.0
FNDDS:2707565,1 sandwich (1 slice bread),56.0
FNDDS:2707566,1 sandwich (1 slice bread),45.0
FNDDS:2707566,"1 sandwich, any size",90.0
FNDDS:2707567,1 sandwich (1 slice bread),45.0
FNDDS:2707567,"1 sandwich, any size",90.0
FNDDS:2707568,1 fl oz,30.0
FNDDS:2707569,1 6 oz container,170.0
FNDDS:2707569,1 cup,226.0
FNDDS:2707569,"1 container, NFS",150.0
FNDDS:2707569,1 5.3 oz container,150.0
FNDDS:2707570,1 cup,226.0
FNDDS:2707570,1 5.3 oz container,150.0
FNDDS:2707570,"1 container, NFS",150.0
FNDDS:2707570,1 6 oz container,170.0
FNDDS:2707571,1 fl oz (no ice),30.0
FNDDS:2707571,1 fl oz (NFS),30.0
FNDDS:2707571,1 fl oz (with ice),23.0
FNDDS:2707572,1 fl oz (with ice),23.0
FNDDS:2707572,1 fl oz (no ice),30.0
FNDDS:2707572,1 coconut yields,206.0
FNDDS:2707572,1 fl oz (NFS),30.0
FNDDS:2707573,1 fl oz (NFS),30.0
FNDDS:2707573,1 can,360.0
FNDDS:2707573,1 fl oz (no ice),30.0
FNDDS:2707573,"1 bottle, NFS",360.0
FNDDS:2707573,1 fl oz (with ice),23.0
FNDDS:2707574,1 package,50.0
FNDDS:2707574,1 cup,140.0
FNDDS:2707575,1 package,50.0
FNDDS:2707575,1 cup,140.0
FNDDS:2707576,1 package,50.0
FNDDS:2707576,1 cup,140.0
FNDDS:2707577,1 package,50.0
FNDDS:2707577,1 cup,140.0
FNDDS:2707578,1 cup,140.0
FNDDS:2707578,1 package,50.0
FNDDS:2707579,"1 oz, NFS",28.4
FNDDS:2707579,"1 oz, without shell",28.4
FNDDS:2707579,1 package,50.0
FNDDS:2707579,"1 cup, NFS",46.0
FNDDS:2707579,"1 oz, in shell, yields",15.0
FNDDS:2707579,"1 cup, in shell, yields",46.0
FNDDS:2707579,"1 cup, without shell",144.0
FNDDS:2707580,1 package,50.0
FNDDS:2707580,"1 cup, NFS",46.0
FNDDS:2707580,"1 oz, NFS",28.4
FNDDS:2707580,"1 oz, without shell",28.4
FNDDS:2707580,"1 cup, without shell",144.0
FNDDS:2707580,"1 oz, in shell, yields",15.0
FNDDS:2707580,"1 cup, in shell, yields",46.0
FNDDS:2707581,"1 cup, without shell",144.0
FNDDS:2707581,"1 oz, NFS",28.4
FNDDS:2707581,"1 cup, in shell, yields",46.0
FNDDS:2707581,1 package,50.0
FNDDS:2707581,"1 oz, without shell",28.4
FNDDS:2707581,"1 oz, in shell, yields",15.0
FNDDS:2707581,"1 cup, NFS",46.0
FNDDS:2707582,"1 cup, NFS",46.0
FNDDS:2707582,"1 oz, without shell",28.4
FNDDS:2707582,"1 cup, in shell, yields",46.0
FNDDS:2707582,1 package,50.0
FNDDS:2707582,"1 oz, NFS",28.4
FNDDS:2707582,"1 oz, in shell, yields",15.0
FNDDS:2707582,"1 cup, without shell",144.0
FNDDS:2707583,"1 cup, in shell, yields",46.0
FNDDS:2707583,"1 cup, NFS",46.0
FNDDS:2707583,"1 oz, in shell, yields",15.0
FNDDS:2707583,"1 oz, without shell",28.4
FNDDS:2707583,1 package,50.0
FNDDS:2707583,"1 cup, without shell",144.0
FNDDS:2707583,"1 oz, NFS",28.4
FNDDS:2707584,1 package,50.0
FNDDS:2707584,"1 oz, in shell, yields",15.0
FNDDS:2707584,"1 oz, NFS",28.4
FNDDS:2707584,"1 oz, without shell",28.4
FNDDS:2707584,"1 cup, NFS",46.0
FNDDS:2707584,"1 cup, without shell",144.0
FNDDS:2707584,"1 cup, in shell, yields",46.0
FNDDS:2707585,"1 cup, NFS",46.0
FNDDS:2707585,"1 cup, without shell",144.0
FNDDS:2707585,"1 oz, in shell, yields",15.0
FNDDS:2707585,"1 oz, NFS",28.4
FNDDS:2707585,"1 oz, without shell",28.4
FNDDS:2707585,"1 cup, in shell, yields",46.0
FNDDS:2707585,1 package,50.0
FNDDS:2707586,1 cup,128.0
FNDDS:2707587,Guideline amount per slice of bread/roll,7.0
FNDDS:2707587,1 tablespoon,15.0
FNDDS:2707588,1 cup,168.0
FNDDS:2707589,1 cup,145.0
FNDDS:2707590,1 cup,168.0
FNDDS:2707591,1 large or thick slice,43.0
FNDDS:2707591,"1 slice, snack-size",10.0
FNDDS:2707591,1 small or thin/very thin slice,24.0
FNDDS:2707591,1 medium or regular slice,28.0
FNDDS:2707591,"1 slice, crust not eaten",13.0
FNDDS:2707592,1 small or thin/very thin slice,22.0
FNDDS:2707592,"1 slice, snack-size",9.0
FNDDS:2707592,1 medium or regular slice,25.0
FNDDS:2707592,"1 slice, crust not eaten",12.0
FNDDS:2707592,1 large or thick slice,39.0
FNDDS:2707593,1 cubic inch,4.7
FNDDS:2707593,1 medium or regular slice,44.0
FNDDS:2707593,1 small or thin/very thin slice,33.0
FNDDS:2707593,1 large or thick slice,55.0
FNDDS:2707593,"1 slice, crust not eaten",20.0
FNDDS:2707593,1 individual loaf,82.0
FNDDS:2707594,1 medium or regular slice,40.0
FNDDS:2707594,1 cubic inch,4.3
FNDDS:2707594,1 large or thick slice,50.0
FNDDS:2707594,1 small or thin/very thin slice,30.0
FNDDS:2707594,"1 slice, crust not eaten",18.0
FNDDS:2707595,1 medium/regular/sandwich size roll,43.0
FNDDS:2707595,1 miniature/small roll,28.0
FNDDS:2707595,1 hamburger bun,52.0
FNDDS:2707595,1 hot dog bun,45.0
FNDDS:2707595,1 large roll,52.0
FNDDS:2707595,1 foot long hot dog bun,83.0
FNDDS:2707595,1 extra large roll,68.0
FNDDS:2707596,1 large roll,62.0
FNDDS:2707596,1 miniature/small roll,25.0
FNDDS:2707596,1 cubic inch,2.3
FNDDS:2707596,1 medium/regular/sandwich size roll,56.0
FNDDS:2707597,1 miniature/small roll,28.0
FNDDS:2707597,1 medium/regular/sandwich size roll,36.0
FNDDS:2707598,1 small or thin/very thin slice,24.0
FNDDS:2707598,"1 slice, snack-size",10.0
FNDDS:2707598,1 cup,40.0
FNDDS:2707598,"1 slice, crust not eaten",13.0
FNDDS:2707598,1 medium or regular slice,28.0
FNDDS:2707598,1 cubic inch,2.8
FNDDS:2707598,1 large or thick slice,43.0
FNDDS:2707599,1 cup,40.0
FNDDS:2707599,1 cubic inch,3.9
FNDDS:2707599,"1 slice, snack-size",9.0
FNDDS:2707599,1 small or thin/very thin slice,22.0
FNDDS:2707599,"1 slice, crust not eaten",12.0
FNDDS:2707599,1 large or thick slice,39.0
FNDDS:2707599,1 medium or regular slice,25.0
FNDDS:2707600,"1 slice, crust not eaten",20.0
FNDDS:2707600,1 individual loaf,82.0
FNDDS:2707600,1 medium or regular slice,44.0
FNDDS:2707600,1 large or thick slice,55.0
FNDDS:2707600,1 small or thin/very thin slice,33.0
FNDDS:2707600,1 cubic inch,4.7
FNDDS:2707601,1 small or thin/very thin slice,30.0
FNDDS:2707601,1 medium or regular slice,40.0
FNDDS:2707601,1 cubic inch,4.3
FNDDS:2707601,1 large or thick slice,50.0
FNDDS:2707601,"1 slice, crust not eaten",18.0
FNDDS:2707602,"1 slice, crust not eaten",13.0
FNDDS:2707602,1 large or thick slice,43.0
FNDDS:2707602,1 medium or regular slice,28.0
FNDDS:2707602,"1 slice, snack-size",10.0
FNDDS:2707602,1 small or thin/very thin slice,24.0
FNDDS:2707603,1 small or thin/very thin slice,22.0
FNDDS:2707603,"1 slice, snack-size",9.0
FNDDS:2707603,1 medium or regular slice,25.0
FNDDS:2707603,1 large or thick slice,39.0
FNDDS:2707603,"1 slice, crust not eaten",12.0
FNDDS:2707604,1 small or thin/very thin slice,10.0
FNDDS:2707604,"1 loaf (13"" long)",1185.0
FNDDS:2707604,1 medium or regular slice,20.0
FNDDS:2707604,1 large or thick slice,30.0
FNDDS:2707604,"1 slice, crust not eaten",9.0
FNDDS:2707605,1 large or thick slice,27.0
FNDDS:2707605,"1 slice, crust not eaten",8.0
FNDDS:2707605,1 small or thin/very thin slice,9.0
FNDDS:2707605,1 medium or regular slice,18.0
FNDDS:2707606,1 slice,25.0
FNDDS:2707607,1 slice,23.0
FNDDS:2707608,1 slice,25.0
FNDDS:2707609,1 slice,23.0
FNDDS:2707610,"1 slice, snack-size",10.0
FNDDS:2707610,"1 mini baguette (about 9"" long)",152.0
FNDDS:2707610,1 medium or regular slice,64.0
FNDDS:2707610,"1 baguette (about 22"" long)",324.0
FNDDS:2707610,1 individual loaf,82.0
FNDDS:2707610,1 small or thin/very thin slice,32.0
FNDDS:2707610,"1 slice, crust not eaten",31.0
FNDDS:2707610,"1 loaf (14"" long)",470.0
FNDDS:2707610,1 large or thick slice,96.0
FNDDS:2707610,"1 slice, Vienna bread",28.0
FNDDS:2707610,1 cubic inch,3.7
FNDDS:2707610,"1 cup, NFS",45.0
FNDDS:2707611,1 medium or regular slice,59.0
FNDDS:2707611,"1 slice, snack-size",9.0
FNDDS:2707611,1 cubic inch,3.4
FNDDS:2707611,1 small or thin/very thin slice,29.0
FNDDS:2707611,"1 loaf (14"" long)",428.0
FNDDS:2707611,"1 slice, crust not eaten",28.0
FNDDS:2707611,"1 slice, Vienna bread",26.0
FNDDS:2707611,1 large or thick slice,88.0
FNDDS:2707612,1 slice,57.0
FNDDS:2707612,"1 whole (6"" dia)",114.0
FNDDS:2707612,1 surface inch,4.0
FNDDS:2707612,"1 whole (16"" dia)",456.0
FNDDS:2707612,"1 whole (12"" dia)",285.0
FNDDS:2707613,"1 piece (1/4 of 10"" dia)",44.0
FNDDS:2707613,1 surface inch,2.4
FNDDS:2707613,"1 Naan (10"" dia)",177.0
FNDDS:2707614,1 small or thin/very thin slice,24.0
FNDDS:2707614,"1 slice, crust not eaten",14.0
FNDDS:2707614,"1 loaf (10-3/4"" long)",454.0
FNDDS:2707614,"1 slice, snack-size",10.0
FNDDS:2707614,1 cubic inch,2.6
FNDDS:2707614,1 individual loaf,82.0
FNDDS:2707614,1 medium or regular slice,31.0
FNDDS:2707614,1 large or thick slice,43.0
FNDDS:2707615,"1 slice, crust not eaten",13.0
FNDDS:2707615,"1 slice, snack-size",9.0
FNDDS:2707615,1 small or thin/very thin slice,22.0
FNDDS:2707615,1 cubic inch,2.4
FNDDS:2707615,"1 loaf (10-3/4"" long)",413.0
FNDDS:2707615,1 medium or regular slice,28.0
FNDDS:2707615,1 large or thick slice,39.0
FNDDS:2707616,1 medium pita,57.0
FNDDS:2707616,1 surface inch,2.0
FNDDS:2707616,1 small pita,28.0
FNDDS:2707616,1 large pita,85.0
FNDDS:2707616,1 extra large pita,114.0
FNDDS:2707617,1 small pita,28.0
FNDDS:2707617,1 large pita,85.0
FNDDS:2707617,1 surface inch,2.0
FNDDS:2707617,1 extra large pita,114.0
FNDDS:2707617,1 medium pita,57.0
FNDDS:2707618,1 medium or regular slice,28.0
FNDDS:2707618,1 large or thick slice,43.0
FNDDS:2707618,"1 slice, crust not eaten",13.0
FNDDS:2707618,1 cubic inch,2.6
FNDDS:2707618,"1 slice, snack-size",10.0
FNDDS:2707618,1 small or thin/very thin slice,24.0
FNDDS:2707619,1 cubic inch,2.4
FNDDS:2707619,"1 slice, snack-size",9.0
FNDDS:2707619,1 small or thin/very thin slice,22.0
FNDDS:2707619,1 large or thick slice,39.0
FNDDS:2707619,1 medium or regular slice,25.0
FNDDS:2707619,"1 slice, crust not eaten",12.0
FNDDS:2707620,1 medium or regular slice,28.0
FNDDS:2707620,1 large or thick slice,43.0
FNDDS:2707620,1 small or thin/very thin slice,24.0
FNDDS:2707620,"1 slice, snack-size",10.0
FNDDS:2707620,"1 slice, crust not eaten",13.0
FNDDS:2707621,1 medium or regular slice,25.0
FNDDS:2707621,1 large or thick slice,39.0
FNDDS:2707621,"1 slice, snack-size",9.0
FNDDS:2707621,"1 slice, crust not eaten",12.0
FNDDS:2707621,1 small or thin/very thin slice,22.0
FNDDS:2707622,"1 slice, snack-size",10.0
FNDDS:2707622,"1 slice, crust not eaten",15.0
FNDDS:2707622,1 large or thick slice,43.0
FNDDS:2707622,1 small or thin/very thin slice,24.0
FNDDS:2707622,1 medium or regular slice,32.0
FNDDS:2707623,1 small or thin/very thin slice,22.0
FNDDS:2707623,1 large or thick slice,39.0
FNDDS:2707623,1 medium or regular slice,29.0
FNDDS:2707623,"1 slice, snack-size",9.0
FNDDS:2707623,"1 slice, crust not eaten",12.0
FNDDS:2707624,1 cubic inch,3.7
FNDDS:2707624,"1 slice, crust not eaten",14.0
FNDDS:2707624,1 large or thick slice,43.0
FNDDS:2707624,1 small or thin/very thin slice,24.0
FNDDS:2707624,1 medium or regular slice,31.0
FNDDS:2707625,1 small or thin/very thin slice,18.0
FNDDS:2707625,1 large or thick slice,39.0
FNDDS:2707625,"1 slice, crust not eaten",13.0
FNDDS:2707625,1 medium or regular slice,28.0
FNDDS:2707626,1 medium slice,79.0
FNDDS:2707626,"1 mini baguette (about 9"" long)",185.0
FNDDS:2707626,1 large slice,118.0
FNDDS:2707626,"1 baguette (about 22"" long)",393.0
FNDDS:2707626,1 piece/slice Texas Toast,41.0
FNDDS:2707626,1 small slice,39.0
FNDDS:2707627,"1 baguette (about 22"" long)",376.0
FNDDS:2707627,1 small slice,37.0
FNDDS:2707627,1 medium slice,74.0
FNDDS:2707627,"1 mini baguette (about 9"" long)",176.0
FNDDS:2707627,1 large slice,111.0
FNDDS:2707627,1 piece/slice Texas Toast,40.0
FNDDS:2707628,1 small slice,37.0
FNDDS:2707628,"1 mini baguette (about 9"" long)",176.0
FNDDS:2707628,1 large slice,111.0
FNDDS:2707628,1 piece/slice Texas Toast,40.0
FNDDS:2707628,1 medium slice,74.0
FNDDS:2707628,"1 baguette (about 22"" long)",376.0
FNDDS:2707629,"1 baguette (about 22"" long)",393.0
FNDDS:2707629,"1 mini baguette (about 9"" long)",185.0
FNDDS:2707629,1 large slice,118.0
FNDDS:2707629,1 small slice,39.0
FNDDS:2707629,1 medium slice,79.0
FNDDS:2707629,1 piece/slice Texas Toast,41.0
FNDDS:2707630,1 large slice,118.0
FNDDS:2707630,"1 mini baguette (about 9"" long)",185.0
FNDDS:2707630,1 small slice,39.0
FNDDS:2707630,"1 baguette (about 22"" long)",393.0
FNDDS:2707630,1 piece/slice Texas Toast,41.0
FNDDS:2707630,1 medium slice,79.0
FNDDS:2707631,1 small slice,44.0
FNDDS:2707631,1 large slice,132.0
FNDDS:2707631,1 piece/slice Texas Toast,48.0
FNDDS:2707631,"1 mini baguette (about 9"" long)",209.0
FNDDS:2707631,1 medium slice,88.0
FNDDS:2707631,"1 baguette (about 22"" long)",447.0
FNDDS:2707632,1 large slice,132.0
FNDDS:2707632,1 piece/slice Texas Toast,48.0
FNDDS:2707632,1 small slice,44.0
FNDDS:2707632,1 medium slice,88.0
FNDDS:2707632,"1 baguette (about 22"" long)",447.0
FNDDS:2707632,"1 mini baguette (about 9"" long)",209.0
FNDDS:2707633,"1 slice, snack-size",10.0
FNDDS:2707633,1 cubic inch,4.7
FNDDS:2707633,1 small or thin/very thin slice,24.0
FNDDS:2707633,"1 slice, crust not eaten",14.0
FNDDS:2707633,1 medium or regular slice,31.0
FNDDS:2707633,1 large or thick slice,43.0
FNDDS:2707634,1 cubic inch,4.3
FNDDS:2707634,"1 slice, crust not eaten",13.0
FNDDS:2707634,"1 slice, snack-size",9.0
FNDDS:2707634,1 small or thin/very thin slice,18.0
FNDDS:2707634,1 medium or regular slice,28.0
FNDDS:2707634,1 large or thick slice,39.0
FNDDS:2707635,"1 slice, crust not eaten",13.0
FNDDS:2707635,1 large or thick slice,43.0
FNDDS:2707635,1 small or thin/very thin slice,24.0
FNDDS:2707635,1 medium or regular slice,29.0
FNDDS:2707635,"1 slice, snack-size",10.0
FNDDS:2707636,1 small or thin/very thin slice,22.0
FNDDS:2707636,"1 slice, snack-size",9.0
FNDDS:2707636,1 large or thick slice,39.0
FNDDS:2707636,"1 slice, crust not eaten",12.0
FNDDS:2707636,1 medium or regular slice,26.0
FNDDS:2707637,1 medium or regular slice,29.0
FNDDS:2707637,1 small or thin/very thin slice,24.0
FNDDS:2707637,"1 slice, crust not eaten",13.0
FNDDS:2707637,1 large or thick slice,43.0
FNDDS:2707637,"1 slice, snack-size",10.0
FNDDS:2707638,1 medium or regular slice,26.0
FNDDS:2707638,"1 slice, crust not eaten",12.0
FNDDS:2707638,1 small or thin/very thin slice,22.0
FNDDS:2707638,1 large or thick slice,39.0
FNDDS:2707638,"1 slice, snack-size",9.0
FNDDS:2707639,1 small or thin/very thin slice,24.0
FNDDS:2707639,1 large or thick slice,43.0
FNDDS:2707639,1 medium or regular slice,28.0
FNDDS:2707639,"1 slice, snack-size",10.0
FNDDS:2707639,"1 slice, crust not eaten",13.0
FNDDS:2707640,"1 slice, snack-size",9.0
FNDDS:2707640,1 small or thin/very thin slice,22.0
FNDDS:2707640,1 medium or regular slice,25.0
FNDDS:2707640,1 large or thick slice,39.0
FNDDS:2707640,"1 slice, crust not eaten",12.0
FNDDS:2707641,"1 slice, crust not eaten",12.0
FNDDS:2707641,1 small or thin/very thin slice,22.0
FNDDS:2707641,"1 slice, snack-size",9.0
FNDDS:2707641,1 medium or regular slice,25.0
FNDDS:2707641,1 large or thick slice,39.0
FNDDS:2707642,1 medium or regular slice,34.0
FNDDS:2707642,1 large or thick slice,43.0
FNDDS:2707642,"1 slice, crust not eaten",16.0
FNDDS:2707642,1 small or thin/very thin slice,26.0
FNDDS:2707642,"1 slice, snack-size",10.0
FNDDS:2707643,1 large or thick slice,39.0
FNDDS:2707643,"1 slice, snack-size",9.0
FNDDS:2707643,1 small or thin/very thin slice,24.0
FNDDS:2707643,"1 slice, crust not eaten",15.0
FNDDS:2707643,1 medium or regular slice,31.0
FNDDS:2707644,1 large or thick slice,43.0
FNDDS:2707644,1 medium or regular slice,28.0
FNDDS:2707644,"1 slice, snack-size",10.0
FNDDS:2707644,1 small or thin/very thin slice,24.0
FNDDS:2707644,"1 slice, crust not eaten",13.0
FNDDS:2707645,1 large or thick slice,39.0
FNDDS:2707645,"1 slice, snack-size",9.0
FNDDS:2707645,"1 slice, crust not eaten",12.0
FNDDS:2707645,1 medium or regular slice,25.0
FNDDS:2707645,1 small or thin/very thin slice,22.0
FNDDS:2707646,1 large or thick slice,43.0
FNDDS:2707646,1 small or thin/very thin slice,24.0
FNDDS:2707646,1 medium or regular slice,31.0
FNDDS:2707646,1 cubic inch,2.6
FNDDS:2707646,"1 slice, snack-size",10.0
FNDDS:2707646,1 individual loaf,82.0
FNDDS:2707646,"1 slice, crust not eaten",14.0
FNDDS:2707647,"1 slice, crust not eaten",13.0
FNDDS:2707647,1 medium or regular slice,28.0
FNDDS:2707647,1 cubic inch,2.4
FNDDS:2707647,1 large or thick slice,39.0
FNDDS:2707647,1 small or thin/very thin slice,22.0
FNDDS:2707647,"1 slice, snack-size",9.0
FNDDS:2707648,"1 slice, crust not eaten",13.0
FNDDS:2707648,1 large or thick slice,43.0
FNDDS:2707648,1 small or thin/very thin slice,24.0
FNDDS:2707648,"1 slice, snack-size",10.0
FNDDS:2707648,1 medium or regular slice,28.0
FNDDS:2707649,"1 slice, snack-size",9.0
FNDDS:2707649,"1 slice, crust not eaten",12.0
FNDDS:2707649,1 small or thin/very thin slice,22.0
FNDDS:2707649,1 medium or regular slice,25.0
FNDDS:2707649,1 large or thick slice,39.0
FNDDS:2707650,1 slice,44.0
FNDDS:2707650,1 cubic inch,4.7
FNDDS:2707651,1 slice,40.0
FNDDS:2707651,1 cubic inch,4.3
FNDDS:2707652,1 large or thick slice,59.0
FNDDS:2707652,1 slice,43.0
FNDDS:2707652,"1 slice, snack-size",14.0
FNDDS:2707652,1 small or thin/very thin slice,32.0
FNDDS:2707652,1 medium or regular slice,43.0
FNDDS:2707653,1 cubic inch,8.2
FNDDS:2707653,1 slice or roll,26.0
FNDDS:2707653,"1 piece (7"" dia)",104.0
FNDDS:2707653,"1 piece (8"" dia)",136.0
FNDDS:2707653,1 cup,140.0
FNDDS:2707654,1 miniature/small roll,28.0
FNDDS:2707654,1 large roll,52.0
FNDDS:2707654,1 cubic inch,2.9
FNDDS:2707654,1 extra large roll,68.0
FNDDS:2707654,1 medium/regular/sandwich size roll,43.0
FNDDS:2707655,1 large (include Kaiser),62.0
FNDDS:2707655,1 medium/regular/sandwich size roll,56.0
FNDDS:2707655,1 miniature/small roll,25.0
FNDDS:2707655,1 cubic inch,2.3
FNDDS:2707656,1 foot long hot dog bun,83.0
FNDDS:2707656,1 hot dog bun,45.0
FNDDS:2707657,1 hamburger bun,52.0
FNDDS:2707657,1 miniature/small hamburger bun,28.0
FNDDS:2707658,1 roll,28.0
FNDDS:2707659,1 roll,28.0
FNDDS:2707660,1 roll,41.0
FNDDS:2707661,1 medium,45.0
FNDDS:2707661,1 small (10 per 12 oz package),34.0
FNDDS:2707661,1 large (6 per 12 oz package),57.0
FNDDS:2707662,1 medium/regular/sandwich size roll,35.0
FNDDS:2707662,1 miniature/small roll,28.0
FNDDS:2707662,1 large roll,43.0
FNDDS:2707663,"1 large (11-1/2"" long)",153.0
FNDDS:2707663,"1 medium (8"" long)",106.0
FNDDS:2707663,"1 small (5-1/2"" long)",73.0
FNDDS:2707664,1 large roll,162.0
FNDDS:2707664,1 miniature/small roll,76.0
FNDDS:2707664,1 medium/regular/sandwich size roll,117.0
FNDDS:2707665,1 medium/regular/sandwich size roll,45.0
FNDDS:2707665,1 large roll,57.0
FNDDS:2707665,1 miniature/small roll,34.0
FNDDS:2707666,1 slice,56.0
FNDDS:2707666,1 miniature,30.0
FNDDS:2707666,1 large,153.0
FNDDS:2707666,1 Hawaiian roll,28.0
FNDDS:2707666,1 small,54.0
FNDDS:2707666,1 cubic inch,6.5
FNDDS:2707666,1 loaf,527.0
FNDDS:2707666,1 medium,90.0
FNDDS:2707667,1 cubic inch,6.5
FNDDS:2707667,1 small,54.0
FNDDS:2707667,1 large,153.0
FNDDS:2707667,1 miniature,30.0
FNDDS:2707667,1 medium,90.0
FNDDS:2707668,1 Cinnabon,240.0
FNDDS:2707668,1 Papa John stick,42.0
FNDDS:2707668,1 cubic inch,6.5
FNDDS:2707668,1 Pizza Hut stick,27.0
FNDDS:2707668,1 medium,90.0
FNDDS:2707668,1 large,153.0
FNDDS:2707668,1 small,54.0
FNDDS:2707668,1 miniature roll,30.0
FNDDS:2707668,1 Little Debbie,66.0
FNDDS:2707669,1 medium,93.0
FNDDS:2707669,1 miniature,40.0
FNDDS:2707669,1 large,116.0
FNDDS:2707669,1 small,70.0
FNDDS:2707670,1 large,153.0
FNDDS:2707670,1 small,54.0
FNDDS:2707670,1 cubic inch,6.5
FNDDS:2707670,1 miniature,30.0
FNDDS:2707670,1 medium,90.0
FNDDS:2707671,1 miniature,30.0
FNDDS:2707671,1 small,54.0
FNDDS:2707671,1 cubic inch,6.5
FNDDS:2707671,1 large,153.0
FNDDS:2707671,1 medium,90.0
FNDDS:2707672,1 cubic inch,6.5
FNDDS:2707672,1 medium,90.0
FNDDS:2707672,1 large,153.0
FNDDS:2707672,1 Weight Watchers Apple Sweet Roll,71.0
FNDDS:2707672,1 small,54.0
FNDDS:2707673,1 cubic inch,6.5
FNDDS:2707673,1 small,54.0
FNDDS:2707673,1 miniature,30.0
FNDDS:2707673,1 large,83.0
FNDDS:2707673,1 medium,90.0
FNDDS:2707674,1 small,56.0
FNDDS:2707674,1 large,96.0
FNDDS:2707674,1 miniature,30.0
FNDDS:2707674,1 medium,76.0
FNDDS:2707675,1 small,70.0
FNDDS:2707675,1 medium,93.0
FNDDS:2707675,1 large,116.0
FNDDS:2707675,1 miniature,40.0
FNDDS:2707676,1 roll,93.0
FNDDS:2707677,1 cubic inch,4.4
FNDDS:2707677,1 piece,57.0
FNDDS:2707677,"1 cake (9"" square)",567.0
FNDDS:2707677,"1 cake (8"" dia)",326.0
FNDDS:2707677,1 slice,47.0
FNDDS:2707678,1 small croissant,42.0
FNDDS:2707678,1 large croissant,73.0
FNDDS:2707678,1 mini croissant,28.0
FNDDS:2707678,1 medium croissant,57.0
FNDDS:2707678,1 crescent roll,28.0
FNDDS:2707679,1 croissant,57.0
FNDDS:2707680,1 croissant,57.0
FNDDS:2707681,1 croissant,57.0
FNDDS:2707682,1 piece,77.0
FNDDS:2707683,1 piece,85.0
FNDDS:2707684,1 Bagel Thin,46.0
FNDDS:2707684,1 miniature,26.0
FNDDS:2707684,1 small,69.0
FNDDS:2707684,1 regular,105.0
FNDDS:2707684,1 large,131.0
FNDDS:2707685,1 small,69.0
FNDDS:2707685,1 miniature,26.0
FNDDS:2707685,1 regular,105.0
FNDDS:2707685,1 Bagel Thin,46.0
FNDDS:2707685,1 large,131.0
FNDDS:2707686,1 large,131.0
FNDDS:2707686,1 miniature,26.0
FNDDS:2707686,1 small,69.0
FNDDS:2707686,1 regular,105.0
FNDDS:2707686,1 Bagel Thin,46.0
FNDDS:2707687,"1 cup, NFS",200.0
FNDDS:2707687,"1 cup, dry mix, prepared",228.0
FNDDS:2707687,1 cubic inch,10.0
FNDDS:2707688,1 cup,170.0
FNDDS:2707689,1 small stick,28.0
FNDDS:2707689,1 medium stick,43.0
FNDDS:2707689,1 large stick,53.0
FNDDS:2707690,1 small stick,5.0
FNDDS:2707690,1 large stick,20.0
FNDDS:2707690,1 snack size stick,2.0
FNDDS:2707690,1 medium stick,10.0
FNDDS:2707690,1 cup,46.0
FNDDS:2707690,1 extra large stick,35.0
FNDDS:2707691,1 medium stick,10.0
FNDDS:2707691,1 small stick,5.0
FNDDS:2707691,1 extra large stick,35.0
FNDDS:2707691,1 cup,46.0
FNDDS:2707691,1 snack size stick,2.0
FNDDS:2707691,1 large stick,20.0
FNDDS:2707692,1 small stick,28.0
FNDDS:2707692,1 large stick,53.0
FNDDS:2707692,1 medium stick,43.0
FNDDS:2707693,1 garlic knot,34.0
FNDDS:2707693,1 small stick,26.0
FNDDS:2707693,1 medium stick,40.0
FNDDS:2707693,1 large stick,50.0
FNDDS:2707694,1 garlic knot,34.0
FNDDS:2707694,1 small stick,26.0
FNDDS:2707694,1 medium stick,40.0
FNDDS:2707694,1 large stick,50.0
FNDDS:2707695,1 medium stick,43.0
FNDDS:2707695,"1 ""Crazy Bread"" stick",38.0
FNDDS:2707695,1 small stick,28.0
FNDDS:2707695,1 focaccia slice,57.0
FNDDS:2707695,1 garlic knot,36.0
FNDDS:2707695,1 large stick,53.0
FNDDS:2707696,1 medium stick,61.0
FNDDS:2707696,1 small stick,40.0
FNDDS:2707696,1 large stick,77.0
FNDDS:2707697,1 cup,40.0
FNDDS:2707697,4 cubes,1.0
FNDDS:2707697,1 fast food package,12.0
FNDDS:2707698,1 sandwich size muffin,92.0
FNDDS:2707698,1 crumpet,45.0
FNDDS:2707698,1 muffin,58.0
FNDDS:2707699,1 muffin,58.0
FNDDS:2707700,1 muffin,58.0
FNDDS:2707701,1 muffin,58.0
FNDDS:2707702,1 melba toast,5.0
FNDDS:2707702,1 cracker,5.0
FNDDS:2707702,"1 cup, NFS",30.0
FNDDS:2707702,1 crostini,5.0
FNDDS:2707703,1 piece,10.0
FNDDS:2707704,1 slice,27.0
FNDDS:2707705,1 Gerber Zwieback toast,5.0
FNDDS:2707705,1 rusk,10.0
FNDDS:2707705,1 piece,5.0
FNDDS:2707706,1 small or thin/very thin slice,24.0
FNDDS:2707706,1 medium or regular slice,36.0
FNDDS:2707706,"1 slice, snack-size",10.0
FNDDS:2707706,1 large or thick slice,43.0
FNDDS:2707706,"1 slice, crust not eaten",16.0
FNDDS:2707707,1 large or thick slice,39.0
FNDDS:2707707,"1 slice, crust not eaten",15.0
FNDDS:2707707,1 small or thin/very thin slice,22.0
FNDDS:2707707,1 medium or regular slice,33.0
FNDDS:2707707,"1 slice, snack-size",9.0
FNDDS:2707708,1 small,69.0
FNDDS:2707708,1 Bagel Thin,46.0
FNDDS:2707708,1 regular,105.0
FNDDS:2707708,1 large,131.0
FNDDS:2707708,1 miniature,26.0
FNDDS:2707709,"1 slice, snack-size",10.0
FNDDS:2707709,1 large or thick slice,43.0
FNDDS:2707709,1 cubic inch,3.2
FNDDS:2707709,1 medium or regular slice,36.0
FNDDS:2707709,1 small or thin/very thin slice,24.0
FNDDS:2707709,"1 slice, crust not eaten",16.0
FNDDS:2707710,1 medium or regular slice,33.0
FNDDS:2707710,"1 slice, crust not eaten",15.0
FNDDS:2707710,1 small or thin/very thin slice,22.0
FNDDS:2707710,1 large or thick slice,39.0
FNDDS:2707710,"1 slice, snack-size",9.0
FNDDS:2707711,1 large or thick slice,55.0
FNDDS:2707711,1 medium or regular slice,44.0
FNDDS:2707711,1 individual loaf,82.0
FNDDS:2707711,1 cubic inch,4.7
FNDDS:2707711,"1 slice, crust not eaten",20.0
FNDDS:2707711,1 small or thin/very thin slice,33.0
FNDDS:2707712,1 medium or regular slice,40.0
FNDDS:2707712,"1 slice, crust not eaten",18.0
FNDDS:2707712,1 small or thin/very thin slice,30.0
FNDDS:2707712,1 cubic inch,4.3
FNDDS:2707712,1 large or thick slice,50.0
FNDDS:2707713,1 surface inch,1.0
FNDDS:2707713,"1 large chappatti or roti (8"")",52.0
FNDDS:2707713,"1 medium chappatti or roti (7"")",40.0
FNDDS:2707713,"1 small chappatti or roti (6"")",27.0
FNDDS:2707714,"1 puri (approx 4-4/5"" dia)",36.0
FNDDS:2707715,1 paratha,70.0
FNDDS:2707716,1 large or thick slice,43.0
FNDDS:2707716,"1 slice, crust not eaten",16.0
FNDDS:2707716,1 small or thin/very thin slice,24.0
FNDDS:2707716,1 medium or regular slice,36.0
FNDDS:2707716,"1 slice, snack-size",10.0
FNDDS:2707717,1 large or thick slice,39.0
FNDDS:2707717,1 small or thin/very thin slice,22.0
FNDDS:2707717,"1 slice, crust not eaten",15.0
FNDDS:2707717,"1 slice, snack-size",9.0
FNDDS:2707717,1 medium or regular slice,33.0
FNDDS:2707718,1 slice,26.0
FNDDS:2707719,1 slice,24.0
FNDDS:2707720,1 small or thin/very thin slice,24.0
FNDDS:2707720,1 cubic inch,3.2
FNDDS:2707720,"1 slice, crust not eaten",13.0
FNDDS:2707720,1 large or thick slice,43.0
FNDDS:2707720,1 medium or regular slice,28.0
FNDDS:2707720,"1 slice, snack-size",10.0
FNDDS:2707721,1 small or thin/very thin slice,22.0
FNDDS:2707721,1 large or thick slice,39.0
FNDDS:2707721,"1 slice, crust not eaten",12.0
FNDDS:2707721,"1 slice, snack-size",9.0
FNDDS:2707721,1 cubic inch,2.9
FNDDS:2707721,1 medium or regular slice,25.0
FNDDS:2707722,1 medium or regular slice,44.0
FNDDS:2707722,1 small or thin/very thin slice,33.0
FNDDS:2707722,"1 slice, crust not eaten",20.0
FNDDS:2707722,1 cubic inch,4.7
FNDDS:2707722,1 individual loaf,82.0
FNDDS:2707722,1 large or thick slice,55.0
FNDDS:2707723,1 medium or regular slice,40.0
FNDDS:2707723,1 small or thin/very thin slice,30.0
FNDDS:2707723,1 cubic inch,4.3
FNDDS:2707723,1 large or thick slice,50.0
FNDDS:2707723,"1 slice, crust not eaten",18.0
FNDDS:2707724,"1 slice, crust not eaten",13.0
FNDDS:2707724,"1 slice, snack-size",10.0
FNDDS:2707724,1 large or thick slice,43.0
FNDDS:2707724,1 medium or regular slice,28.0
FNDDS:2707724,1 small or thin/very thin slice,24.0
FNDDS:2707725,"1 slice, crust not eaten",12.0
FNDDS:2707725,1 medium or regular slice,25.0
FNDDS:2707725,"1 slice, snack-size",9.0
FNDDS:2707725,1 small or thin/very thin slice,22.0
FNDDS:2707725,1 large or thick slice,39.0
FNDDS:2707726,"1 slice, snack-size",10.0
FNDDS:2707726,"1 slice, crust not eaten",13.0
FNDDS:2707726,1 medium or regular slice,28.0
FNDDS:2707726,1 large or thick slice,43.0
FNDDS:2707726,1 small or thin/very thin slice,24.0
FNDDS:2707727,1 medium or regular slice,25.0
FNDDS:2707727,"1 slice, crust not eaten",12.0
FNDDS:2707727,1 small or thin/very thin slice,22.0
FNDDS:2707727,1 large or thick slice,39.0
FNDDS:2707727,"1 slice, snack-size",9.0
FNDDS:2707728,1 individual loaf,82.0
FNDDS:2707728,"1 mini baguette (about 9"" long)",152.0
FNDDS:2707728,"1 baguette (about 22"" long)",324.0
FNDDS:2707728,"1 slice, snack-size",10.0
FNDDS:2707728,"1 slice, Vienna bread",28.0
FNDDS:2707728,1 cubic inch,3.7
FNDDS:2707728,"1 loaf (14"" long)",470.0
FNDDS:2707728,1 large or thick slice,96.0
FNDDS:2707728,"1 cup, crumbs",45.0
FNDDS:2707728,1 small or thin/very thin slice,32.0
FNDDS:2707728,"1 slice, crust not eaten",31.0
FNDDS:2707728,1 medium or regular slice,64.0
FNDDS:2707729,"1 slice, Vienna bread",26.0
FNDDS:2707729,"1 loaf (14"" long)",428.0
FNDDS:2707729,"1 slice, crust not eaten",28.0
FNDDS:2707729,1 cubic inch,3.4
FNDDS:2707729,1 small or thin/very thin slice,29.0
FNDDS:2707729,"1 slice, snack-size",9.0
FNDDS:2707729,1 large or thick slice,88.0
FNDDS:2707729,1 medium or regular slice,59.0
FNDDS:2707730,1 extra large pita,114.0
FNDDS:2707730,1 surface inch,2.0
FNDDS:2707730,1 large pita,85.0
FNDDS:2707730,1 small pita,28.0
FNDDS:2707730,1 medium pita,57.0
FNDDS:2707731,1 small pita,28.0
FNDDS:2707731,1 extra large pita,114.0
FNDDS:2707731,1 surface inch,2.0
FNDDS:2707731,1 medium pita,57.0
FNDDS:2707731,1 large pita,85.0
FNDDS:2707732,1 large,131.0
FNDDS:2707732,1 regular,105.0
FNDDS:2707732,1 small,69.0
FNDDS:2707732,1 Bagel Thin,46.0
FNDDS:2707732,1 miniature,26.0
FNDDS:2707733,1 large,131.0
FNDDS:2707733,1 miniature,26.0
FNDDS:2707733,1 Bagel Thin,46.0
FNDDS:2707733,1 small,69.0
FNDDS:2707733,1 regular,105.0
FNDDS:2707734,1 Bagel Thin,46.0
FNDDS:2707734,1 regular,105.0
FNDDS:2707734,1 large,131.0
FNDDS:2707734,1 small,69.0
FNDDS:2707734,1 miniature,26.0
FNDDS:2707735,1 Bagel Thin,46.0
FNDDS:2707735,1 miniature,26.0
FNDDS:2707735,1 large,131.0
FNDDS:2707735,1 regular,105.0
FNDDS:2707735,1 small,69.0
FNDDS:2707736,1 small,69.0
FNDDS:2707736,1 regular,105.0
FNDDS:2707736,1 Bagel Thin,46.0
FNDDS:2707736,1 large,131.0
FNDDS:2707736,1 miniature,26.0
FNDDS:2707736,1 California Energy Bar,71.0
FNDDS:2707737,1 Bagel Thin,46.0
FNDDS:2707737,1 regular,105.0
FNDDS:2707737,1 miniature,26.0
FNDDS:2707737,1 small,69.0
FNDDS:2707737,1 large,131.0
FNDDS:2707738,1 muffin,58.0
FNDDS:2707739,1 muffin,58.0
FNDDS:2707740,1 muffin,58.0
FNDDS:2707741,1 muffin,58.0
FNDDS:2707742,1 muffin,58.0
FNDDS:2707743,1 muffin,58.0
FNDDS:2707744,1 muffin,58.0
FNDDS:2707745,1 cup,46.0
FNDDS:2707745,1 small stick,5.0
FNDDS:2707745,1 large stick,20.0
FNDDS:2707745,1 snack size stick,2.0
FNDDS:2707745,1 medium stick,10.0
FNDDS:2707745,1 extra large stick,35.0
FNDDS:2707746,1 medium/regular/sandwich size roll,43.0
FNDDS:2707746,"1 medium submarine, hoagie roll",106.0
FNDDS:2707746,"1 small submarine, hoagie roll",73.0
FNDDS:2707746,1 miniature/small roll,28.0
FNDDS:2707746,1 large roll,52.0
FNDDS:2707746,"1 large submarine, hoagie roll",153.0
FNDDS:2707746,1 extra large roll,68.0
FNDDS:2707747,1 foot long hot dog bun,83.0
FNDDS:2707747,1 hot dog bun,45.0
FNDDS:2707748,1 miniature/small hamburger bun,28.0
FNDDS:2707748,1 hamburger bun,52.0
FNDDS:2707749,"1 small submarine, hoagie roll",73.0
FNDDS:2707749,1 medium/regular/sandwich size roll,43.0
FNDDS:2707749,1 extra large roll,68.0
FNDDS:2707749,"1 large submarine, hoagie roll",153.0
FNDDS:2707749,"1 medium submarine, hoagie roll",106.0
FNDDS:2707749,1 large roll,52.0
FNDDS:2707749,1 miniature/small roll,28.0
FNDDS:2707750,1 hot dog bun,45.0
FNDDS:2707750,1 foot long hot dog bun,83.0
FNDDS:2707751,1 miniature/small hamburger bun,28.0
FNDDS:2707751,1 hamburger bun,52.0
FNDDS:2707752,"1 medium submarine, hoagie roll",106.0
FNDDS:2707752,"1 large submarine, hoagie roll",153.0
FNDDS:2707752,1 extra large roll,68.0
FNDDS:2707752,1 miniature/small roll,28.0
FNDDS:2707752,1 medium/regular/sandwich size roll,43.0
FNDDS:2707752,"1 small submarine, hoagie roll",73.0
FNDDS:2707752,1 large roll,52.0
FNDDS:2707753,1 hot dog bun,45.0
FNDDS:2707753,1 foot long hot dog bun,83.0
FNDDS:2707754,1 miniature/small hamburger bun,28.0
FNDDS:2707754,1 hamburger bun,52.0
FNDDS:2707755,1 small or thin/very thin slice,25.0
FNDDS:2707755,1 medium or regular slice,32.0
FNDDS:2707755,1 large or thick slice,43.0
FNDDS:2707755,"1 slice, crust not eaten",15.0
FNDDS:2707755,"1 slice, snack-size",10.0
FNDDS:2707756,1 small or thin/very thin slice,22.0
FNDDS:2707756,"1 slice, snack-size",9.0
FNDDS:2707756,1 medium or regular slice,29.0
FNDDS:2707756,"1 slice, crust not eaten",13.5
FNDDS:2707756,1 large or thick slice,39.0
FNDDS:2707757,1 small or thin/very thin slice,25.0
FNDDS:2707757,1 large or thick slice,43.0
FNDDS:2707757,1 medium or regular slice,32.0
FNDDS:2707757,"1 slice, snack-size",10.0
FNDDS:2707757,"1 slice, crust not eaten",15.0
FNDDS:2707757,1 cubic inch,2.8
FNDDS:2707758,1 cubic inch,2.5
FNDDS:2707758,"1 slice, crust not eaten",13.5
FNDDS:2707758,1 medium or regular slice,29.0
FNDDS:2707758,1 small or thin/very thin slice,22.0
FNDDS:2707758,"1 slice, snack-size",9.0
FNDDS:2707758,1 large or thick slice,39.0
FNDDS:2707759,1 muffin,58.0
FNDDS:2707760,"1 slice, crust not eaten",15.0
FNDDS:2707760,1 small or thin/very thin slice,25.0
FNDDS:2707760,"1 slice, snack-size",10.0
FNDDS:2707760,1 large or thick slice,43.0
FNDDS:2707760,1 medium or regular slice,32.0
FNDDS:2707761,1 large or thick slice,39.0
FNDDS:2707761,"1 slice, snack-size",9.0
FNDDS:2707761,1 small or thin/very thin slice,22.0
FNDDS:2707761,"1 slice, crust not eaten",13.0
FNDDS:2707761,1 medium or regular slice,29.0
FNDDS:2707762,1 miniature,26.0
FNDDS:2707762,1 large,131.0
FNDDS:2707762,1 small,69.0
FNDDS:2707762,1 Bagel Thin,46.0
FNDDS:2707762,1 regular,105.0
FNDDS:2707763,1 muffin,58.0
FNDDS:2707764,1 small or thin/very thin slice,24.0
FNDDS:2707764,1 large or thick slice,43.0
FNDDS:2707764,1 medium or regular slice,28.0
FNDDS:2707764,"1 slice, crust not eaten",13.0
FNDDS:2707764,"1 slice, snack-size",10.0
FNDDS:2707765,1 large or thick slice,39.0
FNDDS:2707765,"1 slice, snack-size",9.0
FNDDS:2707765,"1 slice, crust not eaten",12.0
FNDDS:2707765,1 medium or regular slice,25.0
FNDDS:2707765,1 small or thin/very thin slice,22.0
FNDDS:2707766,1 large roll,43.0
FNDDS:2707766,1 miniature/small roll,28.0
FNDDS:2707766,1 medium/regular/sandwich size roll,36.0
FNDDS:2707767,1 miniature/small roll,28.0
FNDDS:2707767,1 medium/regular/sandwich size roll,36.0
FNDDS:2707768,"1 slice, crust not eaten",13.0
FNDDS:2707768,1 small or thin/very thin slice,25.0
FNDDS:2707768,"1 slice, snack-size",10.0
FNDDS:2707768,1 large or thick slice,43.0
FNDDS:2707768,1 medium or regular slice,28.0
FNDDS:2707768,1 cubic inch,4.3
FNDDS:2707769,"1 slice, crust not eaten",12.0
FNDDS:2707769,1 medium or regular slice,25.0
FNDDS:2707769,"1 slice, snack-size",9.0
FNDDS:2707769,1 small or thin/very thin slice,22.0
FNDDS:2707769,1 large or thick slice,39.0
FNDDS:2707770,1 small or thin/very thin slice,24.0
FNDDS:2707770,1 medium or regular slice,28.0
FNDDS:2707770,1 large or thick slice,43.0
FNDDS:2707770,"1 slice, snack-size",10.0
FNDDS:2707770,"1 slice, crust not eaten",13.0
FNDDS:2707771,1 small or thin/very thin slice,22.0
FNDDS:2707771,1 medium or regular slice,25.0
FNDDS:2707771,"1 slice, crust not eaten",12.0
FNDDS:2707771,"1 slice, snack-size",9.0
FNDDS:2707771,1 large or thick slice,39.0
FNDDS:2707772,1 large,131.0
FNDDS:2707772,1 miniature,26.0
FNDDS:2707772,1 regular,105.0
FNDDS:2707772,1 Bagel Thin,46.0
FNDDS:2707772,1 small,69.0
FNDDS:2707773,1 medium/regular/sandwich size roll,36.0
FNDDS:2707773,1 miniature/small roll,28.0
FNDDS:2707774,1 muffin,58.0
FNDDS:2707775,1 muffin,58.0
FNDDS:2707776,1 large or thick slice,39.0
FNDDS:2707776,"1 slice, crust not eaten",15.0
FNDDS:2707776,1 small or thin/very thin slice,22.0
FNDDS:2707776,1 medium or regular slice,33.0
FNDDS:2707776,"1 slice, snack-size",9.0
FNDDS:2707777,1 medium or regular slice,36.0
FNDDS:2707777,"1 slice, crust not eaten",16.0
FNDDS:2707777,"1 slice, snack-size",10.0
FNDDS:2707777,1 large or thick slice,43.0
FNDDS:2707777,1 sandwich thin,42.0
FNDDS:2707777,1 small or thin/very thin slice,24.0
FNDDS:2707778,"1 slice, crust not eaten",16.0
FNDDS:2707778,"1 slice, snack-size",10.0
FNDDS:2707778,1 medium or regular slice,36.0
FNDDS:2707778,1 small or thin/very thin slice,24.0
FNDDS:2707778,1 large or thick slice,43.0
FNDDS:2707779,1 small or thin/very thin slice,22.0
FNDDS:2707779,1 medium or regular slice,33.0
FNDDS:2707779,1 large or thick slice,39.0
FNDDS:2707779,"1 slice, snack-size",9.0
FNDDS:2707779,"1 slice, crust not eaten",15.0
FNDDS:2707780,"1 slice, crust not eaten",16.0
FNDDS:2707780,1 small or thin/very thin slice,24.0
FNDDS:2707780,"1 slice, snack-size",10.0
FNDDS:2707780,1 medium or regular slice,36.0
FNDDS:2707780,1 large or thick slice,43.0
FNDDS:2707781,"1 slice, snack-size",9.0
FNDDS:2707781,1 large or thick slice,39.0
FNDDS:2707781,"1 slice, crust not eaten",15.0
FNDDS:2707781,1 medium or regular slice,33.0
FNDDS:2707781,1 small or thin/very thin slice,22.0
FNDDS:2707782,"1 small submarine, hoagie roll",73.0
FNDDS:2707782,1 miniature/small roll,28.0
FNDDS:2707782,"1 large submarine, hoagie roll",153.0
FNDDS:2707782,1 extra large roll,68.0
FNDDS:2707782,"1 medium submarine, hoagie roll",106.0
FNDDS:2707782,1 large roll,52.0
FNDDS:2707782,1 medium/regular/sandwich size roll,43.0
FNDDS:2707783,1 foot long hot dog bun,83.0
FNDDS:2707783,1 hot dog bun,45.0
FNDDS:2707784,1 hamburger bun,52.0
FNDDS:2707784,1 miniature/small hamburger bun,28.0
FNDDS:2707785,1 Bagel Thin,46.0
FNDDS:2707785,1 small,69.0
FNDDS:2707785,1 regular,105.0
FNDDS:2707785,1 large,131.0
FNDDS:2707785,1 miniature,26.0
FNDDS:2707786,1 Bagel Thin,46.0
FNDDS:2707786,1 small,69.0
FNDDS:2707786,1 regular,105.0
FNDDS:2707786,1 large,131.0
FNDDS:2707786,1 miniature,26.0
FNDDS:2707787,1 muffin,58.0
FNDDS:2707788,1 small or thin/very thin slice,24.0
FNDDS:2707788,1 large or thick slice,43.0
FNDDS:2707788,"1 slice, snack-size",10.0
FNDDS:2707788,"1 slice, crust not eaten",13.0
FNDDS:2707788,1 medium or regular slice,28.0
FNDDS:2707789,"1 slice, crust not eaten",12.0
FNDDS:2707789,1 large or thick slice,39.0
FNDDS:2707789,"1 slice, snack-size",9.0
FNDDS:2707789,1 medium or regular slice,25.0
FNDDS:2707789,1 small or thin/very thin slice,22.0
FNDDS:2707790,"1 slice, crust not eaten",13.0
FNDDS:2707790,1 small or thin/very thin slice,24.0
FNDDS:2707790,"1 slice, snack-size",10.0
FNDDS:2707790,1 large or thick slice,43.0
FNDDS:2707790,1 medium or regular slice,28.0
FNDDS:2707791,1 medium or regular slice,25.0
FNDDS:2707791,1 large or thick slice,39.0
FNDDS:2707791,1 small or thin/very thin slice,22.0
FNDDS:2707791,"1 slice, snack-size",9.0
FNDDS:2707791,"1 slice, crust not eaten",12.0
FNDDS:2707792,1 small or thin/very thin slice,24.0
FNDDS:2707792,1 medium or regular slice,28.0
FNDDS:2707792,1 large or thick slice,43.0
FNDDS:2707793,1 large or thick slice,39.0
FNDDS:2707793,1 medium or regular slice,25.0
FNDDS:2707793,1 small or thin/very thin slice,22.0
FNDDS:2707794,1 medium or regular slice,28.0
FNDDS:2707794,"1 slice, snack-size",10.0
FNDDS:2707794,1 small or thin/very thin slice,24.0
FNDDS:2707794,"1 slice, crust not eaten",13.0
FNDDS:2707794,1 large or thick slice,43.0
FNDDS:2707795,1 small or thin/very thin slice,22.0
FNDDS:2707795,1 large or thick slice,39.0
FNDDS:2707795,"1 slice, snack-size",9.0
FNDDS:2707795,"1 slice, crust not eaten",12.0
FNDDS:2707795,1 medium or regular slice,25.0
FNDDS:2707796,1 surface inch,1.1
FNDDS:2707796,"1 injera (12"" dia)",127.0
FNDDS:2707796,"1 cup, pieces",68.0
FNDDS:2707797,1 cubic inch,2.8
FNDDS:2707797,1 large or thick slice,43.0
FNDDS:2707797,1 medium or regular slice,28.0
FNDDS:2707797,1 cup,40.0
FNDDS:2707797,1 small or thin/very thin slice,24.0
FNDDS:2707797,"1 slice, snack-size",10.0
FNDDS:2707797,"1 slice, crust not eaten",13.0
FNDDS:2707798,1 small or thin/very thin slice,22.0
FNDDS:2707798,1 cubic inch,3.9
FNDDS:2707798,"1 slice, crust not eaten",12.0
FNDDS:2707798,1 large or thick slice,39.0
FNDDS:2707798,"1 slice, snack-size",9.0
FNDDS:2707798,1 cup,40.0
FNDDS:2707798,1 medium or regular slice,25.0
FNDDS:2707799,1 snack size stick,2.0
FNDDS:2707799,1 cup,46.0
FNDDS:2707799,1 extra large stick,35.0
FNDDS:2707799,1 small stick,5.0
FNDDS:2707799,1 large stick,20.0
FNDDS:2707799,1 medium stick,10.0
FNDDS:2707800,1 miniature/small roll,28.0
FNDDS:2707800,1 extra large roll,68.0
FNDDS:2707800,1 medium/regular/sandwich size roll,43.0
FNDDS:2707800,1 cubic inch,2.9
FNDDS:2707800,1 large roll,52.0
FNDDS:2707801,1 biscuit,45.0
FNDDS:2707801,1 cubic inch,8.5
FNDDS:2707802,1 biscuit,45.0
FNDDS:2707802,1 cubic inch,8.5
FNDDS:2707803,1 biscuit,70.0
FNDDS:2707803,1 cubic inch,8.5
FNDDS:2707804,1 biscuit,45.0
FNDDS:2707804,1 cubic inch,8.5
FNDDS:2707805,1 biscuit,45.0
FNDDS:2707806,1 biscuit,45.0
FNDDS:2707807,1 biscuit,45.0
FNDDS:2707808,1 miniature,20.0
FNDDS:2707808,1 regular,70.0
FNDDS:2707809,1 regular,70.0
FNDDS:2707809,1 miniature,20.0
FNDDS:2707810,1 piece,60.0
FNDDS:2707810,"1 square cornbread (8"" pan)",541.0
FNDDS:2707810,"1 cup, crumbled",89.0
FNDDS:2707810,1 surface inch,9.0
FNDDS:2707811,"1 cup, crumbled",89.0
FNDDS:2707811,1 piece,65.0
FNDDS:2707811,"1 square cornbread (8"" pan)",646.0
FNDDS:2707811,"1 round cornbread (8"" pan)",627.0
FNDDS:2707811,"1 round cornbread (9"" pan)",621.0
FNDDS:2707811,"1 square cornbread (9"" pan)",634.0
FNDDS:2707811,1 surface inch,11.0
FNDDS:2707812,"1 cup, NFS",200.0
FNDDS:2707813,1 round,45.0
FNDDS:2707813,1 small,66.0
FNDDS:2707813,1 stick,39.0
FNDDS:2707813,1 cubic inch,7.1
FNDDS:2707813,1 medium,113.0
FNDDS:2707813,1 large,154.0
FNDDS:2707813,1 miniature,17.0
FNDDS:2707814,1 stick,39.0
FNDDS:2707814,1 medium,113.0
FNDDS:2707814,1 large,154.0
FNDDS:2707814,1 miniature,17.0
FNDDS:2707814,1 round,45.0
FNDDS:2707814,1 cubic inch,7.1
FNDDS:2707814,1 small,66.0
FNDDS:2707815,1 patty,10.0
FNDDS:2707816,"1 cup, crumbled",89.0
FNDDS:2707816,"1 pone (8"" dia x 3/4"")",377.0
FNDDS:2707816,"1 pone (9"" dia x 2"")",1272.0
FNDDS:2707816,"1 pone (9"" dia x 3/4"")",485.0
FNDDS:2707816,1 cubic inch,10.0
FNDDS:2707816,"1 piece (1/8 of 9"" dia x 3/4"" pone)",61.0
FNDDS:2707816,"1 pone (8"" dia x 1-1/2"")",754.0
FNDDS:2707817,1 piece,61.0
FNDDS:2707818,1 cup (pieces),100.0
FNDDS:2707818,"1 shell (3 - 4"" dia)",47.0
FNDDS:2707819,1 cubic inch cornbread,8.1
FNDDS:2707819,1 hush puppy,22.0
FNDDS:2707819,1 cup,152.0
FNDDS:2707820,1 cubic inch,6.5
FNDDS:2707820,1 piece,49.0
FNDDS:2707821,1 cubic inch,13.0
FNDDS:2707821,1 cup,187.0
FNDDS:2707822,1 medium,28.0
FNDDS:2707822,1 large,44.0
FNDDS:2707822,1 small,18.0
FNDDS:2707822,1 extra large,65.0
FNDDS:2707823,1 large,44.0
FNDDS:2707823,1 small,18.0
FNDDS:2707823,1 medium,28.0
FNDDS:2707823,1 extra large,65.0
FNDDS:2707824,1 medium,45.0
FNDDS:2707824,1 extra large,104.0
FNDDS:2707824,1 small,33.0
FNDDS:2707824,1 large,71.0
FNDDS:2707825,1 extra large,104.0
FNDDS:2707825,1 medium,45.0
FNDDS:2707825,1 large,71.0
FNDDS:2707825,1 small,33.0
FNDDS:2707826,1 medium,28.0
FNDDS:2707826,1 small,18.0
FNDDS:2707826,1 miniature,7.0
FNDDS:2707827,1 medium,45.0
FNDDS:2707827,1 small,33.0
FNDDS:2707827,1 large,71.0
FNDDS:2707828,"1 piece (4"" x 2"" x 1-3/4"")",115.0
FNDDS:2707829,1 medium,130.0
FNDDS:2707829,1 miniature,25.0
FNDDS:2707829,1 small,70.0
FNDDS:2707829,1 large,180.0
FNDDS:2707829,1 bite size,10.0
FNDDS:2707830,1 bite size,10.0
FNDDS:2707830,1 miniature,25.0
FNDDS:2707830,1 Hostess package of 5 mini muffins (2 oz),57.0
FNDDS:2707830,1 large,180.0
FNDDS:2707830,1 100 calorie package,27.0
FNDDS:2707830,1 small,70.0
FNDDS:2707830,1 medium,130.0
FNDDS:2707831,1 bite size,10.0
FNDDS:2707831,1 large,180.0
FNDDS:2707831,1 small,70.0
FNDDS:2707831,1 miniature,25.0
FNDDS:2707831,1 medium,130.0
FNDDS:2707832,1 100 calorie package,25.0
FNDDS:2707832,1 miniature,25.0
FNDDS:2707832,1 bite size,10.0
FNDDS:2707832,1 medium,130.0
FNDDS:2707832,1 small,70.0
FNDDS:2707832,1 large,180.0
FNDDS:2707833,1 large,180.0
FNDDS:2707833,1 medium,130.0
FNDDS:2707833,1 bite size,10.0
FNDDS:2707833,1 miniature,25.0
FNDDS:2707833,1 small,70.0
FNDDS:2707834,1 small,70.0
FNDDS:2707834,1 miniature,25.0
FNDDS:2707834,1 large,180.0
FNDDS:2707834,1 medium,130.0
FNDDS:2707834,1 bite size,10.0
FNDDS:2707835,1 miniature,25.0
FNDDS:2707835,1 large,180.0
FNDDS:2707835,1 medium,130.0
FNDDS:2707835,1 small,70.0
FNDDS:2707835,1 bite size,10.0
FNDDS:2707836,1 medium,130.0
FNDDS:2707836,1 large,180.0
FNDDS:2707836,1 Fiber One Muffin,65.0
FNDDS:2707836,1 small,70.0
FNDDS:2707836,1 miniature,25.0
FNDDS:2707836,1 bite size,10.0
FNDDS:2707837,1 small,70.0
FNDDS:2707837,1 large,180.0
FNDDS:2707837,1 bite size,10.0
FNDDS:2707837,1 medium,130.0
FNDDS:2707837,1 miniature,25.0
FNDDS:2707838,"1 muffin (2-3/4"" dia) (include Jenny's Cuisine)",58.0
FNDDS:2707839,1 bite size,10.0
FNDDS:2707839,1 large,180.0
FNDDS:2707839,1 small,70.0
FNDDS:2707839,1 medium,130.0
FNDDS:2707839,1 miniature,25.0
FNDDS:2707840,1 miniature,25.0
FNDDS:2707840,1 large,180.0
FNDDS:2707840,1 medium,130.0
FNDDS:2707840,1 bite size,10.0
FNDDS:2707840,1 small,70.0
FNDDS:2707841,1 small,70.0
FNDDS:2707841,1 miniature,25.0
FNDDS:2707841,1 medium,130.0
FNDDS:2707841,1 bite size,10.0
FNDDS:2707841,1 large,180.0
FNDDS:2707842,1 medium,130.0
FNDDS:2707842,1 miniature,25.0
FNDDS:2707842,1 bite size,10.0
FNDDS:2707842,1 small,70.0
FNDDS:2707842,1 large,180.0
FNDDS:2707843,1 miniature,25.0
FNDDS:2707843,1 small,70.0
FNDDS:2707843,1 large,180.0
FNDDS:2707843,1 bite size,10.0
FNDDS:2707843,1 medium,130.0
FNDDS:2707844,1 bite size,10.0
FNDDS:2707844,1 large,180.0
FNDDS:2707844,1 miniature,25.0
FNDDS:2707844,1 medium,130.0
FNDDS:2707844,1 small,70.0
FNDDS:2707845,1 medium,130.0
FNDDS:2707845,1 small,70.0
FNDDS:2707845,1 miniature,25.0
FNDDS:2707845,1 100 calorie package,30.0
FNDDS:2707845,1 bite size,10.0
FNDDS:2707845,1 large,180.0
FNDDS:2707846,1 popover,31.0
FNDDS:2707847,1 slice,45.0
FNDDS:2707848,1 cubic inch,8.7
FNDDS:2707848,1 slice,49.0
FNDDS:2707849,1 cubic inch,10.0
FNDDS:2707849,1 slice,60.0
FNDDS:2707850,1 cubic inch,8.7
FNDDS:2707850,1 individual loaf,57.0
FNDDS:2707850,1 slice,41.0
FNDDS:2707851,1 slice,40.0
FNDDS:2707851,1 cubic inch,6.6
FNDDS:2707852,1 loaf,537.0
FNDDS:2707852,1 cubic inch,7.0
FNDDS:2707852,1 slice,74.0
FNDDS:2707853,1 cup,100.0
FNDDS:2707853,"1 piece/slice, any size",175.0
FNDDS:2707853,"1 cupcake, any size",90.0
FNDDS:2707854,"1 piece/slice, any size",60.0
FNDDS:2707854,1 cup,50.0
FNDDS:2707855,1 cup,120.0
FNDDS:2707855,"1 cupcake, any size",90.0
FNDDS:2707855,"1 piece/slice, any size",200.0
FNDDS:2707856,"1 cupcake, any size",90.0
FNDDS:2707856,1 cup,120.0
FNDDS:2707856,"1 piece/slice, any size",200.0
FNDDS:2707857,1 cup,120.0
FNDDS:2707857,"1 piece/slice, any size",200.0
FNDDS:2707858,"1 piece/slice, any size",115.0
FNDDS:2707858,1 cup,70.0
FNDDS:2707859,"1 cupcake, any size",90.0
FNDDS:2707859,1 cup,120.0
FNDDS:2707859,"1 piece/slice, any size",200.0
FNDDS:2707860,1 cup,120.0
FNDDS:2707860,"1 cupcake, any size",90.0
FNDDS:2707860,"1 piece/slice, any size",200.0
FNDDS:2707861,1 cup,180.0
FNDDS:2707861,"1 piece/slice, any size",175.0
FNDDS:2707862,"1 piece/slice, any size",200.0
FNDDS:2707862,1 cup,180.0
FNDDS:2707863,1 cup,180.0
FNDDS:2707863,"1 piece/slice, any size",175.0
FNDDS:2707864,1 cup,100.0
FNDDS:2707864,1 cubic inch,6.8
FNDDS:2707864,1 regular cupcake,90.0
FNDDS:2707864,"1 regular or small piece/slice, 1 layer cake",115.0
FNDDS:2707864,"1 regular or small piece/slice, 2+ layer cake",175.0
FNDDS:2707864,"1 large piece/slice, 1 layer cake",170.0
FNDDS:2707864,1 miniature/bite size,30.0
FNDDS:2707864,"1 large piece/slice, 2+ layer cake",260.0
FNDDS:2707865,"1 regular or small piece/slice, 1 layer cake",100.0
FNDDS:2707865,1 miniature/bite size,25.0
FNDDS:2707865,1 cubic inch,6.8
FNDDS:2707865,"1 large piece/slice, 2+ layer cake",225.0
FNDDS:2707865,1 regular cupcake,75.0
FNDDS:2707865,1 cup,100.0
FNDDS:2707865,"1 regular or small piece/slice, 2+ layer cake",150.0
FNDDS:2707865,"1 large piece/slice, 1 layer cake",150.0
FNDDS:2707866,1 regular cupcake,90.0
FNDDS:2707866,"1 regular or small piece/slice, 2+ layer cake",175.0
FNDDS:2707866,1 cup,100.0
FNDDS:2707866,"1 regular or small piece/slice, 1 layer cake",115.0
FNDDS:2707866,1 cubic inch,6.8
FNDDS:2707866,1 miniature/bite size,30.0
FNDDS:2707866,"1 large piece/slice, 1 layer cake",170.0
FNDDS:2707866,"1 large piece/slice, 2+ layer cake",260.0
FNDDS:2707867,1 cup,100.0
FNDDS:2707867,1 cubic inch,6.8
FNDDS:2707867,1 regular cupcake,75.0
FNDDS:2707867,"1 large piece/slice, 1 layer cake",150.0
FNDDS:2707867,1 miniature/bite size,25.0
FNDDS:2707867,"1 large piece/slice, 2+ layer cake",225.0
FNDDS:2707867,"1 regular or small piece/slice, 2+ layer cake",150.0
FNDDS:2707867,"1 regular or small piece/slice, 1 layer cake",100.0
FNDDS:2707868,1 large piece/slice,100.0
FNDDS:2707868,1 miniature/bite size,15.0
FNDDS:2707868,1 cubic inch,5.0
FNDDS:2707868,1 cup,75.0
FNDDS:2707868,1 regular or small piece/slice,65.0
FNDDS:2707868,1 regular cupcake,50.0
FNDDS:2707869,1 cup,120.0
FNDDS:2707869,"1 piece/slice, any size",200.0
FNDDS:2707869,"1 cupcake, any size",90.0
FNDDS:2707870,"1 piece/slice, any size",175.0
FNDDS:2707870,"1 cupcake, any size",90.0
FNDDS:2707870,1 cup,100.0
FNDDS:2707871,"1 piece/slice, any size",115.0
FNDDS:2707871,1 cup,120.0
FNDDS:2707872,1 cup,120.0
FNDDS:2707872,"1 piece/slice, any size",200.0
FNDDS:2707872,"1 cupcake, any size",90.0
FNDDS:2707873,1 regular cupcake,45.0
FNDDS:2707873,"1 piece/slice, any size, except mini",45.0
FNDDS:2707873,1 miniature/bite size,15.0
FNDDS:2707873,1 snack cake,45.0
FNDDS:2707874,"1 piece/slice, any size, except mini",45.0
FNDDS:2707874,1 regular cupcake,45.0
FNDDS:2707874,1 snack cake,45.0
FNDDS:2707874,1 miniature/bite size,15.0
FNDDS:2707875,"1 piece/slice, any size",115.0
FNDDS:2707875,1 cup,120.0
FNDDS:2707876,1 cup,100.0
FNDDS:2707876,"1 piece/slice, any size",115.0
FNDDS:2707877,1 cup,138.0
FNDDS:2707877,1 ice cream roll (12 oz),340.0
FNDDS:2707877,1 piece (1/10 of roll),34.0
FNDDS:2707877,1 cubic inch,9.6
FNDDS:2707878,1 cup,100.0
FNDDS:2707878,"1 piece/slice, any size",100.0
FNDDS:2707879,1 cup,100.0
FNDDS:2707879,"1 cupcake, any size",90.0
FNDDS:2707879,"1 piece/slice, any size",175.0
FNDDS:2707880,"1 piece/slice, any size",175.0
FNDDS:2707880,1 cup,100.0
FNDDS:2707880,"1 cupcake, any size",90.0
FNDDS:2707881,1 cup,100.0
FNDDS:2707881,"1 piece/slice, any size",175.0
FNDDS:2707881,"1 cupcake, any size",90.0
FNDDS:2707882,1 cup,100.0
FNDDS:2707882,"1 piece/slice, any size",115.0
FNDDS:2707883,1 cup,120.0
FNDDS:2707883,"1 piece/slice, any size",200.0
FNDDS:2707883,"1 cupcake, any size",90.0
FNDDS:2707884,1 cup,120.0
FNDDS:2707884,"1 cupcake, any size",90.0
FNDDS:2707884,"1 piece/slice, any size",200.0
FNDDS:2707885,1 cup,100.0
FNDDS:2707885,"1 piece/slice, any size",175.0
FNDDS:2707885,"1 cupcake, any size",90.0
FNDDS:2707886,"1 piece/slice, any size",65.0
FNDDS:2707886,1 cup,50.0
FNDDS:2707887,1 cup,100.0
FNDDS:2707887,"1 cupcake, any size",90.0
FNDDS:2707887,"1 piece/slice, any size",175.0
FNDDS:2707888,1 cup,120.0
FNDDS:2707888,"1 piece/slice, any size",200.0
FNDDS:2707889,"1 piece/slice, any size",200.0
FNDDS:2707889,1 cup,120.0
FNDDS:2707890,"1 piece/slice, any size",115.0
FNDDS:2707890,1 cup,120.0
FNDDS:2707891,"1 large piece/slice, 2+ layer cake",260.0
FNDDS:2707891,1 miniature/bite size,30.0
FNDDS:2707891,"1 large piece/slice, 1 layer cake",170.0
FNDDS:2707891,1 regular cupcake,90.0
FNDDS:2707891,1 cubic inch,6.8
FNDDS:2707891,"1 regular or small piece/slice, 1 layer cake",115.0
FNDDS:2707891,1 cup,100.0
FNDDS:2707891,"1 regular or small piece/slice, 2+ layer cake",175.0
FNDDS:2707892,"1 large piece/slice, 1 layer cake",150.0
FNDDS:2707892,1 miniature/bite size,25.0
FNDDS:2707892,"1 large piece/slice, 2+ layer cake",225.0
FNDDS:2707892,1 regular cupcake,75.0
FNDDS:2707892,"1 regular or small piece/slice, 2+ layer cake",150.0
FNDDS:2707892,1 cup,100.0
FNDDS:2707892,1 cubic inch,6.8
FNDDS:2707892,"1 regular or small piece/slice, 1 layer cake",100.0
FNDDS:2707893,"1 regular or small piece/slice, 1 layer cake",115.0
FNDDS:2707893,"1 large piece/slice, 1 layer cake",170.0
FNDDS:2707893,"1 large piece/slice, 2+ layer cake",260.0
FNDDS:2707893,"1 regular or small piece/slice, 2+ layer cake",175.0
FNDDS:2707893,1 regular cupcake,90.0
FNDDS:2707893,1 miniature/bite size,30.0
FNDDS:2707893,1 cubic inch,6.8
FNDDS:2707893,1 cup,100.0
FNDDS:2707894,"1 large piece/slice, 2+ layer cake",225.0
FNDDS:2707894,1 miniature/bite size,25.0
FNDDS:2707894,"1 regular or small piece/slice, 1 layer cake",100.0
FNDDS:2707894,1 regular cupcake,75.0
FNDDS:2707894,1 cubic inch,6.8
FNDDS:2707894,"1 large piece/slice, 1 layer cake",150.0
FNDDS:2707894,"1 regular or small piece/slice, 2+ layer cake",150.0
FNDDS:2707894,1 cup,100.0
FNDDS:2707895,1 regular or small piece/slice,65.0
FNDDS:2707895,1 regular cupcake,50.0
FNDDS:2707895,1 cubic inch,5.0
FNDDS:2707895,1 large piece/slice,100.0
FNDDS:2707895,1 cup,75.0
FNDDS:2707895,1 miniature/bite size,15.0
FNDDS:2707896,"1 piece/slice, any size",175.0
FNDDS:2707896,1 cup,150.0
FNDDS:2707897,1 cup,120.0
FNDDS:2707897,"1 piece/slice, any size",200.0
FNDDS:2707897,"1 cupcake, any size",90.0
FNDDS:2707898,1 cup,250.0
FNDDS:2707899,1 small,20.0
FNDDS:2707899,1 miniature/bite size,5.0
FNDDS:2707899,1 large,45.0
FNDDS:2707899,1 medium,30.0
FNDDS:2707900,1 miniature/bite size,5.0
FNDDS:2707900,1 medium,30.0
FNDDS:2707900,1 large,45.0
FNDDS:2707900,1 small,20.0
FNDDS:2707901,1 small,20.0
FNDDS:2707901,1 miniature/bite size,5.0
FNDDS:2707901,1 large,45.0
FNDDS:2707901,1 medium,30.0
FNDDS:2707902,1 cookie,32.0
FNDDS:2707903,1 small or bite size,30.0
FNDDS:2707903,1 large,90.0
FNDDS:2707903,1 medium,50.0
FNDDS:2707904,1 small or bite size,30.0
FNDDS:2707904,1 medium,50.0
FNDDS:2707904,1 large,90.0
FNDDS:2707905,1 medium,65.0
FNDDS:2707905,1 small,40.0
FNDDS:2707905,1 Little Debbie package (twin wrapped),61.0
FNDDS:2707905,1 large,110.0
FNDDS:2707906,1 miniature/bite size,5.0
FNDDS:2707906,1 large,90.0
FNDDS:2707906,1 small,30.0
FNDDS:2707906,1 medium,50.0
FNDDS:2707907,1 large,90.0
FNDDS:2707907,1 medium,50.0
FNDDS:2707907,1 small,30.0
FNDDS:2707908,1 large,90.0
FNDDS:2707908,1 small or bite size,30.0
FNDDS:2707908,1 bar,30.0
FNDDS:2707908,1 medium,50.0
FNDDS:2707909,"1 cup, bite size",81.0
FNDDS:2707909,1 large bar,56.0
FNDDS:2707909,1 Keebler Rainbow Chips Deluxe,16.0
FNDDS:2707909,1 medium bar,38.0
FNDDS:2707909,1 Pepperidge Farm Chocolate Chunk Cookie,26.0
FNDDS:2707909,1 large cookie,45.0
FNDDS:2707909,1 Subway cookie,45.0
FNDDS:2707909,1 medium cookie,30.0
FNDDS:2707909,1 mini or bite size cookie,5.0
FNDDS:2707909,1 Nabisco Chips Ahoy!,10.5
FNDDS:2707909,1 single serving package,46.0
FNDDS:2707909,1 small bar,25.0
FNDDS:2707909,1 100 calorie package,22.0
FNDDS:2707909,1 McDonald's cookie,33.0
FNDDS:2707909,1 small cookie,20.0
FNDDS:2707910,1 extra large,100.0
FNDDS:2707910,1 medium,30.0
FNDDS:2707910,1 large,45.0
FNDDS:2707910,1 miniature/bite size,5.0
FNDDS:2707910,1 small,20.0
FNDDS:2707911,1 100 calorie package,22.0
FNDDS:2707911,1 large,45.0
FNDDS:2707911,1 Nabisco Chips Ahoy!,10.7
FNDDS:2707911,1 miniature/bite size,5.0
FNDDS:2707911,1 small,20.0
FNDDS:2707911,1 medium,30.0
FNDDS:2707912,1 large sandwich,36.0
FNDDS:2707912,1 miniature/bite size,3.0
FNDDS:2707912,1 Little Debbie cookie,34.0
FNDDS:2707912,1 sandwich,14.0
FNDDS:2707913,1 Little Debbie cookie,31.0
FNDDS:2707913,"1 bar (2"" square, 1-1/8"" high)",30.0
FNDDS:2707914,1 small,20.0
FNDDS:2707914,1 large,45.0
FNDDS:2707914,1 miniature/bite size,5.0
FNDDS:2707914,1 medium,30.0
FNDDS:2707915,1 medium,30.0
FNDDS:2707915,1 small,20.0
FNDDS:2707915,1 miniature/bite size,5.0
FNDDS:2707915,1 large,45.0
FNDDS:2707916,1 Fudge Marshmallow,28.0
FNDDS:2707916,1 cookie,30.0
FNDDS:2707917,"1 pie, NFS",78.0
FNDDS:2707917,1 moon pie,78.0
FNDDS:2707917,1 Little Debbie,39.0
FNDDS:2707917,1 whoopie pie,57.0
FNDDS:2707917,1 scooter pie,34.0
FNDDS:2707918,1 miniature/bite size,7.0
FNDDS:2707918,1 large,63.0
FNDDS:2707918,1 small,28.0
FNDDS:2707918,1 100 calorie package,21.0
FNDDS:2707918,1 Grasshopper (Keebler),7.0
FNDDS:2707918,1 Girl Scout cookie,7.9
FNDDS:2707918,1 medium,42.0
FNDDS:2707919,1 Little Debbie Fudge Crispy Bar,15.0
FNDDS:2707919,1 Little Debbie Cookie Bar,33.0
FNDDS:2707919,1 fudge stick,10.0
FNDDS:2707919,1 wafer,15.0
FNDDS:2707920,1 Oreo thin,7.0
FNDDS:2707920,1 large sandwich,36.0
FNDDS:2707920,1 miniature/bite size,3.0
FNDDS:2707920,1 Oreo mini sandwich,3.0
FNDDS:2707920,1 sandwich,14.0
FNDDS:2707920,1 Oreo sandwich,11.0
FNDDS:2707921,1 miniature/bite size,3.0
FNDDS:2707921,1 cookie,14.0
FNDDS:2707921,1 Oreo sandwich,10.7
FNDDS:2707921,1 large sandwich,36.0
FNDDS:2707922,"1 sandwich, chocolate covered (include Fudge Covered Oreos)",19.0
FNDDS:2707922,1 large sandwich,36.0
FNDDS:2707922,1 sandwich (include Double Stuff Oreo),15.0
FNDDS:2707923,1 large sandwich,36.0
FNDDS:2707923,1 miniature/bite size,3.0
FNDDS:2707923,1 sandwich,14.0
FNDDS:2707924,1 100 calorie package,23.0
FNDDS:2707924,1 small or thin (include Famous Brand Chocolate Wafers),5.0
FNDDS:2707924,1 medium,10.0
FNDDS:2707925,1 bar,22.0
FNDDS:2707925,1 large S'mores cookie,84.0
FNDDS:2707925,1 medium S'mores cookie,42.0
FNDDS:2707925,1 Suddenly S'mores cookie,19.0
FNDDS:2707926,1 small bar,25.0
FNDDS:2707926,1 large bar,56.0
FNDDS:2707926,1 medium bar,38.0
FNDDS:2707927,1 large,45.0
FNDDS:2707927,1 miniature/bite size,5.0
FNDDS:2707927,1 small,20.0
FNDDS:2707927,1 medium,30.0
FNDDS:2707928,1 Newton bar,22.0
FNDDS:2707928,1 large bar,56.0
FNDDS:2707928,1 medium bar,38.0
FNDDS:2707928,1 small bar,25.0
FNDDS:2707929,"1 individual package (2 oz package containing 2 3"" bars)",57.0
FNDDS:2707929,1 Fig bar (2 square halves),43.0
FNDDS:2707929,1 Newton bar,16.0
FNDDS:2707929,1 mini fig newton,6.3
FNDDS:2707929,1 bar,16.0
FNDDS:2707930,1 cookie,8.0
FNDDS:2707931,1 cone,4.0
FNDDS:2707931,1 large waffle cone,29.0
FNDDS:2707932,1 small,20.0
FNDDS:2707932,1 large,45.0
FNDDS:2707932,1 medium,30.0
FNDDS:2707932,1 miniature/bite size,5.0
FNDDS:2707933,1 large,45.0
FNDDS:2707933,1 miniature/bite size,5.0
FNDDS:2707933,1 medium,30.0
FNDDS:2707933,1 small,20.0
FNDDS:2707934,"1 breakfast treat (approx 4"" x 2"" x 7/8"")",24.0
FNDDS:2707934,"1 anisette sponge (4"" x 1-1/8"" x 7/8"")",13.0
FNDDS:2707934,"1 egg jumbo (4"" x 2"")",12.8
FNDDS:2707934,1 ladyfinger biscuit,5.2
FNDDS:2707934,"1 ladyfinger (3"" x 1-1/8"" x 1"")",8.3
FNDDS:2707935,1 large bar,56.0
FNDDS:2707935,1 medium bar,38.0
FNDDS:2707935,1 small bar,25.0
FNDDS:2707936,1 cookie,24.0
FNDDS:2707937,1 cookie,30.0
FNDDS:2707938,1 large bar,56.0
FNDDS:2707938,1 medium bar,38.0
FNDDS:2707938,1 small bar,25.0
FNDDS:2707939,1 large bar,56.0
FNDDS:2707939,1 small bar,25.0
FNDDS:2707939,1 medium bar,38.0
FNDDS:2707940,1 small bar,25.0
FNDDS:2707940,1 large bar,56.0
FNDDS:2707940,1 medium bar,38.0
FNDDS:2707941,1 cookie,5.0
FNDDS:2707942,1 miniature/bite size,5.0
FNDDS:2707942,1 large,45.0
FNDDS:2707942,1 small,20.0
FNDDS:2707942,1 Little Debbie cookie,20.0
FNDDS:2707942,1 medium,30.0
FNDDS:2707943,1 cookie,24.0
FNDDS:2707944,1 cookie,30.0
FNDDS:2707945,1 miniature/bite size,5.0
FNDDS:2707945,1 small,20.0
FNDDS:2707945,1 medium,30.0
FNDDS:2707945,1 large,45.0
FNDDS:2707946,1 small,20.0
FNDDS:2707946,1 Tastykake Oatmeal Raisin Bar,57.0
FNDDS:2707946,1 miniature/bite size,5.0
FNDDS:2707946,1 large,45.0
FNDDS:2707946,1 medium,30.0
FNDDS:2707947,1 small,20.0
FNDDS:2707947,1 large,45.0
FNDDS:2707947,1 miniature/bite size,5.0
FNDDS:2707947,1 medium,30.0
FNDDS:2707948,1 miniature/bite size,3.0
FNDDS:2707948,1 large sandwich,36.0
FNDDS:2707948,1 sandwich,14.0
FNDDS:2707949,1 medium,30.0
FNDDS:2707949,1 large,45.0
FNDDS:2707949,1 small,20.0
FNDDS:2707949,1 miniature/bite size,5.0
FNDDS:2707950,1 large sandwich,36.0
FNDDS:2707950,1 Little Debbie,32.0
FNDDS:2707950,1 sandwich,14.0
FNDDS:2707950,1 miniature/bite size,3.0
FNDDS:2707951,1 small,20.0
FNDDS:2707951,1 medium,30.0
FNDDS:2707951,1 large,45.0
FNDDS:2707951,1 miniature/bite size,5.0
FNDDS:2707952,1 large,45.0
FNDDS:2707952,1 small,20.0
FNDDS:2707952,1 medium,30.0
FNDDS:2707952,1 miniature/bite size,5.0
FNDDS:2707953,1 large,45.0
FNDDS:2707953,1 medium,30.0
FNDDS:2707953,1 miniature/bite size,5.0
FNDDS:2707953,1 Nutter Butter,18.0
FNDDS:2707953,1 small,20.0
FNDDS:2707954,1 large bar,56.0
FNDDS:2707954,1 small bar,25.0
FNDDS:2707954,1 medium bar,38.0
FNDDS:2707955,1 miniature/bite size,3.0
FNDDS:2707955,1 large sandwich,36.0
FNDDS:2707955,1 sandwich,14.0
FNDDS:2707955,1 Girl Scout cookie,11.6
FNDDS:2707956,1 small,28.0
FNDDS:2707956,1 Girl Scout cookie,13.0
FNDDS:2707956,1 miniature/bite size,7.0
FNDDS:2707956,1 medium,42.0
FNDDS:2707956,1 Little Debbie Nutty Bar,28.0
FNDDS:2707956,1 large,63.0
FNDDS:2707956,1 Lance Wafer,8.3
FNDDS:2707957,1 cookie,13.0
FNDDS:2707958,1 wafer or rosette,13.0
FNDDS:2707959,1 medium cookie,30.0
FNDDS:2707959,1 large cookie,45.0
FNDDS:2707959,1 large bar,56.0
FNDDS:2707959,1 medium bar,38.0
FNDDS:2707959,1 small cookie,20.0
FNDDS:2707959,1 mini or bite size cookie,5.0
FNDDS:2707959,1 small bar,25.0
FNDDS:2707960,1 small,20.0
FNDDS:2707960,1 medium,30.0
FNDDS:2707960,1 miniature/bite size,5.0
FNDDS:2707960,1 large,45.0
FNDDS:2707961,1 large sandwich,36.0
FNDDS:2707961,1 miniature/bite size,3.0
FNDDS:2707961,1 sandwich,14.0
FNDDS:2707962,1 ball,11.0
FNDDS:2707963,1 large sandwich,36.0
FNDDS:2707963,1 miniature/bite size,3.0
FNDDS:2707963,1 Girl Scout Lemon Chalet Creme,13.0
FNDDS:2707963,1 sandwich,14.0
FNDDS:2707964,1 large,45.0
FNDDS:2707964,1 miniature/bite size,5.0
FNDDS:2707964,1 small,20.0
FNDDS:2707964,1 Girl Scout cookie,6.3
FNDDS:2707964,1 medium,30.0
FNDDS:2707965,1 small,20.0
FNDDS:2707965,1 100 calorie package,21.0
FNDDS:2707965,1 large,45.0
FNDDS:2707965,1 medium,30.0
FNDDS:2707965,1 Pecan Sandie,15.0
FNDDS:2707965,1 miniature/bite size,5.0
FNDDS:2707966,1 Girl Scout cookie,15.0
FNDDS:2707966,1 large,63.0
FNDDS:2707966,1 Keebler Middle,9.0
FNDDS:2707966,1 medium,42.0
FNDDS:2707966,1 small,28.0
FNDDS:2707966,1 miniature/bite size,7.0
FNDDS:2707967,1 stick,4.0
FNDDS:2707968,"1 cup, crushed",105.0
FNDDS:2707968,1 individual box (2 oz),57.0
FNDDS:2707968,"1 cup, NFS",64.0
FNDDS:2707968,1 Arrowroot biscuit (Include Arrowroot cookie),5.0
FNDDS:2707968,1 cracker,4.0
FNDDS:2707968,1 single serving bag,28.0
FNDDS:2707969,1 animal cookie (include Keebler Iced; Carousel Frosted),5.0
FNDDS:2707970,1 miniature/bite size,5.0
FNDDS:2707970,"1 2-1/4"" dia (include Snickerdoodles)",10.0
FNDDS:2707970,1 Lemon Cooler,6.0
FNDDS:2707970,1 large,45.0
FNDDS:2707970,"1 cup, crushed",85.0
FNDDS:2707970,1 small,20.0
FNDDS:2707970,1 medium,30.0
FNDDS:2707971,1 cookie,7.0
FNDDS:2707972,1 miniature/bite size,5.0
FNDDS:2707972,"1 Pepperidge Farm Distinctive Chantilly (about 2"" dia)",19.0
FNDDS:2707972,1 small,20.0
FNDDS:2707972,1 medium,30.0
FNDDS:2707972,1 large,45.0
FNDDS:2707972,1 Pepperidge Farm Cappucino,15.0
FNDDS:2707973,1 small,4.0
FNDDS:2707973,1 medium,8.0
FNDDS:2707973,1 large,9.0
FNDDS:2707974,1 large bar,56.0
FNDDS:2707974,1 medium bar,38.0
FNDDS:2707974,1 small bar,25.0
FNDDS:2707975,1 sandwich,14.0
FNDDS:2707975,1 large sandwich,36.0
FNDDS:2707975,1 miniature/bite size,3.0
FNDDS:2707975,1 E.L. Fudge (Elfin),18.0
FNDDS:2707975,1 Oreo sandwich,12.0
FNDDS:2707976,1 sandwich (include Double Stuff Oreo),15.0
FNDDS:2707976,1 E.L. Fudge (Elfin),18.0
FNDDS:2707976,1 large sandwich,36.0
FNDDS:2707976,1 medium sandwich,14.0
FNDDS:2707976,1 miniature/bite size,3.0
FNDDS:2707977,1 Vienna finger,14.5
FNDDS:2707977,1 sandwich,14.0
FNDDS:2707977,1 large sandwich,36.0
FNDDS:2707977,1 Snackwell's cookie,12.2
FNDDS:2707977,1 miniature/bite size,3.0
FNDDS:2707978,1 large,63.0
FNDDS:2707978,1 Keebler Fudge Strips,10.0
FNDDS:2707978,1 small,28.0
FNDDS:2707978,1 medium,42.0
FNDDS:2707978,1 miniature/bite size,7.0
FNDDS:2707978,1 Geneva,10.0
FNDDS:2707979,1 large,63.0
FNDDS:2707979,1 medium,42.0
FNDDS:2707979,1 miniature/bite size,7.0
FNDDS:2707979,1 small,28.0
FNDDS:2707980,1 medium,5.0
FNDDS:2707980,1 small,2.0
FNDDS:2707980,1 large,11.0
FNDDS:2707981,1 medium,4.0
FNDDS:2707981,1 small or bite size,3.0
FNDDS:2707981,1 large,6.0
FNDDS:2707982,1 large,6.0
FNDDS:2707982,1 small or bite size,3.0
FNDDS:2707982,1 medium,4.0
FNDDS:2707983,1 large cookie,63.0
FNDDS:2707983,1 Girl Scout cookie,14.0
FNDDS:2707983,1 medium cookie,42.0
FNDDS:2707983,1 small cookie,28.0
FNDDS:2707984,1 medium roll-up cookie,23.0
FNDDS:2707985,1 miniature/bite size,5.0
FNDDS:2707985,1 medium,30.0
FNDDS:2707985,1 large,45.0
FNDDS:2707985,1 small,20.0
FNDDS:2707986,1 miniature/bite size,5.0
FNDDS:2707986,1 large,45.0
FNDDS:2707986,1 medium,30.0
FNDDS:2707986,1 small,20.0
FNDDS:2707987,1 cookie,12.0
FNDDS:2707988,1 large,45.0
FNDDS:2707988,1 medium,30.0
FNDDS:2707988,1 miniature/bite size,5.0
FNDDS:2707988,1 small,20.0
FNDDS:2707989,1 small,4.0
FNDDS:2707989,1 medium,8.0
FNDDS:2707989,1 large,9.0
FNDDS:2707990,1 small,20.0
FNDDS:2707990,1 large,45.0
FNDDS:2707990,1 medium,30.0
FNDDS:2707991,1 large bar,56.0
FNDDS:2707991,1 large cookie,45.0
FNDDS:2707991,1 small cookie,20.0
FNDDS:2707991,1 medium bar,38.0
FNDDS:2707991,1 medium cookie,30.0
FNDDS:2707991,1 small bar,25.0
FNDDS:2707991,1 mini or bite size cookie,5.0
FNDDS:2707992,1 cookie,19.0
FNDDS:2707993,1 regular slice,150.0
FNDDS:2707993,1 large slice,250.0
FNDDS:2707993,1 individual pie,150.0
FNDDS:2707993,1 mini/small slice,75.0
FNDDS:2707993,1 cup,250.0
FNDDS:2707993,"1 regular pie (8-9"" dia)",1200.0
FNDDS:2707993,"1 large pie (10"" dia plus)",2000.0
FNDDS:2707993,1 surface inch,18.9
FNDDS:2707994,1 tart,125.0
FNDDS:2707995,"1 large pie (10"" dia plus)",2000.0
FNDDS:2707995,1 regular slice,150.0
FNDDS:2707995,1 individual pie,150.0
FNDDS:2707995,1 cup,250.0
FNDDS:2707995,1 mini/small slice,75.0
FNDDS:2707995,"1 regular pie (8-9"" dia)",1200.0
FNDDS:2707995,1 surface inch,18.9
FNDDS:2707995,1 large slice,250.0
FNDDS:2707996,1 McDonald's pie,77.0
FNDDS:2707996,1 individual pie,125.0
FNDDS:2707996,1 tart,125.0
FNDDS:2707997,1 individual pie,150.0
FNDDS:2707997,1 cup,250.0
FNDDS:2707997,1 large slice,250.0
FNDDS:2707997,"1 regular pie (8-9"" dia)",1200.0
FNDDS:2707997,1 mini/small slice,75.0
FNDDS:2707997,"1 large pie (10"" dia plus)",2000.0
FNDDS:2707997,1 surface inch,18.9
FNDDS:2707997,1 regular slice,150.0
FNDDS:2707998,"1 regular pie (8-9"" dia)",1200.0
FNDDS:2707998,1 regular slice,150.0
FNDDS:2707998,1 individual pie,150.0
FNDDS:2707998,"1 large pie (10"" dia plus)",2000.0
FNDDS:2707998,1 mini/small slice,75.0
FNDDS:2707998,1 cup,250.0
FNDDS:2707998,1 surface inch,18.9
FNDDS:2707998,1 large slice,250.0
FNDDS:2707999,1 mini/small slice,75.0
FNDDS:2707999,1 regular slice,150.0
FNDDS:2707999,"1 regular pie (8-9"" dia)",1200.0
FNDDS:2707999,1 individual pie,150.0
FNDDS:2707999,1 large slice,250.0
FNDDS:2707999,"1 large pie (10"" dia plus)",2000.0
FNDDS:2707999,1 surface inch,18.9
FNDDS:2707999,1 cup,250.0
FNDDS:2708000,1 cup,250.0
FNDDS:2708000,1 surface inch,18.9
FNDDS:2708000,1 individual pie,150.0
FNDDS:2708000,"1 pie, any size",1600.0
FNDDS:2708000,"1 slice, any size",150.0
FNDDS:2708001,"1 slice, any size",150.0
FNDDS:2708001,"1 pie, any size",1600.0
FNDDS:2708001,1 individual pie,150.0
FNDDS:2708001,1 cup,250.0
FNDDS:2708001,1 surface inch,18.9
FNDDS:2708002,1 surface inch,18.9
FNDDS:2708002,"1 large pie (10"" dia plus)",2000.0
FNDDS:2708002,"1 regular pie (8-9"" dia)",1200.0
FNDDS:2708002,1 cup,250.0
FNDDS:2708002,1 regular slice,150.0
FNDDS:2708002,1 large slice,250.0
FNDDS:2708002,1 individual pie,150.0
FNDDS:2708002,1 mini/small slice,75.0
FNDDS:2708003,"1 pie, any size",1600.0
FNDDS:2708003,1 surface inch,18.9
FNDDS:2708003,1 cup,250.0
FNDDS:2708003,1 individual pie,150.0
FNDDS:2708003,"1 slice, any size",150.0
FNDDS:2708004,"1 slice, any size",150.0
FNDDS:2708004,1 cup,250.0
FNDDS:2708004,1 individual pie,150.0
FNDDS:2708004,"1 pie, any size",1600.0
FNDDS:2708004,1 surface inch,18.9
FNDDS:2708005,1 individual pie,150.0
FNDDS:2708005,1 surface inch,18.9
FNDDS:2708005,"1 pie, any size",1600.0
FNDDS:2708005,1 cup,250.0
FNDDS:2708005,"1 slice, any size",150.0
FNDDS:2708006,1 surface inch,18.9
FNDDS:2708006,1 cup,250.0
FNDDS:2708006,"1 pie, any size",1600.0
FNDDS:2708006,"1 slice, any size",150.0
FNDDS:2708006,1 individual pie,150.0
FNDDS:2708007,"1 pie, any size",1600.0
FNDDS:2708007,1 surface inch,18.9
FNDDS:2708007,"1 slice, any size",150.0
FNDDS:2708007,1 individual pie,150.0
FNDDS:2708007,1 cup,250.0
FNDDS:2708008,1 surface inch,10.5
FNDDS:2708008,"1 pizza (12"" dia)",1188.0
FNDDS:2708008,1 piece,108.0
FNDDS:2708009,1 cup,250.0
FNDDS:2708009,1 surface inch,18.9
FNDDS:2708009,"1 pie, any size",1600.0
FNDDS:2708009,"1 slice, any size",150.0
FNDDS:2708009,1 individual pie,150.0
FNDDS:2708010,"1 slice, any size",150.0
FNDDS:2708010,1 surface inch,18.9
FNDDS:2708010,1 individual pie,150.0
FNDDS:2708010,1 cup,250.0
FNDDS:2708010,"1 pie, any size",1600.0
FNDDS:2708011,1 regular slice,150.0
FNDDS:2708011,"1 large pie (10"" dia plus)",2000.0
FNDDS:2708011,1 surface inch,18.9
FNDDS:2708011,"1 regular pie (8-9"" dia)",1200.0
FNDDS:2708011,1 mini/small slice,75.0
FNDDS:2708011,1 individual pie,150.0
FNDDS:2708011,1 large slice,250.0
FNDDS:2708011,1 cup,250.0
FNDDS:2708012,1 large slice,250.0
FNDDS:2708012,1 regular slice,150.0
FNDDS:2708012,1 surface inch,18.9
FNDDS:2708012,"1 large pie (10"" dia plus)",2000.0
FNDDS:2708012,"1 regular pie (8-9"" dia)",1200.0
FNDDS:2708012,1 individual pie,150.0
FNDDS:2708012,1 cup,250.0
FNDDS:2708012,1 mini/small slice,75.0
FNDDS:2708013,1 surface inch,18.9
FNDDS:2708013,"1 pie, any size",1600.0
FNDDS:2708013,1 individual pie,150.0
FNDDS:2708013,1 cup,250.0
FNDDS:2708013,"1 slice, any size",150.0
FNDDS:2708014,1 cup,250.0
FNDDS:2708014,"1 slice, any size",150.0
FNDDS:2708014,1 surface inch,18.9
FNDDS:2708014,1 individual pie,150.0
FNDDS:2708014,"1 pie, any size",1600.0
FNDDS:2708015,1 surface inch,18.9
FNDDS:2708015,1 mini/small slice,75.0
FNDDS:2708015,1 cup,250.0
FNDDS:2708015,"1 large pie (10"" dia plus)",2000.0
FNDDS:2708015,1 large slice,250.0
FNDDS:2708015,"1 regular pie (8-9"" dia)",1200.0
FNDDS:2708015,1 individual pie,150.0
FNDDS:2708015,1 regular slice,150.0
FNDDS:2708016,1 surface inch,18.9
FNDDS:2708016,1 cup,250.0
FNDDS:2708016,1 individual pie,150.0
FNDDS:2708016,"1 pie, any size",1600.0
FNDDS:2708016,"1 slice, any size",150.0
FNDDS:2708017,1 tart shell,25.0
FNDDS:2708017,"1 pie shell (9"" dia)",170.0
FNDDS:2708018,1 tart shell,25.0
FNDDS:2708018,"1 pie shell (9"" dia)",210.0
FNDDS:2708019,1 cubic inch,15.0
FNDDS:2708019,1 cup,250.0
FNDDS:2708020,1 cup,250.0
FNDDS:2708020,1 cubic inch,15.0
FNDDS:2708021,1 cubic inch,15.0
FNDDS:2708021,1 cup,250.0
FNDDS:2708022,1 cubic inch,15.0
FNDDS:2708022,1 cup,250.0
FNDDS:2708023,1 cubic inch,15.0
FNDDS:2708023,1 cup,250.0
FNDDS:2708024,1 fritter,100.0
FNDDS:2708025,1 fritter,100.0
FNDDS:2708026,1 cup,250.0
FNDDS:2708026,1 cubic inch,15.0
FNDDS:2708027,1 cup,250.0
FNDDS:2708027,1 cubic inch,15.0
FNDDS:2708028,1 cup,250.0
FNDDS:2708028,1 cubic inch,15.0
FNDDS:2708029,"1 cream puff (3-1/2"" x 2"")",112.0
FNDDS:2708029,"1 eclair, frozen",78.0
FNDDS:2708029,"1 eclair (5"" x 2"" x 1-3/4"")",102.0
FNDDS:2708030,"1 eclair (5"" x 2"" x 1-3/4"")",90.0
FNDDS:2708030,"1 cream puff (3-1/2"" x 2"")",100.0
FNDDS:2708030,1 miniature cream puff,23.0
FNDDS:2708031,"1 eclair, frozen",78.0
FNDDS:2708031,"1 eclair (5"" x 2"" x 1-3/4"")",102.0
FNDDS:2708031,1 Tasty-Klair pie,113.0
FNDDS:2708031,"1 cream puff (3-1/2"" x 2"")",112.0
FNDDS:2708032,"1 eclair, frozen",60.0
FNDDS:2708033,1 cream puff,27.0
FNDDS:2708034,"1 sopaipilla (1 1/2"" x 1 1/2"")",10.0
FNDDS:2708034,1 surface inch,4.4
FNDDS:2708035,1 surface inch,5.3
FNDDS:2708035,"1 sopaipilla (1 1/2"" x 1 1/2"")",12.0
FNDDS:2708036,"1 crepe with filling, any size",80.0
FNDDS:2708036,1 surface inch,1.6
FNDDS:2708037,1 surface inch,1.6
FNDDS:2708037,"1 crepe with filling, any size",80.0
FNDDS:2708038,1 tamale,35.0
FNDDS:2708039,1 cubic inch,8.5
FNDDS:2708039,1 piece,125.0
FNDDS:2708040,1 cubic inch,8.5
FNDDS:2708040,1 piece,125.0
FNDDS:2708041,1 cubic inch,8.5
FNDDS:2708041,1 piece,125.0
FNDDS:2708042,1 piece,125.0
FNDDS:2708042,1 cubic inch,8.5
FNDDS:2708043,1 cubic inch,8.5
FNDDS:2708043,1 piece,125.0
FNDDS:2708044,1 piece,80.0
FNDDS:2708044,1 cubic inch,13.0
FNDDS:2708045,1 cubic inch,20.0
FNDDS:2708045,1 piece,80.0
FNDDS:2708046,"1 item, any size",75.0
FNDDS:2708047,1 pastry,78.0
FNDDS:2708048,1 cubic inch,19.0
FNDDS:2708048,1 large round Moon Cake,138.0
FNDDS:2708048,1 small square Moon Cake,51.0
FNDDS:2708048,1 small round Moon Cake,46.0
FNDDS:2708048,1 large square Moon Cake,204.0
FNDDS:2708049,1 large square Moon Cake,204.0
FNDDS:2708049,1 cubic inch,19.0
FNDDS:2708049,1 large round Moon Cake,138.0
FNDDS:2708050,1 oz,28.4
FNDDS:2708051,1 pastry,46.0
FNDDS:2708052,1 pastry,85.0
FNDDS:2708053,1 pastry,11.0
FNDDS:2708053,1 patty shell,47.0
FNDDS:2708054,1 Napoleon,85.0
FNDDS:2708054,1 cream horn,57.0
FNDDS:2708054,1 miniature Napoleon,30.0
FNDDS:2708055,1 cup,16.0
FNDDS:2708055,"1 puff or cheese straw (5"" long)",6.0
FNDDS:2708055,1 cubic inch,14.0
FNDDS:2708056,1 Taco Bell order,35.0
FNDDS:2708056,1 twist,1.5
FNDDS:2708056,1 chip,2.1
FNDDS:2708056,"1 cup, chips",28.0
FNDDS:2708056,1 ear,90.0
FNDDS:2708056,1 surface inch,3.0
FNDDS:2708057,"1 item, any size",75.0
FNDDS:2708058,1 medium,113.0
FNDDS:2708058,1 small,56.0
FNDDS:2708058,1 large,142.0
FNDDS:2708059,1 Toaster Strudel,53.0
FNDDS:2708059,1 cubic inch,6.5
FNDDS:2708059,1 small,56.0
FNDDS:2708059,1 medium,113.0
FNDDS:2708059,1 large,142.0
FNDDS:2708059,1 miniature,28.0
FNDDS:2708059,1 pecan swirl,28.0
FNDDS:2708060,1 small,56.0
FNDDS:2708060,1 medium,113.0
FNDDS:2708060,1 Toaster Strudel,53.0
FNDDS:2708060,1 large,142.0
FNDDS:2708060,1 cubic inch,6.5
FNDDS:2708060,1 miniature,28.0
FNDDS:2708061,1 small,56.0
FNDDS:2708061,1 medium,113.0
FNDDS:2708061,1 miniature,28.0
FNDDS:2708061,1 large,142.0
FNDDS:2708061,1 cubic inch,9.1
FNDDS:2708062,1 doughnut,75.0
FNDDS:2708062,1 stick/twist,75.0
FNDDS:2708062,1 cup,60.0
FNDDS:2708062,1 miniature,15.0
FNDDS:2708063,1 doughnut,60.0
FNDDS:2708063,1 miniature,15.0
FNDDS:2708063,1 stick/twist,60.0
FNDDS:2708064,1 stick/twist,75.0
FNDDS:2708064,1 miniature,15.0
FNDDS:2708064,1 doughnut,75.0
FNDDS:2708065,1 miniature,15.0
FNDDS:2708065,1 doughnut,65.0
FNDDS:2708065,1 stick/twist,65.0
FNDDS:2708066,1 stick/twist,75.0
FNDDS:2708066,1 doughnut,75.0
FNDDS:2708066,1 miniature,15.0
FNDDS:2708067,1 stick/twist,75.0
FNDDS:2708067,1 miniature,15.0
FNDDS:2708067,1 doughnut,75.0
FNDDS:2708068,1 doughnut,75.0
FNDDS:2708068,1 miniature,15.0
FNDDS:2708068,1 stick/twist,75.0
FNDDS:2708069,1 doughnut hole,15.0
FNDDS:2708070,1 regular,45.0
FNDDS:2708070,1 miniature,15.0
FNDDS:2708071,1 beignet,45.0
FNDDS:2708072,1 doughnut,60.0
FNDDS:2708072,1 miniature,15.0
FNDDS:2708072,1 stick/twist,60.0
FNDDS:2708073,1 miniature,15.0
FNDDS:2708073,1 doughnut,75.0
FNDDS:2708073,1 stick/twist,75.0
FNDDS:2708074,1 doughnut,80.0
FNDDS:2708074,1 stick/twist,80.0
FNDDS:2708075,1 doughnut,80.0
FNDDS:2708075,1 stick/twist,80.0
FNDDS:2708076,1 stick/twist,90.0
FNDDS:2708076,1 doughnut,90.0
FNDDS:2708077,1 Pop Tart,54.0
FNDDS:2708077,1 package (2 Pop Tarts),108.0
FNDDS:2708077,1 tart,54.0
FNDDS:2708077,1 crisp,13.0
FNDDS:2708078,1 package (2 Pop Tarts),104.0
FNDDS:2708078,1 Pop Tart,52.0
FNDDS:2708078,1 tart,52.0
FNDDS:2708079,"1 cake (8"" square)",501.0
FNDDS:2708079,1 Tastycake Koffee Kake Junior,48.0
FNDDS:2708079,1 piece,65.0
FNDDS:2708079,1 100-calorie package (3 cakes),32.0
FNDDS:2708079,1 Drake's coffee cake,65.0
FNDDS:2708079,"1 cake (8"" dia)",362.0
FNDDS:2708079,"1 cake (9"" square)",692.0
FNDDS:2708079,1 cubic inch,4.5
FNDDS:2708079,1 individual cake,65.0
FNDDS:2708079,1 twin-pack Drake's coffee cake (2.3 oz),65.0
FNDDS:2708079,1 slice,58.0
FNDDS:2708079,1 cake from 100 calorie package,10.0
FNDDS:2708080,"1 cake (9"" square)",785.0
FNDDS:2708080,1 cubic inch,6.5
FNDDS:2708080,1 slice,65.0
FNDDS:2708080,"1 cake (8"" square)",568.0
FNDDS:2708080,1 piece,75.0
FNDDS:2708081,1 slice,65.0
FNDDS:2708081,1 cubic inch,6.5
FNDDS:2708081,"1 cake (8"" square)",568.0
FNDDS:2708082,1 bar,40.0
FNDDS:2708083,1 Nutri-Grain Bar,37.0
FNDDS:2708084,1 Nutri-Grain Bar,37.0
FNDDS:2708085,1 Nutri-Grain Bar,32.0
FNDDS:2708086,1 Kellogg's bar,24.0
FNDDS:2708086,1 bar,40.0
FNDDS:2708086,1 General Mills bar,40.0
FNDDS:2708087,1 bar,23.0
FNDDS:2708088,1 bar,78.0
FNDDS:2708089,1 bar,35.0
FNDDS:2708090,1 bar,40.0
FNDDS:2708091,1 bar,35.0
FNDDS:2708092,1 bar,35.0
FNDDS:2708093,1 bar,35.0
FNDDS:2708094,1 package (2 bars),42.0
FNDDS:2708094,1 bar,21.0
FNDDS:2708095,1 bar,24.0
FNDDS:2708096,1 bar,24.0
FNDDS:2708097,1 bar,24.0
FNDDS:2708098,1 bar,31.0
FNDDS:2708099,1 pouch,20.0
FNDDS:2708100,1 bar,60.0
FNDDS:2708100,1 cookie,48.0
FNDDS:2708101,1 Sunbelt bar,31.0
FNDDS:2708101,1 bar,43.0
FNDDS:2708101,1 New Trail,40.0
FNDDS:2708101,1 fun size bar,18.0
FNDDS:2708102,1 Sunbelt bar,35.0
FNDDS:2708102,1 bar,24.0
FNDDS:2708103,1 bar,43.0
FNDDS:2708104,1 bar,24.0
FNDDS:2708105,1 bar,40.0
FNDDS:2708106,1 bar,43.0
FNDDS:2708107,1 bar,35.0
FNDDS:2708107,1 cup,117.0
FNDDS:2708107,1 Kudos Chocolate and Granola Snacks,36.0
FNDDS:2708107,1 Sweet Success bar,33.0
FNDDS:2708108,1 Little Debbie Macaroo bar,39.0
FNDDS:2708108,1 Sunbelt bar,41.0
FNDDS:2708108,1 bar,39.0
FNDDS:2708109,1 Kudos Crunchy Nut Snack,35.0
FNDDS:2708109,1 bar,35.0
FNDDS:2708110,1 bar,35.0
FNDDS:2708111,1 bar,28.0
FNDDS:2708111,1 Jenny's Cuisine Fruit and Nut Snack Bar,28.0
FNDDS:2708111,1 Quaker Oats bar,28.0
FNDDS:2708112,1 Fi-bar (1 oz),28.0
FNDDS:2708112,1 bar,28.0
FNDDS:2708112,1 Ultra Slim Fast bar (1 oz),28.0
FNDDS:2708113,1 bar,28.0
FNDDS:2708113,1 Rice Krispies bar,28.0
FNDDS:2708114,1 bar,43.0
FNDDS:2708115,1 bar,45.0
FNDDS:2708115,1 Jenny's Cuisine bar,45.0
FNDDS:2708116,1 bar,37.0
FNDDS:2708117,1 bar,50.0
FNDDS:2708118,1 miniature bar,28.0
FNDDS:2708118,1 bar,68.0
FNDDS:2708119,1 bar,36.0
FNDDS:2708120,1 bar,68.0
FNDDS:2708121,1 bar,56.0
FNDDS:2708122,1 bar,80.0
FNDDS:2708123,1 bar,50.0
FNDDS:2708124,1 bar,35.0
FNDDS:2708125,1 bar,35.0
FNDDS:2708125,1 king size bar,55.0
FNDDS:2708126,1 bar,50.0
FNDDS:2708126,1 snack size bar,20.0
FNDDS:2708127,1 bar,34.0
FNDDS:2708128,1 piece,1.0
FNDDS:2708128,1 cup,15.0
FNDDS:2708129,1 bar,20.0
FNDDS:2708130,1 cookie,7.0
FNDDS:2708130,1 cup,60.0
FNDDS:2708131,1 biscuit,2.0
FNDDS:2708132,1 small or medium single serving bag,45.0
FNDDS:2708132,1 cracker,3.0
FNDDS:2708132,"1 cup, NFS",50.0
FNDDS:2708132,1 large single serving bag,85.0
FNDDS:2708132,"1 cup, bite size",60.0
FNDDS:2708132,1 sleeve,115.0
FNDDS:2708132,1 miniature/bite size,1.0
FNDDS:2708133,"1 cup, crushed",85.0
FNDDS:2708133,1 small or medium single serving bag,45.0
FNDDS:2708133,1 100 calorie package,21.0
FNDDS:2708133,1 large single serving bag,85.0
FNDDS:2708133,1 stick,3.0
FNDDS:2708133,1 miniature/bite size,3.0
FNDDS:2708133,1 large rectangular piece or 2 squares or 4 small rectangular pieces,15.0
FNDDS:2708134,"1 cup, NFS",70.0
FNDDS:2708134,1 large single serving bag,85.0
FNDDS:2708134,1 small or medium single serving bag,45.0
FNDDS:2708134,1 cracker,1.0
FNDDS:2708135,1 Keebler Deluxe Graham,10.0
FNDDS:2708135,1 cracker,25.0
FNDDS:2708135,1 100 calorie package,21.0
FNDDS:2708136,1 cracker,10.0
FNDDS:2708137,1 cracker,5.0
FNDDS:2708138,1 large rectangular piece or 2 squares or 4 small rectangular pieces,20.0
FNDDS:2708138,1 small or medium single serving bag,45.0
FNDDS:2708138,1 100 calorie package,26.0
FNDDS:2708138,1 miniature/bite size,3.0
FNDDS:2708138,1 large single serving bag,85.0
FNDDS:2708139,1 individual package,45.0
FNDDS:2708139,1 Grahamful,25.0
FNDDS:2708139,"1 cup, NFS",70.0
FNDDS:2708139,1 sandwich,5.0
FNDDS:2708139,1 miniature/bite size,3.0
FNDDS:2708140,"1 biscuit, soft",50.0
FNDDS:2708140,"1 biscuit, NFS",15.0
FNDDS:2708140,"1 biscuit, hard",15.0
FNDDS:2708141,"1 cup, NFS",50.0
FNDDS:2708141,"1 cup, bite size",60.0
FNDDS:2708141,1 large single serving bag,85.0
FNDDS:2708141,1 miniature/bite size,1.0
FNDDS:2708141,1 cracker,3.0
FNDDS:2708141,1 small or medium single serving bag,45.0
FNDDS:2708142,1 matzo,25.0
FNDDS:2708143,"1 cup, NFS",50.0
FNDDS:2708143,1 miniature/bite size,1.0
FNDDS:2708143,1 sleeve,115.0
FNDDS:2708143,1 cracker,3.0
FNDDS:2708144,1 cracker,3.0
FNDDS:2708144,1 large single serving bag,85.0
FNDDS:2708144,1 small or medium single serving bag,45.0
FNDDS:2708144,"1 cup, NFS",50.0
FNDDS:2708145,1 cracker,5.0
FNDDS:2708145,"1 cup, NFS",70.0
FNDDS:2708146,1 miniature/bite size,1.0
FNDDS:2708146,1 sleeve,115.0
FNDDS:2708146,"1 cup, crushed",70.0
FNDDS:2708146,"1 cup, bite size",60.0
FNDDS:2708146,1 small or medium single serving bag,45.0
FNDDS:2708146,1 cracker,3.0
FNDDS:2708146,"1 cup, NFS",50.0
FNDDS:2708146,1 large single serving bag,85.0
FNDDS:2708147,1 sleeve,115.0
FNDDS:2708147,1 miniature/bite size,1.0
FNDDS:2708147,"1 cup, NFS",50.0
FNDDS:2708147,1 cracker,3.0
FNDDS:2708147,1 small or medium single serving bag,45.0
FNDDS:2708147,"1 cup, bite size",60.0
FNDDS:2708147,1 large single serving bag,85.0
FNDDS:2708148,1 cracker,3.0
FNDDS:2708148,1 small or medium single serving bag,45.0
FNDDS:2708148,1 fresh stack,50.0
FNDDS:2708148,1 large single serving bag,85.0
FNDDS:2708148,1 sleeve,115.0
FNDDS:2708148,1 miniature/bite size,1.0
FNDDS:2708148,"1 cup, bite size",60.0
FNDDS:2708148,"1 cup, crushed",70.0
FNDDS:2708148,"1 cup, NFS",50.0
FNDDS:2708149,1 cracker,3.0
FNDDS:2708149,1 large single serving bag,85.0
FNDDS:2708149,1 small or medium single serving bag,45.0
FNDDS:2708149,"1 cup, NFS",50.0
FNDDS:2708149,"1 cup, bite size",60.0
FNDDS:2708149,1 sleeve,115.0
FNDDS:2708149,1 miniature/bite size,1.0
FNDDS:2708150,1 Cheese Nip,1.0
FNDDS:2708150,"1 cup, NFS",50.0
FNDDS:2708150,1 small or medium single serving bag,45.0
FNDDS:2708150,1 100 calorie package,21.0
FNDDS:2708150,1 large single serving bag,85.0
FNDDS:2708150,"1 cracker, NFS",3.0
FNDDS:2708150,"1 cup, bite size",60.0
FNDDS:2708150,1 small square cracker,1.0
FNDDS:2708150,1 Better Cheddars cracker,1.0
FNDDS:2708150,1 miniature/bite size,1.0
FNDDS:2708151,"1 cup, NFS",50.0
FNDDS:2708151,1 100 calorie package,21.0
FNDDS:2708151,1 small or medium single serving bag,45.0
FNDDS:2708151,1 large single serving bag,85.0
FNDDS:2708151,1 Big cracker,2.0
FNDDS:2708151,1 cracker,1.0
FNDDS:2708152,1 100 calorie package,21.0
FNDDS:2708152,1 goldfish,1.0
FNDDS:2708152,1 large single serving bag,85.0
FNDDS:2708152,1 small or medium single serving bag,45.0
FNDDS:2708152,"1 cup, NFS",50.0
FNDDS:2708153,1 miniature/bite size,1.0
FNDDS:2708153,"1 cup, bite size",60.0
FNDDS:2708153,"1 cracker, NFS",3.0
FNDDS:2708153,1 small or medium single serving bag,45.0
FNDDS:2708153,1 large single serving bag,85.0
FNDDS:2708153,1 small square cracker,1.0
FNDDS:2708153,"1 cup, NFS",50.0
FNDDS:2708153,1 Cheese Nip,1.0
FNDDS:2708153,1 100 calorie package,21.0
FNDDS:2708154,1 small or medium single serving bag,45.0
FNDDS:2708154,1 cup,50.0
FNDDS:2708154,1 miniature/bite size,1.0
FNDDS:2708154,1 large single serving bag,85.0
FNDDS:2708154,1 cracker,3.0
FNDDS:2708155,"1 cup, NFS",50.0
FNDDS:2708155,"1 cracker, NFS",3.0
FNDDS:2708155,1 small square cracker,1.0
FNDDS:2708155,1 Kashi TLC cracker,3.0
FNDDS:2708155,1 100 calorie package,24.0
FNDDS:2708155,1 large single serving bag,85.0
FNDDS:2708155,"1 cup, bite size",60.0
FNDDS:2708155,1 miniature/bite size,1.0
FNDDS:2708155,1 small or medium single serving bag,45.0
FNDDS:2708156,1 crispbread or cracker,10.0
FNDDS:2708157,1 flatbread,10.0
FNDDS:2708157,1 Wheat Thins,10.0
FNDDS:2708157,1 Town House cracker,2.0
FNDDS:2708158,1 matzo,28.0
FNDDS:2708159,1 cracker,10.0
FNDDS:2708160,1 cracker,1.0
FNDDS:2708160,"1 single serving bag, NFS",15.0
FNDDS:2708160,"1 cup, NFS",50.0
FNDDS:2708161,1 chip,1.0
FNDDS:2708161,1 large single serving bag,85.0
FNDDS:2708161,1 cup,30.0
FNDDS:2708161,1 small single serving bag,28.0
FNDDS:2708161,1 medium single serving bag,57.0
FNDDS:2708162,1 large single serving bag,85.0
FNDDS:2708162,1 small or medium single serving bag,45.0
FNDDS:2708162,"1 cup, NFS",30.0
FNDDS:2708162,1 cake,3.0
FNDDS:2708163,"1 cup, NFS",40.0
FNDDS:2708163,1 cracker,3.0
FNDDS:2708164,"1 cup, NFS",50.0
FNDDS:2708164,1 cracker,3.0
FNDDS:2708165,1 plain cake,10.0
FNDDS:2708165,1 small cake,2.0
FNDDS:2708165,1 caramel cake,15.0
FNDDS:2708166,"1 medium paper (8-5/8"" dia)",15.0
FNDDS:2708166,"1 large paper (12-3/8"" dia)",20.0
FNDDS:2708166,"1 small paper (6-3/8"" dia)",5.0
FNDDS:2708167,1 sleeve,115.0
FNDDS:2708167,1 miniature/bite size,1.0
FNDDS:2708167,"1 cup, NFS",50.0
FNDDS:2708167,1 cracker,3.0
FNDDS:2708168,"1 cup, NFS",50.0
FNDDS:2708168,1 sleeve,115.0
FNDDS:2708168,1 miniature/bite size,1.0
FNDDS:2708168,1 cracker,3.0
FNDDS:2708169,1 miniature/bite size,1.0
FNDDS:2708169,1 sleeve,115.0
FNDDS:2708169,1 cracker,3.0
FNDDS:2708169,"1 cup, NFS",50.0
FNDDS:2708170,"1 cup, NFS",50.0
FNDDS:2708170,1 large single serving bag,85.0
FNDDS:2708170,1 small or medium single serving bag,45.0
FNDDS:2708170,1 Special K Snack Cracker,1.0
FNDDS:2708170,1 cracker,3.0
FNDDS:2708171,1 individual package,45.0
FNDDS:2708171,1 miniature/bite size,3.0
FNDDS:2708171,1 sandwich,7.0
FNDDS:2708171,"1 cup, NFS",70.0
FNDDS:2708172,1 sandwich,7.0
FNDDS:2708172,1 miniature/bite size,3.0
FNDDS:2708172,1 individual package,45.0
FNDDS:2708172,"1 cup, NFS",70.0
FNDDS:2708173,1 individual package,45.0
FNDDS:2708173,1 sandwich,7.0
FNDDS:2708173,1 Crackerful,30.0
FNDDS:2708173,1 miniature/bite size,3.0
FNDDS:2708173,"1 cup, NFS",70.0
FNDDS:2708174,1 miniature/bite size,3.0
FNDDS:2708174,1 sandwich,7.0
FNDDS:2708174,1 individual package,45.0
FNDDS:2708174,"1 cup, NFS",70.0
FNDDS:2708175,1 individual package,45.0
FNDDS:2708175,1 miniature/bite size,3.0
FNDDS:2708175,"1 cup, NFS",70.0
FNDDS:2708175,1 sandwich,5.0
FNDDS:2708176,1 miniature/bite size,3.0
FNDDS:2708176,1 individual package,45.0
FNDDS:2708176,"1 cup, NFS",70.0
FNDDS:2708176,1 sandwich,7.0
FNDDS:2708177,1 sandwich,7.0
FNDDS:2708177,1 miniature/bite size,3.0
FNDDS:2708177,1 Crackerful,30.0
FNDDS:2708177,"1 cup, NFS",70.0
FNDDS:2708177,1 individual package,45.0
FNDDS:2708178,"1 cup, NFS",60.0
FNDDS:2708178,1 cracker,3.0
FNDDS:2708179,"1 cup, NFS",50.0
FNDDS:2708179,1 cracker,3.0
FNDDS:2708180,1 large single serving bag,85.0
FNDDS:2708180,1 small or medium single serving bag,45.0
FNDDS:2708180,"1 cup, NFS",70.0
FNDDS:2708180,1 cracker,5.0
FNDDS:2708180,1 miniature/bite size,1.0
FNDDS:2708181,1 cracker,5.0
FNDDS:2708181,1 crisp,2.0
FNDDS:2708181,1 miniature/bite size,1.0
FNDDS:2708181,"1 cup, NFS",70.0
FNDDS:2708182,1 cracker,5.0
FNDDS:2708182,"1 cup, NFS",70.0
FNDDS:2708182,1 crisp,2.0
FNDDS:2708182,1 miniature/bite size,1.0
FNDDS:2708183,1 large single serving bag,85.0
FNDDS:2708183,"1 cup, NFS",70.0
FNDDS:2708183,1 cracker,5.0
FNDDS:2708183,1 small or medium single serving bag,45.0
FNDDS:2708184,"1 cup, bite size",60.0
FNDDS:2708184,1 cracker,3.0
FNDDS:2708184,"1 cup, NFS",50.0
FNDDS:2708184,1 Wheatable,2.0
FNDDS:2708184,1 miniature/bite size,1.0
FNDDS:2708184,1 small or medium single serving bag,45.0
FNDDS:2708184,1 large single serving bag,85.0
FNDDS:2708185,"1 cup, NFS",50.0
FNDDS:2708185,1 Big cracker,5.0
FNDDS:2708185,1 large single serving bag,85.0
FNDDS:2708185,1 small or medium single serving bag,45.0
FNDDS:2708185,1 cracker,3.0
FNDDS:2708185,1 snack stick,2.0
FNDDS:2708186,1 small or medium single serving bag,45.0
FNDDS:2708186,1 snack stick,2.0
FNDDS:2708186,1 large single serving bag,85.0
FNDDS:2708186,1 cracker,3.0
FNDDS:2708186,"1 cup, NFS",50.0
FNDDS:2708187,1 cracker,3.0
FNDDS:2708187,1 small or medium single serving bag,45.0
FNDDS:2708187,"1 cup, NFS",50.0
FNDDS:2708187,1 miniature/bite size,1.0
FNDDS:2708187,1 large single serving bag,85.0
FNDDS:2708188,1 cracker,3.0
FNDDS:2708188,"1 cup, NFS",50.0
FNDDS:2708189,1 cracker,3.0
FNDDS:2708189,"1 cup, NFS",50.0
FNDDS:2708190,1 cracker,1.0
FNDDS:2708190,1 cup,60.0
FNDDS:2708191,1 cup,15.0
FNDDS:2708191,1 puff,0.1
FNDDS:2708192,1 puff,0.1
FNDDS:2708192,1 cup,15.0
FNDDS:2708193,1 piece,0.5
FNDDS:2708193,1 cup,15.0
FNDDS:2708194,1 piece,2.0
FNDDS:2708194,1 cup,15.0
FNDDS:2708195,1 medium single serving bag,57.0
FNDDS:2708195,1 cup,95.0
FNDDS:2708195,1 small single serving bag,28.0
FNDDS:2708195,1 large single serving bag,85.0
FNDDS:2708195,1 nut,2.0
FNDDS:2708196,1 medium single serving bag,57.0
FNDDS:2708196,1 100 calorie package,20.0
FNDDS:2708196,1 small single serving bag,28.0
FNDDS:2708196,1 cup,45.0
FNDDS:2708196,1 large single serving bag,85.0
FNDDS:2708196,1 chip,1.0
FNDDS:2708197,1 cup,45.0
FNDDS:2708197,1 chip,1.0
FNDDS:2708197,1 medium single serving bag,57.0
FNDDS:2708197,1 small single serving bag,28.0
FNDDS:2708197,1 large single serving bag,85.0
FNDDS:2708197,1 100 calorie package,20.0
FNDDS:2708198,1 chip,1.0
FNDDS:2708198,1 cup,45.0
FNDDS:2708198,1 large single serving bag,85.0
FNDDS:2708198,1 small single serving bag,28.0
FNDDS:2708198,1 100 calorie package,20.0
FNDDS:2708198,1 medium single serving bag,57.0
FNDDS:2708199,1 cup,45.0
FNDDS:2708199,1 chip,1.0
FNDDS:2708199,1 large single serving bag,85.0
FNDDS:2708199,1 100 calorie package,20.0
FNDDS:2708199,1 small single serving bag,28.0
FNDDS:2708199,1 medium single serving bag,57.0
FNDDS:2708200,1 100 calorie package,20.0
FNDDS:2708200,1 medium single serving bag,57.0
FNDDS:2708200,1 piece,2.0
FNDDS:2708200,1 large single serving bag,85.0
FNDDS:2708200,1 small single serving bag,28.0
FNDDS:2708200,1 cup,35.0
FNDDS:2708201,1 large single serving bag,85.0
FNDDS:2708201,1 cup,35.0
FNDDS:2708201,1 small single serving bag,28.0
FNDDS:2708201,1 medium single serving bag,57.0
FNDDS:2708201,1 100 calorie package,20.0
FNDDS:2708201,1 piece,2.0
FNDDS:2708202,1 100 calorie package,20.0
FNDDS:2708202,1 cup,30.0
FNDDS:2708202,1 medium single serving bag,57.0
FNDDS:2708202,1 small single serving bag,28.0
FNDDS:2708202,1 large single serving bag,85.0
FNDDS:2708202,1 chip,3.0
FNDDS:2708203,1 cup,35.0
FNDDS:2708203,1 piece,2.0
FNDDS:2708203,1 puff,3.0
FNDDS:2708203,1 large single serving bag,85.0
FNDDS:2708203,1 100 calorie package,20.0
FNDDS:2708203,1 medium single serving bag,57.0
FNDDS:2708203,1 small single serving bag,28.0
FNDDS:2708204,1 small single serving bag,28.0
FNDDS:2708204,1 chip,3.0
FNDDS:2708204,1 cup,30.0
FNDDS:2708204,1 100 calorie package,20.0
FNDDS:2708204,1 large single serving bag,85.0
FNDDS:2708204,1 medium single serving bag,57.0
FNDDS:2708205,1 medium single serving bag,57.0
FNDDS:2708205,1 cup,45.0
FNDDS:2708205,1 large single serving bag,85.0
FNDDS:2708205,1 chip,1.0
FNDDS:2708205,1 100 calorie package,20.0
FNDDS:2708205,1 small single serving bag,28.0
FNDDS:2708206,1 small single serving bag,28.0
FNDDS:2708206,1 100 calorie package,20.0
FNDDS:2708206,1 large single serving bag,85.0
FNDDS:2708206,1 cup,30.0
FNDDS:2708206,1 chip,3.0
FNDDS:2708206,1 medium single serving bag,57.0
FNDDS:2708207,1 cup,30.0
FNDDS:2708207,1 small single serving bag,28.0
FNDDS:2708207,1 large single serving bag,85.0
FNDDS:2708207,1 medium single serving bag,57.0
FNDDS:2708207,1 chip,3.0
FNDDS:2708207,1 100 calorie package,20.0
FNDDS:2708208,1 large single serving bag,85.0
FNDDS:2708208,1 100 calorie package,20.0
FNDDS:2708208,1 medium single serving bag,57.0
FNDDS:2708208,1 chip,3.0
FNDDS:2708208,1 cup,30.0
FNDDS:2708208,1 small single serving bag,28.0
FNDDS:2708209,1 large single serving bag,85.0
FNDDS:2708209,1 chip,2.0
FNDDS:2708209,1 small single serving bag,28.0
FNDDS:2708209,1 cup,30.0
FNDDS:2708209,1 medium single serving bag,57.0
FNDDS:2708210,1 medium single serving bag,57.0
FNDDS:2708210,1 small single serving bag,28.0
FNDDS:2708210,1 large single serving bag,85.0
FNDDS:2708210,1 cup,30.0
FNDDS:2708210,1 chip,2.0
FNDDS:2708211,1 chip,2.0
FNDDS:2708211,1 medium single serving bag,57.0
FNDDS:2708211,1 small single serving bag,28.0
FNDDS:2708211,1 large single serving bag,85.0
FNDDS:2708211,1 cup,30.0
FNDDS:2708212,1 small single serving bag,28.0
FNDDS:2708212,1 cup,30.0
FNDDS:2708212,1 large single serving bag,85.0
FNDDS:2708212,1 chip,2.0
FNDDS:2708212,1 medium single serving bag,57.0
FNDDS:2708213,1 medium single serving bag,57.0
FNDDS:2708213,1 large single serving bag,85.0
FNDDS:2708213,1 cup,60.0
FNDDS:2708213,1 100 calorie package,20.0
FNDDS:2708213,1 small single serving bag,28.0
FNDDS:2708214,1 snack size tub/can,20.0
FNDDS:2708214,1 1-inch stack,28.0
FNDDS:2708214,1 regular can,185.0
FNDDS:2708214,1 100 calorie package,30.0
FNDDS:2708214,1 chip,2.0
FNDDS:2708214,1 cup,25.0
FNDDS:2708214,1 small can,60.0
FNDDS:2708215,1 chip,3.0
FNDDS:2708215,1 small single serving bag,28.0
FNDDS:2708215,1 100 calorie package,20.0
FNDDS:2708215,1 cup,60.0
FNDDS:2708215,1 medium single serving bag,57.0
FNDDS:2708215,1 large single serving bag,85.0
FNDDS:2708216,1 snack/mini microwave bag,43.0
FNDDS:2708216,"1 single serving bag, NFS",57.0
FNDDS:2708216,"1 cup, unpopped, yields",193.0
FNDDS:2708216,"1 cup, popped",14.0
FNDDS:2708216,1 100 calorie package,30.0
FNDDS:2708216,1 kernel,0.2
FNDDS:2708216,1 regular microwave bag,85.0
FNDDS:2708216,1 large single serving bag,85.0
FNDDS:2708216,1 medium single serving bag,57.0
FNDDS:2708216,1 small single serving bag,28.0
FNDDS:2708217,1 small order,112.0
FNDDS:2708217,1 medium order,182.0
FNDDS:2708217,1 kids size order,84.0
FNDDS:2708217,1 kernel,0.2
FNDDS:2708217,1 cup,14.0
FNDDS:2708217,1 extra large order,280.0
FNDDS:2708217,"1 order, NS as to size",182.0
FNDDS:2708217,1 large order,238.0
FNDDS:2708218,1 kids size order,66.0
FNDDS:2708218,1 extra large order,220.0
FNDDS:2708218,1 kernel,0.2
FNDDS:2708218,1 large order,187.0
FNDDS:2708218,1 medium order,143.0
FNDDS:2708218,1 cup,11.0
FNDDS:2708218,"1 order, NS as to size",143.0
FNDDS:2708218,1 small order,88.0
FNDDS:2708219,1 kernel,0.2
FNDDS:2708219,"1 cup, popped",8.0
FNDDS:2708219,"1 cup, unpopped, yields",135.0
FNDDS:2708219,"1 oz, unpopped, yields",19.0
FNDDS:2708220,"1 cup, popped",11.0
FNDDS:2708220,"1 oz, unpopped, yields",25.0
FNDDS:2708220,1 kernel,0.2
FNDDS:2708220,"1 cup, unpopped, yields",211.0
FNDDS:2708221,"1 cup, popped",11.0
FNDDS:2708221,"1 oz, unpopped, yields",25.0
FNDDS:2708221,1 kernel,0.2
FNDDS:2708221,"1 cup, unpopped, yields",177.0
FNDDS:2708222,"1 cup, popped",14.0
FNDDS:2708222,"1 cup, unpopped, yields",193.0
FNDDS:2708222,"1 oz, unpopped, yields",25.0
FNDDS:2708222,1 kernel,0.2
FNDDS:2708223,1 kernel,0.2
FNDDS:2708223,1 100 calorie package,30.0
FNDDS:2708223,1 regular microwave bag,85.0
FNDDS:2708223,1 snack/mini microwave bag,43.0
FNDDS:2708223,"1 cup, popped",14.0
FNDDS:2708224,1 100 calorie package,30.0
FNDDS:2708224,1 kernel,0.2
FNDDS:2708224,1 snack/mini microwave bag,43.0
FNDDS:2708224,1 regular microwave bag,85.0
FNDDS:2708224,"1 cup, popped",11.0
FNDDS:2708225,1 regular microwave bag,85.0
FNDDS:2708225,1 100 calorie package,30.0
FNDDS:2708225,1 kernel,0.2
FNDDS:2708225,"1 cup, popped",8.0
FNDDS:2708225,1 snack/mini microwave bag,43.0
FNDDS:2708226,1 kernel,0.2
FNDDS:2708226,1 regular microwave bag,85.0
FNDDS:2708226,1 snack/mini microwave bag,43.0
FNDDS:2708226,"1 cup, popped",11.0
FNDDS:2708226,1 100 calorie package,30.0
FNDDS:2708227,1 kernel,0.2
FNDDS:2708227,1 100 calorie package,30.0
FNDDS:2708227,"1 cup, popped",14.0
FNDDS:2708227,1 regular microwave bag,85.0
FNDDS:2708227,1 snack/mini microwave bag,43.0
FNDDS:2708228,1 kernel,0.2
FNDDS:2708228,1 100 calorie package,30.0
FNDDS:2708228,"1 cup, popped",8.0
FNDDS:2708228,1 snack/mini microwave bag,43.0
FNDDS:2708228,1 regular microwave bag,85.0
FNDDS:2708229,1 kernel,0.2
FNDDS:2708229,"1 cup, popped",14.0
FNDDS:2708229,1 regular microwave bag,85.0
FNDDS:2708229,1 snack/mini microwave bag,43.0
FNDDS:2708229,1 100 calorie package,30.0
FNDDS:2708230,"1 cup, popped",14.0
FNDDS:2708230,1 100 calorie package,30.0
FNDDS:2708230,1 snack/mini microwave bag,43.0
FNDDS:2708230,1 kernel,0.2
FNDDS:2708230,1 regular microwave bag,85.0
FNDDS:2708231,"1 single serving bag, NFS",57.0
FNDDS:2708231,1 large single serving bag,85.0
FNDDS:2708231,1 kernel,0.2
FNDDS:2708231,1 small single serving bag,28.0
FNDDS:2708231,1 cup,14.0
FNDDS:2708231,1 medium single serving bag,57.0
FNDDS:2708232,"1 single serving bag, NFS",57.0
FNDDS:2708232,1 cup,11.0
FNDDS:2708232,1 small single serving bag,28.0
FNDDS:2708232,1 medium single serving bag,57.0
FNDDS:2708232,1 kernel,0.2
FNDDS:2708232,1 large single serving bag,85.0
FNDDS:2708233,1 large single serving bag,85.0
FNDDS:2708233,1 cup,8.0
FNDDS:2708233,1 small single serving bag,28.0
FNDDS:2708233,"1 single serving bag, NFS",57.0
FNDDS:2708233,1 kernel,0.2
FNDDS:2708233,1 medium single serving bag,57.0
FNDDS:2708234,1 kernel,0.2
FNDDS:2708234,1 small single serving bag,28.0
FNDDS:2708234,1 large single serving bag,85.0
FNDDS:2708234,1 medium single serving bag,57.0
FNDDS:2708234,"1 single serving bag, NFS",57.0
FNDDS:2708234,1 cup,11.0
FNDDS:2708235,1 cup,14.0
FNDDS:2708235,"1 single serving bag, NFS",57.0
FNDDS:2708235,1 medium single serving bag,57.0
FNDDS:2708235,1 small single serving bag,28.0
FNDDS:2708235,1 large single serving bag,85.0
FNDDS:2708235,1 kernel,0.2
FNDDS:2708236,1 small single serving bag,28.0
FNDDS:2708236,1 medium single serving bag,57.0
FNDDS:2708236,1 kernel,0.2
FNDDS:2708236,1 large single serving bag,85.0
FNDDS:2708236,1 cup,14.0
FNDDS:2708236,"1 single serving bag, NFS",57.0
FNDDS:2708237,1 small single serving bag,28.0
FNDDS:2708237,1 large single serving bag,85.0
FNDDS:2708237,1 cup,8.0
FNDDS:2708237,1 medium single serving bag,57.0
FNDDS:2708237,"1 single serving bag, NFS",57.0
FNDDS:2708237,1 kernel,0.2
FNDDS:2708238,1 cup,14.0
FNDDS:2708238,"1 single serving bag, NFS",57.0
FNDDS:2708238,1 small single serving bag,28.0
FNDDS:2708238,1 large single serving bag,85.0
FNDDS:2708238,1 kernel,0.2
FNDDS:2708238,1 medium single serving bag,57.0
FNDDS:2708239,1 small single serving bag,28.0
FNDDS:2708239,1 large single serving bag,85.0
FNDDS:2708239,1 popcorn ball,35.0
FNDDS:2708239,1 kernel,0.6
FNDDS:2708239,1 medium single serving bag,57.0
FNDDS:2708239,1 cup,35.0
FNDDS:2708240,1 small Cracker Jack box,28.0
FNDDS:2708240,1 medium single serving bag,57.0
FNDDS:2708240,1 large single serving bag,85.0
FNDDS:2708240,1 cup,42.0
FNDDS:2708240,1 small single serving bag,28.0
FNDDS:2708240,1 kernel,0.6
FNDDS:2708241,1 cup,35.0
FNDDS:2708241,1 small single serving bag,28.0
FNDDS:2708241,1 large single serving bag,85.0
FNDDS:2708241,1 kernel,0.6
FNDDS:2708241,1 medium single serving bag,57.0
FNDDS:2708242,1 small single serving bag,28.0
FNDDS:2708242,1 large single serving bag,85.0
FNDDS:2708242,1 medium single serving bag,57.0
FNDDS:2708242,1 cup,30.0
FNDDS:2708242,1 chip,1.0
FNDDS:2708243,1 medium single serving bag,57.0
FNDDS:2708243,1 small single serving bag,28.0
FNDDS:2708243,1 large single serving bag,85.0
FNDDS:2708243,1 cup,30.0
FNDDS:2708243,1 chip,1.0
FNDDS:2708244,1 medium single serving bag,57.0
FNDDS:2708244,1 large single serving bag,85.0
FNDDS:2708244,1 small single serving bag,28.0
FNDDS:2708244,1 chip,1.0
FNDDS:2708244,1 cup,30.0
FNDDS:2708245,1 large single serving bag,85.0
FNDDS:2708245,1 piece,2.0
FNDDS:2708245,1 cup,15.0
FNDDS:2708245,1 small single serving bag,28.0
FNDDS:2708245,1 medium single serving bag,57.0
FNDDS:2708246,1 chip,6.0
FNDDS:2708246,1 cup,40.0
FNDDS:2708247,1 medium single serving bag,57.0
FNDDS:2708247,1 cup,40.0
FNDDS:2708247,"1 pretzel, NS as to size",3.0
FNDDS:2708247,1 small single serving bag,28.0
FNDDS:2708247,1 100 calorie package,25.0
FNDDS:2708247,1 large single serving bag,85.0
FNDDS:2708248,1 medium single serving bag,57.0
FNDDS:2708248,1-3 ring thin pretzel,3.0
FNDDS:2708248,"1 pretzel, NS as to size",3.0
FNDDS:2708248,1 pretzel stick,1.0
FNDDS:2708248,1 small single serving bag,28.0
FNDDS:2708248,1 rod,10.0
FNDDS:2708248,1 100 calorie package,25.0
FNDDS:2708248,1 cup,40.0
FNDDS:2708248,1 miniature/bite size,1.5
FNDDS:2708248,1 large single serving bag,85.0
FNDDS:2708248,1-3 ring thick pretzel,17.0
FNDDS:2708249,1-3 ring thin pretzel,3.0
FNDDS:2708249,1-3 ring thick pretzel,17.0
FNDDS:2708249,1 large single serving bag,85.0
FNDDS:2708249,1 small single serving bag,28.0
FNDDS:2708249,1 miniature/bite size,1.5
FNDDS:2708249,"1 pretzel, NS as to size",3.0
FNDDS:2708249,1 100 calorie package,25.0
FNDDS:2708249,1 pretzel stick,1.0
FNDDS:2708249,1 cup,40.0
FNDDS:2708249,1 medium single serving bag,57.0
FNDDS:2708249,1 rod,10.0
FNDDS:2708250,1 cup,40.0
FNDDS:2708250,1-3 ring thick pretzel,17.0
FNDDS:2708250,"1 pretzel, NS as to size",3.0
FNDDS:2708250,1 large single serving bag,85.0
FNDDS:2708250,1 small single serving bag,28.0
FNDDS:2708250,1-3 ring thin pretzel,3.0
FNDDS:2708250,1 miniature/bite size,1.5
FNDDS:2708250,1 medium single serving bag,57.0
FNDDS:2708250,1 100 calorie package,25.0
FNDDS:2708250,1 rod,10.0
FNDDS:2708250,1 pretzel stick,1.0
FNDDS:2708251,1 rod,10.0
FNDDS:2708251,"1 pretzel, NS as to size",3.0
FNDDS:2708251,1 miniature/bite size,1.5
FNDDS:2708251,1 cup,40.0
FNDDS:2708251,1 100 calorie package,25.0
FNDDS:2708251,1 small single serving bag,28.0
FNDDS:2708251,1-3 ring thick pretzel,17.0
FNDDS:2708251,1 large single serving bag,85.0
FNDDS:2708251,1-3 ring thin pretzel,3.0
FNDDS:2708251,1 pretzel stick,1.0
FNDDS:2708251,1 medium single serving bag,57.0
FNDDS:2708252,1 miniature/bite size,1.5
FNDDS:2708252,"1 pretzel, NS as to size",3.0
FNDDS:2708252,1 small single serving bag,28.0
FNDDS:2708252,1 medium single serving bag,57.0
FNDDS:2708252,1 cup,40.0
FNDDS:2708252,1 100 calorie package,25.0
FNDDS:2708252,1 pretzel stick,1.0
FNDDS:2708252,1 rod,10.0
FNDDS:2708252,1-3 ring thick pretzel,17.0
FNDDS:2708252,1-3 ring thin pretzel,3.0
FNDDS:2708252,1 large single serving bag,85.0
FNDDS:2708253,1 cup,40.0
FNDDS:2708253,1 miniature/bite size,1.5
FNDDS:2708253,"1 pretzel, NS as to size",3.0
FNDDS:2708253,1 large single serving bag,85.0
FNDDS:2708253,1 small single serving bag,28.0
FNDDS:2708253,1 pretzel stick,4.0
FNDDS:2708253,1 100 calorie package,25.0
FNDDS:2708253,1 rod,10.0
FNDDS:2708253,1 medium single serving bag,57.0
FNDDS:2708254,1 100 calorie package,25.0
FNDDS:2708254,1 large single serving bag,85.0
FNDDS:2708254,1 medium single serving bag,57.0
FNDDS:2708254,1 pretzel stick,1.0
FNDDS:2708254,1 cup,40.0
FNDDS:2708254,"1 pretzel, NS as to size",1.3
FNDDS:2708254,1 small single serving bag,28.0
FNDDS:2708255,1 100 calorie package,25.0
FNDDS:2708255,1 cup,40.0
FNDDS:2708255,1 small single serving bag,28.0
FNDDS:2708255,1 pretzel stick,1.0
FNDDS:2708255,"1 pretzel, NS as to size",1.3
FNDDS:2708255,1 large single serving bag,85.0
FNDDS:2708255,1 medium single serving bag,57.0
FNDDS:2708256,1 cup,40.0
FNDDS:2708256,1 small single serving bag,28.0
FNDDS:2708256,1 100 calorie package,25.0
FNDDS:2708256,1 large single serving bag,85.0
FNDDS:2708256,1 pretzel chip/crisp/thin,2.7
FNDDS:2708256,1 medium single serving bag,57.0
FNDDS:2708257,1 medium single serving bag,57.0
FNDDS:2708257,1 pretzel chip/crisp/thin,2.7
FNDDS:2708257,1 small single serving bag,28.0
FNDDS:2708257,1 cup,40.0
FNDDS:2708257,1 large single serving bag,85.0
FNDDS:2708257,1 100 calorie package,25.0
FNDDS:2708258,1 medium single serving bag,57.0
FNDDS:2708258,1 pretzel chip/crisp/thin,2.7
FNDDS:2708258,1 small single serving bag,28.0
FNDDS:2708258,1 100 calorie package,25.0
FNDDS:2708258,1 large single serving bag,85.0
FNDDS:2708258,1 cup,40.0
FNDDS:2708259,1-3 ring thin pretzel,7.0
FNDDS:2708259,1 pretzel stick,2.0
FNDDS:2708259,"1 pretzel, NS as to size",4.0
FNDDS:2708259,1 large single serving bag,85.0
FNDDS:2708259,1 miniature/bite size,4.0
FNDDS:2708259,1-3 ring thick pretzel,31.0
FNDDS:2708259,1 cup,86.0
FNDDS:2708259,1 rod,24.0
FNDDS:2708259,1 100 calorie package,25.0
FNDDS:2708259,1 small single serving bag,28.0
FNDDS:2708259,1 medium single serving bag,57.0
FNDDS:2708260,1-3 ring thin pretzel,7.0
FNDDS:2708260,1 pretzel stick,2.0
FNDDS:2708260,"1 pretzel, NS as to size",4.0
FNDDS:2708260,1 miniature/bite size,4.0
FNDDS:2708260,1 large single serving bag,85.0
FNDDS:2708260,1 cup,86.0
FNDDS:2708260,1 rod,24.0
FNDDS:2708260,1 medium single serving bag,57.0
FNDDS:2708260,1-3 ring thick pretzel,31.0
FNDDS:2708260,1 small single serving bag,28.0
FNDDS:2708260,1 100 calorie package,25.0
FNDDS:2708261,1 rod,24.0
FNDDS:2708261,1 pretzel stick,2.0
FNDDS:2708261,1 100 calorie package,25.0
FNDDS:2708261,1-3 ring thin pretzel,7.0
FNDDS:2708261,1-3 ring thick pretzel,31.0
FNDDS:2708261,"1 pretzel, NS as to size",4.0
FNDDS:2708261,1 cup,86.0
FNDDS:2708261,1 medium single serving bag,57.0
FNDDS:2708261,1 large single serving bag,85.0
FNDDS:2708261,1 miniature/bite size,4.0
FNDDS:2708261,1 small single serving bag,28.0
FNDDS:2708262,1 pretzel stick,2.0
FNDDS:2708262,1 large single serving bag,85.0
FNDDS:2708262,1 rod,24.0
FNDDS:2708262,1-3 ring thin pretzel,7.0
FNDDS:2708262,1-3 ring thick pretzel,31.0
FNDDS:2708262,1 100 calorie package,25.0
FNDDS:2708262,1 medium single serving bag,57.0
FNDDS:2708262,"1 pretzel, NS as to size",4.0
FNDDS:2708262,1 small single serving bag,28.0
FNDDS:2708262,1 cup,86.0
FNDDS:2708262,1 miniature/bite size,4.0
FNDDS:2708263,1 100 calorie package,25.0
FNDDS:2708263,1-3 ring thin pretzel,7.0
FNDDS:2708263,1 small single serving bag,28.0
FNDDS:2708263,1 medium single serving bag,57.0
FNDDS:2708263,1 large single serving bag,85.0
FNDDS:2708263,1 miniature/bite size,4.0
FNDDS:2708263,1 pretzel stick,2.0
FNDDS:2708263,1 cup,86.0
FNDDS:2708263,"1 pretzel, NS as to size",4.0
FNDDS:2708263,1-3 ring thick pretzel,31.0
FNDDS:2708263,1 rod,24.0
FNDDS:2708264,1 small single serving bag,28.0
FNDDS:2708264,1 100 calorie package,25.0
FNDDS:2708264,1 large single serving bag,85.0
FNDDS:2708264,"1 pretzel, NS as to size",3.0
FNDDS:2708264,1 cup,96.0
FNDDS:2708264,1 medium single serving bag,57.0
FNDDS:2708264,1 miniature/bite size,3.0
FNDDS:2708265,1 medium single serving bag,57.0
FNDDS:2708265,"1 pretzel, NS as to size",3.0
FNDDS:2708265,1 100 calorie package,25.0
FNDDS:2708265,1 miniature/bite size,3.0
FNDDS:2708265,1 cup,96.0
FNDDS:2708265,1 small single serving bag,28.0
FNDDS:2708265,1 large single serving bag,85.0
FNDDS:2708266,1 large single serving bag,85.0
FNDDS:2708266,1 cup,96.0
FNDDS:2708266,1 medium single serving bag,57.0
FNDDS:2708266,1 small single serving bag,28.0
FNDDS:2708266,1 100 calorie package,25.0
FNDDS:2708266,1 miniature/bite size,3.0
FNDDS:2708266,"1 pretzel, NS as to size",3.0
FNDDS:2708267,1 large,143.0
FNDDS:2708267,1 pretzel stick,21.0
FNDDS:2708267,1 small,62.0
FNDDS:2708267,1 medium/regular,120.0
FNDDS:2708267,"1 cup, nuggets",147.0
FNDDS:2708267,1 bite size/nugget,14.0
FNDDS:2708267,"1 pretzel, NS as to size",120.0
FNDDS:2708268,1 pretzel stick,21.0
FNDDS:2708268,1 small,62.0
FNDDS:2708268,1 medium/regular,120.0
FNDDS:2708268,1 bite size/nugget,14.0
FNDDS:2708268,"1 pretzel, NS as to size",120.0
FNDDS:2708268,"1 cup, nuggets",147.0
FNDDS:2708268,1 large,143.0
FNDDS:2708269,1 pretzel stick,21.0
FNDDS:2708269,1 small,62.0
FNDDS:2708269,"1 cup, nuggets",147.0
FNDDS:2708269,1 bite size/nugget,14.0
FNDDS:2708269,1 large,143.0
FNDDS:2708269,"1 pretzel, NS as to size",120.0
FNDDS:2708269,1 medium/regular,120.0
FNDDS:2708270,1 small,62.0
FNDDS:2708270,"1 cup, nuggets",147.0
FNDDS:2708270,1 bite size/nugget,14.0
FNDDS:2708270,"1 pretzel, NS as to size",120.0
FNDDS:2708270,1 pretzel stick,21.0
FNDDS:2708270,1 large,143.0
FNDDS:2708270,1 medium/regular,120.0
FNDDS:2708271,1 pretzel stick,21.0
FNDDS:2708271,"1 cup, nuggets",147.0
FNDDS:2708271,1 large,143.0
FNDDS:2708271,1 medium/regular,120.0
FNDDS:2708271,"1 pretzel, NS as to size",120.0
FNDDS:2708271,1 bite size/nugget,14.0
FNDDS:2708271,1 small,62.0
FNDDS:2708272,1 large,143.0
FNDDS:2708272,1 small,62.0
FNDDS:2708272,"1 cup, nuggets",147.0
FNDDS:2708272,1 bite size/nugget,14.0
FNDDS:2708272,1 pretzel stick,21.0
FNDDS:2708272,1 medium/regular,120.0
FNDDS:2708272,"1 pretzel, NS as to size",120.0
FNDDS:2708273,"1 pretzel, NS as to size",147.0
FNDDS:2708273,1 pretzel stick,25.0
FNDDS:2708273,1 large,175.0
FNDDS:2708273,1 medium/regular,147.0
FNDDS:2708273,1 bite size/nugget,14.0
FNDDS:2708273,"1 cup, nuggets",168.0
FNDDS:2708273,1 small,74.0
FNDDS:2708274,1 large,149.0
FNDDS:2708274,"1 cup, nuggets",168.0
FNDDS:2708274,"1 pretzel, NS as to size",125.0
FNDDS:2708274,1 pretzel stick,25.0
FNDDS:2708274,1 small,65.0
FNDDS:2708274,1 bite size/nugget,14.0
FNDDS:2708274,1 medium/regular,125.0
FNDDS:2708275,1 medium/regular,147.0
FNDDS:2708275,"1 pretzel, NS as to size",147.0
FNDDS:2708275,1 small,74.0
FNDDS:2708275,1 pretzel stick,25.0
FNDDS:2708275,1 bite size/nugget,14.0
FNDDS:2708275,1 large,175.0
FNDDS:2708275,"1 cup, nuggets",168.0
FNDDS:2708276,"1 pretzel, NS as to size",147.0
FNDDS:2708276,"1 cup, nuggets",168.0
FNDDS:2708276,1 large,175.0
FNDDS:2708276,1 pretzel stick,25.0
FNDDS:2708276,1 small,74.0
FNDDS:2708276,1 bite size/nugget,14.0
FNDDS:2708276,1 medium/regular,147.0
FNDDS:2708277,1 bite size/nugget,14.0
FNDDS:2708277,"1 pretzel, NS as to size",71.0
FNDDS:2708277,1 pretzel stick,21.0
FNDDS:2708277,"1 cup, nuggets",147.0
FNDDS:2708277,1 medium/regular,71.0
FNDDS:2708278,1 bite size/nugget,14.0
FNDDS:2708278,"1 pretzel, NS as to size",71.0
FNDDS:2708278,"1 cup, nuggets",147.0
FNDDS:2708278,1 pretzel stick,21.0
FNDDS:2708278,1 medium/regular,71.0
FNDDS:2708279,"1 cup, nuggets",147.0
FNDDS:2708279,1 pretzel stick,21.0
FNDDS:2708279,1 bite size/nugget,14.0
FNDDS:2708279,1 medium/regular,71.0
FNDDS:2708279,"1 pretzel, NS as to size",71.0
FNDDS:2708280,"1 pretzel, NS as to size",71.0
FNDDS:2708280,1 bite size/nugget,14.0
FNDDS:2708280,1 medium/regular,71.0
FNDDS:2708280,1 pretzel stick,25.0
FNDDS:2708280,"1 cup, nuggets",147.0
FNDDS:2708281,1 medium/regular,71.0
FNDDS:2708281,1 pretzel stick,21.0
FNDDS:2708281,"1 pretzel, NS as to size",71.0
FNDDS:2708281,1 bite size/nugget,14.0
FNDDS:2708281,"1 cup, nuggets",147.0
FNDDS:2708282,1 medium/regular,71.0
FNDDS:2708282,1 pretzel stick,25.0
FNDDS:2708282,"1 cup, nuggets",147.0
FNDDS:2708282,"1 pretzel, NS as to size",71.0
FNDDS:2708282,1 bite size/nugget,14.0
FNDDS:2708283,1 medium/regular,71.0
FNDDS:2708283,"1 pretzel, NS as to size",71.0
FNDDS:2708283,1 bite size/nugget,14.0
FNDDS:2708283,1 pretzel stick,25.0
FNDDS:2708283,"1 cup, nuggets",147.0
FNDDS:2708284,1 bite size/nugget,14.0
FNDDS:2708284,1 medium/regular,99.0
FNDDS:2708284,1 pretzel stick,25.0
FNDDS:2708284,"1 cup, nuggets",147.0
FNDDS:2708284,"1 pretzel, NS as to size",99.0
FNDDS:2708285,1 pretzel stick,21.0
FNDDS:2708285,"1 cup, nuggets",147.0
FNDDS:2708285,"1 pretzel, NS as to size",71.0
FNDDS:2708285,1 bite size/nugget,14.0
FNDDS:2708285,1 medium/regular,71.0
FNDDS:2708286,"1 cup, nuggets",147.0
FNDDS:2708286,1 bite size/nugget,14.0
FNDDS:2708286,"1 pretzel, NS as to size",120.0
FNDDS:2708286,1 large,143.0
FNDDS:2708286,1 medium/regular,120.0
FNDDS:2708286,1 pretzel stick,21.0
FNDDS:2708286,1 small,62.0
FNDDS:2708287,"1 cup, nuggets",147.0
FNDDS:2708287,1 pretzel stick,21.0
FNDDS:2708287,1 medium/regular,95.0
FNDDS:2708287,1 bite size/nugget,14.0
FNDDS:2708287,"1 pretzel, NS as to size",95.0
FNDDS:2708288,"1 pretzel, NS as to size",95.0
FNDDS:2708288,1 pretzel stick,21.0
FNDDS:2708288,1 medium/regular,95.0
FNDDS:2708288,1 bite size/nugget,14.0
FNDDS:2708288,"1 cup, nuggets",147.0
FNDDS:2708289,1 pretzel stick,21.0
FNDDS:2708289,1 bite size/nugget,14.0
FNDDS:2708289,"1 cup, nuggets",147.0
FNDDS:2708289,"1 pretzel, NS as to size",95.0
FNDDS:2708289,1 medium/regular,95.0
FNDDS:2708290,1 cup,30.0
FNDDS:2708290,1 chip,2.0
FNDDS:2708290,1 100 calorie package,20.0
FNDDS:2708290,1 small single serving bag,28.0
FNDDS:2708290,1 medium single serving bag,57.0
FNDDS:2708290,1 large single serving bag,85.0
FNDDS:2708291,1 small single serving bag,28.0
FNDDS:2708291,1 medium single serving bag,57.0
FNDDS:2708291,1 large single serving bag,85.0
FNDDS:2708291,1 cup,60.0
FNDDS:2708291,1 100 calorie package,20.0
FNDDS:2708292,"1 cup, pieces",60.0
FNDDS:2708292,1 miniature/bite size,2.0
FNDDS:2708292,1 bagel chip,5.0
FNDDS:2708292,1 small or medium single serving bag,45.0
FNDDS:2708292,1 large single serving bag,85.0
FNDDS:2708293,1 cracker chip,3.0
FNDDS:2708293,"1 cup, NFS",30.0
FNDDS:2708294,1 extra large pancake,150.0
FNDDS:2708294,1 large pancake,90.0
FNDDS:2708294,1 small pancake,20.0
FNDDS:2708294,1 miniature/bite size pancake,10.0
FNDDS:2708294,1 medium pancake,50.0
FNDDS:2708294,1 surface inch,1.9
FNDDS:2708294,1 silver dollar pancake,20.0
FNDDS:2708295,1 miniature/bite size pancake,10.0
FNDDS:2708295,1 pouch,80.0
FNDDS:2708295,1 pancake,40.0
FNDDS:2708296,1 miniature/bite size pancake,10.0
FNDDS:2708296,1 pancake,40.0
FNDDS:2708296,1 pouch,80.0
FNDDS:2708297,"1 frozen pancake, NFS",40.0
FNDDS:2708297,1 miniature/bite size pancake,10.0
FNDDS:2708297,1 pouch,80.0
FNDDS:2708298,1 pancake,40.0
FNDDS:2708298,1 miniature/bite size pancake,10.0
FNDDS:2708298,1 pouch,80.0
FNDDS:2708299,1 silver dollar pancake,20.0
FNDDS:2708299,1 large pancake,90.0
FNDDS:2708299,1 extra large pancake,150.0
FNDDS:2708299,1 small pancake,20.0
FNDDS:2708299,1 medium pancake,50.0
FNDDS:2708299,1 surface inch,1.9
FNDDS:2708299,1 miniature/bite size pancake,10.0
FNDDS:2708300,1 silver dollar pancake,20.0
FNDDS:2708300,1 miniature/bite size pancake,10.0
FNDDS:2708300,1 large pancake,90.0
FNDDS:2708300,1 surface inch,1.9
FNDDS:2708300,1 medium pancake,50.0
FNDDS:2708300,1 extra large pancake,150.0
FNDDS:2708300,1 small pancake,20.0
FNDDS:2708301,1 silver dollar pancake,20.0
FNDDS:2708301,1 surface inch,1.9
FNDDS:2708301,1 small pancake,20.0
FNDDS:2708301,1 medium pancake,50.0
FNDDS:2708301,1 extra large pancake,150.0
FNDDS:2708301,1 large pancake,90.0
FNDDS:2708301,1 miniature/bite size pancake,10.0
FNDDS:2708302,1 miniature/bite size pancake,10.0
FNDDS:2708302,1 medium pancake,50.0
FNDDS:2708302,1 surface inch,1.9
FNDDS:2708302,1 silver dollar pancake,20.0
FNDDS:2708302,1 large pancake,90.0
FNDDS:2708302,1 extra large pancake,150.0
FNDDS:2708302,1 small pancake,20.0
FNDDS:2708303,1 miniature/bite size pancake,10.0
FNDDS:2708303,1 surface inch,1.9
FNDDS:2708303,"1 pancake, any size",40.0
FNDDS:2708304,1 surface inch,1.9
FNDDS:2708304,1 miniature/bite size pancake,10.0
FNDDS:2708304,1 small pancake,20.0
FNDDS:2708304,1 large pancake,90.0
FNDDS:2708304,1 silver dollar pancake,20.0
FNDDS:2708304,1 extra large pancake,150.0
FNDDS:2708304,1 medium pancake,50.0
FNDDS:2708305,1 miniature/bite size pancake,10.0
FNDDS:2708305,1 surface inch,1.9
FNDDS:2708305,1 extra large pancake,150.0
FNDDS:2708305,1 large pancake,90.0
FNDDS:2708305,1 silver dollar pancake,20.0
FNDDS:2708305,1 medium pancake,50.0
FNDDS:2708305,1 small pancake,20.0
FNDDS:2708306,1 surface inch,1.9
FNDDS:2708306,1 large pancake,90.0
FNDDS:2708306,1 miniature/bite size pancake,10.0
FNDDS:2708306,1 small pancake,20.0
FNDDS:2708306,1 silver dollar pancake,20.0
FNDDS:2708306,1 medium pancake,50.0
FNDDS:2708306,1 extra large pancake,150.0
FNDDS:2708307,1 silver dollar pancake,20.0
FNDDS:2708307,1 extra large pancake,150.0
FNDDS:2708307,1 medium pancake,50.0
FNDDS:2708307,1 miniature/bite size pancake,10.0
FNDDS:2708307,1 surface inch,1.9
FNDDS:2708307,1 large pancake,90.0
FNDDS:2708307,1 small pancake,20.0
FNDDS:2708308,1 large pancake,90.0
FNDDS:2708308,1 silver dollar pancake,20.0
FNDDS:2708308,1 miniature/bite size pancake,10.0
FNDDS:2708308,1 extra large pancake,150.0
FNDDS:2708308,1 small pancake,20.0
FNDDS:2708308,1 medium pancake,50.0
FNDDS:2708308,1 surface inch,1.9
FNDDS:2708309,1 medium pancake,50.0
FNDDS:2708309,1 miniature/bite size pancake,10.0
FNDDS:2708309,1 silver dollar pancake,20.0
FNDDS:2708309,1 surface inch,1.9
FNDDS:2708309,1 large pancake,90.0
FNDDS:2708309,1 extra large pancake,150.0
FNDDS:2708309,1 small pancake,20.0
FNDDS:2708310,1 large pancake,90.0
FNDDS:2708310,1 medium pancake,50.0
FNDDS:2708310,1 miniature/bite size pancake,10.0
FNDDS:2708310,1 extra large pancake,150.0
FNDDS:2708310,1 silver dollar pancake,20.0
FNDDS:2708310,1 small pancake,20.0
FNDDS:2708310,1 surface inch,1.9
FNDDS:2708311,1 small pancake,20.0
FNDDS:2708311,1 large pancake,90.0
FNDDS:2708311,1 medium pancake,50.0
FNDDS:2708311,1 surface inch,1.9
FNDDS:2708311,1 miniature/bite size pancake,10.0
FNDDS:2708311,1 silver dollar pancake,20.0
FNDDS:2708311,1 extra large pancake,150.0
FNDDS:2708312,1 thick / Belgian waffle,135.0
FNDDS:2708312,1 medium waffle,75.0
FNDDS:2708312,1 surface inch,2.5
FNDDS:2708312,"1 surface inch, Belgian waffle",3.7
FNDDS:2708312,1 large waffle,125.0
FNDDS:2708312,1 small waffle,40.0
FNDDS:2708312,1 miniature/bite size waffle,10.0
FNDDS:2708313,1 stick,35.0
FNDDS:2708313,1 pouch,65.0
FNDDS:2708313,1 miniature/bite size waffle,10.0
FNDDS:2708313,1 thick / Belgian waffle,55.0
FNDDS:2708313,1 waffle,40.0
FNDDS:2708314,1 pouch,65.0
FNDDS:2708314,1 waffle,40.0
FNDDS:2708314,1 miniature/bite size waffle,10.0
FNDDS:2708314,1 thick / Belgian waffle,55.0
FNDDS:2708314,1 stick,35.0
FNDDS:2708315,1 pouch,65.0
FNDDS:2708315,1 miniature/bite size waffle,10.0
FNDDS:2708315,1 thick / Belgian waffle,55.0
FNDDS:2708315,1 stick,35.0
FNDDS:2708315,1 waffle,40.0
FNDDS:2708316,1 pouch,65.0
FNDDS:2708316,1 waffle,40.0
FNDDS:2708316,1 stick,35.0
FNDDS:2708316,1 thick / Belgian waffle,55.0
FNDDS:2708316,1 miniature/bite size waffle,10.0
FNDDS:2708317,1 stick,35.0
FNDDS:2708317,1 miniature/bite size waffle,10.0
FNDDS:2708317,1 pouch,65.0
FNDDS:2708317,1 thick / Belgian waffle,55.0
FNDDS:2708317,1 waffle,40.0
FNDDS:2708318,1 pouch,65.0
FNDDS:2708318,1 thick / Belgian waffle,55.0
FNDDS:2708318,1 stick,35.0
FNDDS:2708318,1 miniature/bite size waffle,10.0
FNDDS:2708318,1 waffle,40.0
FNDDS:2708319,1 miniature/bite size waffle,10.0
FNDDS:2708319,1 thick / Belgian waffle,55.0
FNDDS:2708319,1 stick,35.0
FNDDS:2708319,1 waffle,40.0
FNDDS:2708319,1 pouch,65.0
FNDDS:2708320,1 large waffle,125.0
FNDDS:2708320,1 miniature/bite size waffle,10.0
FNDDS:2708320,1 surface inch,2.5
FNDDS:2708320,1 medium waffle,75.0
FNDDS:2708320,1 thick / Belgian waffle,135.0
FNDDS:2708320,1 small waffle,40.0
FNDDS:2708320,"1 surface inch, Belgian waffle",3.7
FNDDS:2708321,1 large waffle,125.0
FNDDS:2708321,1 small waffle,40.0
FNDDS:2708321,1 miniature/bite size waffle,10.0
FNDDS:2708321,"1 surface inch, Belgian waffle",3.7
FNDDS:2708321,1 medium waffle,75.0
FNDDS:2708321,1 surface inch,2.5
FNDDS:2708321,1 thick / Belgian waffle,135.0
FNDDS:2708322,1 thick / Belgian waffle,135.0
FNDDS:2708322,1 medium waffle,75.0
FNDDS:2708322,1 large waffle,125.0
FNDDS:2708322,1 small waffle,40.0
FNDDS:2708322,"1 surface inch, Belgian waffle",3.7
FNDDS:2708322,1 miniature/bite size waffle,10.0
FNDDS:2708322,1 surface inch,2.5
FNDDS:2708323,1 small waffle,40.0
FNDDS:2708323,1 thick / Belgian waffle,135.0
FNDDS:2708323,1 surface inch,2.5
FNDDS:2708323,1 medium waffle,75.0
FNDDS:2708323,1 miniature/bite size waffle,10.0
FNDDS:2708323,1 large waffle,125.0
FNDDS:2708323,"1 surface inch, Belgian waffle",3.7
FNDDS:2708324,1 surface inch,2.5
FNDDS:2708324,"1 waffle, any size",40.0
FNDDS:2708324,"1 surface inch, Belgian waffle",3.7
FNDDS:2708325,1 thick / Belgian waffle,135.0
FNDDS:2708325,1 medium waffle,75.0
FNDDS:2708325,1 large waffle,125.0
FNDDS:2708325,1 miniature/bite size waffle,10.0
FNDDS:2708325,1 small waffle,40.0
FNDDS:2708325,1 surface inch,2.5
FNDDS:2708325,"1 surface inch, Belgian waffle",3.7
FNDDS:2708326,1 medium waffle,75.0
FNDDS:2708326,1 small waffle,40.0
FNDDS:2708326,1 miniature/bite size waffle,10.0
FNDDS:2708326,"1 surface inch, Belgian waffle",3.7
FNDDS:2708326,1 surface inch,2.5
FNDDS:2708326,1 thick / Belgian waffle,135.0
FNDDS:2708326,1 large waffle,125.0
FNDDS:2708327,"1 surface inch, Belgian waffle",3.7
FNDDS:2708327,1 thick / Belgian waffle,135.0
FNDDS:2708327,1 medium waffle,75.0
FNDDS:2708327,1 miniature/bite size waffle,10.0
FNDDS:2708327,1 small waffle,40.0
FNDDS:2708327,1 surface inch,2.5
FNDDS:2708327,1 large waffle,125.0
FNDDS:2708328,1 large waffle,125.0
FNDDS:2708328,1 thick / Belgian waffle,135.0
FNDDS:2708328,1 miniature/bite size waffle,10.0
FNDDS:2708328,"1 surface inch, Belgian waffle",3.7
FNDDS:2708328,1 small waffle,40.0
FNDDS:2708328,1 medium waffle,75.0
FNDDS:2708328,1 surface inch,2.5
FNDDS:2708329,1 large waffle,125.0
FNDDS:2708329,1 thick / Belgian waffle,135.0
FNDDS:2708329,1 miniature/bite size waffle,10.0
FNDDS:2708329,"1 surface inch, Belgian waffle",3.7
FNDDS:2708329,1 small waffle,40.0
FNDDS:2708329,1 medium waffle,75.0
FNDDS:2708329,1 surface inch,2.5
FNDDS:2708330,1 miniature/bite size waffle,10.0
FNDDS:2708330,1 small waffle,40.0
FNDDS:2708330,1 thick / Belgian waffle,135.0
FNDDS:2708330,1 medium waffle,75.0
FNDDS:2708330,1 surface inch,2.5
FNDDS:2708330,1 large waffle,125.0
FNDDS:2708330,"1 surface inch, Belgian waffle",3.7
FNDDS:2708331,"1 slice, any size",65.0
FNDDS:2708332,"1 slice, NFS",60.0
FNDDS:2708332,1 bite size,10.0
FNDDS:2708333,"1 slice, any size",85.0
FNDDS:2708334,"1 slice, any size",60.0
FNDDS:2708334,1 bite size,10.0
FNDDS:2708335,"1 slice, any size",65.0
FNDDS:2708336,"1 slice, any size",65.0
FNDDS:2708337,"1 slice, any size",65.0
FNDDS:2708338,1 stick,45.0
FNDDS:2708339,1 fast food order,100.0
FNDDS:2708339,1 stick,25.0
FNDDS:2708340,1 stick,25.0
FNDDS:2708341,"1 crepe, any size",80.0
FNDDS:2708341,1 surface inch,1.6
FNDDS:2708342,"1 crepe, any size",65.0
FNDDS:2708342,1 surface inch,1.3
FNDDS:2708343,1 pancake,28.0
FNDDS:2708344,"1 item, any size",25.0
FNDDS:2708344,1 cup,75.0
FNDDS:2708345,1 oz,28.4
FNDDS:2708346,1 item,38.0
FNDDS:2708346,1 surface inch,9.8
FNDDS:2708347,1 small,35.0
FNDDS:2708347,1 large,155.0
FNDDS:2708347,1 surface inch,1.0
FNDDS:2708347,1 medium,80.0
FNDDS:2708348,1 cubic inch,20.5
FNDDS:2708348,1 piece,16.0
FNDDS:2708349,"1 cake (6"" dia)",90.0
FNDDS:2708350,"1 cake (6"" dia)",135.0
FNDDS:2708351,"1 oz, dry, yields",80.0
FNDDS:2708351,"1 cup, cooked",140.0
FNDDS:2708352,"1 oz, dry, yields",75.0
FNDDS:2708352,"1 cup, cooked",160.0
FNDDS:2708353,"1 cup, cooked",160.0
FNDDS:2708353,"1 oz, dry, yields",75.0
FNDDS:2708354,1 cup,56.0
FNDDS:2708355,"1 cup, cooked",190.0
FNDDS:2708356,"1 oz, dry, yields",100.0
FNDDS:2708356,"1 cup, cooked",175.0
FNDDS:2708357,"1 cup, cooked",140.0
FNDDS:2708357,"1 oz, dry, yields",80.0
FNDDS:2708358,"1 cup, cooked",140.0
FNDDS:2708358,"1 oz, dry, yields",80.0
FNDDS:2708359,"1 cup, cooked",140.0
FNDDS:2708359,"1 oz, dry, yields",80.0
FNDDS:2708360,"1 cup, cooked",240.0
FNDDS:2708361,"1 cup, cooked",170.0
FNDDS:2708361,"1 cup, dry, yields",740.0
FNDDS:2708361,"1 oz, dry, yields",110.0
FNDDS:2708362,"1 oz, dry, yields",85.0
FNDDS:2708362,"1 cup, dry, yields",500.0
FNDDS:2708362,"1 cup, cooked",170.0
FNDDS:2708363,"1 cup, cooked",240.0
FNDDS:2708363,"1 oz, dry, yields",185.0
FNDDS:2708363,"1 cup, dry, yields",965.0
FNDDS:2708364,"1 oz, dry, yields",185.0
FNDDS:2708364,"1 cup, cooked",240.0
FNDDS:2708364,"1 cup, dry, yields",965.0
FNDDS:2708365,"1 cup, dry, yields",965.0
FNDDS:2708365,"1 cup, cooked",240.0
FNDDS:2708365,"1 oz, dry, yields",185.0
FNDDS:2708366,"1 cup, dry, yields",965.0
FNDDS:2708366,"1 oz, dry, yields",185.0
FNDDS:2708366,"1 cup, cooked",240.0
FNDDS:2708367,"1 oz, dry, yields",185.0
FNDDS:2708367,"1 packet, dry, yields",148.0
FNDDS:2708367,"1 cup, cooked",240.0
FNDDS:2708368,"1 packet, dry, yields",148.0
FNDDS:2708368,"1 oz, dry, yields",185.0
FNDDS:2708368,"1 cup, cooked",240.0
FNDDS:2708369,"1 oz, dry, yields",185.0
FNDDS:2708369,"1 cup, cooked",240.0
FNDDS:2708369,"1 packet, dry, yields",148.0
FNDDS:2708370,"1 cup, cooked",240.0
FNDDS:2708370,"1 oz, dry, yields",185.0
FNDDS:2708370,"1 packet, dry, yields",148.0
FNDDS:2708371,"1 oz, dry, yields",185.0
FNDDS:2708371,"1 packet, dry, yields",148.0
FNDDS:2708371,"1 cup, cooked",240.0
FNDDS:2708372,"1 packet, dry, yields",148.0
FNDDS:2708372,"1 cup, cooked",240.0
FNDDS:2708372,"1 oz, dry, yields",185.0
FNDDS:2708373,"1 cup, cooked",240.0
FNDDS:2708373,"1 cup, dry, yields",955.0
FNDDS:2708373,1 strip or slice,50.0
FNDDS:2708373,"1 oz, dry, yields",190.0
FNDDS:2708374,"1 cup, dry, yields",955.0
FNDDS:2708374,1 strip or slice,50.0
FNDDS:2708374,"1 cup, cooked",240.0
FNDDS:2708374,"1 oz, dry, yields",190.0
FNDDS:2708375,"1 oz, dry, yields",190.0
FNDDS:2708375,1 strip or slice,50.0
FNDDS:2708375,"1 cup, dry, yields",955.0
FNDDS:2708375,"1 cup, cooked",240.0
FNDDS:2708376,"1 cup, cooked",240.0
FNDDS:2708377,"1 cup, dry, yields",760.0
FNDDS:2708377,"1 oz, dry, yields",110.0
FNDDS:2708377,"1 cup, cooked",170.0
FNDDS:2708378,"1 cup, cooked",240.0
FNDDS:2708378,1 fast food order,240.0
FNDDS:2708379,1 fast food order,240.0
FNDDS:2708379,"1 cup, cooked",240.0
FNDDS:2708380,"1 cup, cooked",240.0
FNDDS:2708380,"1 cup, dry, yields",485.0
FNDDS:2708380,"1 oz, dry, yields",170.0
FNDDS:2708381,"1 oz, dry, yields",170.0
FNDDS:2708381,"1 cup, dry, yields",485.0
FNDDS:2708381,"1 cup, cooked",240.0
FNDDS:2708382,"1 oz, dry, yields",170.0
FNDDS:2708382,"1 cup, dry, yields",485.0
FNDDS:2708382,"1 cup, cooked",240.0
FNDDS:2708383,"1 cup, dry, yields",485.0
FNDDS:2708383,"1 cup, cooked",240.0
FNDDS:2708383,"1 oz, dry, yields",170.0
FNDDS:2708384,"1 oz, dry, yields",170.0
FNDDS:2708384,"1 cup, cooked",240.0
FNDDS:2708384,"1 cup, dry, yields",485.0
FNDDS:2708385,"1 cup, cooked",240.0
FNDDS:2708385,"1 cup, dry, yields",485.0
FNDDS:2708385,"1 oz, dry, yields",170.0
FNDDS:2708386,"1 cup, dry, yields",485.0
FNDDS:2708386,"1 oz, dry, yields",170.0
FNDDS:2708386,"1 cup, cooked",240.0
FNDDS:2708387,"1 oz, dry, yields",170.0
FNDDS:2708387,"1 cup, cooked",240.0
FNDDS:2708387,"1 oz, cooked",28.4
FNDDS:2708387,"1 microwave cup, prepared",210.0
FNDDS:2708387,1 single serving container,210.0
FNDDS:2708387,1 Keurig cup,170.0
FNDDS:2708387,"1 packet, dry, yields",148.0
FNDDS:2708388,1 single serving container,210.0
FNDDS:2708388,"1 cup, cooked",240.0
FNDDS:2708388,"1 packet, dry, yields",148.0
FNDDS:2708388,"1 oz, cooked",28.4
FNDDS:2708388,"1 microwave cup, prepared",210.0
FNDDS:2708388,1 Keurig cup,170.0
FNDDS:2708388,"1 oz, dry, yields",170.0
FNDDS:2708389,"1 packet, dry, yields",148.0
FNDDS:2708389,1 Keurig cup,170.0
FNDDS:2708389,"1 microwave cup, prepared",210.0
FNDDS:2708389,1 single serving container,210.0
FNDDS:2708389,"1 cup, cooked",240.0
FNDDS:2708389,"1 oz, dry, yields",170.0
FNDDS:2708389,"1 oz, cooked",28.4
FNDDS:2708390,1 single serving container,210.0
FNDDS:2708390,"1 oz, cooked",28.4
FNDDS:2708390,"1 cup, cooked",240.0
FNDDS:2708390,"1 oz, dry, yields",170.0
FNDDS:2708390,"1 packet, dry, yields",148.0
FNDDS:2708390,1 Keurig cup,170.0
FNDDS:2708390,"1 microwave cup, prepared",210.0
FNDDS:2708391,1 single serving container,210.0
FNDDS:2708391,1 Keurig cup,170.0
FNDDS:2708391,"1 packet, dry, yields",148.0
FNDDS:2708391,"1 oz, dry, yields",170.0
FNDDS:2708391,"1 microwave cup, prepared",210.0
FNDDS:2708391,"1 oz, cooked",28.4
FNDDS:2708391,"1 cup, cooked",240.0
FNDDS:2708392,"1 cup, cooked",240.0
FNDDS:2708392,"1 oz, cooked",28.4
FNDDS:2708392,"1 packet, dry, yields",148.0
FNDDS:2708392,1 Keurig cup,170.0
FNDDS:2708392,"1 microwave cup, prepared",210.0
FNDDS:2708392,1 single serving container,210.0
FNDDS:2708392,"1 oz, dry, yields",170.0
FNDDS:2708393,"1 cup, cooked",240.0
FNDDS:2708393,1 Keurig cup,170.0
FNDDS:2708393,"1 microwave cup, prepared",210.0
FNDDS:2708393,"1 oz, cooked",28.4
FNDDS:2708393,"1 packet, dry, yields",163.0
FNDDS:2708393,"1 oz, dry, yields",170.0
FNDDS:2708393,1 single serving container,210.0
FNDDS:2708394,"1 oz, dry, yields",170.0
FNDDS:2708394,"1 cup, cooked",240.0
FNDDS:2708394,1 single serving container,210.0
FNDDS:2708394,"1 oz, cooked",28.4
FNDDS:2708394,"1 packet, dry, yields",163.0
FNDDS:2708394,"1 microwave cup, prepared",210.0
FNDDS:2708394,1 Keurig cup,170.0
FNDDS:2708395,1 single serving container,210.0
FNDDS:2708395,1 Keurig cup,170.0
FNDDS:2708395,"1 cup, cooked",240.0
FNDDS:2708395,"1 oz, cooked",28.4
FNDDS:2708395,"1 packet, dry, yields",163.0
FNDDS:2708395,"1 oz, dry, yields",170.0
FNDDS:2708395,"1 microwave cup, prepared",210.0
FNDDS:2708396,"1 packet, dry, yields",163.0
FNDDS:2708396,1 single serving container,210.0
FNDDS:2708396,"1 oz, dry, yields",170.0
FNDDS:2708396,"1 cup, cooked",240.0
FNDDS:2708396,1 Keurig cup,170.0
FNDDS:2708396,"1 microwave cup, prepared",210.0
FNDDS:2708396,"1 oz, cooked",28.4
FNDDS:2708397,"1 cup, cooked",240.0
FNDDS:2708397,"1 cup, dry, yields",485.0
FNDDS:2708397,"1 oz, dry, yields",170.0
FNDDS:2708397,"1 packet, dry, yields",170.0
FNDDS:2708398,"1 cup, dry, yields",485.0
FNDDS:2708398,"1 packet, dry, yields",170.0
FNDDS:2708398,"1 oz, dry, yields",170.0
FNDDS:2708398,"1 cup, cooked",240.0
FNDDS:2708399,"1 cup, cooked",170.0
FNDDS:2708400,"1 cup, cooked",170.0
FNDDS:2708401,"1 cup, cooked",170.0
FNDDS:2708402,"1 cup, cooked",158.0
FNDDS:2708403,"1 cup, cooked",163.0
FNDDS:2708404,"1 cup, cooked",163.0
FNDDS:2708405,"1 cup, cooked",163.0
FNDDS:2708406,"1 cup, cooked",163.0
FNDDS:2708407,"1 cup, cooked",163.0
FNDDS:2708408,"1 cup, cooked",158.0
FNDDS:2708409,"1 cup, cooked",196.0
FNDDS:2708410,"1 cup, cooked",196.0
FNDDS:2708411,"1 cup, cooked",196.0
FNDDS:2708412,"1 cup, cooked",196.0
FNDDS:2708413,"1 cup, cooked",196.0
FNDDS:2708414,"1 cup, cooked",195.0
FNDDS:2708415,"1 oz, dry, yields",155.0
FNDDS:2708415,"1 cup, dry, yields",815.0
FNDDS:2708415,"1 cup, cooked",240.0
FNDDS:2708416,"1 cup, cooked",200.0
FNDDS:2708417,"1 cup, cooked",175.0
FNDDS:2708418,1 cup,255.0
FNDDS:2708419,"1 cup, cooked",158.0
FNDDS:2708420,"1 cup, cooked",158.0
FNDDS:2708421,"1 cup, cooked",163.0
FNDDS:2708422,"1 cup, cooked",174.0
FNDDS:2708423,"1 cup, cooked",164.0
FNDDS:2708424,"1 cup, cooked",164.0
FNDDS:2708425,"1 cup, cooked",164.0
FNDDS:2708426,"1 cup, cooked",166.0
FNDDS:2708427,"1 cup, cooked",151.0
FNDDS:2708428,"1 cup, cooked",168.0
FNDDS:2708429,"1 cup, cooked",168.0
FNDDS:2708430,"1 cup, cooked",155.0
FNDDS:2708431,"1 cup, cooked",150.0
FNDDS:2708432,"1 cup, dry, yields",624.0
FNDDS:2708432,"1 oz, dry, yields",95.0
FNDDS:2708432,"1 cup, cooked",155.0
FNDDS:2708433,"1 cup, cooked",240.0
FNDDS:2708433,"1 oz, dry, yields",205.0
FNDDS:2708433,"1 cup, dry, yields",965.0
FNDDS:2708434,"1 oz, dry, yields",205.0
FNDDS:2708434,"1 cup, dry, yields",965.0
FNDDS:2708434,"1 cup, cooked",240.0
FNDDS:2708435,"1 cup, cooked",240.0
FNDDS:2708435,"1 cup, dry, yields",965.0
FNDDS:2708435,"1 oz, dry, yields",205.0
FNDDS:2708436,"1 packet (1 oz), dry, yields",195.0
FNDDS:2708436,"1 cup, dry, yields",965.0
FNDDS:2708436,"1 cup, cooked",240.0
FNDDS:2708437,"1 packet (1 oz), dry, yields",195.0
FNDDS:2708437,"1 cup, cooked",240.0
FNDDS:2708437,"1 cup, dry, yields",965.0
FNDDS:2708438,"1 cup, cooked",140.0
FNDDS:2708438,"1 cup, dry, yields",690.0
FNDDS:2708438,"1 oz, dry, yields",115.0
FNDDS:2708439,"1 cup, dry, yields",690.0
FNDDS:2708439,"1 cup, cooked",140.0
FNDDS:2708439,"1 oz, dry, yields",115.0
FNDDS:2708440,"1 cup, dry, yields",690.0
FNDDS:2708440,"1 oz, dry, yields",115.0
FNDDS:2708440,"1 cup, cooked",140.0
FNDDS:2708441,"1 oz, dry, yields",90.0
FNDDS:2708441,"1 cup, cooked",160.0
FNDDS:2708442,"1 oz, dry, yields",210.0
FNDDS:2708442,"1 cup, cooked",240.0
FNDDS:2708442,"1 cup, dry, yields",705.0
FNDDS:2708443,"1 cup, dry, yields",705.0
FNDDS:2708443,"1 cup, cooked",240.0
FNDDS:2708443,"1 oz, dry, yields",210.0
FNDDS:2708444,"1 oz, dry, yields",150.0
FNDDS:2708444,"1 cup, cooked",240.0
FNDDS:2708444,"1 cup, dry, yields",500.0
FNDDS:2708445,1 cup,35.0
FNDDS:2708445,1 prepackaged single serving,30.0
FNDDS:2708446,1 cup,40.0
FNDDS:2708446,1 prepackaged single serving,30.0
FNDDS:2708447,1 prepackaged single serving,30.0
FNDDS:2708447,1 cup,35.0
FNDDS:2708448,1 cup,30.0
FNDDS:2708448,1 piece,0.1
FNDDS:2708448,1 prepackaged single serving,30.0
FNDDS:2708449,1 prepackaged single serving,30.0
FNDDS:2708449,1 cup,35.0
FNDDS:2708450,1 cup,40.0
FNDDS:2708450,1 prepackaged single serving,30.0
FNDDS:2708451,1 cup,40.0
FNDDS:2708451,1 prepackaged single serving,30.0
FNDDS:2708452,1 cup,30.0
FNDDS:2708452,1 prepackaged single serving,30.0
FNDDS:2708453,1 prepackaged single serving,30.0
FNDDS:2708453,1 cup,30.0
FNDDS:2708454,1 prepackaged single serving,30.0
FNDDS:2708454,1 cup,25.0
FNDDS:2708455,1 cup,25.0
FNDDS:2708455,1 prepackaged single serving,30.0
FNDDS:2708456,1 cup,50.0
FNDDS:2708456,1 prepackaged single serving,30.0
FNDDS:2708457,1 spoon size biscuit,3.0
FNDDS:2708457,1 prepackaged single serving,30.0
FNDDS:2708457,1 cup,50.0
FNDDS:2708458,1 cup,40.0
FNDDS:2708458,1 prepackaged single serving,30.0
FNDDS:2708459,1 cup,30.0
FNDDS:2708459,1 prepackaged single serving,30.0
FNDDS:2708460,1 cup,35.0
FNDDS:2708460,1 prepackaged single serving,30.0
FNDDS:2708461,1 prepackaged single serving,30.0
FNDDS:2708461,1 cup,110.0
FNDDS:2708462,1 prepackaged single serving,30.0
FNDDS:2708462,1 cup,45.0
FNDDS:2708463,1 cup,40.0
FNDDS:2708463,1 prepackaged single serving,30.0
FNDDS:2708464,1 cup,40.0
FNDDS:2708464,1 prepackaged single serving,30.0
FNDDS:2708465,1 cup,50.0
FNDDS:2708465,1 prepackaged single serving,30.0
FNDDS:2708466,1 cup,45.0
FNDDS:2708466,1 prepackaged single serving,30.0
FNDDS:2708467,1 cup,35.0
FNDDS:2708467,1 prepackaged single serving,30.0
FNDDS:2708468,1 prepackaged single serving,30.0
FNDDS:2708468,1 cup,30.0
FNDDS:2708469,1 prepackaged single serving,30.0
FNDDS:2708469,1 cup,60.0
FNDDS:2708470,1 prepackaged single serving,30.0
FNDDS:2708470,1 cup,30.0
FNDDS:2708471,1 prepackaged single serving,30.0
FNDDS:2708471,1 cup,35.0
FNDDS:2708472,1 cup,35.0
FNDDS:2708472,1 prepackaged single serving,30.0
FNDDS:2708473,1 prepackaged single serving,30.0
FNDDS:2708473,1 cup,30.0
FNDDS:2708474,1 cup,40.0
FNDDS:2708474,1 prepackaged single serving,30.0
FNDDS:2708475,1 cup,35.0
FNDDS:2708475,1 prepackaged single serving,30.0
FNDDS:2708476,1 cup,60.0
FNDDS:2708476,1 prepackaged single serving,30.0
FNDDS:2708477,1 cup,120.0
FNDDS:2708478,1 cup,15.0
FNDDS:2708478,1 prepackaged single serving,30.0
FNDDS:2708479,1 spoon size biscuit,3.0
FNDDS:2708479,1 prepackaged single serving,30.0
FNDDS:2708479,1 cup,45.0
FNDDS:2708479,1 rectangular biscuit,25.0
FNDDS:2708480,1 cup,40.0
FNDDS:2708480,1 prepackaged single serving,30.0
FNDDS:2708481,1 cup,35.0
FNDDS:2708481,1 prepackaged single serving,30.0
FNDDS:2708482,1 cup,30.0
FNDDS:2708482,1 prepackaged single serving,30.0
FNDDS:2708483,1 cup,40.0
FNDDS:2708483,1 prepackaged single serving,30.0
FNDDS:2708484,1 prepackaged single serving,30.0
FNDDS:2708484,1 cup,40.0
FNDDS:2708485,1 cup,40.0
FNDDS:2708485,1 prepackaged single serving,30.0
FNDDS:2708486,1 prepackaged single serving,30.0
FNDDS:2708486,1 cup,40.0
FNDDS:2708487,1 cup,35.0
FNDDS:2708487,1 prepackaged single serving,30.0
FNDDS:2708488,1 cup,60.0
FNDDS:2708489,1 cup,80.0
FNDDS:2708490,1 cup,80.0
FNDDS:2708490,1 prepackaged single serving,30.0
FNDDS:2708491,1 tablespoon,3.8
FNDDS:2708492,1 tablespoon,3.8
FNDDS:2708493,1 tablespoon,3.8
FNDDS:2708494,1 tablespoon,3.8
FNDDS:2708495,1 tablespoon,3.8
FNDDS:2708496,1 tablespoon,3.8
FNDDS:2708497,1 tablespoon,3.8
FNDDS:2708498,1 tablespoon,15.0
FNDDS:2708498,1 jar / tub,110.0
FNDDS:2708498,1 pouch,110.0
FNDDS:2708499,1 jar / tub,110.0
FNDDS:2708499,1 pouch,110.0
FNDDS:2708499,1 tablespoon,15.0
FNDDS:2708500,1 jar / tub,110.0
FNDDS:2708500,1 pouch,110.0
FNDDS:2708500,1 tablespoon,15.0
FNDDS:2708501,1 jar / tub,110.0
FNDDS:2708501,1 pouch,110.0
FNDDS:2708501,1 tablespoon,15.0
FNDDS:2708502,1 tablespoon,15.0
FNDDS:2708502,1 pouch,110.0
FNDDS:2708502,1 jar / tub,110.0
FNDDS:2708503,1 pouch,110.0
FNDDS:2708503,1 tablespoon,15.0
FNDDS:2708503,1 jar / tub,110.0
FNDDS:2708504,1 tablespoon,15.0
FNDDS:2708504,1 pouch,110.0
FNDDS:2708504,1 jar / tub,110.0
FNDDS:2708505,1 cup,170.0
FNDDS:2708506,1 cup,150.0
FNDDS:2708507,1 cup,120.0
FNDDS:2708507,1 pizza,100.0
FNDDS:2708508,1 small taco salad,237.0
FNDDS:2708508,1 cup,122.0
FNDDS:2708508,1 medium taco salad,315.0
FNDDS:2708508,1 large taco salad,393.0
FNDDS:2708508,"1 taco salad, NS as to size",315.0
FNDDS:2708508,1 Taco Bell taco salad,420.0
FNDDS:2708509,1 small taco salad,240.0
FNDDS:2708509,"1 taco salad, NS as to size",320.0
FNDDS:2708509,1 large taco salad,400.0
FNDDS:2708509,1 medium taco salad,320.0
FNDDS:2708509,1 cup,122.0
FNDDS:2708510,1 medium taco salad,311.0
FNDDS:2708510,1 large taco salad,388.0
FNDDS:2708510,"1 taco salad, NS as to size",311.0
FNDDS:2708510,1 cup,122.0
FNDDS:2708510,1 small taco salad,234.0
FNDDS:2708511,"1 taco salad, NS as to size",358.0
FNDDS:2708511,1 large taco salad,447.0
FNDDS:2708511,1 cup,122.0
FNDDS:2708511,1 small taco salad,264.0
FNDDS:2708511,1 medium taco salad,358.0
FNDDS:2708512,1 small taco salad,273.0
FNDDS:2708512,"1 taco salad, NS as to size",363.0
FNDDS:2708512,1 medium taco salad,363.0
FNDDS:2708512,1 large taco salad,453.0
FNDDS:2708512,1 cup,122.0
FNDDS:2708513,"1 taco salad, NS as to size",354.0
FNDDS:2708513,1 cup,122.0
FNDDS:2708513,1 large taco salad,442.0
FNDDS:2708513,1 medium taco salad,354.0
FNDDS:2708513,1 small taco salad,266.0
FNDDS:2708514,1 large,160.0
FNDDS:2708514,1 small/regular,105.0
FNDDS:2708514,1 cup,120.0
FNDDS:2708514,1 miniature,50.0
FNDDS:2708515,1 small/regular,105.0
FNDDS:2708515,1 miniature,50.0
FNDDS:2708515,1 large,160.0
FNDDS:2708515,1 cup,120.0
FNDDS:2708516,1 small/regular,105.0
FNDDS:2708516,1 large,160.0
FNDDS:2708516,1 miniature,50.0
FNDDS:2708516,1 cup,120.0
FNDDS:2708517,1 small/regular,105.0
FNDDS:2708517,1 cup,120.0
FNDDS:2708517,1 large,160.0
FNDDS:2708517,1 miniature,50.0
FNDDS:2708518,1 miniature,50.0
FNDDS:2708518,1 large,160.0
FNDDS:2708518,1 small/regular,105.0
FNDDS:2708518,1 cup,120.0
FNDDS:2708519,1 small/regular,105.0
FNDDS:2708519,1 cup,120.0
FNDDS:2708519,1 miniature,50.0
FNDDS:2708519,1 large,160.0
FNDDS:2708520,1 large,160.0
FNDDS:2708520,1 cup,120.0
FNDDS:2708520,1 miniature,50.0
FNDDS:2708520,1 small/regular,105.0
FNDDS:2708521,1 cup,120.0
FNDDS:2708521,1 small/regular,105.0
FNDDS:2708521,1 miniature,50.0
FNDDS:2708521,1 large,160.0
FNDDS:2708522,1 small/regular,105.0
FNDDS:2708522,1 large,160.0
FNDDS:2708522,1 miniature,50.0
FNDDS:2708522,1 cup,120.0
FNDDS:2708523,1 small/regular,105.0
FNDDS:2708523,1 cup,120.0
FNDDS:2708523,1 large,160.0
FNDDS:2708523,1 miniature,50.0
FNDDS:2708524,1 miniature,50.0
FNDDS:2708524,1 large,160.0
FNDDS:2708524,1 cup,120.0
FNDDS:2708524,1 small/regular,105.0
FNDDS:2708525,1 cup,120.0
FNDDS:2708525,1 small/regular,105.0
FNDDS:2708525,1 large,160.0
FNDDS:2708525,1 miniature,50.0
FNDDS:2708526,1 large,160.0
FNDDS:2708526,1 cup,120.0
FNDDS:2708526,1 small/regular,105.0
FNDDS:2708526,1 miniature,50.0
FNDDS:2708527,1 cup,120.0
FNDDS:2708527,1 small/regular,105.0
FNDDS:2708527,1 large,160.0
FNDDS:2708527,1 miniature,50.0
FNDDS:2708528,1 small/regular,105.0
FNDDS:2708528,1 large,160.0
FNDDS:2708528,1 miniature,50.0
FNDDS:2708528,1 cup,120.0
FNDDS:2708529,1 cup,120.0
FNDDS:2708529,1 small/regular,100.0
FNDDS:2708529,1 miniature,50.0
FNDDS:2708529,1 large,150.0
FNDDS:2708530,1 miniature,50.0
FNDDS:2708530,1 large,150.0
FNDDS:2708530,1 small/regular,100.0
FNDDS:2708530,1 cup,120.0
FNDDS:2708531,1 cup,120.0
FNDDS:2708531,1 miniature,50.0
FNDDS:2708531,1 large,150.0
FNDDS:2708531,1 small/regular,100.0
FNDDS:2708532,1 miniature,50.0
FNDDS:2708532,1 large,150.0
FNDDS:2708532,1 small/regular,100.0
FNDDS:2708532,1 cup,120.0
FNDDS:2708533,1 cup,120.0
FNDDS:2708533,1 miniature,35.0
FNDDS:2708533,1 small/regular,70.0
FNDDS:2708533,1 large,140.0
FNDDS:2708534,1 cup,120.0
FNDDS:2708534,1 small/regular,220.0
FNDDS:2708534,1 large,330.0
FNDDS:2708534,1 miniature,110.0
FNDDS:2708535,1 cup,120.0
FNDDS:2708535,1 miniature,95.0
FNDDS:2708535,1 small/regular,190.0
FNDDS:2708535,1 large,285.0
FNDDS:2708536,1 large,330.0
FNDDS:2708536,1 small/regular,220.0
FNDDS:2708536,1 miniature,110.0
FNDDS:2708536,1 cup,120.0
FNDDS:2708537,1 small/regular,220.0
FNDDS:2708537,1 miniature,110.0
FNDDS:2708537,1 cup,120.0
FNDDS:2708537,1 large,330.0
FNDDS:2708538,1 miniature,110.0
FNDDS:2708538,1 small/regular,220.0
FNDDS:2708538,1 large,330.0
FNDDS:2708538,1 cup,120.0
FNDDS:2708539,1 large,285.0
FNDDS:2708539,1 cup,120.0
FNDDS:2708539,1 small/regular,190.0
FNDDS:2708539,1 miniature,95.0
FNDDS:2708540,1 cup,120.0
FNDDS:2708540,1 small/regular,220.0
FNDDS:2708540,1 large,330.0
FNDDS:2708540,1 miniature,110.0
FNDDS:2708541,1 large,330.0
FNDDS:2708541,1 cup,120.0
FNDDS:2708541,1 small/regular,220.0
FNDDS:2708541,1 miniature,110.0
FNDDS:2708542,1 cup,120.0
FNDDS:2708542,1 large,330.0
FNDDS:2708542,1 miniature,110.0
FNDDS:2708542,1 small/regular,220.0
FNDDS:2708543,1 miniature,110.0
FNDDS:2708543,1 cup,120.0
FNDDS:2708543,1 small/regular,220.0
FNDDS:2708543,1 large,330.0
FNDDS:2708544,1 small/regular,220.0
FNDDS:2708544,1 cup,120.0
FNDDS:2708544,1 miniature,110.0
FNDDS:2708544,1 large,330.0
FNDDS:2708545,1 miniature,110.0
FNDDS:2708545,1 cup,120.0
FNDDS:2708545,1 small/regular,220.0
FNDDS:2708545,1 large,330.0
FNDDS:2708546,1 miniature,110.0
FNDDS:2708546,1 large,330.0
FNDDS:2708546,1 cup,120.0
FNDDS:2708546,1 small/regular,220.0
FNDDS:2708547,1 large,330.0
FNDDS:2708547,1 small/regular,220.0
FNDDS:2708547,1 cup,120.0
FNDDS:2708547,1 miniature,110.0
FNDDS:2708548,1 miniature,95.0
FNDDS:2708548,1 large,285.0
FNDDS:2708548,1 small/regular,190.0
FNDDS:2708548,1 cup,120.0
FNDDS:2708549,1 large,330.0
FNDDS:2708549,1 miniature,110.0
FNDDS:2708549,1 small/regular,220.0
FNDDS:2708549,1 cup,120.0
FNDDS:2708550,1 miniature,110.0
FNDDS:2708550,1 cup,120.0
FNDDS:2708550,1 small/regular,220.0
FNDDS:2708550,1 large,330.0
FNDDS:2708551,1 miniature,110.0
FNDDS:2708551,1 cup,120.0
FNDDS:2708551,1 large,330.0
FNDDS:2708551,1 small/regular,220.0
FNDDS:2708552,1 miniature,110.0
FNDDS:2708552,1 cup,120.0
FNDDS:2708552,1 large,330.0
FNDDS:2708552,1 small/regular,220.0
FNDDS:2708553,1 miniature,110.0
FNDDS:2708553,1 small/regular,220.0
FNDDS:2708553,1 cup,120.0
FNDDS:2708553,1 large,330.0
FNDDS:2708554,1 miniature,75.0
FNDDS:2708554,1 small/regular,150.0
FNDDS:2708554,1 cup,120.0
FNDDS:2708554,1 large,225.0
FNDDS:2708555,"1 item, any size",270.0
FNDDS:2708555,1 cup,120.0
FNDDS:2708556,1 cup,120.0
FNDDS:2708556,"1 item, any size",225.0
FNDDS:2708557,1 cup,120.0
FNDDS:2708557,"1 item, any size",270.0
FNDDS:2708558,"1 item, any size",270.0
FNDDS:2708558,1 cup,120.0
FNDDS:2708559,"1 item, any size",315.0
FNDDS:2708559,1 cup,120.0
FNDDS:2708560,1 cup,120.0
FNDDS:2708560,"1 item, any size",225.0
FNDDS:2708561,1 cup,120.0
FNDDS:2708561,"1 item, any size",270.0
FNDDS:2708562,1 cup,120.0
FNDDS:2708562,"1 item, any size",270.0
FNDDS:2708563,1 cup,120.0
FNDDS:2708563,"1 item, any size",315.0
FNDDS:2708564,"1 item, any size",225.0
FNDDS:2708564,1 cup,120.0
FNDDS:2708565,1 cup,170.0
FNDDS:2708565,"1 enchilada, any size",150.0
FNDDS:2708566,1 cup,170.0
FNDDS:2708566,"1 enchilada, any size",150.0
FNDDS:2708567,1 cup,170.0
FNDDS:2708567,"1 enchilada, any size",150.0
FNDDS:2708568,"1 enchilada, any size",150.0
FNDDS:2708568,1 cup,170.0
FNDDS:2708569,"1 enchilada, any size",150.0
FNDDS:2708569,1 cup,170.0
FNDDS:2708570,1 cup,170.0
FNDDS:2708570,"1 item, any size",140.0
FNDDS:2708571,1 cup,170.0
FNDDS:2708571,"1 item, any size",140.0
FNDDS:2708572,1 cup,170.0
FNDDS:2708572,"1 item, any size",140.0
FNDDS:2708573,1 cup,170.0
FNDDS:2708573,"1 item, any size",140.0
FNDDS:2708574,1 cup,170.0
FNDDS:2708574,"1 item, any size",140.0
FNDDS:2708575,1 cup,250.0
FNDDS:2708576,1 order,250.0
FNDDS:2708576,"1 item, any size",250.0
FNDDS:2708576,1 cup,135.0
FNDDS:2708576,1 chip,7.0
FNDDS:2708577,"1 item, any size",250.0
FNDDS:2708577,1 chip,7.0
FNDDS:2708577,1 cup,135.0
FNDDS:2708577,1 order,250.0
FNDDS:2708578,1 chip,7.0
FNDDS:2708578,1 cup,135.0
FNDDS:2708578,"1 item, any size",250.0
FNDDS:2708578,1 order,250.0
FNDDS:2708579,1 order,250.0
FNDDS:2708579,1 chip,7.0
FNDDS:2708579,"1 item, any size",250.0
FNDDS:2708579,1 cup,135.0
FNDDS:2708580,1 order,250.0
FNDDS:2708580,1 cup,135.0
FNDDS:2708580,"1 item, any size",250.0
FNDDS:2708580,1 chip,7.0
FNDDS:2708581,"1 item, any size",250.0
FNDDS:2708581,1 order,250.0
FNDDS:2708581,1 chip,7.0
FNDDS:2708581,1 cup,135.0
FNDDS:2708582,"1 item, any size",250.0
FNDDS:2708582,1 cup,135.0
FNDDS:2708582,1 order,250.0
FNDDS:2708582,1 chip,7.0
FNDDS:2708583,"1 item, any size",125.0
FNDDS:2708583,1 cup,120.0
FNDDS:2708584,"1 item, any size",175.0
FNDDS:2708584,1 cup,120.0
FNDDS:2708585,1 cup,120.0
FNDDS:2708585,"1 item, any size",175.0
FNDDS:2708586,1 cup,120.0
FNDDS:2708586,"1 item, any size",175.0
FNDDS:2708587,"1 item, any size",190.0
FNDDS:2708587,1 cup,120.0
FNDDS:2708588,"1 item, any size",190.0
FNDDS:2708588,1 cup,120.0
FNDDS:2708589,"1 item, any size",190.0
FNDDS:2708589,1 cup,120.0
FNDDS:2708590,1 triangular piece,35.0
FNDDS:2708590,1 half circle,70.0
FNDDS:2708590,1 full circle,140.0
FNDDS:2708590,1 cup,95.0
FNDDS:2708591,1 triangular piece,30.0
FNDDS:2708591,1 half circle,60.0
FNDDS:2708591,1 full circle,120.0
FNDDS:2708591,1 cup,95.0
FNDDS:2708592,1 cup,95.0
FNDDS:2708592,1 triangular piece,35.0
FNDDS:2708592,1 full circle,140.0
FNDDS:2708592,1 half circle,70.0
FNDDS:2708593,1 full circle,140.0
FNDDS:2708593,1 cup,95.0
FNDDS:2708593,1 half circle,70.0
FNDDS:2708593,1 triangular piece,35.0
FNDDS:2708594,1 triangular piece,35.0
FNDDS:2708594,1 half circle,70.0
FNDDS:2708594,1 cup,95.0
FNDDS:2708594,1 full circle,140.0
FNDDS:2708595,1 half circle,80.0
FNDDS:2708595,1 triangular piece,40.0
FNDDS:2708595,1 full circle,160.0
FNDDS:2708595,1 cup,95.0
FNDDS:2708596,1 full circle,160.0
FNDDS:2708596,1 triangular piece,40.0
FNDDS:2708596,1 cup,95.0
FNDDS:2708596,1 half circle,80.0
FNDDS:2708597,1 full circle,140.0
FNDDS:2708597,1 cup,95.0
FNDDS:2708597,1 triangular piece,35.0
FNDDS:2708597,1 half circle,70.0
FNDDS:2708598,1 triangular piece,35.0
FNDDS:2708598,1 half circle,70.0
FNDDS:2708598,1 cup,95.0
FNDDS:2708598,1 full circle,140.0
FNDDS:2708599,1 cup,120.0
FNDDS:2708599,1 large taquito,105.0
FNDDS:2708599,1 miniature taquito,35.0
FNDDS:2708599,"1 flauta, any size",105.0
FNDDS:2708599,1 small/regular taquito,70.0
FNDDS:2708600,1 large taquito,105.0
FNDDS:2708600,"1 flauta, any size",105.0
FNDDS:2708600,1 miniature taquito,35.0
FNDDS:2708600,1 small/regular taquito,70.0
FNDDS:2708600,1 cup,120.0
FNDDS:2708601,1 small/regular taquito,70.0
FNDDS:2708601,1 miniature taquito,35.0
FNDDS:2708601,"1 flauta, any size",105.0
FNDDS:2708601,1 large taquito,105.0
FNDDS:2708601,1 cup,120.0
FNDDS:2708602,1 large taquito,105.0
FNDDS:2708602,"1 flauta, any size",105.0
FNDDS:2708602,1 cup,120.0
FNDDS:2708602,1 miniature taquito,35.0
FNDDS:2708602,1 small/regular taquito,70.0
FNDDS:2708603,1 cup,120.0
FNDDS:2708603,1 fajita,95.0
FNDDS:2708604,1 fajita,95.0
FNDDS:2708604,1 cup,120.0
FNDDS:2708605,1 fajita,95.0
FNDDS:2708605,1 cup,120.0
FNDDS:2708606,1 fajita,95.0
FNDDS:2708606,1 cup,120.0
FNDDS:2708607,1 cup,120.0
FNDDS:2708607,1 fajita,95.0
FNDDS:2708608,1 cup,170.0
FNDDS:2708608,"1 item, any size",100.0
FNDDS:2708609,1 cup,170.0
FNDDS:2708609,"1 item, any size",130.0
FNDDS:2708610,"1 item, any size",130.0
FNDDS:2708610,1 cup,170.0
FNDDS:2708611,1 cup,170.0
FNDDS:2708611,"1 item, any size",130.0
FNDDS:2708612,"1 frozen personal size pizza (5-7"" diameter)",209.0
FNDDS:2708612,"1 frozen small pizza (8-10"" diameter)",320.0
FNDDS:2708612,"1 frozen medium pizza (11-13"" diameter)",581.0
FNDDS:2708612,1 Weight Watchers pizza,170.0
FNDDS:2708612,"1 piece, NFS",97.0
FNDDS:2708612,1 surface inch,5.1
FNDDS:2708612,"1 frozen large pizza (14-16"" diameter)",901.0
FNDDS:2708613,1 surface inch,7.1
FNDDS:2708613,1/2 bagel,93.0
FNDDS:2708613,1 French bread,147.0
FNDDS:2708613,1/2 English muffin,54.0
FNDDS:2708613,"1 frozen medium pizza (11-13"" diameter)",799.0
FNDDS:2708613,"1 piece, NFS",133.0
FNDDS:2708613,1 Bagel Bite,22.0
FNDDS:2708613,"1 frozen large pizza (14-16"" diameter)",1255.0
FNDDS:2708613,"1 frozen personal size pizza (5-7"" diameter)",260.0
FNDDS:2708613,"1 frozen small pizza (8-10"" diameter)",452.0
FNDDS:2708614,"1 piece, large pizza",119.0
FNDDS:2708614,"1 extra-large pizza (16-18"" diameter)",1278.0
FNDDS:2708614,1 surface inch,6.2
FNDDS:2708614,"1 medium pizza (11-12"" diameter)",691.0
FNDDS:2708614,"1 piece, extra-large pizza",128.0
FNDDS:2708614,"1 large pizza (13-15"" diameter)",954.0
FNDDS:2708614,"1 small pizza (8-10"" diameter)",480.0
FNDDS:2708614,"1 piece, small pizza",80.0
FNDDS:2708614,"1 piece, NFS",119.0
FNDDS:2708614,"1 piece, medium pizza",86.0
FNDDS:2708614,"1 personal size pizza (5-7"" diameter)",175.0
FNDDS:2708615,"1 piece, large pizza",86.0
FNDDS:2708615,"1 piece, NFS",86.0
FNDDS:2708615,"1 medium pizza (11-12"" diameter)",500.0
FNDDS:2708615,"1 large pizza (13-15"" diameter)",691.0
FNDDS:2708615,"1 small pizza (8-10"" diameter)",353.0
FNDDS:2708615,"1 piece, small pizza",59.0
FNDDS:2708615,"1 extra-large pizza (16-18"" diameter)",977.0
FNDDS:2708615,"1 piece, medium pizza",63.0
FNDDS:2708615,1 surface inch,4.5
FNDDS:2708615,"1 piece, extra-large pizza",98.0
FNDDS:2708615,"1 personal size pizza (5-7"" diameter)",127.0
FNDDS:2708616,"1 piece, medium pizza",86.0
FNDDS:2708616,"1 medium pizza (11-12"" diameter)",691.0
FNDDS:2708616,"1 piece, small pizza",80.0
FNDDS:2708616,"1 piece, NFS",119.0
FNDDS:2708616,"1 piece, large pizza",119.0
FNDDS:2708616,"1 personal size pizza (5-7"" diameter)",175.0
FNDDS:2708616,"1 large pizza (13-15"" diameter)",954.0
FNDDS:2708616,"1 extra-large pizza (16-18"" diameter)",1278.0
FNDDS:2708616,"1 piece, extra-large pizza",128.0
FNDDS:2708616,1 surface inch,6.2
FNDDS:2708616,"1 small pizza (8-10"" diameter)",480.0
FNDDS:2708617,"1 piece, small pizza",90.0
FNDDS:2708617,"1 extra-large pizza (16-18"" diameter)",1387.0
FNDDS:2708617,"1 large pizza (13-15"" diameter)",1060.0
FNDDS:2708617,"1 piece, large pizza",132.0
FNDDS:2708617,"1 piece, extra-large pizza",139.0
FNDDS:2708617,1 surface inch,6.9
FNDDS:2708617,1/2 bagel,93.0
FNDDS:2708617,"1 medium pizza (11-12"" diameter)",744.0
FNDDS:2708617,"1 piece, NFS",132.0
FNDDS:2708617,"1 piece, medium pizza",93.0
FNDDS:2708617,1 French bread,147.0
FNDDS:2708617,"1 personal size pizza (5-7"" diameter)",224.0
FNDDS:2708617,"1 small pizza (8-10"" diameter)",542.0
FNDDS:2708617,1/2 English muffin,54.0
FNDDS:2708618,"1 personal size pizza (5-7"" diameter)",240.0
FNDDS:2708618,"1 medium pizza (11-12"" diameter)",800.0
FNDDS:2708618,"1 piece, medium pizza",100.0
FNDDS:2708618,"1 piece, large pizza",148.0
FNDDS:2708618,1 surface inch,7.7
FNDDS:2708618,"1 large pizza (13-15"" diameter)",1184.0
FNDDS:2708618,"1 piece, NFS",148.0
FNDDS:2708619,1 surface inch,5.8
FNDDS:2708619,"1 personal size pizza (5-7"" diameter)",170.0
FNDDS:2708619,"1 piece, NFS",147.0
FNDDS:2708620,1 surface inch,5.6
FNDDS:2708620,"1 personal size pizza (5-7"" diameter)",128.0
FNDDS:2708620,"1 piece, NFS",142.0
FNDDS:2708621,"1 piece, NFS",158.0
FNDDS:2708621,1 French bread,143.0
FNDDS:2708621,"1 personal size pizza (5-7"" diameter)",178.0
FNDDS:2708621,1 surface inch,6.3
FNDDS:2708621,1/2 English muffin,54.0
FNDDS:2708621,1/2 bagel,142.0
FNDDS:2708622,"1 extra-large pizza (16-18"" diameter)",1056.0
FNDDS:2708622,"1 piece, medium pizza",66.0
FNDDS:2708622,"1 large pizza (13-15"" diameter)",732.0
FNDDS:2708622,"1 personal size pizza (5-7"" diameter)",136.0
FNDDS:2708622,1 surface inch,4.8
FNDDS:2708622,"1 piece, large pizza",92.0
FNDDS:2708622,"1 piece, NFS",92.0
FNDDS:2708622,"1 piece, small pizza",63.0
FNDDS:2708622,"1 piece, extra-large pizza",106.0
FNDDS:2708622,"1 medium pizza (11-12"" diameter)",528.0
FNDDS:2708622,"1 small pizza (8-10"" diameter)",377.0
FNDDS:2708623,"1 medium pizza (11-12"" diameter)",792.0
FNDDS:2708623,"1 piece, NFS",141.0
FNDDS:2708623,1/2 English muffin,58.0
FNDDS:2708623,"1 piece, medium pizza",99.0
FNDDS:2708623,"1 piece, large pizza",141.0
FNDDS:2708623,1/2 bagel,98.0
FNDDS:2708623,"1 small pizza (8-10"" diameter)",565.0
FNDDS:2708623,"1 extra-large pizza (16-18"" diameter)",1448.0
FNDDS:2708623,1 surface inch,7.2
FNDDS:2708623,"1 large pizza (13-15"" diameter)",1112.0
FNDDS:2708623,"1 piece, extra-large pizza",145.0
FNDDS:2708623,"1 piece, small pizza",94.0
FNDDS:2708623,"1 personal size pizza (5-7"" diameter)",232.0
FNDDS:2708623,1 French bread,154.0
FNDDS:2708624,"1 frozen small pizza (8-10"" diameter)",369.0
FNDDS:2708624,"1 frozen personal size pizza (5-7"" diameter)",173.0
FNDDS:2708624,"1 piece, NFS",109.0
FNDDS:2708624,"1 frozen large pizza (14-16"" diameter)",1025.0
FNDDS:2708624,"1 frozen medium pizza (11-13"" diameter)",652.0
FNDDS:2708624,1 surface inch,5.8
FNDDS:2708625,"1 piece, NFS",143.0
FNDDS:2708625,"1 frozen large pizza (14-16"" diameter)",1343.0
FNDDS:2708625,"1 frozen personal size pizza (5-7"" diameter)",215.0
FNDDS:2708625,1 French bread,165.0
FNDDS:2708625,"1 frozen small pizza (8-10"" diameter)",483.0
FNDDS:2708625,1/2 English muffin,58.0
FNDDS:2708625,1 surface inch,7.6
FNDDS:2708625,1/2 bagel,100.0
FNDDS:2708625,"1 frozen medium pizza (11-13"" diameter)",859.0
FNDDS:2708626,"1 piece, large pizza",100.0
FNDDS:2708626,"1 large pizza (13-15"" diameter)",803.0
FNDDS:2708626,"1 piece, medium pizza",73.0
FNDDS:2708626,"1 extra-large pizza (16-18"" diameter)",1123.0
FNDDS:2708626,"1 medium pizza (11-12"" diameter)",584.0
FNDDS:2708626,"1 piece, small pizza",68.0
FNDDS:2708626,1 surface inch,5.2
FNDDS:2708626,"1 piece, extra-large pizza",112.0
FNDDS:2708626,"1 personal size pizza (5-7"" diameter)",149.0
FNDDS:2708626,"1 piece, NFS",100.0
FNDDS:2708626,"1 small pizza (8-10"" diameter)",409.0
FNDDS:2708627,"1 piece, large pizza",133.0
FNDDS:2708627,1 surface inch,6.9
FNDDS:2708627,"1 large pizza (13-15"" diameter)",1066.0
FNDDS:2708627,"1 medium pizza (11-12"" diameter)",775.0
FNDDS:2708627,"1 piece, medium pizza",97.0
FNDDS:2708627,"1 extra-large pizza (16-18"" diameter)",1326.0
FNDDS:2708627,"1 piece, NFS",133.0
FNDDS:2708627,"1 personal size pizza (5-7"" diameter)",191.0
FNDDS:2708627,"1 piece, small pizza",89.0
FNDDS:2708627,"1 piece, extra-large pizza",133.0
FNDDS:2708627,"1 small pizza (8-10"" diameter)",536.0
FNDDS:2708628,"1 small pizza (8-10"" diameter)",566.0
FNDDS:2708628,1 surface inch,7.7
FNDDS:2708628,"1 medium pizza (11-12"" diameter)",828.0
FNDDS:2708628,"1 piece, large pizza",149.0
FNDDS:2708628,"1 personal size pizza (5-7"" diameter)",240.0
FNDDS:2708628,1/2 bagel,105.0
FNDDS:2708628,"1 piece, small pizza",94.0
FNDDS:2708628,"1 extra-large pizza (16-18"" diameter)",1548.0
FNDDS:2708628,1/2 English muffin,57.0
FNDDS:2708628,1 French bread,165.0
FNDDS:2708628,"1 piece, extra-large pizza",155.0
FNDDS:2708628,"1 large pizza (13-15"" diameter)",1192.0
FNDDS:2708628,"1 piece, NFS",149.0
FNDDS:2708628,"1 piece, medium pizza",104.0
FNDDS:2708629,1 surface inch,6.2
FNDDS:2708629,"1 medium pizza (11-12"" diameter)",692.0
FNDDS:2708629,"1 piece, large pizza",120.0
FNDDS:2708629,"1 small pizza (8-10"" diameter)",394.0
FNDDS:2708629,"1 personal size pizza (5-7"" diameter)",175.0
FNDDS:2708629,"1 extra-large pizza (16-18"" diameter)",1246.0
FNDDS:2708629,"1 piece, small pizza",66.0
FNDDS:2708629,"1 piece, extra-large pizza",125.0
FNDDS:2708629,"1 large pizza (13-15"" diameter)",960.0
FNDDS:2708629,"1 piece, medium pizza",86.0
FNDDS:2708629,"1 piece, NFS",120.0
FNDDS:2708630,"1 medium pizza (11-12"" diameter)",861.0
FNDDS:2708630,1 surface inch,7.9
FNDDS:2708630,"1 piece, NFS",152.0
FNDDS:2708630,"1 piece, large pizza",152.0
FNDDS:2708630,"1 piece, medium pizza",108.0
FNDDS:2708630,"1 piece, extra-large pizza",165.0
FNDDS:2708630,"1 large pizza (13-15"" diameter)",1218.0
FNDDS:2708630,"1 personal size pizza (5-7"" diameter)",223.0
FNDDS:2708630,"1 small pizza (8-10"" diameter)",503.0
FNDDS:2708630,"1 extra-large pizza (16-18"" diameter)",1588.0
FNDDS:2708630,"1 piece, small pizza",84.0
FNDDS:2708631,1/2 English muffin,63.0
FNDDS:2708631,"1 piece, small pizza",105.0
FNDDS:2708631,"1 piece, medium pizza",110.0
FNDDS:2708631,"1 personal size pizza (5-7"" diameter)",252.0
FNDDS:2708631,1 French bread,171.0
FNDDS:2708631,"1 medium pizza (11-12"" diameter)",880.0
FNDDS:2708631,1 surface inch,8.0
FNDDS:2708631,"1 piece, NFS",155.0
FNDDS:2708631,"1 large pizza (13-15"" diameter)",1236.0
FNDDS:2708631,"1 piece, large pizza",155.0
FNDDS:2708631,1/2 bagel,108.0
FNDDS:2708631,"1 small pizza (8-10"" diameter)",628.0
FNDDS:2708631,"1 piece, extra-large pizza",161.0
FNDDS:2708631,"1 extra-large pizza (16-18"" diameter)",1608.0
FNDDS:2708632,"1 extra-large pizza (16-18"" diameter)",1117.0
FNDDS:2708632,"1 piece, medium pizza",76.0
FNDDS:2708632,"1 large pizza (13-15"" diameter)",835.0
FNDDS:2708632,1 surface inch,5.4
FNDDS:2708632,"1 piece, small pizza",71.0
FNDDS:2708632,"1 piece, large pizza",104.0
FNDDS:2708632,"1 personal size pizza (5-7"" diameter)",156.0
FNDDS:2708632,"1 small pizza (8-10"" diameter)",425.0
FNDDS:2708632,"1 piece, NFS",104.0
FNDDS:2708632,"1 piece, extra-large pizza",112.0
FNDDS:2708632,"1 medium pizza (11-12"" diameter)",608.0
FNDDS:2708633,"1 small pizza (8-10"" diameter)",552.0
FNDDS:2708633,"1 piece, small pizza",92.0
FNDDS:2708633,"1 large pizza (13-15"" diameter)",1098.0
FNDDS:2708633,"1 personal size pizza (5-7"" diameter)",204.0
FNDDS:2708633,"1 piece, extra-large pizza",137.0
FNDDS:2708633,"1 extra-large pizza (16-18"" diameter)",1367.0
FNDDS:2708633,"1 piece, NFS",137.0
FNDDS:2708633,"1 medium pizza (11-12"" diameter)",799.0
FNDDS:2708633,1 surface inch,7.1
FNDDS:2708633,"1 piece, large pizza",137.0
FNDDS:2708633,"1 piece, medium pizza",100.0
FNDDS:2708634,1 French bread,167.0
FNDDS:2708634,"1 large pizza (13-15"" diameter)",1204.0
FNDDS:2708634,"1 piece, medium pizza",106.0
FNDDS:2708634,"1 personal size pizza (5-7"" diameter)",253.0
FNDDS:2708634,"1 piece, NFS",150.0
FNDDS:2708634,1/2 bagel,106.0
FNDDS:2708634,"1 medium pizza (11-12"" diameter)",852.0
FNDDS:2708634,"1 extra-large pizza (16-18"" diameter)",1608.0
FNDDS:2708634,"1 small pizza (8-10"" diameter)",614.0
FNDDS:2708634,"1 piece, large pizza",150.0
FNDDS:2708634,"1 piece, extra-large pizza",161.0
FNDDS:2708634,1 surface inch,8.0
FNDDS:2708634,"1 piece, small pizza",102.0
FNDDS:2708634,1/2 English muffin,61.0
FNDDS:2708635,"1 frozen small pizza (8-10"" diameter)",320.0
FNDDS:2708635,1 surface inch,5.1
FNDDS:2708635,"1 frozen large pizza (14-16"" diameter)",901.0
FNDDS:2708635,"1 frozen medium pizza (11-13"" diameter)",581.0
FNDDS:2708635,"1 frozen personal size pizza (5-7"" diameter)",209.0
FNDDS:2708635,"1 piece, NFS",97.0
FNDDS:2708636,"1 frozen small pizza (8-10"" diameter)",340.0
FNDDS:2708636,"1 piece, NFS",102.0
FNDDS:2708636,"1 frozen personal size pizza (5-7"" diameter)",238.0
FNDDS:2708636,1 surface inch,5.4
FNDDS:2708636,"1 frozen large pizza (14-16"" diameter)",961.0
FNDDS:2708636,"1 frozen medium pizza (11-13"" diameter)",607.0
FNDDS:2708637,"1 frozen small pizza (8-10"" diameter)",377.0
FNDDS:2708637,1/2 English muffin,59.0
FNDDS:2708637,"1 piece, NFS",144.0
FNDDS:2708637,"1 frozen large pizza (14-16"" diameter)",1361.0
FNDDS:2708637,1 Bagel Bite,22.0
FNDDS:2708637,1/2 bagel,101.0
FNDDS:2708637,"1 frozen medium pizza (11-13"" diameter)",864.0
FNDDS:2708637,"1 frozen personal size pizza (5-7"" diameter)",263.0
FNDDS:2708637,1 surface inch,7.7
FNDDS:2708637,1 French bread,174.0
FNDDS:2708638,"1 medium pizza (11-12"" diameter)",707.0
FNDDS:2708638,1 surface inch,6.5
FNDDS:2708638,"1 piece, medium pizza",88.0
FNDDS:2708638,"1 large pizza (13-15"" diameter)",996.0
FNDDS:2708638,"1 small pizza (8-10"" diameter)",516.0
FNDDS:2708638,"1 piece, extra-large pizza",134.0
FNDDS:2708638,"1 personal size pizza (5-7"" diameter)",184.0
FNDDS:2708638,"1 extra-large pizza (16-18"" diameter)",1338.0
FNDDS:2708638,"1 piece, large pizza",124.0
FNDDS:2708638,"1 piece, NFS",124.0
FNDDS:2708638,"1 piece, small pizza",86.0
FNDDS:2708639,"1 piece, small pizza",62.0
FNDDS:2708639,"1 small pizza (8-10"" diameter)",369.0
FNDDS:2708639,"1 personal size pizza (5-7"" diameter)",133.0
FNDDS:2708639,"1 piece, medium pizza",66.0
FNDDS:2708639,"1 extra-large pizza (16-18"" diameter)",1046.0
FNDDS:2708639,"1 large pizza (13-15"" diameter)",728.0
FNDDS:2708639,"1 piece, large pizza",91.0
FNDDS:2708639,1 surface inch,4.9
FNDDS:2708639,"1 piece, extra-large pizza",105.0
FNDDS:2708639,"1 piece, NFS",91.0
FNDDS:2708639,"1 medium pizza (11-12"" diameter)",528.0
FNDDS:2708640,1 surface inch,6.5
FNDDS:2708640,"1 piece, medium pizza",88.0
FNDDS:2708640,"1 medium pizza (11-12"" diameter)",707.0
FNDDS:2708640,"1 large pizza (13-15"" diameter)",996.0
FNDDS:2708640,"1 piece, large pizza",124.0
FNDDS:2708640,"1 piece, small pizza",86.0
FNDDS:2708640,"1 small pizza (8-10"" diameter)",516.0
FNDDS:2708640,"1 personal size pizza (5-7"" diameter)",184.0
FNDDS:2708640,"1 piece, NFS",124.0
FNDDS:2708640,"1 extra-large pizza (16-18"" diameter)",1338.0
FNDDS:2708640,"1 piece, extra-large pizza",134.0
FNDDS:2708641,"1 piece, large pizza",139.0
FNDDS:2708641,"1 small pizza (8-10"" diameter)",573.0
FNDDS:2708641,"1 piece, small pizza",96.0
FNDDS:2708641,1 French bread,174.0
FNDDS:2708641,"1 piece, extra-large pizza",147.0
FNDDS:2708641,1/2 English muffin,54.0
FNDDS:2708641,1/2 bagel,101.0
FNDDS:2708641,"1 piece, medium pizza",112.0
FNDDS:2708641,"1 medium pizza (11-12"" diameter)",893.0
FNDDS:2708641,"1 personal size pizza (5-7"" diameter)",217.0
FNDDS:2708641,"1 large pizza (13-15"" diameter)",1117.0
FNDDS:2708641,"1 extra-large pizza (16-18"" diameter)",1468.0
FNDDS:2708641,"1 piece, NFS",139.0
FNDDS:2708641,1 surface inch,7.3
FNDDS:2708642,"1 medium pizza (11-12"" diameter)",883.0
FNDDS:2708642,"1 large pizza (13-15"" diameter)",1312.0
FNDDS:2708642,"1 piece, medium pizza",110.0
FNDDS:2708642,"1 piece, NFS",164.0
FNDDS:2708642,1 surface inch,8.5
FNDDS:2708642,"1 piece, large pizza",164.0
FNDDS:2708642,"1 personal size pizza (5-7"" diameter)",240.0
FNDDS:2708643,1 surface inch,5.6
FNDDS:2708643,"1 piece, NFS",142.0
FNDDS:2708643,"1 personal size pizza (5-7"" diameter)",128.0
FNDDS:2708644,"1 personal size pizza (5-7"" diameter)",170.0
FNDDS:2708644,1 surface inch,5.8
FNDDS:2708644,"1 piece, NFS",147.0
FNDDS:2708645,1 French bread,143.0
FNDDS:2708645,1/2 bagel,149.0
FNDDS:2708645,"1 personal size pizza (5-7"" diameter)",178.0
FNDDS:2708645,"1 piece, NFS",158.0
FNDDS:2708645,1 surface inch,6.3
FNDDS:2708645,1/2 English muffin,54.0
FNDDS:2708646,"1 frozen medium pizza (11-13"" diameter)",581.0
FNDDS:2708646,"1 frozen personal size pizza (5-7"" diameter)",209.0
FNDDS:2708646,1 surface inch,5.1
FNDDS:2708646,"1 piece, NFS",97.0
FNDDS:2708646,"1 frozen large pizza (14-16"" diameter)",901.0
FNDDS:2708646,"1 frozen small pizza (8-10"" diameter)",320.0
FNDDS:2708647,"1 frozen personal size pizza (5-7"" diameter)",238.0
FNDDS:2708647,"1 frozen medium pizza (11-13"" diameter)",607.0
FNDDS:2708647,"1 frozen large pizza (14-16"" diameter)",961.0
FNDDS:2708647,"1 piece, NFS",102.0
FNDDS:2708647,1 surface inch,5.4
FNDDS:2708647,"1 frozen small pizza (8-10"" diameter)",340.0
FNDDS:2708648,"1 frozen medium pizza (11-13"" diameter)",864.0
FNDDS:2708648,"1 frozen small pizza (8-10"" diameter)",377.0
FNDDS:2708648,1 French bread,174.0
FNDDS:2708648,1/2 bagel,101.0
FNDDS:2708648,"1 frozen large pizza (14-16"" diameter)",1361.0
FNDDS:2708648,1/2 English muffin,59.0
FNDDS:2708648,1 Bagel Bite,22.0
FNDDS:2708648,1 surface inch,7.7
FNDDS:2708648,"1 piece, NFS",144.0
FNDDS:2708648,"1 frozen personal size pizza (5-7"" diameter)",263.0
FNDDS:2708649,"1 personal size pizza (5-7"" diameter)",203.0
FNDDS:2708649,"1 extra-large pizza (16-18"" diameter)",1428.0
FNDDS:2708649,"1 piece, NFS",138.0
FNDDS:2708649,"1 piece, small pizza",92.0
FNDDS:2708649,"1 piece, large pizza",138.0
FNDDS:2708649,"1 large pizza (13-15"" diameter)",1107.0
FNDDS:2708649,"1 medium pizza (11-12"" diameter)",787.0
FNDDS:2708649,1 surface inch,7.2
FNDDS:2708649,"1 piece, medium pizza",98.0
FNDDS:2708649,"1 small pizza (8-10"" diameter)",552.0
FNDDS:2708649,"1 piece, extra-large pizza",143.0
FNDDS:2708650,"1 large pizza (13-15"" diameter)",829.0
FNDDS:2708650,"1 small pizza (8-10"" diameter)",424.0
FNDDS:2708650,"1 medium pizza (11-12"" diameter)",636.0
FNDDS:2708650,1 surface inch,5.4
FNDDS:2708650,"1 personal size pizza (5-7"" diameter)",153.0
FNDDS:2708650,"1 extra-large pizza (16-18"" diameter)",1085.0
FNDDS:2708650,"1 piece, extra-large pizza",108.0
FNDDS:2708650,"1 piece, small pizza",71.0
FNDDS:2708650,"1 piece, medium pizza",80.0
FNDDS:2708650,"1 piece, large pizza",104.0
FNDDS:2708650,"1 piece, NFS",104.0
FNDDS:2708651,"1 piece, NFS",138.0
FNDDS:2708651,"1 large pizza (13-15"" diameter)",1107.0
FNDDS:2708651,"1 extra-large pizza (16-18"" diameter)",1428.0
FNDDS:2708651,"1 piece, extra-large pizza",143.0
FNDDS:2708651,"1 piece, large pizza",138.0
FNDDS:2708651,"1 medium pizza (11-12"" diameter)",787.0
FNDDS:2708651,"1 small pizza (8-10"" diameter)",552.0
FNDDS:2708651,"1 piece, medium pizza",98.0
FNDDS:2708651,"1 piece, small pizza",92.0
FNDDS:2708651,1 surface inch,7.2
FNDDS:2708651,"1 personal size pizza (5-7"" diameter)",203.0
FNDDS:2708652,"1 personal size pizza (5-7"" diameter)",271.0
FNDDS:2708652,1/2 English muffin,54.0
FNDDS:2708652,"1 small pizza (8-10"" diameter)",628.0
FNDDS:2708652,"1 piece, medium pizza",121.0
FNDDS:2708652,"1 piece, extra-large pizza",161.0
FNDDS:2708652,1 surface inch,8.0
FNDDS:2708652,"1 large pizza (13-15"" diameter)",1224.0
FNDDS:2708652,"1 piece, large pizza",151.0
FNDDS:2708652,"1 medium pizza (11-12"" diameter)",965.0
FNDDS:2708652,"1 piece, NFS",151.0
FNDDS:2708652,1 French bread,174.0
FNDDS:2708652,1/2 bagel,101.0
FNDDS:2708652,"1 extra-large pizza (16-18"" diameter)",1608.0
FNDDS:2708652,"1 piece, small pizza",105.0
FNDDS:2708653,"1 piece, medium pizza",110.0
FNDDS:2708653,"1 medium pizza (11-12"" diameter)",883.0
FNDDS:2708653,1 surface inch,8.5
FNDDS:2708653,"1 personal size pizza (5-7"" diameter)",240.0
FNDDS:2708653,"1 large pizza (13-15"" diameter)",1312.0
FNDDS:2708653,"1 piece, large pizza",164.0
FNDDS:2708653,"1 piece, NFS",164.0
FNDDS:2708654,"1 piece, NFS",147.0
FNDDS:2708654,"1 personal size pizza (5-7"" diameter)",170.0
FNDDS:2708654,1 surface inch,5.8
FNDDS:2708655,"1 piece, NFS",142.0
FNDDS:2708655,"1 personal size pizza (5-7"" diameter)",128.0
FNDDS:2708655,1 surface inch,5.6
FNDDS:2708656,1/2 bagel,149.0
FNDDS:2708656,1/2 English muffin,54.0
FNDDS:2708656,"1 personal size pizza (5-7"" diameter)",178.0
FNDDS:2708656,1 surface inch,6.3
FNDDS:2708656,"1 piece, NFS",158.0
FNDDS:2708656,1 French bread,143.0
FNDDS:2708657,"1 small pizza (8-10"" diameter)",487.0
FNDDS:2708657,"1 large pizza (13-15"" diameter)",957.0
FNDDS:2708657,"1 piece, small pizza",81.0
FNDDS:2708657,"1 piece, NFS",120.0
FNDDS:2708657,"1 extra-large pizza (16-18"" diameter)",1246.0
FNDDS:2708657,1 surface inch,6.2
FNDDS:2708657,"1 piece, medium pizza",90.0
FNDDS:2708657,"1 piece, extra-large pizza",125.0
FNDDS:2708657,"1 medium pizza (11-12"" diameter)",720.0
FNDDS:2708657,"1 personal size pizza (5-7"" diameter)",175.0
FNDDS:2708657,"1 piece, large pizza",120.0
FNDDS:2708658,"1 small pizza (8-10"" diameter)",606.0
FNDDS:2708658,"1 medium pizza (11-12"" diameter)",869.0
FNDDS:2708658,"1 large pizza (13-15"" diameter)",1200.0
FNDDS:2708658,"1 piece, large pizza",150.0
FNDDS:2708658,"1 extra-large pizza (16-18"" diameter)",1574.0
FNDDS:2708658,"1 piece, medium pizza",109.0
FNDDS:2708658,"1 piece, NFS",150.0
FNDDS:2708658,1 surface inch,7.8
FNDDS:2708658,"1 piece, extra-large pizza",157.0
FNDDS:2708658,"1 piece, small pizza",101.0
FNDDS:2708658,"1 personal size pizza (5-7"" diameter)",223.0
FNDDS:2708659,"1 piece, extra-large pizza",177.0
FNDDS:2708659,"1 small pizza (8-10"" diameter)",675.0
FNDDS:2708659,"1 personal size pizza (5-7"" diameter)",283.0
FNDDS:2708659,"1 extra-large pizza (16-18"" diameter)",1729.0
FNDDS:2708659,"1 large pizza (13-15"" diameter)",1328.0
FNDDS:2708659,"1 piece, NFS",166.0
FNDDS:2708659,1/2 English muffin,68.0
FNDDS:2708659,1 French bread,184.0
FNDDS:2708659,"1 piece, small pizza",112.0
FNDDS:2708659,"1 piece, medium pizza",131.0
FNDDS:2708659,1 surface inch,8.6
FNDDS:2708659,"1 medium pizza (11-12"" diameter)",1051.0
FNDDS:2708659,1/2 bagel,117.0
FNDDS:2708659,"1 piece, large pizza",166.0
FNDDS:2708660,"1 frozen medium pizza (11-13"" diameter)",615.0
FNDDS:2708660,1 surface inch,5.4
FNDDS:2708660,"1 frozen personal size pizza (5-7"" diameter)",216.0
FNDDS:2708660,"1 frozen small pizza (8-10"" diameter)",330.0
FNDDS:2708660,"1 frozen large pizza (14-16"" diameter)",961.0
FNDDS:2708660,"1 piece, NFS",103.0
FNDDS:2708661,"1 frozen medium pizza (11-13"" diameter)",649.0
FNDDS:2708661,"1 piece, NFS",108.0
FNDDS:2708661,"1 frozen large pizza (14-16"" diameter)",1145.0
FNDDS:2708661,1 surface inch,5.7
FNDDS:2708661,"1 frozen small pizza (8-10"" diameter)",371.0
FNDDS:2708661,"1 frozen personal size pizza (5-7"" diameter)",240.0
FNDDS:2708662,1 French bread,171.0
FNDDS:2708662,1 surface inch,7.7
FNDDS:2708662,"1 frozen medium pizza (11-13"" diameter)",927.0
FNDDS:2708662,1/2 bagel,104.0
FNDDS:2708662,"1 piece, NFS",155.0
FNDDS:2708662,"1 frozen large pizza (14-16"" diameter)",1361.0
FNDDS:2708662,"1 frozen small pizza (8-10"" diameter)",405.0
FNDDS:2708662,1/2 English muffin,63.0
FNDDS:2708662,"1 frozen personal size pizza (5-7"" diameter)",283.0
FNDDS:2708663,"1 piece, extra-large pizza",119.0
FNDDS:2708663,1 surface inch,5.9
FNDDS:2708663,"1 piece, large pizza",113.0
FNDDS:2708663,"1 piece, NFS",113.0
FNDDS:2708663,"1 piece, small pizza",77.0
FNDDS:2708663,"1 piece, medium pizza",82.0
FNDDS:2708663,"1 extra-large pizza (16-18"" diameter)",1186.0
FNDDS:2708663,"1 small pizza (8-10"" diameter)",463.0
FNDDS:2708663,"1 personal size pizza (5-7"" diameter)",169.0
FNDDS:2708663,"1 medium pizza (11-12"" diameter)",656.0
FNDDS:2708663,"1 large pizza (13-15"" diameter)",902.0
FNDDS:2708664,"1 personal size pizza (5-7"" diameter)",212.0
FNDDS:2708664,"1 piece, small pizza",79.0
FNDDS:2708664,1 surface inch,7.5
FNDDS:2708664,"1 large pizza (13-15"" diameter)",1156.0
FNDDS:2708664,"1 piece, extra-large pizza",151.0
FNDDS:2708664,"1 small pizza (8-10"" diameter)",477.0
FNDDS:2708664,"1 medium pizza (11-12"" diameter)",818.0
FNDDS:2708664,"1 extra-large pizza (16-18"" diameter)",1508.0
FNDDS:2708664,"1 piece, medium pizza",102.0
FNDDS:2708664,"1 piece, NFS",144.0
FNDDS:2708664,"1 piece, large pizza",144.0
FNDDS:2708665,"1 piece, extra-large pizza",155.0
FNDDS:2708665,"1 piece, small pizza",101.0
FNDDS:2708665,1 surface inch,7.7
FNDDS:2708665,"1 piece, NFS",149.0
FNDDS:2708665,"1 personal size pizza (5-7"" diameter)",247.0
FNDDS:2708665,"1 piece, medium pizza",118.0
FNDDS:2708665,"1 small pizza (8-10"" diameter)",604.0
FNDDS:2708665,"1 large pizza (13-15"" diameter)",1189.0
FNDDS:2708665,"1 piece, large pizza",149.0
FNDDS:2708665,1/2 English muffin,61.0
FNDDS:2708665,"1 extra-large pizza (16-18"" diameter)",1548.0
FNDDS:2708665,1 French bread,165.0
FNDDS:2708665,"1 medium pizza (11-12"" diameter)",942.0
FNDDS:2708665,1/2 bagel,104.0
FNDDS:2708666,"1 extra-large pizza (16-18"" diameter)",1184.0
FNDDS:2708666,"1 small pizza (8-10"" diameter)",526.0
FNDDS:2708666,"1 piece, small pizza",88.0
FNDDS:2708666,"1 piece, medium pizza",100.0
FNDDS:2708666,"1 piece, NFS",129.0
FNDDS:2708666,"1 medium pizza (11-12"" diameter)",796.0
FNDDS:2708666,1 surface inch,6.7
FNDDS:2708666,"1 large pizza (13-15"" diameter)",1032.0
FNDDS:2708666,"1 personal size pizza (5-7"" diameter)",189.0
FNDDS:2708666,"1 piece, extra-large pizza",135.0
FNDDS:2708666,"1 piece, large pizza",129.0
FNDDS:2708667,"1 personal size pizza (5-7"" diameter)",278.0
FNDDS:2708667,"1 piece, large pizza",173.0
FNDDS:2708667,1/2 bagel,121.0
FNDDS:2708667,1 surface inch,9.0
FNDDS:2708667,"1 medium pizza (11-12"" diameter)",1115.0
FNDDS:2708667,"1 piece, extra-large pizza",181.0
FNDDS:2708667,"1 piece, small pizza",118.0
FNDDS:2708667,1/2 English muffin,71.0
FNDDS:2708667,"1 extra-large pizza (16-18"" diameter)",1810.0
FNDDS:2708667,"1 piece, medium pizza",139.0
FNDDS:2708667,"1 piece, NFS",173.0
FNDDS:2708667,1 French bread,192.0
FNDDS:2708667,"1 large pizza (13-15"" diameter)",1384.0
FNDDS:2708667,"1 small pizza (8-10"" diameter)",706.0
FNDDS:2708668,"1 piece, medium pizza",117.0
FNDDS:2708668,"1 personal size pizza (5-7"" diameter)",235.0
FNDDS:2708668,1 surface inch,8.3
FNDDS:2708668,"1 piece, NFS",159.0
FNDDS:2708668,"1 piece, large pizza",159.0
FNDDS:2708668,"1 medium pizza (11-12"" diameter)",933.0
FNDDS:2708668,"1 large pizza (13-15"" diameter)",1274.0
FNDDS:2708668,"1 piece, extra-large pizza",169.0
FNDDS:2708668,"1 extra-large pizza (16-18"" diameter)",1679.0
FNDDS:2708668,"1 piece, small pizza",107.0
FNDDS:2708668,"1 small pizza (8-10"" diameter)",641.0
FNDDS:2708669,"1 piece, medium pizza",80.0
FNDDS:2708669,"1 piece, small pizza",78.0
FNDDS:2708669,"1 medium pizza (11-12"" diameter)",636.0
FNDDS:2708669,"1 piece, extra-large pizza",121.0
FNDDS:2708669,"1 large pizza (13-15"" diameter)",923.0
FNDDS:2708669,"1 piece, large pizza",115.0
FNDDS:2708669,"1 small pizza (8-10"" diameter)",471.0
FNDDS:2708669,"1 piece, NFS",115.0
FNDDS:2708669,1 surface inch,6.0
FNDDS:2708669,"1 extra-large pizza (16-18"" diameter)",1206.0
FNDDS:2708669,"1 personal size pizza (5-7"" diameter)",170.0
FNDDS:2708670,"1 piece, large pizza",150.0
FNDDS:2708670,"1 piece, extra-large pizza",165.0
FNDDS:2708670,1 surface inch,7.8
FNDDS:2708670,"1 personal size pizza (5-7"" diameter)",220.0
FNDDS:2708670,"1 large pizza (13-15"" diameter)",1198.0
FNDDS:2708670,"1 piece, NFS",150.0
FNDDS:2708670,"1 small pizza (8-10"" diameter)",636.0
FNDDS:2708670,"1 piece, small pizza",106.0
FNDDS:2708670,"1 extra-large pizza (16-18"" diameter)",1649.0
FNDDS:2708670,"1 medium pizza (11-12"" diameter)",845.0
FNDDS:2708670,"1 piece, medium pizza",106.0
FNDDS:2708671,1 French bread,175.0
FNDDS:2708671,"1 personal size pizza (5-7"" diameter)",220.0
FNDDS:2708671,"1 piece, large pizza",157.0
FNDDS:2708671,"1 piece, medium pizza",127.0
FNDDS:2708671,"1 piece, extra-large pizza",181.0
FNDDS:2708671,1/2 English muffin,64.0
FNDDS:2708671,"1 small pizza (8-10"" diameter)",706.0
FNDDS:2708671,"1 large pizza (13-15"" diameter)",1264.0
FNDDS:2708671,"1 piece, small pizza",118.0
FNDDS:2708671,"1 medium pizza (11-12"" diameter)",1013.0
FNDDS:2708671,"1 piece, NFS",157.0
FNDDS:2708671,"1 extra-large pizza (16-18"" diameter)",1810.0
FNDDS:2708671,1 surface inch,9.0
FNDDS:2708671,1/2 bagel,111.0
FNDDS:2708672,"1 extra-large pizza (16-18"" diameter)",1346.0
FNDDS:2708672,"1 piece, small pizza",88.0
FNDDS:2708672,"1 piece, large pizza",129.0
FNDDS:2708672,"1 small pizza (8-10"" diameter)",526.0
FNDDS:2708672,"1 large pizza (13-15"" diameter)",1032.0
FNDDS:2708672,"1 piece, medium pizza",100.0
FNDDS:2708672,"1 piece, extra-large pizza",135.0
FNDDS:2708672,"1 personal size pizza (5-7"" diameter)",189.0
FNDDS:2708672,"1 medium pizza (11-12"" diameter)",796.0
FNDDS:2708672,"1 piece, NFS",129.0
FNDDS:2708672,1 surface inch,6.7
FNDDS:2708673,"1 small pizza (8-10"" diameter)",706.0
FNDDS:2708673,"1 piece, NFS",173.0
FNDDS:2708673,"1 piece, extra-large pizza",181.0
FNDDS:2708673,1/2 bagel,121.0
FNDDS:2708673,"1 piece, large pizza",173.0
FNDDS:2708673,1 French bread,192.0
FNDDS:2708673,"1 personal size pizza (5-7"" diameter)",278.0
FNDDS:2708673,1/2 English muffin,71.0
FNDDS:2708673,"1 piece, medium pizza",139.0
FNDDS:2708673,"1 piece, small pizza",118.0
FNDDS:2708673,"1 large pizza (13-15"" diameter)",1384.0
FNDDS:2708673,"1 medium pizza (11-12"" diameter)",1115.0
FNDDS:2708673,1 surface inch,9.0
FNDDS:2708673,"1 extra-large pizza (16-18"" diameter)",1810.0
FNDDS:2708674,"1 extra-large pizza (16-18"" diameter)",809.0
FNDDS:2708674,"1 piece, NFS",75.0
FNDDS:2708674,1 surface inch,3.9
FNDDS:2708674,"1 piece, extra-large pizza",81.0
FNDDS:2708674,"1 personal size pizza (5-7"" diameter)",110.0
FNDDS:2708674,"1 medium pizza (11-12"" diameter)",432.0
FNDDS:2708674,"1 piece, small pizza",51.0
FNDDS:2708674,"1 piece, large pizza",75.0
FNDDS:2708674,"1 piece, medium pizza",54.0
FNDDS:2708674,"1 large pizza (13-15"" diameter)",599.0
FNDDS:2708674,"1 small pizza (8-10"" diameter)",306.0
FNDDS:2708675,1 French bread,125.0
FNDDS:2708675,1 surface inch,6.4
FNDDS:2708675,"1 piece, NFS",124.0
FNDDS:2708675,"1 piece, medium pizza",84.0
FNDDS:2708675,"1 piece, large pizza",124.0
FNDDS:2708675,"1 medium pizza (11-12"" diameter)",676.0
FNDDS:2708675,"1 extra-large pizza (16-18"" diameter)",1287.0
FNDDS:2708675,"1 large pizza (13-15"" diameter)",988.0
FNDDS:2708675,"1 personal size pizza (5-7"" diameter)",207.0
FNDDS:2708675,1/2 English muffin,46.0
FNDDS:2708675,"1 piece, small pizza",82.0
FNDDS:2708675,1/2 bagel,79.0
FNDDS:2708675,"1 small pizza (8-10"" diameter)",495.0
FNDDS:2708675,"1 piece, extra-large pizza",129.0
FNDDS:2708676,"1 large pizza (13-15"" diameter)",732.0
FNDDS:2708676,"1 piece, extra-large pizza",106.0
FNDDS:2708676,"1 medium pizza (11-12"" diameter)",528.0
FNDDS:2708676,1 surface inch,4.8
FNDDS:2708676,"1 extra-large pizza (16-18"" diameter)",1056.0
FNDDS:2708676,"1 piece, large pizza",92.0
FNDDS:2708676,"1 small pizza (8-10"" diameter)",377.0
FNDDS:2708676,"1 piece, NFS",92.0
FNDDS:2708676,"1 personal size pizza (5-7"" diameter)",136.0
FNDDS:2708676,"1 piece, medium pizza",66.0
FNDDS:2708676,"1 piece, small pizza",63.0
FNDDS:2708677,"1 large pizza (13-15"" diameter)",1112.0
FNDDS:2708677,"1 extra-large pizza (16-18"" diameter)",1448.0
FNDDS:2708677,1 French bread,147.0
FNDDS:2708677,"1 piece, extra-large pizza",145.0
FNDDS:2708677,"1 personal size pizza (5-7"" diameter)",229.0
FNDDS:2708677,"1 piece, small pizza",94.0
FNDDS:2708677,"1 piece, medium pizza",99.0
FNDDS:2708677,1/2 bagel,93.0
FNDDS:2708677,1/2 English muffin,54.0
FNDDS:2708677,"1 piece, NFS",141.0
FNDDS:2708677,"1 medium pizza (11-12"" diameter)",792.0
FNDDS:2708677,"1 small pizza (8-10"" diameter)",565.0
FNDDS:2708677,1 surface inch,7.2
FNDDS:2708677,"1 piece, large pizza",139.0
FNDDS:2708678,"1 large pizza (13-15"" diameter)",844.0
FNDDS:2708678,"1 piece, large pizza",106.0
FNDDS:2708678,"1 piece, extra-large pizza",122.0
FNDDS:2708678,"1 piece, small pizza",72.0
FNDDS:2708678,"1 extra-large pizza (16-18"" diameter)",1218.0
FNDDS:2708678,"1 piece, medium pizza",76.0
FNDDS:2708678,1 surface inch,5.5
FNDDS:2708678,"1 medium pizza (11-12"" diameter)",609.0
FNDDS:2708678,"1 personal size pizza (5-7"" diameter)",157.0
FNDDS:2708678,"1 small pizza (8-10"" diameter)",435.0
FNDDS:2708678,"1 piece, NFS",106.0
FNDDS:2708679,"1 piece, NFS",155.0
FNDDS:2708679,"1 extra-large pizza (16-18"" diameter)",1620.0
FNDDS:2708679,"1 piece, small pizza",105.0
FNDDS:2708679,"1 piece, medium pizza",111.0
FNDDS:2708679,"1 large pizza (13-15"" diameter)",1244.0
FNDDS:2708679,1 French bread,165.0
FNDDS:2708679,1/2 bagel,100.0
FNDDS:2708679,"1 small pizza (8-10"" diameter)",632.0
FNDDS:2708679,1/2 English muffin,58.0
FNDDS:2708679,"1 piece, extra-large pizza",162.0
FNDDS:2708679,"1 personal size pizza (5-7"" diameter)",256.0
FNDDS:2708679,1 surface inch,8.1
FNDDS:2708679,"1 medium pizza (11-12"" diameter)",886.0
FNDDS:2708679,"1 piece, large pizza",155.0
FNDDS:2708680,"1 piece, small pizza",68.0
FNDDS:2708680,"1 small pizza (8-10"" diameter)",408.0
FNDDS:2708680,"1 extra-large pizza (16-18"" diameter)",1143.0
FNDDS:2708680,"1 piece, large pizza",100.0
FNDDS:2708680,"1 piece, NFS",100.0
FNDDS:2708680,"1 piece, medium pizza",71.0
FNDDS:2708680,"1 personal size pizza (5-7"" diameter)",147.0
FNDDS:2708680,"1 piece, extra-large pizza",114.0
FNDDS:2708680,"1 medium pizza (11-12"" diameter)",571.0
FNDDS:2708680,"1 large pizza (13-15"" diameter)",792.0
FNDDS:2708680,1 surface inch,5.1
FNDDS:2708681,"1 personal size pizza (5-7"" diameter)",254.0
FNDDS:2708681,"1 large pizza (13-15"" diameter)",1232.0
FNDDS:2708681,"1 piece, extra-large pizza",160.0
FNDDS:2708681,"1 piece, large pizza",154.0
FNDDS:2708681,"1 small pizza (8-10"" diameter)",626.0
FNDDS:2708681,"1 medium pizza (11-12"" diameter)",877.0
FNDDS:2708681,1 French bread,174.0
FNDDS:2708681,"1 extra-large pizza (16-18"" diameter)",1604.0
FNDDS:2708681,1 surface inch,8.0
FNDDS:2708681,"1 piece, NFS",154.0
FNDDS:2708681,1/2 English muffin,59.0
FNDDS:2708681,"1 piece, medium pizza",110.0
FNDDS:2708681,1/2 bagel,100.0
FNDDS:2708681,"1 piece, small pizza",104.0
FNDDS:2708682,"1 personal size pizza (5-7"" diameter)",175.0
FNDDS:2708682,"1 large pizza (13-15"" diameter)",944.0
FNDDS:2708682,"1 piece, medium pizza",85.0
FNDDS:2708682,"1 piece, extra-large pizza",136.0
FNDDS:2708682,"1 piece, large pizza",118.0
FNDDS:2708682,1 surface inch,6.1
FNDDS:2708682,"1 small pizza (8-10"" diameter)",486.0
FNDDS:2708682,"1 piece, NFS",118.0
FNDDS:2708682,"1 piece, small pizza",81.0
FNDDS:2708682,"1 medium pizza (11-12"" diameter)",681.0
FNDDS:2708682,"1 extra-large pizza (16-18"" diameter)",1362.0
FNDDS:2708683,1/2 English muffin,61.0
FNDDS:2708683,"1 personal size pizza (5-7"" diameter)",255.0
FNDDS:2708683,"1 piece, medium pizza",110.0
FNDDS:2708683,"1 small pizza (8-10"" diameter)",630.0
FNDDS:2708683,1/2 bagel,104.0
FNDDS:2708683,"1 piece, NFS",155.0
FNDDS:2708683,"1 piece, extra-large pizza",161.0
FNDDS:2708683,"1 extra-large pizza (16-18"" diameter)",1615.0
FNDDS:2708683,1 surface inch,8.1
FNDDS:2708683,1 French bread,165.0
FNDDS:2708683,"1 piece, small pizza",105.0
FNDDS:2708683,"1 piece, large pizza",155.0
FNDDS:2708683,"1 large pizza (13-15"" diameter)",1240.0
FNDDS:2708683,"1 medium pizza (11-12"" diameter)",883.0
FNDDS:2708684,1 calzone or stromboli,424.0
FNDDS:2708685,1 cubic inch,11.5
FNDDS:2708685,1 calzone or stromboli,424.0
FNDDS:2708685,1 Calizza,217.0
FNDDS:2708686,1 cup,119.0
FNDDS:2708686,1 pizza bite,14.0
FNDDS:2708686,1 Bagel Bite,22.0
FNDDS:2708686,1 miniature roll,14.0
FNDDS:2708686,1 pizza roll,14.0
FNDDS:2708687,"1 personal size pizza (5-7"" diameter)",175.0
FNDDS:2708687,"1 piece, small pizza",80.0
FNDDS:2708687,"1 large pizza (13-15"" diameter)",954.0
FNDDS:2708687,"1 piece, extra-large pizza",128.0
FNDDS:2708687,"1 piece, large pizza",119.0
FNDDS:2708687,"1 piece, NFS",119.0
FNDDS:2708687,1 surface inch,6.2
FNDDS:2708687,"1 medium pizza (11-12"" diameter)",691.0
FNDDS:2708687,"1 small pizza (8-10"" diameter)",480.0
FNDDS:2708687,"1 piece, medium pizza",86.0
FNDDS:2708687,"1 extra-large pizza (16-18"" diameter)",1278.0
FNDDS:2708688,"1 large pizza (13-15"" diameter)",1060.0
FNDDS:2708688,"1 piece, small pizza",90.0
FNDDS:2708688,1/2 English muffin,54.0
FNDDS:2708688,"1 personal size pizza (5-7"" diameter)",224.0
FNDDS:2708688,1 French bread,147.0
FNDDS:2708688,1/2 bagel,93.0
FNDDS:2708688,"1 piece, large pizza",132.0
FNDDS:2708688,"1 piece, extra-large pizza",139.0
FNDDS:2708688,"1 extra-large pizza (16-18"" diameter)",1387.0
FNDDS:2708688,"1 piece, medium pizza",93.0
FNDDS:2708688,"1 small pizza (8-10"" diameter)",542.0
FNDDS:2708688,1 surface inch,6.9
FNDDS:2708688,"1 medium pizza (11-12"" diameter)",744.0
FNDDS:2708688,"1 piece, NFS",132.0
FNDDS:2708689,"1 medium pizza (11-12"" diameter)",707.0
FNDDS:2708689,1 surface inch,6.5
FNDDS:2708689,"1 personal size pizza (5-7"" diameter)",184.0
FNDDS:2708689,"1 large pizza (13-15"" diameter)",996.0
FNDDS:2708689,"1 piece, small pizza",86.0
FNDDS:2708689,"1 piece, NFS",124.0
FNDDS:2708689,"1 small pizza (8-10"" diameter)",516.0
FNDDS:2708689,"1 piece, large pizza",124.0
FNDDS:2708689,"1 extra-large pizza (16-18"" diameter)",1338.0
FNDDS:2708689,"1 piece, extra-large pizza",134.0
FNDDS:2708689,"1 piece, medium pizza",88.0
FNDDS:2708690,"1 piece, medium pizza",112.0
FNDDS:2708690,"1 large pizza (13-15"" diameter)",1117.0
FNDDS:2708690,"1 piece, small pizza",96.0
FNDDS:2708690,"1 small pizza (8-10"" diameter)",573.0
FNDDS:2708690,"1 piece, large pizza",139.0
FNDDS:2708690,1 French bread,174.0
FNDDS:2708690,1/2 bagel,101.0
FNDDS:2708690,1 surface inch,7.3
FNDDS:2708690,"1 medium pizza (11-12"" diameter)",893.0
FNDDS:2708690,"1 extra-large pizza (16-18"" diameter)",1468.0
FNDDS:2708690,"1 personal size pizza (5-7"" diameter)",217.0
FNDDS:2708690,1/2 English muffin,54.0
FNDDS:2708690,"1 piece, extra-large pizza",147.0
FNDDS:2708690,"1 piece, NFS",139.0
FNDDS:2708691,1 surface inch,6.9
FNDDS:2708691,"1 extra-large pizza (16-18"" diameter)",1326.0
FNDDS:2708691,"1 piece, small pizza",89.0
FNDDS:2708691,"1 small pizza (8-10"" diameter)",536.0
FNDDS:2708691,"1 personal size pizza (5-7"" diameter)",191.0
FNDDS:2708691,"1 piece, NFS",133.0
FNDDS:2708691,"1 medium pizza (11-12"" diameter)",775.0
FNDDS:2708691,"1 piece, large pizza",133.0
FNDDS:2708691,"1 large pizza (13-15"" diameter)",1066.0
FNDDS:2708691,"1 piece, medium pizza",97.0
FNDDS:2708691,"1 piece, extra-large pizza",133.0
FNDDS:2708692,"1 piece, large pizza",149.0
FNDDS:2708692,"1 small pizza (8-10"" diameter)",566.0
FNDDS:2708692,"1 personal size pizza (5-7"" diameter)",240.0
FNDDS:2708692,"1 piece, NFS",149.0
FNDDS:2708692,"1 large pizza (13-15"" diameter)",1192.0
FNDDS:2708692,1 French bread,165.0
FNDDS:2708692,"1 extra-large pizza (16-18"" diameter)",1548.0
FNDDS:2708692,"1 medium pizza (11-12"" diameter)",828.0
FNDDS:2708692,1/2 bagel,105.0
FNDDS:2708692,1/2 English muffin,57.0
FNDDS:2708692,1 surface inch,7.7
FNDDS:2708692,"1 piece, medium pizza",104.0
FNDDS:2708692,"1 piece, extra-large pizza",155.0
FNDDS:2708692,"1 piece, small pizza",94.0
FNDDS:2708693,"1 medium pizza (11-12"" diameter)",691.0
FNDDS:2708693,"1 piece, large pizza",119.0
FNDDS:2708693,"1 personal size pizza (5-7"" diameter)",175.0
FNDDS:2708693,"1 large pizza (13-15"" diameter)",954.0
FNDDS:2708693,"1 small pizza (8-10"" diameter)",480.0
FNDDS:2708693,"1 piece, small pizza",80.0
FNDDS:2708693,"1 piece, NFS",119.0
FNDDS:2708693,"1 piece, medium pizza",86.0
FNDDS:2708693,"1 piece, extra-large pizza",128.0
FNDDS:2708693,1 surface inch,6.2
FNDDS:2708693,"1 extra-large pizza (16-18"" diameter)",1278.0
FNDDS:2708694,1 surface inch,6.9
FNDDS:2708694,"1 medium pizza (11-12"" diameter)",744.0
FNDDS:2708694,"1 piece, medium pizza",93.0
FNDDS:2708694,"1 piece, large pizza",132.0
FNDDS:2708694,"1 piece, extra-large pizza",139.0
FNDDS:2708694,"1 large pizza (13-15"" diameter)",1060.0
FNDDS:2708694,"1 personal size pizza (5-7"" diameter)",224.0
FNDDS:2708694,"1 piece, NFS",132.0
FNDDS:2708694,"1 piece, small pizza",90.0
FNDDS:2708694,"1 small pizza (8-10"" diameter)",542.0
FNDDS:2708694,"1 extra-large pizza (16-18"" diameter)",1387.0
FNDDS:2708695,"1 small pizza (8-10"" diameter)",516.0
FNDDS:2708695,"1 large pizza (13-15"" diameter)",996.0
FNDDS:2708695,"1 piece, NFS",124.0
FNDDS:2708695,"1 piece, medium pizza",88.0
FNDDS:2708695,"1 piece, large pizza",124.0
FNDDS:2708695,"1 medium pizza (11-12"" diameter)",707.0
FNDDS:2708695,"1 extra-large pizza (16-18"" diameter)",1338.0
FNDDS:2708695,1 surface inch,6.5
FNDDS:2708695,"1 personal size pizza (5-7"" diameter)",184.0
FNDDS:2708695,"1 piece, extra-large pizza",134.0
FNDDS:2708695,"1 piece, small pizza",86.0
FNDDS:2708696,"1 large pizza (13-15"" diameter)",1117.0
FNDDS:2708696,"1 small pizza (8-10"" diameter)",573.0
FNDDS:2708696,"1 medium pizza (11-12"" diameter)",893.0
FNDDS:2708696,"1 piece, NFS",139.0
FNDDS:2708696,1 surface inch,7.3
FNDDS:2708696,"1 piece, extra-large pizza",147.0
FNDDS:2708696,"1 piece, medium pizza",112.0
FNDDS:2708696,"1 piece, small pizza",96.0
FNDDS:2708696,"1 personal size pizza (5-7"" diameter)",217.0
FNDDS:2708696,"1 extra-large pizza (16-18"" diameter)",1468.0
FNDDS:2708696,"1 piece, large pizza",139.0
FNDDS:2708697,"1 piece, small pizza",89.0
FNDDS:2708697,"1 piece, extra-large pizza",133.0
FNDDS:2708697,"1 small pizza (8-10"" diameter)",536.0
FNDDS:2708697,"1 piece, medium pizza",97.0
FNDDS:2708697,"1 piece, NFS",133.0
FNDDS:2708697,"1 piece, large pizza",133.0
FNDDS:2708697,"1 large pizza (13-15"" diameter)",1066.0
FNDDS:2708697,"1 extra-large pizza (16-18"" diameter)",1326.0
FNDDS:2708697,"1 medium pizza (11-12"" diameter)",775.0
FNDDS:2708697,1 surface inch,6.9
FNDDS:2708697,"1 personal size pizza (5-7"" diameter)",191.0
FNDDS:2708698,"1 piece, extra-large pizza",155.0
FNDDS:2708698,"1 extra-large pizza (16-18"" diameter)",1548.0
FNDDS:2708698,"1 piece, large pizza",149.0
FNDDS:2708698,"1 large pizza (13-15"" diameter)",1192.0
FNDDS:2708698,"1 piece, medium pizza",104.0
FNDDS:2708698,"1 piece, small pizza",94.0
FNDDS:2708698,"1 medium pizza (11-12"" diameter)",828.0
FNDDS:2708698,1 surface inch,7.7
FNDDS:2708698,"1 piece, NFS",149.0
FNDDS:2708698,"1 small pizza (8-10"" diameter)",566.0
FNDDS:2708698,"1 personal size pizza (5-7"" diameter)",240.0
FNDDS:2708699,1/2 bagel,104.0
FNDDS:2708699,"1 medium pizza (11-12"" diameter)",818.0
FNDDS:2708699,"1 piece, NFS",144.0
FNDDS:2708699,1/2 English muffin,61.0
FNDDS:2708699,1 French bread,165.0
FNDDS:2708699,"1 piece, extra-large pizza",151.0
FNDDS:2708699,1 surface inch,7.5
FNDDS:2708699,"1 large pizza (13-15"" diameter)",1156.0
FNDDS:2708699,"1 piece, small pizza",79.0
FNDDS:2708699,"1 piece, medium pizza",102.0
FNDDS:2708699,"1 piece, large pizza",144.0
FNDDS:2708699,"1 personal size pizza (5-7"" diameter)",212.0
FNDDS:2708699,"1 extra-large pizza (16-18"" diameter)",1508.0
FNDDS:2708699,"1 small pizza (8-10"" diameter)",477.0
FNDDS:2708700,1 egg roll,64.0
FNDDS:2708700,1 miniature egg roll,13.0
FNDDS:2708701,1 cup,125.0
FNDDS:2708701,1 miniature egg roll,13.0
FNDDS:2708701,1 egg roll,64.0
FNDDS:2708702,1 miniature roll,13.0
FNDDS:2708702,1 egg roll,64.0
FNDDS:2708702,1 cup,125.0
FNDDS:2708703,1 egg roll,64.0
FNDDS:2708703,1 miniature egg roll,13.0
FNDDS:2708703,1 cup,125.0
FNDDS:2708704,"1 roll (4-1/4"" x 1-1/2"" dia)",71.0
FNDDS:2708704,1 cup,83.0
FNDDS:2708705,"1 item, any size",25.0
FNDDS:2708705,1 cup,75.0
FNDDS:2708706,1 cup,75.0
FNDDS:2708706,"1 item, any size",25.0
FNDDS:2708707,1 order,92.0
FNDDS:2708707,1 cup,77.0
FNDDS:2708707,1 puff,23.0
FNDDS:2708708,"1 item, any size",25.0
FNDDS:2708708,1 cup,75.0
FNDDS:2708709,1 small/individual,35.0
FNDDS:2708709,1 regular/large,130.0
FNDDS:2708710,1 small/individual,35.0
FNDDS:2708710,1 regular/large,130.0
FNDDS:2708711,1 regular/large,130.0
FNDDS:2708711,1 small/individual,35.0
FNDDS:2708712,1 small/individual,35.0
FNDDS:2708712,1 regular/large,130.0
FNDDS:2708713,1 small/individual,35.0
FNDDS:2708713,1 regular/large,130.0
FNDDS:2708714,1 small/individual,35.0
FNDDS:2708714,1 regular/large,130.0
FNDDS:2708715,"1 stick (3"" x 3/4"")",20.0
FNDDS:2708716,"1 fritter (3"" x 3"" x 1/2"")",55.0
FNDDS:2708717,1 fritter,35.0
FNDDS:2708718,"1 hallaca (5-3/4"" x 2-1/2"" x 1/2"")",95.0
FNDDS:2708719,1 surface inch,3.1
FNDDS:2708719,"1 crepe with filling, any size",155.0
FNDDS:2708720,"1 item, any size",40.0
FNDDS:2708720,1 cup,80.0
FNDDS:2708721,1 cup,70.0
FNDDS:2708722,1 piece,26.0
FNDDS:2708722,1 cup,188.0
FNDDS:2708723,"1 item, any size",60.0
FNDDS:2708724,"1 item, any size",100.0
FNDDS:2708725,"1 item, any size",100.0
FNDDS:2708726,1 pastry,28.0
FNDDS:2708727,1 kolache,142.0
FNDDS:2708728,1 kolache,85.0
FNDDS:2708729,1 cubic inch,12.0
FNDDS:2708729,1 regular/large,120.0
FNDDS:2708729,1 small/individual,30.0
FNDDS:2708729,1 cup,120.0
FNDDS:2708730,1 small/individual,25.0
FNDDS:2708730,1 regular/large,100.0
FNDDS:2708731,"1 piece (1/8 of 9"" dia)",192.0
FNDDS:2708731,"1 quiche (10"" dia)",1896.0
FNDDS:2708731,"1 quiche (8"" dia)",1212.0
FNDDS:2708731,1 cup,160.0
FNDDS:2708731,1 cubic inch,11.0
FNDDS:2708731,1 individual quiche,113.0
FNDDS:2708731,"1 quiche (9"" dia)",1536.0
FNDDS:2708732,1 cup,160.0
FNDDS:2708732,1 cubic inch,11.0
FNDDS:2708732,1 individual quiche,113.0
FNDDS:2708732,"1 quiche (8"" dia)",901.0
FNDDS:2708732,"1 piece (1/8 of 9"" dia)",143.0
FNDDS:2708732,"1 quiche (10"" dia)",1410.0
FNDDS:2708732,"1 quiche (9"" dia)",1142.0
FNDDS:2708733,"1 quiche (8"" dia)",1212.0
FNDDS:2708733,"1 piece (1/8 of 9"" dia)",192.0
FNDDS:2708733,1 cubic inch,11.0
FNDDS:2708733,"1 quiche (9"" dia)",1536.0
FNDDS:2708733,1 cup,160.0
FNDDS:2708733,"1 quiche (10"" dia)",1896.0
FNDDS:2708733,1 individual quiche,113.0
FNDDS:2708734,1 small/individual,35.0
FNDDS:2708734,1 regular/large,130.0
FNDDS:2708735,1 small/individual,35.0
FNDDS:2708735,1 regular/large,130.0
FNDDS:2708736,1 regular/large,130.0
FNDDS:2708736,1 small/individual,35.0
FNDDS:2708737,1 regular/large,130.0
FNDDS:2708737,1 small/individual,35.0
FNDDS:2708738,1 regular/large,130.0
FNDDS:2708738,1 small/individual,35.0
FNDDS:2708739,1 regular/large,130.0
FNDDS:2708739,1 small/individual,35.0
FNDDS:2708740,1 small/individual,35.0
FNDDS:2708740,1 regular/large,130.0
FNDDS:2708741,1 regular/large,130.0
FNDDS:2708741,1 small/individual,35.0
FNDDS:2708742,1 regular/large,130.0
FNDDS:2708742,1 small/individual,35.0
FNDDS:2708743,1 regular/large,130.0
FNDDS:2708743,1 small/individual,35.0
FNDDS:2708744,1 biscuit with gravy,220.0
FNDDS:2708745,1 cubic inch,7.6
FNDDS:2708745,1 cup,92.0
FNDDS:2708745,"1 piece (2-1/2"" x 2-1/2"" x 1-1/2"")",67.0
FNDDS:2708746,1 cup,161.0
FNDDS:2708747,1 cup,161.0
FNDDS:2708748,1 cup,161.0
FNDDS:2708749,1 cup,161.0
FNDDS:2708750,1 cup,250.0
FNDDS:2708750,"1 piece (1/6 of 8"" square, approx 2-1/2"" x 4"")",206.0
FNDDS:2708750,"1 piece (1/8 of 7"" x 12"", approx 3-1/2"" x 3"")",232.0
FNDDS:2708750,1 surface inch,20.7
FNDDS:2708751,1 can (15 oz),425.0
FNDDS:2708751,1 cup,250.0
FNDDS:2708752,"1 piece (1/6 of 8"" square, approx 2-1/2"" x 4"")",206.0
FNDDS:2708752,1 cup,250.0
FNDDS:2708752,"1 piece (1/8 of 7"" x 12"", approx 3-1/2"" x 3"")",232.0
FNDDS:2708752,1 surface inch,20.7
FNDDS:2708753,"1 piece (1/8 of 7"" x 12"", approx 3-1/2"" x 3"")",232.0
FNDDS:2708753,"1 piece (1/6 of 8"" square, approx 2-1/2"" x 4"")",206.0
FNDDS:2708753,1 cup,250.0
FNDDS:2708753,1 surface inch,20.7
FNDDS:2708754,1 surface inch,20.7
FNDDS:2708754,"1 piece (1/6 of 8"" square, approx 2-1/2"" x 4"")",206.0
FNDDS:2708754,1 cup,250.0
FNDDS:2708754,"1 piece (1/8 of 7"" x 12"", approx 3-1/2"" x 3"")",232.0
FNDDS:2708755,"1 lasagna (8"" square)",1235.0
FNDDS:2708755,"1 piece (1/6 of 8"" square, approx 2-1/2"" x 4"")",206.0
FNDDS:2708755,"1 lasagna (7"" x 12"")",1860.0
FNDDS:2708755,1 cup,250.0
FNDDS:2708755,"1 piece (1/8 of 7"" x 12"", approx 3-1/2"" x 3"")",232.0
FNDDS:2708755,1 surface inch,20.7
FNDDS:2708756,1 cup,250.0
FNDDS:2708756,"1 piece (1/8 of 7"" x 12"", approx 3-1/2"" x 3"")",232.0
FNDDS:2708756,1 surface inch,20.7
FNDDS:2708756,"1 piece (1/6 of 8"" square, approx 2-1/2"" x 4"")",206.0
FNDDS:2708757,1 cup,250.0
FNDDS:2708757,"1 piece (1/6 of 8"" square, approx 2-1/2"" x 4"")",206.0
FNDDS:2708757,"1 lasagna (8"" square)",1235.0
FNDDS:2708757,"1 piece (1/8 of 7"" x 12"", approx 3-1/2"" x 3"")",232.0
FNDDS:2708757,1 surface inch,20.7
FNDDS:2708757,"1 lasagna (7"" x 12"")",1860.0
FNDDS:2708758,"1 piece (1/8 of 7"" x 12"", approx 3-1/2"" x 3"")",256.0
FNDDS:2708758,"1 piece (1/6 of 8"" square, approx 2-1/2"" x 4"")",227.0
FNDDS:2708758,1 surface inch,22.8
FNDDS:2708758,1 cup,250.0
FNDDS:2708758,"1 lasagna (8"" square)",1360.0
FNDDS:2708759,1 surface inch,22.8
FNDDS:2708759,"1 piece (1/8 of 7"" x 12"", approx 3-1/2"" x 3"")",256.0
FNDDS:2708759,1 cup,250.0
FNDDS:2708759,"1 piece (1/6 of 8"" square, approx 2-1/2"" x 4"")",227.0
FNDDS:2708759,"1 lasagna (8"" square)",1360.0
FNDDS:2708760,1 cup,160.0
FNDDS:2708760,1 piece,15.0
FNDDS:2708761,1 cup,250.0
FNDDS:2708761,1 piece,38.0
FNDDS:2708762,1 cup,250.0
FNDDS:2708762,1 piece,38.0
FNDDS:2708763,1 piece,15.0
FNDDS:2708763,1 cup,160.0
FNDDS:2708764,1 cup,250.0
FNDDS:2708764,1 piece,35.0
FNDDS:2708765,1 can (15 oz),425.0
FNDDS:2708765,1 piece,33.0
FNDDS:2708765,1 cup,251.0
FNDDS:2708766,1 cup,250.0
FNDDS:2708766,1 piece,35.0
FNDDS:2708767,1 cup,160.0
FNDDS:2708767,1 piece,15.0
FNDDS:2708768,1 cup,250.0
FNDDS:2708768,1 piece,38.0
FNDDS:2708769,1 piece,25.0
FNDDS:2708769,1 can (15 oz),425.0
FNDDS:2708769,1 cup,246.0
FNDDS:2708770,1 cup,250.0
FNDDS:2708770,1 piece,35.0
FNDDS:2708771,1 cup,250.0
FNDDS:2708771,1 piece,38.0
FNDDS:2708772,1 cup,160.0
FNDDS:2708772,1 piece,15.0
FNDDS:2708773,1 piece,38.0
FNDDS:2708773,1 cup,250.0
FNDDS:2708774,1 cup,250.0
FNDDS:2708774,1 piece,38.0
FNDDS:2708775,1 manicotti,127.0
FNDDS:2708776,1 manicotti,143.0
FNDDS:2708776,1 cup,235.0
FNDDS:2708777,1 manicotti,143.0
FNDDS:2708778,1 manicotti,143.0
FNDDS:2708779,1 cup,152.0
FNDDS:2708779,1 shell (jumbo),60.0
FNDDS:2708780,1 shell (jumbo),85.0
FNDDS:2708781,1 shell (jumbo),85.0
FNDDS:2708782,1 shell (jumbo),60.0
FNDDS:2708782,1 cup,152.0
FNDDS:2708783,1 shell (jumbo),83.0
FNDDS:2708784,1 shell (jumbo),83.0
FNDDS:2708785,1 cup,210.0
FNDDS:2708786,1 cup,233.0
FNDDS:2708786,1 can (15 oz),425.0
FNDDS:2708787,1 cup,250.0
FNDDS:2708788,1 cup,247.0
FNDDS:2708788,1 can (15 oz),425.0
FNDDS:2708789,1 cup,169.0
FNDDS:2708790,1 cup,190.0
FNDDS:2708791,1 cup,250.0
FNDDS:2708792,1 cup,150.0
FNDDS:2708792,1 piece,4.8
FNDDS:2708793,1 cup,200.0
FNDDS:2708794,1 cup,122.0
FNDDS:2708795,1 cup,208.0
FNDDS:2708795,1 cannelloni,74.0
FNDDS:2708796,1 cup,152.0
FNDDS:2708797,1 cup,152.0
FNDDS:2708798,1 cup,200.0
FNDDS:2708799,1 cup,200.0
FNDDS:2708800,1 cup,200.0
FNDDS:2708801,1 cup,200.0
FNDDS:2708802,1 cup,200.0
FNDDS:2708803,1 cup,200.0
FNDDS:2708804,1 cup,200.0
FNDDS:2708805,1 cup,200.0
FNDDS:2708806,1 cup,200.0
FNDDS:2708807,1 cup,200.0
FNDDS:2708808,1 cup,200.0
FNDDS:2708809,1 cup,224.0
FNDDS:2708810,1 cup,225.0
FNDDS:2708811,1 cup,230.0
FNDDS:2708812,1 cup,230.0
FNDDS:2708813,1 cup,230.0
FNDDS:2708814,1 cup,230.0
FNDDS:2708815,"1 large microwavable package, prepared",321.0
FNDDS:2708815,"1 microwavable tub, regular size, prepared",212.0
FNDDS:2708815,1 cup,230.0
FNDDS:2708815,"1 large microwavable tub, prepared",423.0
FNDDS:2708815,"1 microwavable package, regular size, prepared",215.0
FNDDS:2708816,1 cup,230.0
FNDDS:2708817,1 cup,230.0
FNDDS:2708818,1 cup,230.0
FNDDS:2708819,"1 microwave singles package, yields",288.0
FNDDS:2708819,1 cup,230.0
FNDDS:2708820,1 cup,230.0
FNDDS:2708821,1 cup,230.0
FNDDS:2708822,1 cup,230.0
FNDDS:2708823,1 cup,230.0
FNDDS:2708824,1 cup,230.0
FNDDS:2708825,1 cup,250.0
FNDDS:2708825,1 cannelloni,86.0
FNDDS:2708826,1 cup,250.0
FNDDS:2708827,1 cup,150.0
FNDDS:2708828,1 cup,250.0
FNDDS:2708829,1 cup,250.0
FNDDS:2708830,1 cup,250.0
FNDDS:2708831,1 cup,250.0
FNDDS:2708832,1 can,425.0
FNDDS:2708832,1 Spaghettio's snack size microwavable tray,170.0
FNDDS:2708832,1 large microwavable bowl,411.0
FNDDS:2708832,1 microwavable cup,213.0
FNDDS:2708832,1 cup,250.0
FNDDS:2708833,1 cup,250.0
FNDDS:2708834,1 cup,250.0
FNDDS:2708835,1 microwavable cup,213.0
FNDDS:2708835,1 can,425.0
FNDDS:2708835,1 Spaghettio's snack size microwavable tray,170.0
FNDDS:2708835,1 large microwavable bowl,411.0
FNDDS:2708835,1 cup,250.0
FNDDS:2708836,1 cup,250.0
FNDDS:2708837,1 cup,250.0
FNDDS:2708838,1 cup,250.0
FNDDS:2708839,1 can,425.0
FNDDS:2708839,1 microwavable cup,213.0
FNDDS:2708839,1 Spaghettio's snack size microwavable tray,170.0
FNDDS:2708839,1 cup,250.0
FNDDS:2708839,1 large microwavable bowl,411.0
FNDDS:2708840,1 cup,250.0
FNDDS:2708841,1 cup,250.0
FNDDS:2708842,1 can,425.0
FNDDS:2708842,1 microwavable cup,213.0
FNDDS:2708842,1 large microwavable bowl,411.0
FNDDS:2708842,1 Spaghettio's snack size microwavable tray,170.0
FNDDS:2708842,1 cup,250.0
FNDDS:2708843,1 cup,250.0
FNDDS:2708844,1 cup,250.0
FNDDS:2708845,1 cup,250.0
FNDDS:2708845,1 can,425.0
FNDDS:2708845,1 Spaghettio's snack size microwavable tray,170.0
FNDDS:2708845,1 large microwavable bowl,411.0
FNDDS:2708845,1 microwavable cup,213.0
FNDDS:2708846,1 cup,250.0
FNDDS:2708847,1 cup,250.0
FNDDS:2708848,1 microwavable cup,213.0
FNDDS:2708848,1 can,425.0
FNDDS:2708848,1 Spaghettio's snack size microwavable tray,170.0
FNDDS:2708848,1 large microwavable bowl,411.0
FNDDS:2708848,1 cup,250.0
FNDDS:2708849,1 cup,250.0
FNDDS:2708850,1 cup,250.0
FNDDS:2708851,1 Spaghettio's snack size microwavable tray,170.0
FNDDS:2708851,1 large microwavable bowl,411.0
FNDDS:2708851,1 microwavable cup,213.0
FNDDS:2708851,1 cup,250.0
FNDDS:2708851,1 can,425.0
FNDDS:2708852,1 cup,250.0
FNDDS:2708853,1 cup,250.0
FNDDS:2708854,1 Spaghettio's snack size microwavable tray,170.0
FNDDS:2708854,1 microwavable cup,213.0
FNDDS:2708854,1 can,425.0
FNDDS:2708854,1 large microwavable bowl,411.0
FNDDS:2708854,1 cup,250.0
FNDDS:2708855,1 cup,250.0
FNDDS:2708856,1 cup,250.0
FNDDS:2708857,1 Spaghettio's snack size microwavable tray,170.0
FNDDS:2708857,1 microwavable cup,213.0
FNDDS:2708857,1 cup,250.0
FNDDS:2708857,1 can,425.0
FNDDS:2708857,1 large microwavable bowl,411.0
FNDDS:2708858,1 cup,250.0
FNDDS:2708859,1 cup,250.0
FNDDS:2708860,1 can,425.0
FNDDS:2708860,1 Spaghettio's snack size microwavable tray,170.0
FNDDS:2708860,1 large microwavable bowl,411.0
FNDDS:2708860,1 microwavable cup,213.0
FNDDS:2708860,1 cup,250.0
FNDDS:2708861,1 cup,250.0
FNDDS:2708862,1 cup,250.0
FNDDS:2708863,1 large microwavable bowl,411.0
FNDDS:2708863,1 can,425.0
FNDDS:2708863,1 cup,250.0
FNDDS:2708863,1 microwavable cup,213.0
FNDDS:2708863,1 Spaghettio's snack size microwavable tray,170.0
FNDDS:2708864,1 cup,250.0
FNDDS:2708865,1 cup,250.0
FNDDS:2708866,1 can,425.0
FNDDS:2708866,1 large microwavable bowl,411.0
FNDDS:2708866,1 Spaghettio's snack size microwavable tray,170.0
FNDDS:2708866,1 cup,250.0
FNDDS:2708866,1 microwavable cup,213.0
FNDDS:2708867,1 cup,250.0
FNDDS:2708868,1 cup,250.0
FNDDS:2708869,1 Spaghettio's snack size microwavable tray,170.0
FNDDS:2708869,1 microwavable cup,213.0
FNDDS:2708869,1 can,425.0
FNDDS:2708869,1 cup,250.0
FNDDS:2708869,1 large microwavable bowl,411.0
FNDDS:2708870,1 cup,250.0
FNDDS:2708871,1 cup,250.0
FNDDS:2708872,1 microwavable cup,213.0
FNDDS:2708872,1 can,425.0
FNDDS:2708872,1 Spaghettio's snack size microwavable tray,170.0
FNDDS:2708872,1 large microwavable bowl,411.0
FNDDS:2708872,1 cup,250.0
FNDDS:2708873,1 cup,250.0
FNDDS:2708874,1 cup,250.0
FNDDS:2708875,1 can,425.0
FNDDS:2708875,1 large microwavable bowl,411.0
FNDDS:2708875,1 cup,250.0
FNDDS:2708875,1 microwavable cup,213.0
FNDDS:2708875,1 Spaghettio's snack size microwavable tray,170.0
FNDDS:2708876,1 cup,250.0
FNDDS:2708877,1 cup,250.0
FNDDS:2708878,1 can,425.0
FNDDS:2708878,1 cup,250.0
FNDDS:2708878,1 Spaghettio's snack size microwavable tray,170.0
FNDDS:2708878,1 large microwavable bowl,411.0
FNDDS:2708878,1 microwavable cup,213.0
FNDDS:2708879,1 cup,250.0
FNDDS:2708880,1 cup,250.0
FNDDS:2708881,1 large microwavable bowl,411.0
FNDDS:2708881,1 microwavable cup,213.0
FNDDS:2708881,1 cup,250.0
FNDDS:2708881,1 can,425.0
FNDDS:2708881,1 Spaghettio's snack size microwavable tray,170.0
FNDDS:2708882,1 cup,250.0
FNDDS:2708883,1 cup,250.0
FNDDS:2708884,1 Spaghettio's snack size microwavable tray,170.0
FNDDS:2708884,1 large microwavable bowl,411.0
FNDDS:2708884,1 microwavable cup,213.0
FNDDS:2708884,1 can,425.0
FNDDS:2708884,1 cup,250.0
FNDDS:2708885,1 cup,250.0
FNDDS:2708886,1 cup,250.0
FNDDS:2708887,1 large microwavable bowl,411.0
FNDDS:2708887,1 Spaghettio's snack size microwavable tray,170.0
FNDDS:2708887,1 cup,250.0
FNDDS:2708887,1 can,425.0
FNDDS:2708887,1 microwavable cup,213.0
FNDDS:2708888,1 cup,250.0
FNDDS:2708889,1 cup,250.0
FNDDS:2708890,1 cup,250.0
FNDDS:2708890,1 can,425.0
FNDDS:2708890,1 large microwavable bowl,411.0
FNDDS:2708890,1 microwavable cup,213.0
FNDDS:2708890,1 Spaghettio's snack size microwavable tray,170.0
FNDDS:2708891,1 cup,250.0
FNDDS:2708892,1 cup,250.0
FNDDS:2708893,1 Spaghettio's snack size microwavable tray,170.0
FNDDS:2708893,1 large microwavable bowl,411.0
FNDDS:2708893,1 cup,250.0
FNDDS:2708893,1 can,425.0
FNDDS:2708893,1 microwavable cup,213.0
FNDDS:2708894,1 cup,250.0
FNDDS:2708895,1 cup,250.0
FNDDS:2708896,1 large microwavable bowl,411.0
FNDDS:2708896,1 can,425.0
FNDDS:2708896,1 microwavable cup,213.0
FNDDS:2708896,1 Spaghettio's snack size microwavable tray,170.0
FNDDS:2708896,1 cup,250.0
FNDDS:2708897,1 cup,250.0
FNDDS:2708898,1 cup,250.0
FNDDS:2708899,1 can,425.0
FNDDS:2708899,1 Spaghettio's snack size microwavable tray,170.0
FNDDS:2708899,1 cup,250.0
FNDDS:2708899,1 large microwavable bowl,411.0
FNDDS:2708899,1 microwavable cup,213.0
FNDDS:2708900,1 cup,250.0
FNDDS:2708901,1 cup,250.0
FNDDS:2708902,1 microwavable cup,213.0
FNDDS:2708902,1 Spaghettio's snack size microwavable tray,170.0
FNDDS:2708902,1 cup,250.0
FNDDS:2708902,1 can,425.0
FNDDS:2708902,1 large microwavable bowl,411.0
FNDDS:2708903,1 cup,250.0
FNDDS:2708904,1 cup,250.0
FNDDS:2708905,1 cup,250.0
FNDDS:2708905,1 can,425.0
FNDDS:2708905,1 microwavable cup,213.0
FNDDS:2708905,1 Spaghettio's snack size microwavable tray,170.0
FNDDS:2708905,1 large microwavable bowl,411.0
FNDDS:2708906,1 cup,250.0
FNDDS:2708907,1 cup,250.0
FNDDS:2708908,1 cup,250.0
FNDDS:2708908,1 large microwavable bowl,411.0
FNDDS:2708908,1 can,425.0
FNDDS:2708908,1 microwavable cup,213.0
FNDDS:2708908,1 Spaghettio's snack size microwavable tray,170.0
FNDDS:2708909,1 cup,250.0
FNDDS:2708910,1 cup,250.0
FNDDS:2708911,1 large microwavable bowl,411.0
FNDDS:2708911,1 Spaghettio's snack size microwavable tray,170.0
FNDDS:2708911,1 can,425.0
FNDDS:2708911,1 cup,250.0
FNDDS:2708911,1 microwavable cup,213.0
FNDDS:2708912,1 cup,250.0
FNDDS:2708913,1 cup,250.0
FNDDS:2708914,1 Spaghettio's snack size microwavable tray,170.0
FNDDS:2708914,1 microwavable cup,213.0
FNDDS:2708914,1 large microwavable bowl,411.0
FNDDS:2708914,1 cup,250.0
FNDDS:2708914,1 can,425.0
FNDDS:2708915,1 cup,250.0
FNDDS:2708916,1 cup,250.0
FNDDS:2708917,1 cup,250.0
FNDDS:2708917,1 can,425.0
FNDDS:2708917,1 microwavable cup,213.0
FNDDS:2708917,1 large microwavable bowl,411.0
FNDDS:2708917,1 Spaghettio's snack size microwavable tray,170.0
FNDDS:2708918,1 cup,250.0
FNDDS:2708919,1 cup,250.0
FNDDS:2708920,1 can,425.0
FNDDS:2708920,1 microwavable cup,213.0
FNDDS:2708920,1 cup,250.0
FNDDS:2708920,1 large microwavable bowl,411.0
FNDDS:2708920,1 Spaghettio's snack size microwavable tray,170.0
FNDDS:2708921,1 cup,250.0
FNDDS:2708922,1 cup,250.0
FNDDS:2708923,1 can,425.0
FNDDS:2708923,1 cup,250.0
FNDDS:2708923,1 large microwavable bowl,411.0
FNDDS:2708923,1 microwavable cup,213.0
FNDDS:2708923,1 Spaghettio's snack size microwavable tray,170.0
FNDDS:2708924,1 cup,250.0
FNDDS:2708925,1 cup,250.0
FNDDS:2708926,1 large microwavable bowl,411.0
FNDDS:2708926,1 microwavable cup,213.0
FNDDS:2708926,1 can,425.0
FNDDS:2708926,1 cup,250.0
FNDDS:2708926,1 Spaghettio's snack size microwavable tray,170.0
FNDDS:2708927,1 cup,227.0
FNDDS:2708928,1 cup,230.0
FNDDS:2708929,1 cup,230.0
FNDDS:2708930,"1 oz, dry, yields",115.0
FNDDS:2708930,1 cup,185.0
FNDDS:2708931,1 cup,205.0
FNDDS:2708932,1 cup,204.0
FNDDS:2708933,1 cup,204.0
FNDDS:2708934,1 cup,204.0
FNDDS:2708935,1 cup,204.0
FNDDS:2708936,1 cup,204.0
FNDDS:2708937,1 cup,204.0
FNDDS:2708938,1 cup,204.0
FNDDS:2708939,1 cup,204.0
FNDDS:2708940,1 cup,204.0
FNDDS:2708941,1 cup,204.0
FNDDS:2708942,1 cup,204.0
FNDDS:2708943,1 cup,204.0
FNDDS:2708944,1 cup,204.0
FNDDS:2708945,1 cup,204.0
FNDDS:2708946,1 cup,204.0
FNDDS:2708947,1 cup,204.0
FNDDS:2708948,1 cup,204.0
FNDDS:2708949,1 cup,200.0
FNDDS:2708949,1 cubic inch,10.0
FNDDS:2708950,1 cup,162.0
FNDDS:2708951,1 cup,166.0
FNDDS:2708952,1 cup,198.0
FNDDS:2708953,1 cup,198.0
FNDDS:2708954,1 cup,198.0
FNDDS:2708955,1 cup,198.0
FNDDS:2708956,1 cup,198.0
FNDDS:2708957,1 cup,250.0
FNDDS:2708958,1 cup,244.0
FNDDS:2708959,1 piece,30.0
FNDDS:2708959,1 cup,150.0
FNDDS:2708960,1 cup,150.0
FNDDS:2708960,1 piece,30.0
FNDDS:2708961,1 cup,150.0
FNDDS:2708961,1 piece,30.0
FNDDS:2708962,1 cup,150.0
FNDDS:2708962,1 piece,30.0
FNDDS:2708963,1 piece,30.0
FNDDS:2708963,1 cup,150.0
FNDDS:2708964,1 cup,150.0
FNDDS:2708964,1 piece,30.0
FNDDS:2708965,1 piece,30.0
FNDDS:2708965,1 cup,150.0
FNDDS:2708966,1 cup,132.0
FNDDS:2708966,1 piece,22.0
FNDDS:2708967,1 cup,140.0
FNDDS:2708967,1 piece,35.0
FNDDS:2708968,1 piece,35.0
FNDDS:2708968,1 cup,140.0
FNDDS:2708969,1 cup,140.0
FNDDS:2708969,1 piece,35.0
FNDDS:2708970,1 cup,140.0
FNDDS:2708970,1 piece,35.0
FNDDS:2708971,1 piece,35.0
FNDDS:2708971,1 cup,140.0
FNDDS:2708972,1 piece,50.0
FNDDS:2708972,1 cup,150.0
FNDDS:2708973,1 cup,230.0
FNDDS:2708974,"1 cup, NFS",263.0
FNDDS:2708974,"1 cup, with bone (yield after bone removed)",215.0
FNDDS:2708974,"1 cup, boneless",263.0
FNDDS:2708975,1 cup,240.0
FNDDS:2708976,1 cup,170.0
FNDDS:2708977,1 cup,160.0
FNDDS:2708978,1 cup,180.0
FNDDS:2708979,1 cup,180.0
FNDDS:2708980,1 cup,188.0
FNDDS:2708981,1 cup,255.0
FNDDS:2708982,1 cup,255.0
FNDDS:2708983,1 cup,255.0
FNDDS:2708984,1 cup,255.0
FNDDS:2708985,1 cup,172.0
FNDDS:2708986,1 cup,170.0
FNDDS:2708987,1 cup,170.0
FNDDS:2708988,1 cup,170.0
FNDDS:2708989,1 cup,170.0
FNDDS:2708990,1 cup,170.0
FNDDS:2708991,1 cup,170.0
FNDDS:2708992,1 cup,170.0
FNDDS:2708993,1 cup,170.0
FNDDS:2708994,1 cup,170.0
FNDDS:2708995,1 cup,170.0
FNDDS:2708996,1 cup,161.0
FNDDS:2708997,1 cup,161.0
FNDDS:2708998,1 cup,161.0
FNDDS:2708999,1 cup,160.0
FNDDS:2709000,1 cup,160.0
FNDDS:2709001,1 cup,160.0
FNDDS:2709002,1 cup,160.0
FNDDS:2709003,1 cup,160.0
FNDDS:2709004,1 cup,160.0
FNDDS:2709005,1 cup,160.0
FNDDS:2709006,1 cup,160.0
FNDDS:2709007,1 cup,160.0
FNDDS:2709008,1 cup,209.0
FNDDS:2709009,1 cup,206.0
FNDDS:2709010,1 cup,209.0
FNDDS:2709011,1 cup,172.0
FNDDS:2709012,1 cup,172.0
FNDDS:2709013,1 cup,172.0
FNDDS:2709014,1 cup,172.0
FNDDS:2709015,1 cup,172.0
FNDDS:2709016,1 cup,172.0
FNDDS:2709017,1 cup,172.0
FNDDS:2709018,1 cup,172.0
FNDDS:2709019,1 cup,172.0
FNDDS:2709020,1 cup,172.0
FNDDS:2709021,1 cup,172.0
FNDDS:2709022,1 cup,172.0
FNDDS:2709023,1 cup,172.0
FNDDS:2709024,1 cup,172.0
FNDDS:2709025,1 cup,172.0
FNDDS:2709026,1 cup,172.0
FNDDS:2709027,1 cup,172.0
FNDDS:2709028,1 cup,172.0
FNDDS:2709029,1 cup,207.0
FNDDS:2709030,1 cup,207.0
FNDDS:2709031,1 cup,198.0
FNDDS:2709032,1 cup,200.0
FNDDS:2709033,1 cup,170.0
FNDDS:2709034,1 cup,170.0
FNDDS:2709035,1 cup,170.0
FNDDS:2709036,1 cup,170.0
FNDDS:2709037,1 cup,191.0
FNDDS:2709038,1 cup,188.0
FNDDS:2709039,1 cup,191.0
FNDDS:2709040,1 cup,190.0
FNDDS:2709041,1 cup,187.0
FNDDS:2709042,1 cup,190.0
FNDDS:2709043,1 cup,189.0
FNDDS:2709044,1 cup,186.0
FNDDS:2709045,1 cup,189.0
FNDDS:2709046,1 cup,190.0
FNDDS:2709047,1 cup,187.0
FNDDS:2709048,1 cup,190.0
FNDDS:2709049,1 cup,243.0
FNDDS:2709050,1 cup,243.0
FNDDS:2709051,1 cup,243.0
FNDDS:2709052,1 cup,189.0
FNDDS:2709053,1 cup,186.0
FNDDS:2709054,1 cup,189.0
FNDDS:2709055,1 cup,229.0
FNDDS:2709056,1 cup,225.0
FNDDS:2709057,1 cup,229.0
FNDDS:2709058,1 cup,229.0
FNDDS:2709059,1 cup,229.0
FNDDS:2709060,1 cup,229.0
FNDDS:2709061,1 cup,189.0
FNDDS:2709062,1 cup,186.0
FNDDS:2709063,1 cup,189.0
FNDDS:2709064,1 roll,56.0
FNDDS:2709065,1 cup,224.0
FNDDS:2709066,1 cup,220.0
FNDDS:2709067,1 cup,186.0
FNDDS:2709068,1 cup,190.0
FNDDS:2709069,1 cup,186.0
FNDDS:2709070,1 cup,190.0
FNDDS:2709071,"1 croquette (1-1/2"" dia, 2"" high)",62.0
FNDDS:2709072,1/2 pepper with filling,149.0
FNDDS:2709072,1 cup,198.0
FNDDS:2709073,1/2 pepper with filling,149.0
FNDDS:2709073,1 cup,198.0
FNDDS:2709074,1 cup,198.0
FNDDS:2709074,1/2 pepper with filling,149.0
FNDDS:2709075,1 tomato with filling,149.0
FNDDS:2709075,1 cup,198.0
FNDDS:2709076,1 tomato with filling,149.0
FNDDS:2709076,1 cup,198.0
FNDDS:2709077,1 cup,206.0
FNDDS:2709078,1 cup,198.0
FNDDS:2709079,1 package (6 oz) yields,486.0
FNDDS:2709079,1 cup,218.0
FNDDS:2709080,1 cup,230.0
FNDDS:2709080,1 package (5.1 oz) yields,434.0
FNDDS:2709081,1 cup,217.0
FNDDS:2709082,"1 cup, beef flavor",184.0
FNDDS:2709082,"1 cup, NFS",196.0
FNDDS:2709082,"1 cup, chicken flavor",208.0
FNDDS:2709083,1 cup,196.0
FNDDS:2709084,1 cup,243.0
FNDDS:2709085,1 cup,243.0
FNDDS:2709086,1 cup,243.0
FNDDS:2709087,1 cup,243.0
FNDDS:2709088,1 cup,230.0
FNDDS:2709089,1 cup,167.0
FNDDS:2709090,1 cup,185.0
FNDDS:2709091,1 cup,155.0
FNDDS:2709092,1 cup,204.0
FNDDS:2709093,1 cup,204.0
FNDDS:2709094,1 cup,204.0
FNDDS:2709095,1 cup,237.0
FNDDS:2709096,1 cup,237.0
FNDDS:2709097,1 cup,237.0
FNDDS:2709098,1 cup,237.0
FNDDS:2709099,1 cup,237.0
FNDDS:2709100,1 cup,237.0
FNDDS:2709101,1 cup,282.0
FNDDS:2709102,1 cup,277.0
FNDDS:2709103,1 cup,282.0
FNDDS:2709104,1 cup,237.0
FNDDS:2709105,1 cup,237.0
FNDDS:2709106,1 cup,237.0
FNDDS:2709107,1 cup,237.0
FNDDS:2709108,1 cup,237.0
FNDDS:2709109,1 cup,237.0
FNDDS:2709110,1 cup,261.0
FNDDS:2709111,1 cup,258.0
FNDDS:2709112,1 cup,262.0
FNDDS:2709113,1 cup,260.0
FNDDS:2709114,1 cup,256.0
FNDDS:2709115,1 cup,260.0
FNDDS:2709116,1 cup,258.0
FNDDS:2709117,1 cup,255.0
FNDDS:2709118,1 cup,258.0
FNDDS:2709119,1 cup,293.0
FNDDS:2709120,1 cup,289.0
FNDDS:2709121,1 cup,293.0
FNDDS:2709122,1 cup,292.0
FNDDS:2709123,1 cup,288.0
FNDDS:2709124,1 cup,292.0
FNDDS:2709125,1 cup,290.0
FNDDS:2709126,1 cup,286.0
FNDDS:2709127,1 cup,290.0
FNDDS:2709128,"1 cup, cooked",170.0
FNDDS:2709129,1 large,523.0
FNDDS:2709129,1 medium,267.0
FNDDS:2709129,1 surface inch,3.4
FNDDS:2709129,1 small,113.0
FNDDS:2709130,"1 item, any size",30.0
FNDDS:2709131,1 cup,160.0
FNDDS:2709132,1 regular,165.0
FNDDS:2709132,1 miniature/slider,85.0
FNDDS:2709132,1 large,250.0
FNDDS:2709132,"1 regular or 6"" submarine",250.0
FNDDS:2709133,1 miniature/slider,95.0
FNDDS:2709133,1 regular,185.0
FNDDS:2709133,1 large,280.0
FNDDS:2709133,"1 regular or 6"" submarine",280.0
FNDDS:2709134,1 large,250.0
FNDDS:2709134,1 miniature/slider,85.0
FNDDS:2709134,"1 regular or 6"" submarine",250.0
FNDDS:2709134,1 regular,165.0
FNDDS:2709135,1 miniature/slider,95.0
FNDDS:2709135,1 regular,185.0
FNDDS:2709135,1 large,280.0
FNDDS:2709135,"1 regular or 6"" submarine",280.0
FNDDS:2709136,"1 sandwich, any size",165.0
FNDDS:2709137,1 sandwich,100.0
FNDDS:2709137,1 sandwich (1 slice bread),50.0
FNDDS:2709138,1 sandwich (1 slice bread),50.0
FNDDS:2709138,1 sandwich,100.0
FNDDS:2709139,1 sandwich (1 slice bread),50.0
FNDDS:2709139,1 sandwich,100.0
FNDDS:2709140,1 meal (10 oz),284.0
FNDDS:2709141,1 meal (12.5 oz),354.0
FNDDS:2709142,1 meal (10.5 oz),298.0
FNDDS:2709143,1 meal (6 oz),170.0
FNDDS:2709143,1 Jimmy Dean Flapstick,70.0
FNDDS:2709144,1 cup,245.0
FNDDS:2709145,1 cup,245.0
FNDDS:2709146,1 cup,245.0
FNDDS:2709147,1 individual container,440.0
FNDDS:2709147,1 cup,245.0
FNDDS:2709147,1 can,525.0
FNDDS:2709148,1 cup,245.0
FNDDS:2709148,1 can,525.0
FNDDS:2709148,1 individual container,440.0
FNDDS:2709149,1 cup,245.0
FNDDS:2709150,1 can,525.0
FNDDS:2709150,1 cup,245.0
FNDDS:2709150,1 individual container,440.0
FNDDS:2709151,1 cup,245.0
FNDDS:2709152,1 cup,245.0
FNDDS:2709152,"1 oz, dry, yields",165.0
FNDDS:2709152,1 individual container,440.0
FNDDS:2709153,1 cup,245.0
FNDDS:2709154,1 cup,245.0
FNDDS:2709155,1 cup,245.0
FNDDS:2709156,1 cup,245.0
FNDDS:2709157,1 cup,245.0
FNDDS:2709158,1 cup,245.0
FNDDS:2709159,1 cup,245.0
FNDDS:2709160,1 cup,245.0
FNDDS:2709161,1 cup,245.0
FNDDS:2709162,1 can,525.0
FNDDS:2709162,1 individual container,440.0
FNDDS:2709162,1 cup,245.0
FNDDS:2709163,"1 piece (3"" x 1"" x 3/8"")",19.0
FNDDS:2709163,"1 cup, cubes",146.0
FNDDS:2709164,1 cup,200.0
FNDDS:2709164,1 section/slice,8.0
FNDDS:2709164,1 fruit,85.0
FNDDS:2709165,1 half,154.0
FNDDS:2709165,1 cup,180.0
FNDDS:2709165,1 section/slice,25.0
FNDDS:2709165,1 fruit,308.0
FNDDS:2709166,1 cup,250.0
FNDDS:2709166,1 section/slice,25.0
FNDDS:2709166,1 snack size container,113.0
FNDDS:2709167,1 cup,185.0
FNDDS:2709167,1 fruit,19.0
FNDDS:2709168,1 slice or wedge,8.0
FNDDS:2709168,1 cup,200.0
FNDDS:2709168,1 fruit,65.0
FNDDS:2709169,1 cup,260.0
FNDDS:2709170,1 slice or wedge,8.0
FNDDS:2709170,1 cup,200.0
FNDDS:2709170,1 fruit,65.0
FNDDS:2709171,1 cup,180.0
FNDDS:2709171,1 fruit,154.0
FNDDS:2709171,1 section/slice,15.0
FNDDS:2709172,1 snack size container,113.0
FNDDS:2709172,1 section/slice,8.0
FNDDS:2709172,1 cup,250.0
FNDDS:2709173,1 section/slice,8.0
FNDDS:2709173,1 cup,245.0
FNDDS:2709173,1 snack size container,113.0
FNDDS:2709174,1 section/slice,8.0
FNDDS:2709174,1 cup,250.0
FNDDS:2709174,1 snack size container,113.0
FNDDS:2709175,1 fruit,109.0
FNDDS:2709175,1 section/slice,11.0
FNDDS:2709175,1 cup,195.0
FNDDS:2709176,1 fl oz (no ice),31.0
FNDDS:2709176,1 fl oz (NFS),31.0
FNDDS:2709176,1 fl oz (with ice),23.0
FNDDS:2709176,Juice of 1 grapefruit,196.0
FNDDS:2709177,1 fl oz (no ice),31.0
FNDDS:2709177,1 fl oz (NFS),31.0
FNDDS:2709177,1 fl oz (with ice),23.0
FNDDS:2709178,1 fl oz (NFS),31.0
FNDDS:2709178,1 fl oz (with ice),23.0
FNDDS:2709178,1 fl oz (no ice),31.0
FNDDS:2709179,1 fl oz (with ice),23.0
FNDDS:2709179,1 fl oz (NFS),31.0
FNDDS:2709179,1 fl oz (no ice),31.0
FNDDS:2709180,Guideline amount per fl oz of beverage,0.8
FNDDS:2709180,1 fl oz (with ice),23.0
FNDDS:2709180,1 fl oz (NFS),31.0
FNDDS:2709180,1 fl oz (no ice),31.0
FNDDS:2709180,1 drop,0.1
FNDDS:2709181,1 fl oz (with ice),23.0
FNDDS:2709181,Guideline amount per fl oz of beverage,0.8
FNDDS:2709181,1 fl oz (NFS),31.0
FNDDS:2709181,1 fl oz (no ice),31.0
FNDDS:2709181,1 drop,0.1
FNDDS:2709181,"Juice of 1 lemon (2-1/8"" dia)",47.0
FNDDS:2709181,Juice of 1 wedge or slice,6.0
FNDDS:2709182,1 fl oz (NFS),31.0
FNDDS:2709182,1 individual packet,5.0
FNDDS:2709182,1 fl oz (with ice),23.0
FNDDS:2709182,Guideline amount per fl oz of beverage,0.9
FNDDS:2709182,1 drop,0.1
FNDDS:2709182,1 fl oz (no ice),31.0
FNDDS:2709183,1 fl oz (no ice),31.0
FNDDS:2709183,Guideline amount per fl oz of beverage,0.9
FNDDS:2709183,1 fl oz (NFS),31.0
FNDDS:2709183,1 fl oz (with ice),23.0
FNDDS:2709183,1 drop,0.1
FNDDS:2709184,1 fl oz (with ice),23.0
FNDDS:2709184,Guideline amount per fl oz of beverage,0.8
FNDDS:2709184,Juice of 1 wedge or slice,5.0
FNDDS:2709184,1 drop,0.1
FNDDS:2709184,"Juice of 1 lime (2"" dia)",44.0
FNDDS:2709184,1 fl oz (NFS),31.0
FNDDS:2709184,1 fl oz (no ice),31.0
FNDDS:2709185,1 fl oz (with ice),23.0
FNDDS:2709185,1 fl oz (NFS),31.0
FNDDS:2709185,Guideline amount per fl oz of beverage,0.9
FNDDS:2709185,1 drop,0.1
FNDDS:2709185,1 fl oz (no ice),31.0
FNDDS:2709186,1 fun size box (4.23 fl oz),131.0
FNDDS:2709186,1 fl oz (NFS),31.0
FNDDS:2709186,1 juice box/pouch (6.75 fl oz),209.0
FNDDS:2709186,1 individual school container,124.0
FNDDS:2709186,1 fl oz (with ice),23.0
FNDDS:2709186,1 fl oz (no ice),31.0
FNDDS:2709187,"Juice of 1 orange (2-5/8"" dia)",86.0
FNDDS:2709187,1 fl oz (with ice),23.0
FNDDS:2709187,1 fl oz (NFS),31.0
FNDDS:2709187,1 fl oz (no ice),31.0
FNDDS:2709188,1 bottle (10 fl oz),310.0
FNDDS:2709188,1 fl oz (with ice),23.0
FNDDS:2709188,1 fl oz (NFS),31.0
FNDDS:2709188,1 juice box/pouch (6.75 fl oz),209.0
FNDDS:2709188,1 bottle (12 fl oz),372.0
FNDDS:2709188,1 bottle (16 fl oz),496.0
FNDDS:2709188,1 fl oz (no ice),31.0
FNDDS:2709188,1 fun size box (4.23 fl oz),131.0
FNDDS:2709188,1 individual school carton,124.0
FNDDS:2709189,1 fl oz (NFS),31.0
FNDDS:2709189,1 fl oz (no ice),31.0
FNDDS:2709189,1 fl oz (with ice),23.0
FNDDS:2709189,1 individual school container,124.0
FNDDS:2709189,1 fun size box (4.23 fl oz),131.0
FNDDS:2709189,1 bottle (8 fl oz),248.0
FNDDS:2709189,1 juice box/pouch (6.75 fl oz),209.0
FNDDS:2709190,1 fl oz (with ice),23.0
FNDDS:2709190,1 fl oz (NFS),31.0
FNDDS:2709190,1 fl oz (no ice),31.0
FNDDS:2709191,1 fl oz,36.0
FNDDS:2709191,1 cup,284.0
FNDDS:2709192,1 fl oz (no ice),31.0
FNDDS:2709192,1 fl oz (with ice),23.0
FNDDS:2709192,1 fl oz (NFS),31.0
FNDDS:2709193,1 fl oz (with ice),23.0
FNDDS:2709193,1 fl oz (no ice),31.0
FNDDS:2709193,1 fl oz (NFS),31.0
FNDDS:2709194,1 fl oz (NFS),31.0
FNDDS:2709194,1 fun size box (4.23 fl oz),131.0
FNDDS:2709194,1 fl oz (with ice),23.0
FNDDS:2709194,1 juice box/pouch (6.75 fl oz),209.0
FNDDS:2709194,1 can (12 fl oz),372.0
FNDDS:2709194,1 fl oz (no ice),31.0
FNDDS:2709194,1 Capri Sun pouch,186.0
FNDDS:2709195,1 cup,160.0
FNDDS:2709196,1 cup,90.0
FNDDS:2709196,1 slice/chunk,8.0
FNDDS:2709197,1 cup,160.0
FNDDS:2709197,1 slice/chunk,8.0
FNDDS:2709198,1 cup,160.0
FNDDS:2709198,1 berry,0.5
FNDDS:2709199,1 cup,160.0
FNDDS:2709199,1 cherry,1.0
FNDDS:2709200,1 slice,2.0
FNDDS:2709200,1 cup,72.0
FNDDS:2709201,1 slice/chunk,0.5
FNDDS:2709201,1 cup,160.0
FNDDS:2709202,1 cup,160.0
FNDDS:2709202,1 berry,0.5
FNDDS:2709203,1 cup,160.0
FNDDS:2709203,1 date,8.0
FNDDS:2709204,1 fig,8.0
FNDDS:2709204,1 cup,160.0
FNDDS:2709205,1 slice/chunk,8.0
FNDDS:2709205,1 cup,160.0
FNDDS:2709206,1 slice/chunk,8.0
FNDDS:2709206,1 cup,160.0
FNDDS:2709207,1 cup,160.0
FNDDS:2709207,1 half,15.0
FNDDS:2709208,1 half,15.0
FNDDS:2709208,1 cup,160.0
FNDDS:2709209,1 slice/chunk,8.0
FNDDS:2709209,1 cup,160.0
FNDDS:2709210,1 cup,160.0
FNDDS:2709210,1 slice/chunk,8.0
FNDDS:2709211,1 prune,8.0
FNDDS:2709211,1 cup,160.0
FNDDS:2709212,1 cup,160.0
FNDDS:2709212,1 small box (1.5 oz),43.0
FNDDS:2709212,1 raisin,0.5
FNDDS:2709212,1 miniature box (.5 oz),14.0
FNDDS:2709213,1 fruit,185.0
FNDDS:2709213,1 cup,150.0
FNDDS:2709214,1 slice/chunk,30.0
FNDDS:2709214,1 cup,240.0
FNDDS:2709215,1 small,165.0
FNDDS:2709215,1 single serving package,34.0
FNDDS:2709215,1 slice,25.0
FNDDS:2709215,1 medium,200.0
FNDDS:2709215,1 extra large,295.0
FNDDS:2709215,1 large,242.0
FNDDS:2709215,1 cup,125.0
FNDDS:2709216,1 cup,250.0
FNDDS:2709216,1 pouch,90.0
FNDDS:2709216,1 snack size container,113.0
FNDDS:2709217,1 pouch,90.0
FNDDS:2709217,1 cup,245.0
FNDDS:2709217,1 snack size container,113.0
FNDDS:2709218,1 pouch,90.0
FNDDS:2709218,1 snack size container,113.0
FNDDS:2709218,1 cup,250.0
FNDDS:2709219,1 cup,260.0
FNDDS:2709220,1 cup,190.0
FNDDS:2709220,"1 apple, any size",210.0
FNDDS:2709221,1 cup,155.0
FNDDS:2709221,1 slice/chunk,10.0
FNDDS:2709221,1 apricot,35.0
FNDDS:2709222,1 cup,250.0
FNDDS:2709222,1 half,18.0
FNDDS:2709223,"1 cup, mashed or pureed",230.0
FNDDS:2709223,1 slice,15.0
FNDDS:2709223,1 cup,150.0
FNDDS:2709223,1 fruit,150.0
FNDDS:2709224,"1 cup, mashed",225.0
FNDDS:2709224,1 banana,126.0
FNDDS:2709224,1 cup,150.0
FNDDS:2709224,1 slice,6.0
FNDDS:2709224,1 linear inch,15.0
FNDDS:2709225,1 banana,140.0
FNDDS:2709225,1 cup,140.0
FNDDS:2709226,1 medium melon,550.0
FNDDS:2709226,1 cube,15.0
FNDDS:2709226,1 ball,15.0
FNDDS:2709226,1 large melon,815.0
FNDDS:2709226,1 medium wedge/slice,70.0
FNDDS:2709226,1 large wedge/slice,105.0
FNDDS:2709226,1 cup,155.0
FNDDS:2709226,1 small wedge/slice,35.0
FNDDS:2709226,1 small melon,440.0
FNDDS:2709227,1 cup,150.0
FNDDS:2709228,1 slice,8.0
FNDDS:2709228,1 cup,100.0
FNDDS:2709228,1 fruit,90.0
FNDDS:2709229,1 cup,160.0
FNDDS:2709229,1 cherry,5.0
FNDDS:2709230,1 cup,260.0
FNDDS:2709231,1 cherry,7.0
FNDDS:2709231,1 cup,150.0
FNDDS:2709232,1 cup,250.0
FNDDS:2709232,1 cherry,7.0
FNDDS:2709233,1 cherry,7.0
FNDDS:2709233,1 cup,150.0
FNDDS:2709234,1 fruit,75.0
FNDDS:2709234,1 slice,7.0
FNDDS:2709234,1 cup,180.0
FNDDS:2709235,1 fig,50.0
FNDDS:2709236,1 cup,250.0
FNDDS:2709236,1 fig,28.0
FNDDS:2709237,1 cup,150.0
FNDDS:2709237,1 grape,7.0
FNDDS:2709238,1 fruit,55.0
FNDDS:2709238,1 slice,15.0
FNDDS:2709238,1 cup,165.0
FNDDS:2709239,1 cup,180.0
FNDDS:2709239,1 slice,7.0
FNDDS:2709239,1 fruit,75.0
FNDDS:2709240,1 cup,190.0
FNDDS:2709240,1 lychee,10.0
FNDDS:2709241,1 cup,155.0
FNDDS:2709241,1 medium wedge/slice,125.0
FNDDS:2709241,1 ball,15.0
FNDDS:2709241,1 large wedge/slice,190.0
FNDDS:2709241,1 large melon,1320.0
FNDDS:2709241,1 medium melon,1000.0
FNDDS:2709241,1 small wedge/slice,65.0
FNDDS:2709241,1 small melon,800.0
FNDDS:2709241,1 cube,15.0
FNDDS:2709242,1 mango,210.0
FNDDS:2709242,1 cup,165.0
FNDDS:2709242,1 slice/chunk,25.0
FNDDS:2709243,1 cup,250.0
FNDDS:2709243,1 snack size container,113.0
FNDDS:2709243,1 slice/chunk,25.0
FNDDS:2709244,1 slice/chunk,25.0
FNDDS:2709244,1 cup,150.0
FNDDS:2709245,1 slice/chunk,20.0
FNDDS:2709245,1 cup,155.0
FNDDS:2709245,1 fruit,140.0
FNDDS:2709246,"1 cup, mashed",230.0
FNDDS:2709246,1 fruit,330.0
FNDDS:2709246,1 slice/chunk,40.0
FNDDS:2709246,1 cup,165.0
FNDDS:2709247,1 slice/chunk,40.0
FNDDS:2709247,1 cup,250.0
FNDDS:2709248,1 cup,236.0
FNDDS:2709248,1 fruit,18.0
FNDDS:2709249,1 slice/chunk,20.0
FNDDS:2709249,1 fruit,150.0
FNDDS:2709249,1 cup,155.0
FNDDS:2709250,1 slice/chunk,20.0
FNDDS:2709250,1 snack size container,113.0
FNDDS:2709250,1 cup,250.0
FNDDS:2709250,1 half,75.0
FNDDS:2709251,1 half,75.0
FNDDS:2709251,1 snack size container,113.0
FNDDS:2709251,1 slice/chunk,20.0
FNDDS:2709251,1 cup,250.0
FNDDS:2709252,1 cup,245.0
FNDDS:2709252,1 half,75.0
FNDDS:2709252,1 snack size container,113.0
FNDDS:2709252,1 slice/chunk,20.0
FNDDS:2709253,1 slice/chunk,20.0
FNDDS:2709253,1 cup,150.0
FNDDS:2709253,1 half,75.0
FNDDS:2709254,1 fruit,180.0
FNDDS:2709254,1 slice/chunk,25.0
FNDDS:2709254,1 cup,125.0
FNDDS:2709255,1 fruit,275.0
FNDDS:2709255,1 cup,125.0
FNDDS:2709256,1 snack size container,113.0
FNDDS:2709256,1 half,90.0
FNDDS:2709256,1 cup,250.0
FNDDS:2709256,1 slice/chunk,25.0
FNDDS:2709257,1 cup,250.0
FNDDS:2709257,1 half,90.0
FNDDS:2709257,1 slice/chunk,25.0
FNDDS:2709257,1 snack size container,113.0
FNDDS:2709258,1 cup,245.0
FNDDS:2709258,1 slice/chunk,25.0
FNDDS:2709258,1 half,90.0
FNDDS:2709258,1 snack size container,113.0
FNDDS:2709259,1 fruit,170.0
FNDDS:2709259,1 slice,20.0
FNDDS:2709260,1 cup,165.0
FNDDS:2709260,1 slice,56.0
FNDDS:2709260,1 chunk,15.0
FNDDS:2709260,1 fruit,905.0
FNDDS:2709261,1 cup,250.0
FNDDS:2709261,1 snack size container,113.0
FNDDS:2709261,1 slice/ring,56.0
FNDDS:2709261,1 chunk,15.0
FNDDS:2709262,1 slice/ring,56.0
FNDDS:2709262,1 cup,250.0
FNDDS:2709262,1 chunk,15.0
FNDDS:2709262,1 snack size container,113.0
FNDDS:2709263,1 chunk,15.0
FNDDS:2709263,1 slice/ring,56.0
FNDDS:2709263,1 cup,245.0
FNDDS:2709263,1 snack size container,113.0
FNDDS:2709264,1 cup,150.0
FNDDS:2709264,1 chunk,15.0
FNDDS:2709265,1 cup,155.0
FNDDS:2709265,1 fruit,75.0
FNDDS:2709266,1 fruit,75.0
FNDDS:2709266,1 cup,250.0
FNDDS:2709267,1 fruit,250.0
FNDDS:2709267,1 cup,175.0
FNDDS:2709268,1 cup,240.0
FNDDS:2709269,1 tamarind,2.0
FNDDS:2709270,1 medium wedge/slice,325.0
FNDDS:2709270,1 large wedge/slice,432.0
FNDDS:2709270,1 cube,15.0
FNDDS:2709270,1 ball,15.0
FNDDS:2709270,1 small wedge/slice,218.0
FNDDS:2709270,1 cup,155.0
FNDDS:2709270,1 miniature melon,1300.0
FNDDS:2709271,1 cup,150.0
FNDDS:2709272,1 cup,150.0
FNDDS:2709273,1 cup,150.0
FNDDS:2709273,1 blackberry,5.0
FNDDS:2709274,1 berry,5.0
FNDDS:2709274,1 cup,150.0
FNDDS:2709275,1 cup,150.0
FNDDS:2709275,1 berry,2.0
FNDDS:2709276,1 cup,250.0
FNDDS:2709277,1 cup,150.0
FNDDS:2709277,1 berry,2.0
FNDDS:2709278,1 cup,260.0
FNDDS:2709279,1 berry,2.0
FNDDS:2709279,1 cup,100.0
FNDDS:2709280,1 cup,280.0
FNDDS:2709280,1 slice,50.0
FNDDS:2709281,1 cup,150.0
FNDDS:2709281,1 berry,2.0
FNDDS:2709282,1 cup,150.0
FNDDS:2709282,1 berry,2.0
FNDDS:2709283,1 fruit,18.0
FNDDS:2709283,1 cup,150.0
FNDDS:2709284,1 cup,250.0
FNDDS:2709285,1 cup,150.0
FNDDS:2709285,1 berry,18.0
FNDDS:2709286,1 cup,193.0
FNDDS:2709287,1 cup,150.0
FNDDS:2709288,1 cup,150.0
FNDDS:2709289,1 cup,250.0
FNDDS:2709289,1 pouch,90.0
FNDDS:2709289,1 snack size container,113.0
FNDDS:2709290,1 pouch,90.0
FNDDS:2709290,1 snack size container,113.0
FNDDS:2709290,1 cup,250.0
FNDDS:2709291,1 snack size container,113.0
FNDDS:2709291,1 pouch,90.0
FNDDS:2709291,1 cup,245.0
FNDDS:2709292,1 cup,150.0
FNDDS:2709293,1 cup,137.0
FNDDS:2709294,"1 apple, any size",320.0
FNDDS:2709295,1 fruit,40.0
FNDDS:2709296,1 cup,188.0
FNDDS:2709297,1 cup,182.0
FNDDS:2709298,1 cup,175.0
FNDDS:2709299,1 cup,171.0
FNDDS:2709300,1 cup,182.0
FNDDS:2709301,1 cup,182.0
FNDDS:2709302,1 cup,188.0
FNDDS:2709303,1 cup,182.0
FNDDS:2709304,1 cup,175.0
FNDDS:2709305,1 cup,171.0
FNDDS:2709306,1 cup,120.0
FNDDS:2709307,1 tablespoon,15.0
FNDDS:2709307,1 individual container,70.0
FNDDS:2709308,1 tablespoon,15.0
FNDDS:2709308,1 individual container,70.0
FNDDS:2709309,1 tablespoon,16.0
FNDDS:2709310,"1 serving (lettuce, 1 cup diced pineapple, dressing)",184.0
FNDDS:2709311,1 cup,245.0
FNDDS:2709312,1 bar,80.0
FNDDS:2709312,1 fl oz,30.0
FNDDS:2709313,1 fl oz,30.0
FNDDS:2709313,1 bar,80.0
FNDDS:2709314,1 bar,80.0
FNDDS:2709314,1 cup,200.0
FNDDS:2709315,1 individual school container,124.0
FNDDS:2709315,1 juice box/pouch (6.75 fl oz),209.0
FNDDS:2709315,1 fl oz (with ice),23.0
FNDDS:2709315,1 fl oz (NFS),31.0
FNDDS:2709315,1 fun size box (4.23 fl oz),131.0
FNDDS:2709315,1 fl oz (no ice),31.0
FNDDS:2709316,1 fl oz (NFS),31.0
FNDDS:2709316,1 individual school container,124.0
FNDDS:2709316,1 fl oz (no ice),31.0
FNDDS:2709316,1 fun size box (4.23 fl oz),131.0
FNDDS:2709316,1 fl oz (with ice),23.0
FNDDS:2709316,1 juice box/pouch (6.75 fl oz),209.0
FNDDS:2709317,1 fl oz (NFS),31.0
FNDDS:2709317,1 juice box/pouch (6.75 fl oz),209.0
FNDDS:2709317,1 fl oz (no ice),31.0
FNDDS:2709317,1 fun size box (4.23 fl oz),131.0
FNDDS:2709317,1 fl oz (with ice),23.0
FNDDS:2709318,1 fl oz (NFS),31.0
FNDDS:2709318,1 fl oz (no ice),31.0
FNDDS:2709318,1 fl oz (with ice),23.0
FNDDS:2709319,1 fl oz (no ice),31.0
FNDDS:2709319,1 fl oz (NFS),31.0
FNDDS:2709319,1 fl oz (with ice),23.0
FNDDS:2709320,1 bottle (10 fl oz),310.0
FNDDS:2709320,1 juice box/pouch (6.75 fl oz),209.0
FNDDS:2709320,1 fl oz (with ice),23.0
FNDDS:2709320,1 fun size box (4.23 fl oz),131.0
FNDDS:2709320,1 fl oz (no ice),31.0
FNDDS:2709320,1 individual school container,124.0
FNDDS:2709320,1 fl oz (NFS),31.0
FNDDS:2709321,1 fl oz (NFS),31.0
FNDDS:2709321,1 fl oz (with ice),23.0
FNDDS:2709321,1 fl oz (no ice),31.0
FNDDS:2709322,1 fl oz (no ice),31.0
FNDDS:2709322,1 fl oz (NFS),31.0
FNDDS:2709322,1 fl oz (with ice),23.0
FNDDS:2709323,1 fl oz (with ice),23.0
FNDDS:2709323,1 fl oz (NFS),31.0
FNDDS:2709323,1 fl oz (no ice),31.0
FNDDS:2709324,1 fl oz (with ice),23.0
FNDDS:2709324,1 fl oz (no ice),31.0
FNDDS:2709324,1 fl oz (NFS),31.0
FNDDS:2709325,1 juice box/pouch (6.75 fl oz),209.0
FNDDS:2709325,1 fl oz (no ice),31.0
FNDDS:2709325,1 fl oz (NFS),31.0
FNDDS:2709325,1 fl oz (with ice),23.0
FNDDS:2709325,1 fun size box (4.23 fl oz),131.0
FNDDS:2709325,1 individual school container,124.0
FNDDS:2709326,1 fl oz (NFS),31.0
FNDDS:2709326,1 fl oz (with ice),23.0
FNDDS:2709326,1 fl oz (no ice),31.0
FNDDS:2709327,1 fl oz (NFS),31.0
FNDDS:2709327,1 fl oz (no ice),31.0
FNDDS:2709327,1 fl oz (with ice),23.0
FNDDS:2709328,1 fl oz (with ice),23.0
FNDDS:2709328,1 fl oz (NFS),31.0
FNDDS:2709328,1 fl oz (no ice),31.0
FNDDS:2709329,1 fl oz (no ice),31.0
FNDDS:2709329,1 fl oz (with ice),23.0
FNDDS:2709329,1 fl oz (NFS),31.0
FNDDS:2709329,1 individual school container,124.0
FNDDS:2709330,1 fl oz (NFS),31.0
FNDDS:2709330,1 fl oz (no ice),31.0
FNDDS:2709330,1 fl oz (with ice),23.0
FNDDS:2709331,1 fl oz (NFS),31.0
FNDDS:2709331,1 fl oz (with ice),23.0
FNDDS:2709331,1 fl oz (no ice),31.0
FNDDS:2709332,1 fl oz (NFS),30.0
FNDDS:2709332,1 fl oz (no ice),30.0
FNDDS:2709332,1 fl oz (with ice),23.0
FNDDS:2709333,1 fl oz (with ice),23.0
FNDDS:2709333,1 fl oz (NFS),30.0
FNDDS:2709333,1 fl oz (no ice),30.0
FNDDS:2709334,1 fl oz,27.0
FNDDS:2709334,1 large,1080.0
FNDDS:2709334,1 small,540.0
FNDDS:2709334,1 cup,216.0
FNDDS:2709334,1 medium,864.0
FNDDS:2709335,1 large,1080.0
FNDDS:2709335,1 medium,864.0
FNDDS:2709335,1 small,540.0
FNDDS:2709335,1 cup,216.0
FNDDS:2709335,1 fl oz,27.0
FNDDS:2709336,1 large,1080.0
FNDDS:2709336,1 small,540.0
FNDDS:2709336,1 cup,216.0
FNDDS:2709336,1 fl oz,27.0
FNDDS:2709336,1 medium,864.0
FNDDS:2709337,1 fl oz,27.0
FNDDS:2709337,1 cup,216.0
FNDDS:2709337,1 large,1080.0
FNDDS:2709337,1 small,540.0
FNDDS:2709337,1 medium,864.0
FNDDS:2709338,1 large,1080.0
FNDDS:2709338,1 medium,864.0
FNDDS:2709338,1 fl oz,27.0
FNDDS:2709338,1 small,540.0
FNDDS:2709338,1 cup,216.0
FNDDS:2709339,1 fl oz,31.0
FNDDS:2709339,1 cup,248.0
FNDDS:2709340,1 fl oz (no ice),31.0
FNDDS:2709340,1 fl oz (with ice),23.0
FNDDS:2709340,1 fl oz (NFS),31.0
FNDDS:2709341,1 fl oz (NFS),31.0
FNDDS:2709341,1 fl oz (no ice),31.0
FNDDS:2709341,1 fl oz (with ice),23.0
FNDDS:2709342,1 fl oz (NFS),31.0
FNDDS:2709342,1 fl oz (no ice),31.0
FNDDS:2709342,1 fl oz (with ice),23.0
FNDDS:2709343,1 fl oz (NFS),31.0
FNDDS:2709343,1 fl oz (with ice),23.0
FNDDS:2709343,1 fl oz (no ice),31.0
FNDDS:2709344,1 fl oz (with ice),23.0
FNDDS:2709344,1 fl oz (NFS),31.0
FNDDS:2709344,1 fl oz (no ice),31.0
FNDDS:2709345,1 fl oz (no ice),31.0
FNDDS:2709345,1 fl oz (NFS),31.0
FNDDS:2709345,1 fl oz (with ice),23.0
FNDDS:2709346,1 fl oz (NFS),31.0
FNDDS:2709346,1 fl oz (with ice),23.0
FNDDS:2709346,1 fl oz (no ice),31.0
FNDDS:2709347,1 fl oz (with ice),23.0
FNDDS:2709347,1 fl oz (no ice),31.0
FNDDS:2709347,1 fl oz (NFS),31.0
FNDDS:2709348,1 fl oz (no ice),31.0
FNDDS:2709348,1 fl oz (NFS),31.0
FNDDS:2709348,1 fl oz (with ice),23.0
FNDDS:2709349,1 fl oz (no ice),31.0
FNDDS:2709349,1 fl oz (with ice),23.0
FNDDS:2709349,1 fl oz (NFS),31.0
FNDDS:2709350,1 fl oz (with ice),23.0
FNDDS:2709350,1 fl oz (NFS),31.0
FNDDS:2709350,1 fl oz (no ice),31.0
FNDDS:2709351,1 tablespoon,15.0
FNDDS:2709351,1 packet,9.0
FNDDS:2709352,1 tub,110.0
FNDDS:2709352,1 pouch,110.0
FNDDS:2709352,1 tablespoon,15.0
FNDDS:2709352,1 jar,110.0
FNDDS:2709353,1 pouch,110.0
FNDDS:2709353,1 tub,110.0
FNDDS:2709353,1 tablespoon,15.0
FNDDS:2709353,1 jar,110.0
FNDDS:2709354,1 tub,140.0
FNDDS:2709354,1 tablespoon,15.0
FNDDS:2709354,1 jar,140.0
FNDDS:2709354,1 pouch,110.0
FNDDS:2709355,1 jar,110.0
FNDDS:2709355,1 tub,110.0
FNDDS:2709355,1 tablespoon,15.0
FNDDS:2709355,1 pouch,110.0
FNDDS:2709356,1 pouch,110.0
FNDDS:2709356,1 tablespoon,15.0
FNDDS:2709356,1 jar,110.0
FNDDS:2709356,1 tub,110.0
FNDDS:2709357,1 tub,110.0
FNDDS:2709357,1 jar,110.0
FNDDS:2709357,1 pouch,110.0
FNDDS:2709357,1 tablespoon,15.0
FNDDS:2709358,1 jar,140.0
FNDDS:2709358,1 pouch,110.0
FNDDS:2709358,1 tub,140.0
FNDDS:2709358,1 tablespoon,15.0
FNDDS:2709359,1 jar,110.0
FNDDS:2709359,1 tablespoon,15.0
FNDDS:2709359,1 tub,110.0
FNDDS:2709359,1 pouch,110.0
FNDDS:2709360,1 tablespoon,15.0
FNDDS:2709360,1 jar,110.0
FNDDS:2709360,1 pouch,110.0
FNDDS:2709360,1 tub,110.0
FNDDS:2709361,1 tub,110.0
FNDDS:2709361,1 tablespoon,15.0
FNDDS:2709361,1 jar,110.0
FNDDS:2709361,1 pouch,110.0
FNDDS:2709362,1 pouch,110.0
FNDDS:2709362,1 tablespoon,15.0
FNDDS:2709362,1 tub,110.0
FNDDS:2709362,1 jar,110.0
FNDDS:2709363,1 jar,110.0
FNDDS:2709363,1 tub,70.0
FNDDS:2709363,1 pouch,90.0
FNDDS:2709363,1 tablespoon,15.0
FNDDS:2709364,1 tub,110.0
FNDDS:2709364,1 tablespoon,15.0
FNDDS:2709364,1 pouch,110.0
FNDDS:2709364,1 jar,110.0
FNDDS:2709365,1 tub,70.0
FNDDS:2709365,1 pouch,90.0
FNDDS:2709365,1 jar,110.0
FNDDS:2709365,1 tablespoon,15.0
FNDDS:2709366,1 pouch,110.0
FNDDS:2709366,1 tub,110.0
FNDDS:2709366,1 tablespoon,15.0
FNDDS:2709366,1 jar,110.0
FNDDS:2709367,1 pouch,90.0
FNDDS:2709367,1 jar,110.0
FNDDS:2709367,1 tablespoon,15.0
FNDDS:2709367,1 tub,70.0
FNDDS:2709368,1 jar,110.0
FNDDS:2709368,1 tub,110.0
FNDDS:2709368,1 tablespoon,15.0
FNDDS:2709368,1 pouch,110.0
FNDDS:2709369,1 tablespoon,15.0
FNDDS:2709369,1 jar,110.0
FNDDS:2709369,1 tub,70.0
FNDDS:2709369,1 pouch,90.0
FNDDS:2709370,1 pouch,110.0
FNDDS:2709370,1 tub,110.0
FNDDS:2709370,1 tablespoon,15.0
FNDDS:2709370,1 jar,110.0
FNDDS:2709371,1 jar,110.0
FNDDS:2709371,1 pouch,90.0
FNDDS:2709371,1 tub,70.0
FNDDS:2709371,1 tablespoon,15.0
FNDDS:2709372,1 jar,110.0
FNDDS:2709372,1 tub,70.0
FNDDS:2709372,1 tablespoon,15.0
FNDDS:2709372,1 pouch,90.0
FNDDS:2709373,1 fl oz,31.0
FNDDS:2709373,1 bottle (4 fl oz),124.0
FNDDS:2709374,1 bottle (4 fl oz),124.0
FNDDS:2709374,1 fl oz,31.0
FNDDS:2709375,1 bottle (4 fl oz),124.0
FNDDS:2709375,1 fl oz,31.0
FNDDS:2709376,1 bottle (4 fl oz),124.0
FNDDS:2709376,1 fl oz,31.0
FNDDS:2709377,1 fl oz,31.0
FNDDS:2709377,1 bottle (4 fl oz),124.0
FNDDS:2709378,1 bottle (4 fl oz),124.0
FNDDS:2709378,1 fl oz,31.0
FNDDS:2709379,1 bottle (4 fl oz),124.0
FNDDS:2709379,1 fl oz,31.0
FNDDS:2709380,1 pouch,110.0
FNDDS:2709380,1 tablespoon,15.0
FNDDS:2709380,1 jar,110.0
FNDDS:2709380,1 tub,110.0
FNDDS:2709381,1 cup,28.0
FNDDS:2709381,1 piece,0.5
FNDDS:2709382,1 new potato,60.0
FNDDS:2709382,1 baby potato,60.0
FNDDS:2709382,1 cup,160.0
FNDDS:2709382,"1 potato, any size",170.0
FNDDS:2709383,1 small,230.0
FNDDS:2709383,1 large,400.0
FNDDS:2709383,1 medium,285.0
FNDDS:2709383,1 cup,130.0
FNDDS:2709384,1 cup,130.0
FNDDS:2709384,1 small,230.0
FNDDS:2709384,1 medium,285.0
FNDDS:2709384,1 large,400.0
FNDDS:2709385,1 small,130.0
FNDDS:2709385,1 new potato,60.0
FNDDS:2709385,1 medium,170.0
FNDDS:2709385,1 baby potato,60.0
FNDDS:2709385,1 large,300.0
FNDDS:2709385,1 cup,160.0
FNDDS:2709386,1 cup,160.0
FNDDS:2709386,1 medium,170.0
FNDDS:2709386,1 large,300.0
FNDDS:2709386,1 small,130.0
FNDDS:2709386,1 baby potato,60.0
FNDDS:2709386,1 new potato,60.0
FNDDS:2709387,1 baby potato,60.0
FNDDS:2709387,1 small,130.0
FNDDS:2709387,1 new potato,60.0
FNDDS:2709387,1 cup,160.0
FNDDS:2709387,1 medium,170.0
FNDDS:2709387,1 large,300.0
FNDDS:2709388,1 small,130.0
FNDDS:2709388,1 new potato,60.0
FNDDS:2709388,1 cup,160.0
FNDDS:2709388,1 large,300.0
FNDDS:2709388,1 baby potato,60.0
FNDDS:2709388,1 medium,170.0
FNDDS:2709389,1 small,130.0
FNDDS:2709389,1 new potato,60.0
FNDDS:2709389,1 cup,160.0
FNDDS:2709389,1 medium,170.0
FNDDS:2709389,1 large,300.0
FNDDS:2709389,1 baby potato,60.0
FNDDS:2709390,1 small,130.0
FNDDS:2709390,1 new potato,60.0
FNDDS:2709390,1 cup,160.0
FNDDS:2709390,1 medium,170.0
FNDDS:2709390,1 large,300.0
FNDDS:2709390,1 baby potato,60.0
FNDDS:2709391,1 large,300.0
FNDDS:2709391,1 cup,160.0
FNDDS:2709391,1 medium,170.0
FNDDS:2709391,1 new potato,60.0
FNDDS:2709391,1 small,130.0
FNDDS:2709391,1 baby potato,60.0
FNDDS:2709392,1 large,300.0
FNDDS:2709392,1 new potato,60.0
FNDDS:2709392,1 baby potato,60.0
FNDDS:2709392,1 small,130.0
FNDDS:2709392,1 medium,170.0
FNDDS:2709392,1 cup,160.0
FNDDS:2709393,1 cup,160.0
FNDDS:2709393,1 baby potato,60.0
FNDDS:2709393,1 medium,170.0
FNDDS:2709393,1 small,130.0
FNDDS:2709393,1 large,300.0
FNDDS:2709393,1 new potato,60.0
FNDDS:2709394,1 large,300.0
FNDDS:2709394,1 medium,170.0
FNDDS:2709394,1 cup,160.0
FNDDS:2709394,1 small,130.0
FNDDS:2709394,1 baby potato,60.0
FNDDS:2709394,1 new potato,60.0
FNDDS:2709395,1 large,300.0
FNDDS:2709395,1 medium,170.0
FNDDS:2709395,1 baby potato,60.0
FNDDS:2709395,1 new potato,60.0
FNDDS:2709395,1 small,130.0
FNDDS:2709395,1 cup,160.0
FNDDS:2709396,1 small,130.0
FNDDS:2709396,1 cup,160.0
FNDDS:2709396,1 new potato,60.0
FNDDS:2709396,1 baby potato,60.0
FNDDS:2709396,1 large,300.0
FNDDS:2709396,1 medium,170.0
FNDDS:2709397,1 small,130.0
FNDDS:2709397,1 large,300.0
FNDDS:2709397,1 new potato,60.0
FNDDS:2709397,1 baby potato,60.0
FNDDS:2709397,1 medium,170.0
FNDDS:2709397,1 cup,160.0
FNDDS:2709398,1 baby potato,60.0
FNDDS:2709398,1 small,130.0
FNDDS:2709398,1 cup,160.0
FNDDS:2709398,1 medium,170.0
FNDDS:2709398,1 new potato,60.0
FNDDS:2709398,1 large,300.0
FNDDS:2709399,"1 whole, canned",35.0
FNDDS:2709399,1 cup,185.0
FNDDS:2709400,"1 whole, canned",35.0
FNDDS:2709400,1 cup,185.0
FNDDS:2709401,1 cup,185.0
FNDDS:2709401,"1 whole, canned",35.0
FNDDS:2709402,1 cup,160.0
FNDDS:2709402,1 large,300.0
FNDDS:2709402,1 small,130.0
FNDDS:2709402,1 new potato,60.0
FNDDS:2709402,1 medium,170.0
FNDDS:2709402,1 baby potato,60.0
FNDDS:2709403,1 baby potato,60.0
FNDDS:2709403,1 cup,160.0
FNDDS:2709403,1 medium,170.0
FNDDS:2709403,1 large,300.0
FNDDS:2709403,1 small,130.0
FNDDS:2709403,1 new potato,60.0
FNDDS:2709404,1 baby potato,60.0
FNDDS:2709404,1 cup,160.0
FNDDS:2709404,1 large,300.0
FNDDS:2709404,1 medium,170.0
FNDDS:2709404,1 small,130.0
FNDDS:2709404,1 new potato,60.0
FNDDS:2709405,1 new potato,60.0
FNDDS:2709405,1 cup,160.0
FNDDS:2709405,1 small,130.0
FNDDS:2709405,1 large,300.0
FNDDS:2709405,1 baby potato,60.0
FNDDS:2709405,1 medium,170.0
FNDDS:2709406,1 cup,160.0
FNDDS:2709406,1 small,130.0
FNDDS:2709406,1 baby potato,60.0
FNDDS:2709406,1 medium,170.0
FNDDS:2709406,1 large,300.0
FNDDS:2709406,1 new potato,60.0
FNDDS:2709407,1 cup,160.0
FNDDS:2709407,1 new potato,60.0
FNDDS:2709407,1 small,130.0
FNDDS:2709407,1 large,300.0
FNDDS:2709407,1 baby potato,60.0
FNDDS:2709407,1 medium,170.0
FNDDS:2709408,1 large,300.0
FNDDS:2709408,1 small,130.0
FNDDS:2709408,1 baby potato,60.0
FNDDS:2709408,1 new potato,60.0
FNDDS:2709408,1 cup,160.0
FNDDS:2709408,1 medium,170.0
FNDDS:2709409,1 new potato,60.0
FNDDS:2709409,1 large,300.0
FNDDS:2709409,1 small,130.0
FNDDS:2709409,1 cup,160.0
FNDDS:2709409,1 medium,170.0
FNDDS:2709409,1 baby potato,60.0
FNDDS:2709410,1 large,300.0
FNDDS:2709410,1 baby potato,60.0
FNDDS:2709410,1 cup,160.0
FNDDS:2709410,1 small,130.0
FNDDS:2709410,1 new potato,60.0
FNDDS:2709410,1 medium,170.0
FNDDS:2709411,1 baby potato,60.0
FNDDS:2709411,1 new potato,60.0
FNDDS:2709411,1 large,300.0
FNDDS:2709411,1 medium,170.0
FNDDS:2709411,1 cup,160.0
FNDDS:2709411,1 small,130.0
FNDDS:2709412,1 cup,160.0
FNDDS:2709412,1 medium,170.0
FNDDS:2709412,1 large,300.0
FNDDS:2709412,1 baby potato,60.0
FNDDS:2709412,1 new potato,60.0
FNDDS:2709412,1 small,130.0
FNDDS:2709413,1 cup,160.0
FNDDS:2709413,1 small,130.0
FNDDS:2709413,1 new potato,60.0
FNDDS:2709413,1 baby potato,60.0
FNDDS:2709413,1 large,300.0
FNDDS:2709413,1 medium,170.0
FNDDS:2709414,1 medium,170.0
FNDDS:2709414,1 large,300.0
FNDDS:2709414,1 new potato,60.0
FNDDS:2709414,1 small,130.0
FNDDS:2709414,1 cup,160.0
FNDDS:2709414,1 baby potato,60.0
FNDDS:2709415,1 large,300.0
FNDDS:2709415,1 baby potato,60.0
FNDDS:2709415,1 cup,160.0
FNDDS:2709415,1 medium,170.0
FNDDS:2709415,1 small,130.0
FNDDS:2709415,1 new potato,60.0
FNDDS:2709416,1 small,123.0
FNDDS:2709416,1 large,247.0
FNDDS:2709416,1 cup,240.0
FNDDS:2709416,1 medium,163.0
FNDDS:2709417,1 small,97.0
FNDDS:2709417,1 medium,127.0
FNDDS:2709417,1 large,189.0
FNDDS:2709417,1 cup,184.0
FNDDS:2709418,1 medium,137.0
FNDDS:2709418,1 cup,200.0
FNDDS:2709418,1 large,206.0
FNDDS:2709418,1 small,103.0
FNDDS:2709419,1 small,122.0
FNDDS:2709419,1 medium,160.0
FNDDS:2709419,1 cup,232.0
FNDDS:2709419,1 large,238.0
FNDDS:2709420,1 cup,240.0
FNDDS:2709420,1 large,247.0
FNDDS:2709420,1 small,123.0
FNDDS:2709420,1 medium,163.0
FNDDS:2709421,1 medium single serving bag,57.0
FNDDS:2709421,1 cup,25.0
FNDDS:2709421,1 100 calorie package,18.0
FNDDS:2709421,1 large single serving bag,85.0
FNDDS:2709421,1 small single serving bag,28.0
FNDDS:2709421,1 chip,2.0
FNDDS:2709422,1 cup,25.0
FNDDS:2709422,1 chip,2.0
FNDDS:2709422,1 medium single serving bag,57.0
FNDDS:2709422,1 100 calorie package,18.0
FNDDS:2709422,1 small single serving bag,28.0
FNDDS:2709422,1 large single serving bag,85.0
FNDDS:2709423,1 100 calorie package,18.0
FNDDS:2709423,1 medium single serving bag,57.0
FNDDS:2709423,1 chip,2.0
FNDDS:2709423,1 small single serving bag,28.0
FNDDS:2709423,1 large single serving bag,85.0
FNDDS:2709423,1 cup,25.0
FNDDS:2709424,1 100 calorie package,18.0
FNDDS:2709424,1 medium single serving bag,57.0
FNDDS:2709424,1 small single serving bag,28.0
FNDDS:2709424,1 chip,2.0
FNDDS:2709424,1 cup,25.0
FNDDS:2709424,1 large single serving bag,85.0
FNDDS:2709425,1 small single serving bag,28.0
FNDDS:2709425,1 100 calorie package,18.0
FNDDS:2709425,1 large single serving bag,85.0
FNDDS:2709425,1 cup,25.0
FNDDS:2709425,1 chip,2.0
FNDDS:2709425,1 medium single serving bag,57.0
FNDDS:2709426,1 100 calorie package,18.0
FNDDS:2709426,1 chip,2.0
FNDDS:2709426,1 medium single serving bag,57.0
FNDDS:2709426,1 large single serving bag,85.0
FNDDS:2709426,1 cup,25.0
FNDDS:2709426,1 small single serving bag,28.0
FNDDS:2709427,1 small single serving bag,28.0
FNDDS:2709427,1 100 calorie package,18.0
FNDDS:2709427,1 large single serving bag,85.0
FNDDS:2709427,1 medium single serving bag,57.0
FNDDS:2709427,1 chip,2.5
FNDDS:2709427,1 cup,32.0
FNDDS:2709428,1 cup,32.0
FNDDS:2709428,1 100 calorie package,18.0
FNDDS:2709428,1 large single serving bag,85.0
FNDDS:2709428,1 chip,2.5
FNDDS:2709428,1 medium single serving bag,57.0
FNDDS:2709428,1 small single serving bag,28.0
FNDDS:2709429,1 chip,2.5
FNDDS:2709429,1 100 calorie package,18.0
FNDDS:2709429,1 medium single serving bag,57.0
FNDDS:2709429,1 cup,32.0
FNDDS:2709429,1 small single serving bag,28.0
FNDDS:2709429,1 large single serving bag,85.0
FNDDS:2709430,1 chip,2.5
FNDDS:2709430,1 cup,32.0
FNDDS:2709430,1 small single serving bag,28.0
FNDDS:2709430,1 100 calorie package,18.0
FNDDS:2709430,1 large single serving bag,85.0
FNDDS:2709430,1 medium single serving bag,57.0
FNDDS:2709431,1 cup,32.0
FNDDS:2709431,1 100 calorie package,18.0
FNDDS:2709431,1 large single serving bag,85.0
FNDDS:2709431,1 chip,2.5
FNDDS:2709431,1 small single serving bag,28.0
FNDDS:2709431,1 medium single serving bag,57.0
FNDDS:2709432,1 100 calorie package,18.0
FNDDS:2709432,1 small can,60.0
FNDDS:2709432,1 chip,2.0
FNDDS:2709432,1 snack size tub/can,20.0
FNDDS:2709432,1 1-inch stack,28.0
FNDDS:2709432,1 regular can,185.0
FNDDS:2709432,1 cup,25.0
FNDDS:2709433,1 snack size tub/can,20.0
FNDDS:2709433,1 cup,25.0
FNDDS:2709433,1 regular can,185.0
FNDDS:2709433,1 small can,60.0
FNDDS:2709433,1 100 calorie package,18.0
FNDDS:2709433,1 1-inch stack,28.0
FNDDS:2709433,1 chip,2.0
FNDDS:2709434,1 small single serving bag,28.0
FNDDS:2709434,1 large single serving bag,85.0
FNDDS:2709434,1 100 calorie package,18.0
FNDDS:2709434,1 chip,2.0
FNDDS:2709434,1 medium single serving bag,57.0
FNDDS:2709434,1 cup,25.0
FNDDS:2709435,1 chip,2.0
FNDDS:2709435,1 cup,25.0
FNDDS:2709435,1 100 calorie package,18.0
FNDDS:2709435,1 large single serving bag,85.0
FNDDS:2709435,1 small single serving bag,28.0
FNDDS:2709435,1 medium single serving bag,57.0
FNDDS:2709436,1 chip,2.0
FNDDS:2709436,1 100 calorie package,18.0
FNDDS:2709436,1 medium single serving bag,57.0
FNDDS:2709436,1 cup,25.0
FNDDS:2709436,1 small single serving bag,28.0
FNDDS:2709436,1 large single serving bag,85.0
FNDDS:2709437,1 small can,60.0
FNDDS:2709437,1 cup,25.0
FNDDS:2709437,1 100 calorie package,18.0
FNDDS:2709437,1 chip,2.0
FNDDS:2709437,1 1-inch stack,28.0
FNDDS:2709437,1 snack size tub/can,20.0
FNDDS:2709437,1 regular can,185.0
FNDDS:2709438,1 large single serving bag,85.0
FNDDS:2709438,1 chip,2.0
FNDDS:2709438,1 medium single serving bag,57.0
FNDDS:2709438,1 small single serving bag,28.0
FNDDS:2709438,1 100 calorie package,18.0
FNDDS:2709438,1 cup,25.0
FNDDS:2709439,1 100 calorie package,18.0
FNDDS:2709439,1 medium single serving bag,57.0
FNDDS:2709439,1 large single serving bag,85.0
FNDDS:2709439,1 chip,2.0
FNDDS:2709439,1 small single serving bag,28.0
FNDDS:2709439,1 cup,25.0
FNDDS:2709440,1 chip,2.0
FNDDS:2709440,1 snack size tub/can,20.0
FNDDS:2709440,1 regular can,185.0
FNDDS:2709440,1 1-inch stack,28.0
FNDDS:2709440,1 cup,25.0
FNDDS:2709440,1 100 calorie package,18.0
FNDDS:2709440,1 small can,60.0
FNDDS:2709441,1 small single serving bag,28.0
FNDDS:2709441,1 cup,20.0
FNDDS:2709441,1 100 calorie package,18.0
FNDDS:2709441,1 chip,1.0
FNDDS:2709441,1 medium single serving bag,57.0
FNDDS:2709441,1 large single serving bag,85.0
FNDDS:2709442,1 medium single serving bag,57.0
FNDDS:2709442,1 large single serving bag,85.0
FNDDS:2709442,1 100 calorie package,18.0
FNDDS:2709442,1 cup,20.0
FNDDS:2709442,1 small single serving bag,28.0
FNDDS:2709442,1 chip,1.0
FNDDS:2709443,1 small single serving bag,28.0
FNDDS:2709443,1 cup,20.0
FNDDS:2709443,1 medium single serving bag,57.0
FNDDS:2709443,1 chip,1.0
FNDDS:2709443,1 100 calorie package,18.0
FNDDS:2709443,1 large single serving bag,85.0
FNDDS:2709444,1 cup,38.0
FNDDS:2709444,1 100 calorie package,18.0
FNDDS:2709444,1 small single serving bag,28.0
FNDDS:2709444,10 sticks,3.0
FNDDS:2709444,1 large single serving bag,85.0
FNDDS:2709444,1 medium single serving bag,57.0
FNDDS:2709445,10 sticks,3.0
FNDDS:2709445,1 large single serving bag,85.0
FNDDS:2709445,1 small single serving bag,28.0
FNDDS:2709445,1 medium single serving bag,57.0
FNDDS:2709445,1 100 calorie package,18.0
FNDDS:2709445,1 cup,38.0
FNDDS:2709446,1 cup,38.0
FNDDS:2709446,1 medium single serving bag,57.0
FNDDS:2709446,1 large single serving bag,85.0
FNDDS:2709446,1 small single serving bag,28.0
FNDDS:2709446,1 100 calorie package,18.0
FNDDS:2709446,10 sticks,3.0
FNDDS:2709447,1 cup,30.0
FNDDS:2709447,1 100 calorie package,20.0
FNDDS:2709447,1 small single serving bag,28.0
FNDDS:2709447,1 chip,2.0
FNDDS:2709447,1 large single serving bag,85.0
FNDDS:2709447,1 medium single serving bag,57.0
FNDDS:2709448,1 cup,250.0
FNDDS:2709449,1 cup,250.0
FNDDS:2709450,1 cup,250.0
FNDDS:2709451,1 cup,250.0
FNDDS:2709452,1 cup,250.0
FNDDS:2709453,1 cup,250.0
FNDDS:2709454,1 cup,250.0
FNDDS:2709455,1 cup,250.0
FNDDS:2709456,1 waffle,8.0
FNDDS:2709456,1 cup,60.0
FNDDS:2709456,1 shoestring,2.0
FNDDS:2709456,1 crinkle cut,5.0
FNDDS:2709456,1 spiral or curly,8.0
FNDDS:2709456,1 wedge,9.0
FNDDS:2709456,"1 fry, NS as to shape",5.0
FNDDS:2709456,1 straight cut,5.0
FNDDS:2709457,1 waffle,8.0
FNDDS:2709457,"1 oz, raw, yields",15.0
FNDDS:2709457,1 crinkle cut,5.0
FNDDS:2709457,1 straight cut,5.0
FNDDS:2709457,1 spiral or curly,8.0
FNDDS:2709457,1 wedge,9.0
FNDDS:2709457,"1 fry, NS as to shape",5.0
FNDDS:2709457,1 cup,60.0
FNDDS:2709457,1 shoestring,2.0
FNDDS:2709458,1 waffle,8.0
FNDDS:2709458,"1 oz, raw, yields",15.0
FNDDS:2709458,"1 fry, NS as to shape",5.0
FNDDS:2709458,1 shoestring,2.0
FNDDS:2709458,1 spiral or curly,8.0
FNDDS:2709458,1 crinkle cut,5.0
FNDDS:2709458,1 wedge,9.0
FNDDS:2709458,"1 medium, raw, yields",70.0
FNDDS:2709458,1 straight cut,5.0
FNDDS:2709458,1 cup,60.0
FNDDS:2709458,"1 small, raw, yields",50.0
FNDDS:2709458,"1 large, raw, yields",100.0
FNDDS:2709459,1 spiral or curly,8.0
FNDDS:2709459,1 waffle,8.0
FNDDS:2709459,1 wedge,9.0
FNDDS:2709459,"1 oz, raw, yields",15.0
FNDDS:2709459,"1 fry, NS as to shape",5.0
FNDDS:2709459,"1 small, raw, yields",50.0
FNDDS:2709459,1 crinkle cut,5.0
FNDDS:2709459,"1 large, raw, yields",100.0
FNDDS:2709459,1 cup,60.0
FNDDS:2709459,"1 medium, raw, yields",70.0
FNDDS:2709459,1 shoestring,2.0
FNDDS:2709459,1 straight cut,5.0
FNDDS:2709460,1 straight cut,5.0
FNDDS:2709460,1 spiral or curly,8.0
FNDDS:2709460,1 waffle,8.0
FNDDS:2709460,1 wedge,9.0
FNDDS:2709460,1 crinkle cut,5.0
FNDDS:2709460,1 cup,60.0
FNDDS:2709460,"1 fry, NS as to shape",5.0
FNDDS:2709460,1 shoestring,2.0
FNDDS:2709461,1 large fast food order,180.0
FNDDS:2709461,1 kids meal order,70.0
FNDDS:2709461,1 wedge,9.0
FNDDS:2709461,1 crinkle cut,5.0
FNDDS:2709461,1 shoestring,2.0
FNDDS:2709461,1 small fast food order,110.0
FNDDS:2709461,1 cup,60.0
FNDDS:2709461,1 straight cut,5.0
FNDDS:2709461,1 value/dollar menu order,85.0
FNDDS:2709461,1 spiral or curly,8.0
FNDDS:2709461,1 waffle,8.0
FNDDS:2709461,"1 fry, NS as to shape",5.0
FNDDS:2709461,1 medium fast food order,145.0
FNDDS:2709462,1 crinkle cut,5.0
FNDDS:2709462,1 value/dollar menu order,85.0
FNDDS:2709462,1 medium fast food order,145.0
FNDDS:2709462,1 straight cut,5.0
FNDDS:2709462,"1 fry, NS as to shape",5.0
FNDDS:2709462,1 wedge,9.0
FNDDS:2709462,1 waffle,8.0
FNDDS:2709462,1 cup,60.0
FNDDS:2709462,1 spiral or curly,8.0
FNDDS:2709462,1 kids meal order,70.0
FNDDS:2709462,1 small fast food order,110.0
FNDDS:2709462,1 shoestring,2.0
FNDDS:2709462,1 large fast food order,180.0
FNDDS:2709463,1 cup,60.0
FNDDS:2709463,"1 fry, NS as to shape",5.0
FNDDS:2709463,1 crinkle cut,5.0
FNDDS:2709463,1 waffle,8.0
FNDDS:2709463,1 shoestring,2.0
FNDDS:2709463,1 straight cut,5.0
FNDDS:2709463,1 wedge,9.0
FNDDS:2709463,1 spiral or curly,8.0
FNDDS:2709464,1 cup,60.0
FNDDS:2709464,"1 fry, any cut",5.0
FNDDS:2709465,1 value/dollar menu order,130.0
FNDDS:2709465,1 large fast food order,276.0
FNDDS:2709465,1 small fast food order,169.0
FNDDS:2709465,1 medium fast food order,222.0
FNDDS:2709465,1 kids meal order,107.0
FNDDS:2709465,1 cup,92.0
FNDDS:2709465,"1 fry, any cut",8.0
FNDDS:2709466,"1 fry, any cut",11.0
FNDDS:2709466,1 cup,135.0
FNDDS:2709467,1 small fast food order,169.0
FNDDS:2709467,1 cup,92.0
FNDDS:2709467,1 medium fast food order,222.0
FNDDS:2709467,1 kids meal order,107.0
FNDDS:2709467,"1 fry, any cut",8.0
FNDDS:2709467,1 value/dollar menu order,130.0
FNDDS:2709467,1 large fast food order,276.0
FNDDS:2709468,1 medium fast food order,300.0
FNDDS:2709468,1 large fast food order,372.0
FNDDS:2709468,1 kids meal order,145.0
FNDDS:2709468,1 value/dollar menu order,175.0
FNDDS:2709468,"1 fry, any cut",10.0
FNDDS:2709468,1 cup,124.0
FNDDS:2709468,1 small fast food order,227.0
FNDDS:2709469,"1 fry, any cut",8.0
FNDDS:2709469,1 cup,92.0
FNDDS:2709470,"1 fry, any cut",10.0
FNDDS:2709470,1 cup,124.0
FNDDS:2709471,"1 fry, any cut",8.0
FNDDS:2709471,1 cup,92.0
FNDDS:2709472,"1 potato, any size",100.0
FNDDS:2709472,1 cup,200.0
FNDDS:2709473,1 cup,200.0
FNDDS:2709474,"1 potato, any size",100.0
FNDDS:2709474,1 cup,200.0
FNDDS:2709475,1 cup,200.0
FNDDS:2709476,1 cup,200.0
FNDDS:2709476,"1 potato, any size",100.0
FNDDS:2709477,1 patty,55.0
FNDDS:2709477,1 cup,160.0
FNDDS:2709478,1 patty,55.0
FNDDS:2709478,1 cup,160.0
FNDDS:2709479,1 cup,160.0
FNDDS:2709479,1 patty,55.0
FNDDS:2709480,1 cup,160.0
FNDDS:2709480,1 patty,55.0
FNDDS:2709481,1 cup,160.0
FNDDS:2709481,1 patty,55.0
FNDDS:2709482,1 patty,55.0
FNDDS:2709482,1 cup,160.0
FNDDS:2709483,1 cup,160.0
FNDDS:2709484,1 cup,160.0
FNDDS:2709485,1 cup,160.0
FNDDS:2709486,1 cup,160.0
FNDDS:2709486,1 patty,55.0
FNDDS:2709487,1 cup,160.0
FNDDS:2709487,1 patty,55.0
FNDDS:2709488,Skin from 1 small,25.0
FNDDS:2709488,Skin from 1 medium,35.0
FNDDS:2709488,Skin from 1 large,50.0
FNDDS:2709489,Skin from 1 medium,45.0
FNDDS:2709489,Skin from 1 small,35.0
FNDDS:2709489,Skin from 1 large,70.0
FNDDS:2709490,Skin from 1 small,35.0
FNDDS:2709490,Skin from 1 medium,45.0
FNDDS:2709490,Skin from 1 large,70.0
FNDDS:2709491,Skin from 1 medium,35.0
FNDDS:2709491,Skin from 1 large,50.0
FNDDS:2709491,Skin from 1 small,25.0
FNDDS:2709492,"1 potato, any size",147.0
FNDDS:2709492,1 cup,250.0
FNDDS:2709493,1 cup,250.0
FNDDS:2709494,1 cup,250.0
FNDDS:2709495,1 cup,250.0
FNDDS:2709496,1 cup,250.0
FNDDS:2709497,1 cup,250.0
FNDDS:2709497,"1 potato, any size",147.0
FNDDS:2709498,"1 potato, any size",147.0
FNDDS:2709498,1 cup,250.0
FNDDS:2709499,"1 potato, any size",147.0
FNDDS:2709499,1 cup,250.0
FNDDS:2709500,1 cup,250.0
FNDDS:2709501,1 cup,250.0
FNDDS:2709502,1 cup,250.0
FNDDS:2709503,1 cup,250.0
FNDDS:2709504,1 cup,250.0
FNDDS:2709505,1 cup,250.0
FNDDS:2709506,1 cup,250.0
FNDDS:2709507,1 cup,250.0
FNDDS:2709508,1 cup,250.0
FNDDS:2709509,1 cup,250.0
FNDDS:2709510,1 cup,160.0
FNDDS:2709510,1 patty,55.0
FNDDS:2709511,1 cup,130.0
FNDDS:2709511,1 piece,8.0
FNDDS:2709512,1 piece,8.0
FNDDS:2709512,1 cup,130.0
FNDDS:2709512,1 fast food order,130.0
FNDDS:2709513,1 cup,130.0
FNDDS:2709513,1 piece,8.0
FNDDS:2709514,1 piece,8.0
FNDDS:2709514,1 cup,130.0
FNDDS:2709515,1 piece,8.0
FNDDS:2709515,1 cup,130.0
FNDDS:2709516,1 piece,8.0
FNDDS:2709516,1 cup,130.0
FNDDS:2709517,1 cup,130.0
FNDDS:2709517,1 piece,8.0
FNDDS:2709518,1 small,260.0
FNDDS:2709518,1 large,445.0
FNDDS:2709518,1 medium,315.0
FNDDS:2709518,1 cup,160.0
FNDDS:2709519,1 large,445.0
FNDDS:2709519,1 small,260.0
FNDDS:2709519,1 cup,160.0
FNDDS:2709519,1 medium,315.0
FNDDS:2709520,1 cup,160.0
FNDDS:2709520,1 large,445.0
FNDDS:2709520,1 small,260.0
FNDDS:2709520,1 medium,315.0
FNDDS:2709521,1 small,260.0
FNDDS:2709521,1 cup,160.0
FNDDS:2709521,1 medium,315.0
FNDDS:2709521,1 large,445.0
FNDDS:2709522,1 large,445.0
FNDDS:2709522,1 medium,315.0
FNDDS:2709522,1 small,260.0
FNDDS:2709522,1 cup,160.0
FNDDS:2709523,1 small,260.0
FNDDS:2709523,1 medium,315.0
FNDDS:2709523,1 large,445.0
FNDDS:2709523,1 cup,160.0
FNDDS:2709524,1 cup,130.0
FNDDS:2709524,1 large,400.0
FNDDS:2709524,1 medium,285.0
FNDDS:2709524,1 small,230.0
FNDDS:2709525,1 cup,160.0
FNDDS:2709525,1 large,445.0
FNDDS:2709525,1 small,260.0
FNDDS:2709525,1 medium,315.0
FNDDS:2709526,1 cup,160.0
FNDDS:2709526,1 small,260.0
FNDDS:2709526,1 large,445.0
FNDDS:2709526,1 medium,315.0
FNDDS:2709527,1 small,260.0
FNDDS:2709527,1 medium,315.0
FNDDS:2709527,1 large,445.0
FNDDS:2709527,1 cup,160.0
FNDDS:2709528,1 medium,315.0
FNDDS:2709528,1 small,260.0
FNDDS:2709528,1 cup,160.0
FNDDS:2709528,1 large,445.0
FNDDS:2709529,1 cup,160.0
FNDDS:2709529,1 small,260.0
FNDDS:2709529,1 large,445.0
FNDDS:2709529,1 medium,315.0
FNDDS:2709530,1 medium,315.0
FNDDS:2709530,1 small,260.0
FNDDS:2709530,1 large,445.0
FNDDS:2709530,1 cup,160.0
FNDDS:2709531,1 cup,275.0
FNDDS:2709532,1 cup,275.0
FNDDS:2709533,1 cup,275.0
FNDDS:2709534,1 cup,275.0
FNDDS:2709535,1 cup,275.0
FNDDS:2709536,1 cup,275.0
FNDDS:2709537,1 cup,275.0
FNDDS:2709538,1 cup,275.0
FNDDS:2709539,1 cup,275.0
FNDDS:2709540,1 cup,275.0
FNDDS:2709541,1 cup,175.0
FNDDS:2709542,1 cup,275.0
FNDDS:2709543,1 cup,275.0
FNDDS:2709544,1 cup,275.0
FNDDS:2709545,1 cup,275.0
FNDDS:2709546,1 cup,275.0
FNDDS:2709547,1 cup,275.0
FNDDS:2709548,1 cup,275.0
FNDDS:2709549,1 cup,275.0
FNDDS:2709550,1 cup,275.0
FNDDS:2709551,1 cup,275.0
FNDDS:2709552,1 medium pancake,70.0
FNDDS:2709552,1 small pancake,25.0
FNDDS:2709552,1 surface inch,3.4
FNDDS:2709552,1 large pancake,130.0
FNDDS:2709552,1 extra large pancake,215.0
FNDDS:2709552,1 miniature/bite size pancake,10.0
FNDDS:2709552,1 pancake (frozen),45.0
FNDDS:2709553,1 item,80.0
FNDDS:2709553,1 surface inch,1.2
FNDDS:2709554,1 cup,250.0
FNDDS:2709555,1 cup,250.0
FNDDS:2709556,1 individual container,440.0
FNDDS:2709556,1 cup,255.0
FNDDS:2709556,1 can,525.0
FNDDS:2709557,1 individual container,440.0
FNDDS:2709557,1 can,525.0
FNDDS:2709557,1 cup,255.0
FNDDS:2709558,1 whole,235.0
FNDDS:2709558,1 cup,200.0
FNDDS:2709558,"1 cup, mashed",200.0
FNDDS:2709558,1 slice,25.0
FNDDS:2709559,1 slice,25.0
FNDDS:2709559,1 cup,170.0
FNDDS:2709559,1 whole,225.0
FNDDS:2709560,1 whole,180.0
FNDDS:2709561,1 whole,225.0
FNDDS:2709561,1 slice,25.0
FNDDS:2709561,1 cup,170.0
FNDDS:2709562,1 cup,170.0
FNDDS:2709562,1 whole,225.0
FNDDS:2709562,1 slice,25.0
FNDDS:2709563,1 oz,28.4
FNDDS:2709563,1 cup,38.0
FNDDS:2709563,10 chips,8.4
FNDDS:2709564,1 cup,160.0
FNDDS:2709565,1 cup,140.0
FNDDS:2709566,"1 piece (6"" dia)",100.0
FNDDS:2709567,1 cup,160.0
FNDDS:2709568,"1 cup, cooked",240.0
FNDDS:2709569,10 chips,23.0
FNDDS:2709570,1 cup,38.0
FNDDS:2709570,1 leaf,32.0
FNDDS:2709571,1 cup,150.0
FNDDS:2709572,1 cup,40.0
FNDDS:2709573,1 cup,170.0
FNDDS:2709574,1 cup,36.0
FNDDS:2709574,1 leaf,48.0
FNDDS:2709575,1 cup,150.0
FNDDS:2709576,1 cup,36.0
FNDDS:2709577,1 cup,130.0
FNDDS:2709578,1 cup,170.0
FNDDS:2709579,1 cup,135.0
FNDDS:2709580,1 cup,135.0
FNDDS:2709581,1 cup,175.0
FNDDS:2709582,1 cup,135.0
FNDDS:2709583,1 cup,135.0
FNDDS:2709584,1 cup,175.0
FNDDS:2709585,1 cup,175.0
FNDDS:2709586,1 sprig,1.0
FNDDS:2709586,1 cup,50.0
FNDDS:2709587,1 cup,140.0
FNDDS:2709588,1 cup,55.0
FNDDS:2709589,1 cup,110.0
FNDDS:2709590,1 cup,35.0
FNDDS:2709590,Guideline amount in salad,70.0
FNDDS:2709590,1 head,376.0
FNDDS:2709590,1 leaf,13.0
FNDDS:2709591,1 cup,79.0
FNDDS:2709591,1 Wendy's side salad,113.0
FNDDS:2709592,1 cup,135.0
FNDDS:2709592,1 head,321.0
FNDDS:2709593,1 cup,130.0
FNDDS:2709594,1 cup,170.0
FNDDS:2709595,1 cup,135.0
FNDDS:2709596,1 cup,135.0
FNDDS:2709597,1 cup,175.0
FNDDS:2709598,1 cup,175.0
FNDDS:2709599,1 cup,25.0
FNDDS:2709599,Guideline amount in salad,50.0
FNDDS:2709599,1 baby leaf,1.0
FNDDS:2709599,1 leaf,10.0
FNDDS:2709600,1 cup,130.0
FNDDS:2709601,1 cup,170.0
FNDDS:2709602,1 cup,135.0
FNDDS:2709603,1 cup,135.0
FNDDS:2709604,1 cup,175.0
FNDDS:2709605,1 cup,185.0
FNDDS:2709606,1 cup,56.0
FNDDS:2709607,1 cup,140.0
FNDDS:2709608,1 cup,165.0
FNDDS:2709609,1 cup,150.0
FNDDS:2709610,1 cup,150.0
FNDDS:2709611,1 cup,170.0
FNDDS:2709612,1 cup,150.0
FNDDS:2709613,1 leaf,8.0
FNDDS:2709613,1 cup,40.0
FNDDS:2709614,1 leaf,10.0
FNDDS:2709614,Guideline amount in salad,50.0
FNDDS:2709614,1 baby leaf,0.6
FNDDS:2709614,1 cup,25.0
FNDDS:2709615,1 cup,180.0
FNDDS:2709616,1 cup,215.0
FNDDS:2709617,1 cup,215.0
FNDDS:2709618,1 cup,185.0
FNDDS:2709619,1 cup,185.0
FNDDS:2709620,1 cup,185.0
FNDDS:2709621,1 cup,185.0
FNDDS:2709622,1 cup,220.0
FNDDS:2709623,1 cup,220.0
FNDDS:2709624,1 cup,220.0
FNDDS:2709625,1 cup,220.0
FNDDS:2709626,1 cup,220.0
FNDDS:2709627,1 cup,220.0
FNDDS:2709628,1 cup,200.0
FNDDS:2709629,1 cup,100.0
FNDDS:2709630,1 cup,200.0
FNDDS:2709631,1 cup,200.0
FNDDS:2709632,1 cup,245.0
FNDDS:2709633,1 cup,150.0
FNDDS:2709634,1 cup,145.0
FNDDS:2709635,1 cup,165.0
FNDDS:2709636,1 cup,150.0
FNDDS:2709637,1 cup,150.0
FNDDS:2709638,1 cup,170.0
FNDDS:2709639,1 sprig,2.5
FNDDS:2709639,1 cup,34.0
FNDDS:2709640,1 cup,142.0
FNDDS:2709641,1 cup,128.0
FNDDS:2709642,1 cup,69.0
FNDDS:2709643,1 floweret,10.0
FNDDS:2709643,1 piece,10.0
FNDDS:2709643,1 cup,90.0
FNDDS:2709644,1 floweret,10.0
FNDDS:2709644,1 cup,160.0
FNDDS:2709644,1 piece,10.0
FNDDS:2709644,1 spear,40.0
FNDDS:2709645,1 cup,155.0
FNDDS:2709645,1 spear,40.0
FNDDS:2709645,1 piece,10.0
FNDDS:2709645,1 floweret,10.0
FNDDS:2709646,1 cup,185.0
FNDDS:2709646,1 piece,10.0
FNDDS:2709646,1 floweret,10.0
FNDDS:2709646,1 spear,40.0
FNDDS:2709647,1 piece,10.0
FNDDS:2709647,1 spear,40.0
FNDDS:2709647,1 cup,160.0
FNDDS:2709647,1 floweret,10.0
FNDDS:2709648,1 piece,10.0
FNDDS:2709648,1 spear,40.0
FNDDS:2709648,1 cup,160.0
FNDDS:2709648,1 floweret,10.0
FNDDS:2709649,1 floweret,10.0
FNDDS:2709649,1 spear,40.0
FNDDS:2709649,1 cup,190.0
FNDDS:2709649,1 piece,10.0
FNDDS:2709650,1 piece,10.0
FNDDS:2709650,1 floweret,10.0
FNDDS:2709650,1 cup,160.0
FNDDS:2709650,1 spear,40.0
FNDDS:2709651,1 floweret,10.0
FNDDS:2709651,1 piece,10.0
FNDDS:2709651,1 spear,40.0
FNDDS:2709651,1 cup,160.0
FNDDS:2709652,1 cup,190.0
FNDDS:2709652,1 floweret,10.0
FNDDS:2709652,1 piece,10.0
FNDDS:2709652,1 spear,40.0
FNDDS:2709653,1 piece,10.0
FNDDS:2709653,1 spear,40.0
FNDDS:2709653,1 floweret,10.0
FNDDS:2709653,1 cup,190.0
FNDDS:2709654,1 cup,228.0
FNDDS:2709655,1 cup,228.0
FNDDS:2709656,1 floweret,13.0
FNDDS:2709656,1 cup,85.0
FNDDS:2709657,1 cup,36.0
FNDDS:2709658,1 cup,88.0
FNDDS:2709659,1 individual container,440.0
FNDDS:2709659,1 cup,255.0
FNDDS:2709659,1 can,525.0
FNDDS:2709660,1 single serving bag,80.0
FNDDS:2709660,1 regular carrot,60.0
FNDDS:2709660,1 cup,120.0
FNDDS:2709660,1 piece/slice,5.0
FNDDS:2709660,1 baby carrot,10.0
FNDDS:2709660,1 strip/stick,10.0
FNDDS:2709661,1 cup,175.0
FNDDS:2709662,1 cup,171.0
FNDDS:2709663,1 cup,160.0
FNDDS:2709663,1 piece/slice,5.0
FNDDS:2709663,1 regular carrot,62.0
FNDDS:2709663,1 baby carrot,10.0
FNDDS:2709664,1 baby carrot,10.0
FNDDS:2709664,1 cup,155.0
FNDDS:2709664,"1 cup, mashed",230.0
FNDDS:2709664,1 piece/slice,5.0
FNDDS:2709664,1 regular carrot,60.0
FNDDS:2709665,1 cup,155.0
FNDDS:2709665,"1 cup, mashed",230.0
FNDDS:2709665,1 piece/slice,5.0
FNDDS:2709666,"1 cup, mashed",230.0
FNDDS:2709666,1 cup,155.0
FNDDS:2709666,1 piece/slice,5.0
FNDDS:2709667,1 cup,160.0
FNDDS:2709667,1 baby carrot,10.0
FNDDS:2709667,1 regular carrot,62.0
FNDDS:2709667,1 piece/slice,5.0
FNDDS:2709667,"1 cup, mashed",235.0
FNDDS:2709668,1 piece/slice,5.0
FNDDS:2709668,"1 cup, mashed",235.0
FNDDS:2709668,1 regular carrot,62.0
FNDDS:2709668,1 cup,160.0
FNDDS:2709668,1 baby carrot,10.0
FNDDS:2709669,1 regular carrot,62.0
FNDDS:2709669,1 cup,160.0
FNDDS:2709669,1 piece/slice,5.0
FNDDS:2709669,"1 cup, mashed",235.0
FNDDS:2709669,1 baby carrot,10.0
FNDDS:2709670,1 baby carrot,10.0
FNDDS:2709670,"1 cup, mashed",235.0
FNDDS:2709670,1 regular carrot,62.0
FNDDS:2709670,1 cup,160.0
FNDDS:2709670,1 piece/slice,5.0
FNDDS:2709671,"1 cup, mashed",235.0
FNDDS:2709671,1 cup,160.0
FNDDS:2709671,1 piece/slice,5.0
FNDDS:2709672,1 piece/slice,5.0
FNDDS:2709672,"1 cup, mashed",235.0
FNDDS:2709672,1 cup,160.0
FNDDS:2709673,"1 cup, mashed",235.0
FNDDS:2709673,1 piece/slice,5.0
FNDDS:2709673,1 cup,160.0
FNDDS:2709674,"1 cup, mashed",235.0
FNDDS:2709674,1 piece/slice,5.0
FNDDS:2709674,1 cup,160.0
FNDDS:2709675,"1 cup, mashed",235.0
FNDDS:2709675,1 cup,160.0
FNDDS:2709675,1 piece/slice,5.0
FNDDS:2709676,1 piece/slice,5.0
FNDDS:2709676,"1 cup, mashed",235.0
FNDDS:2709676,1 cup,160.0
FNDDS:2709677,1 baby carrot,10.0
FNDDS:2709677,1 cup,160.0
FNDDS:2709677,1 piece/slice,5.0
FNDDS:2709678,1 piece/slice,5.0
FNDDS:2709678,1 cup,155.0
FNDDS:2709678,"1 cup, mashed",230.0
FNDDS:2709679,1 cup,160.0
FNDDS:2709679,"1 cup, mashed",235.0
FNDDS:2709679,1 piece/slice,5.0
FNDDS:2709680,1 cup,160.0
FNDDS:2709680,"1 cup, mashed",235.0
FNDDS:2709680,1 piece/slice,5.0
FNDDS:2709681,1 piece/slice,5.0
FNDDS:2709681,1 cup,160.0
FNDDS:2709681,"1 cup, mashed",235.0
FNDDS:2709682,1 fl oz (NFS),31.0
FNDDS:2709682,1 fl oz (no ice),31.0
FNDDS:2709682,1 fl oz (with ice),23.0
FNDDS:2709683,1 fl oz (NFS),30.0
FNDDS:2709683,1 fl oz (with ice),23.0
FNDDS:2709683,1 fl oz (no ice),30.0
FNDDS:2709684,1 cup,160.0
FNDDS:2709685,1 cup,160.0
FNDDS:2709686,1 cup,160.0
FNDDS:2709687,1 cup,165.0
FNDDS:2709688,1 cup,165.0
FNDDS:2709689,1 cup,165.0
FNDDS:2709690,1 cup,165.0
FNDDS:2709691,1 cup,245.0
FNDDS:2709692,"1 cup, mashed",250.0
FNDDS:2709692,1 cup,230.0
FNDDS:2709693,1 cup,140.0
FNDDS:2709694,1 cup,225.0
FNDDS:2709695,1 cup,230.0
FNDDS:2709696,1 cup,157.0
FNDDS:2709697,1 large,235.0
FNDDS:2709697,"1 oz, raw, yields",25.0
FNDDS:2709697,1 small,80.0
FNDDS:2709697,"1 cup, mashed",250.0
FNDDS:2709697,1 medium,150.0
FNDDS:2709698,1 large,235.0
FNDDS:2709698,"1 oz, raw, yields",25.0
FNDDS:2709698,1 small,80.0
FNDDS:2709698,1 medium,150.0
FNDDS:2709698,"1 cup, mashed",250.0
FNDDS:2709699,1 medium,150.0
FNDDS:2709699,"1 cup, mashed",250.0
FNDDS:2709699,"1 oz, raw, yields",25.0
FNDDS:2709699,1 large,235.0
FNDDS:2709699,1 small,80.0
FNDDS:2709700,"1 cup, mashed",250.0
FNDDS:2709700,"1 oz, raw, yields",25.0
FNDDS:2709700,1 large,235.0
FNDDS:2709700,1 medium,150.0
FNDDS:2709700,1 small,80.0
FNDDS:2709701,1 small,80.0
FNDDS:2709701,"1 oz, raw, yields",25.0
FNDDS:2709701,"1 cup, mashed",250.0
FNDDS:2709701,1 medium,150.0
FNDDS:2709701,1 large,235.0
FNDDS:2709702,"1 oz, raw, yields",25.0
FNDDS:2709702,1 large,235.0
FNDDS:2709702,1 medium,150.0
FNDDS:2709702,1 small,80.0
FNDDS:2709702,"1 cup, mashed",250.0
FNDDS:2709703,1 small,80.0
FNDDS:2709703,"1 oz, raw, yields",25.0
FNDDS:2709703,1 large,235.0
FNDDS:2709703,1 medium,150.0
FNDDS:2709703,"1 cup, mashed",250.0
FNDDS:2709704,1 cup,250.0
FNDDS:2709704,1 piece,45.0
FNDDS:2709705,"1 cup, pieces",250.0
FNDDS:2709705,"1 cup, NFS",250.0
FNDDS:2709705,"1 cup, mashed",250.0
FNDDS:2709706,"1 cup, NFS",250.0
FNDDS:2709706,"1 cup, pieces",250.0
FNDDS:2709706,"1 cup, mashed",250.0
FNDDS:2709707,"1 cup, mashed",250.0
FNDDS:2709707,"1 cup, NFS",250.0
FNDDS:2709707,"1 cup, pieces",250.0
FNDDS:2709708,1 cup,250.0
FNDDS:2709709,"1 fry, any cut",5.0
FNDDS:2709709,1 cup,60.0
FNDDS:2709710,1 small single serving bag,28.0
FNDDS:2709710,1 chip,2.0
FNDDS:2709710,1 medium single serving bag,57.0
FNDDS:2709710,1 large single serving bag,85.0
FNDDS:2709710,1 100 calorie package,18.0
FNDDS:2709710,1 cup,25.0
FNDDS:2709711,"1 fry, any cut",5.0
FNDDS:2709711,1 cup,60.0
FNDDS:2709712,1 cup,60.0
FNDDS:2709712,"1 fry, any cut",5.0
FNDDS:2709713,1 cup,60.0
FNDDS:2709713,"1 fry, any cut",5.0
FNDDS:2709714,"1 fry, any cut",5.0
FNDDS:2709714,1 cup,60.0
FNDDS:2709715,1 cup,130.0
FNDDS:2709715,1 piece,8.0
FNDDS:2709716,1 piece,8.0
FNDDS:2709716,1 cup,130.0
FNDDS:2709717,1 cup,130.0
FNDDS:2709717,1 piece,8.0
FNDDS:2709718,1 individual container,440.0
FNDDS:2709718,1 can,525.0
FNDDS:2709718,1 cup,245.0
FNDDS:2709719,1 slice,20.0
FNDDS:2709719,1 cherry,17.0
FNDDS:2709719,1 whole,125.0
FNDDS:2709719,1 plum tomato,60.0
FNDDS:2709719,1 cup,180.0
FNDDS:2709719,1 Italian tomato,60.0
FNDDS:2709719,1 grape tomato,8.0
FNDDS:2709720,1 whole,110.0
FNDDS:2709720,1 cup,240.0
FNDDS:2709721,1 whole,110.0
FNDDS:2709721,1 cup,240.0
FNDDS:2709722,1 cup,240.0
FNDDS:2709722,1 whole,110.0
FNDDS:2709723,1 cup,240.0
FNDDS:2709724,1 cup,240.0
FNDDS:2709724,1 whole,110.0
FNDDS:2709725,1 slice,35.0
FNDDS:2709725,1 cup,180.0
FNDDS:2709726,1 cup,142.0
FNDDS:2709726,1 whole,74.0
FNDDS:2709727,1 piece,5.0
FNDDS:2709727,1 cup,55.0
FNDDS:2709728,1 fl oz (NFS),31.0
FNDDS:2709728,1 fl oz (with ice),23.0
FNDDS:2709728,1 fl oz (no ice),31.0
FNDDS:2709729,1 fl oz (NFS),31.0
FNDDS:2709729,1 fl oz (with ice),23.0
FNDDS:2709729,1 fl oz (no ice),31.0
FNDDS:2709730,1 fl oz (with ice),23.0
FNDDS:2709730,1 fl oz (no ice),31.0
FNDDS:2709730,1 fl oz (NFS),31.0
FNDDS:2709731,1 fl oz (with ice),23.0
FNDDS:2709731,1 fl oz (NFS),31.0
FNDDS:2709731,1 fl oz (no ice),31.0
FNDDS:2709732,1 fl oz (NFS),31.0
FNDDS:2709732,1 fl oz (no ice),31.0
FNDDS:2709732,1 fl oz (with ice),23.0
FNDDS:2709733,1 tablespoon,17.0
FNDDS:2709733,Guideline amount on regular sandwich,17.0
FNDDS:2709733,1 packet,10.0
FNDDS:2709733,1 cup,272.0
FNDDS:2709733,1 dipping-size container,28.0
FNDDS:2709733,Guideline amount on large sandwich,34.0
FNDDS:2709734,Guideline amount on large sandwich,34.0
FNDDS:2709734,Guideline amount on regular sandwich,17.0
FNDDS:2709734,1 dipping-size container,28.0
FNDDS:2709734,1 cup,272.0
FNDDS:2709734,1 packet,10.0
FNDDS:2709734,1 tablespoon,17.0
FNDDS:2709735,1 tablespoon,17.0
FNDDS:2709736,1 tablespoon,16.0
FNDDS:2709736,1 packet,9.0
FNDDS:2709736,1 cup,256.0
FNDDS:2709736,Guideline amount per sandwich,16.0
FNDDS:2709737,1 cup,240.0
FNDDS:2709738,1 cup,256.0
FNDDS:2709738,Guideline amount per sandwich,16.0
FNDDS:2709738,1 packet,9.0
FNDDS:2709738,1 tablespoon,16.0
FNDDS:2709739,1 cup,234.0
FNDDS:2709740,1 packet,9.0
FNDDS:2709740,1 tablespoon,16.0
FNDDS:2709740,1 dipping-size container,28.0
FNDDS:2709741,1 tablespoon,16.0
FNDDS:2709742,1 tablespoon,16.0
FNDDS:2709743,1 cup,246.0
FNDDS:2709743,1 tablespoon,15.0
FNDDS:2709744,1 packet,9.0
FNDDS:2709744,1 tablespoon,16.0
FNDDS:2709745,1 cup,260.0
FNDDS:2709746,1 cup,260.0
FNDDS:2709747,1 cup,260.0
FNDDS:2709748,1 cup,260.0
FNDDS:2709749,1 cup,260.0
FNDDS:2709750,1 packet,9.0
FNDDS:2709750,Guideline amount on large sandwich,34.0
FNDDS:2709750,1 dipping-size container,28.0
FNDDS:2709750,1 tablespoon,17.0
FNDDS:2709750,Guideline amount on regular sandwich,17.0
FNDDS:2709750,1 cup,272.0
FNDDS:2709751,1 tablespoon,16.0
FNDDS:2709751,1 dipping-size container,28.0
FNDDS:2709752,1 tablespoon,17.0
FNDDS:2709753,1 packet,12.0
FNDDS:2709753,1 dipping-size container,28.0
FNDDS:2709753,1 tablespoon,17.0
FNDDS:2709754,1 cup,240.0
FNDDS:2709755,1 cup,240.0
FNDDS:2709756,1 cup,159.0
FNDDS:2709757,1 cup,245.0
FNDDS:2709758,1 cup,255.0
FNDDS:2709758,1 individual container,440.0
FNDDS:2709758,1 can,525.0
FNDDS:2709759,1 cup,245.0
FNDDS:2709759,1 individual container,440.0
FNDDS:2709759,1 can,525.0
FNDDS:2709760,1 cup,245.0
FNDDS:2709760,1 can,525.0
FNDDS:2709760,1 individual container,440.0
FNDDS:2709761,"1 sandwich, any size",120.0
FNDDS:2709762,"1 sandwich, any size",120.0
FNDDS:2709763,1 cup,120.0
FNDDS:2709764,1 cup,56.0
FNDDS:2709765,1 cup,33.0
FNDDS:2709766,1 heart,30.0
FNDDS:2709766,1 whole,125.0
FNDDS:2709766,1 cup,150.0
FNDDS:2709767,1 piece,4.0
FNDDS:2709767,1 spear,16.0
FNDDS:2709767,1 cup,135.0
FNDDS:2709768,1 cup,90.0
FNDDS:2709769,1 cup,100.0
FNDDS:2709769,1 bean,6.0
FNDDS:2709770,1 cup,135.0
FNDDS:2709770,1 whole,80.0
FNDDS:2709771,1 floweret,25.0
FNDDS:2709771,1 cup,64.0
FNDDS:2709772,1 sprout,20.0
FNDDS:2709772,1 cup,90.0
FNDDS:2709773,1 head,900.0
FNDDS:2709773,1 cup,90.0
FNDDS:2709773,1 leaf,25.0
FNDDS:2709774,1 head,840.0
FNDDS:2709774,1 leaf,15.0
FNDDS:2709774,1 cup,90.0
FNDDS:2709775,1 head,840.0
FNDDS:2709775,1 cup,90.0
FNDDS:2709775,1 leaf,25.0
FNDDS:2709776,1 pad,30.0
FNDDS:2709776,1 cup,150.0
FNDDS:2709777,1 cup,110.0
FNDDS:2709777,1 floweret,13.0
FNDDS:2709777,1 piece,13.0
FNDDS:2709778,1 stalk,40.0
FNDDS:2709778,1 stick,4.0
FNDDS:2709778,1 piece,4.0
FNDDS:2709778,1 cup,120.0
FNDDS:2709779,1 fennel bulb,235.0
FNDDS:2709780,1 cup,24.0
FNDDS:2709780,1 tablespoon,3.0
FNDDS:2709780,1 leaf,0.5
FNDDS:2709781,1 tablespoon,3.0
FNDDS:2709782,1 cup,16.0
FNDDS:2709782,1 guideline amount per item,0.3
FNDDS:2709782,1 sprig,1.0
FNDDS:2709783,1 regular ear,105.0
FNDDS:2709783,1 cup,150.0
FNDDS:2709784,1 piece/slice,10.0
FNDDS:2709784,1 stick,10.0
FNDDS:2709784,1 regular,200.0
FNDDS:2709784,1 cup,120.0
FNDDS:2709784,1 miniature,65.0
FNDDS:2709785,1 whole,500.0
FNDDS:2709785,1 cup,80.0
FNDDS:2709786,1 cup,135.0
FNDDS:2709786,1 clove,3.0
FNDDS:2709786,1 teaspoon,5.0
FNDDS:2709787,1 cup,130.0
FNDDS:2709787,1 whole,660.0
FNDDS:2709787,1 slice,6.0
FNDDS:2709788,1 slice,15.0
FNDDS:2709788,1 cup,135.0
FNDDS:2709789,1 leaf,8.0
FNDDS:2709789,1 head,539.0
FNDDS:2709789,Guideline amount in salad,70.0
FNDDS:2709789,1 cup,35.0
FNDDS:2709790,1 leaf,8.0
FNDDS:2709790,Guideline amount in salad,50.0
FNDDS:2709790,1 cup,25.0
FNDDS:2709790,1 head,163.0
FNDDS:2709791,1 leaf,2.0
FNDDS:2709791,Guideline amount in salad,40.0
FNDDS:2709791,1 cup,20.0
FNDDS:2709792,1 cup,35.0
FNDDS:2709792,Guideline amount in salad,70.0
FNDDS:2709793,1 whole,18.0
FNDDS:2709793,1 piece/slice,6.0
FNDDS:2709793,1 cup,70.0
FNDDS:2709794,1 cup,100.0
FNDDS:2709794,1 whole,15.0
FNDDS:2709795,1 cup,160.0
FNDDS:2709795,1 whole,148.0
FNDDS:2709795,1 slice,15.0
FNDDS:2709795,1 ring,5.0
FNDDS:2709796,1 sprig,1.0
FNDDS:2709796,1 cup,60.0
FNDDS:2709797,1 cup,145.0
FNDDS:2709798,1 whole,15.0
FNDDS:2709798,1 cup,150.0
FNDDS:2709798,1 slice,5.0
FNDDS:2709798,1 piece,5.0
FNDDS:2709799,1 cup,150.0
FNDDS:2709799,1 ring,10.0
FNDDS:2709799,1 miniature,30.0
FNDDS:2709799,1 piece,10.0
FNDDS:2709799,1 regular,120.0
FNDDS:2709800,1 regular,120.0
FNDDS:2709800,1 miniature,30.0
FNDDS:2709800,1 ring,10.0
FNDDS:2709800,1 piece,10.0
FNDDS:2709800,1 cup,150.0
FNDDS:2709801,1 cup,150.0
FNDDS:2709801,1 regular,120.0
FNDDS:2709801,1 ring,10.0
FNDDS:2709801,1 piece,10.0
FNDDS:2709801,1 miniature,30.0
FNDDS:2709802,1 whole,45.0
FNDDS:2709802,1 cup,150.0
FNDDS:2709803,1 whole,5.0
FNDDS:2709803,1 cup,115.0
FNDDS:2709803,1 slice,1.0
FNDDS:2709804,1 cup,140.0
FNDDS:2709804,1 whole,385.0
FNDDS:2709805,1 cup,80.0
FNDDS:2709806,1 cup,65.0
FNDDS:2709806,1 snow pea,3.0
FNDDS:2709807,1 whole,200.0
FNDDS:2709807,1 cup,115.0
FNDDS:2709807,1 slice,10.0
FNDDS:2709808,1 cup,115.0
FNDDS:2709808,1 slice,10.0
FNDDS:2709808,1 whole,200.0
FNDDS:2709809,1 slice,15.0
FNDDS:2709809,1 whole,120.0
FNDDS:2709809,1 cup,130.0
FNDDS:2709810,1 fl oz,30.8
FNDDS:2709810,1 cup,246.0
FNDDS:2709811,1 cup,236.0
FNDDS:2709811,1 fl oz,29.5
FNDDS:2709812,1 cup,154.0
FNDDS:2709813,1 cup,186.0
FNDDS:2709814,1 cup,220.0
FNDDS:2709814,1 single serving container,150.0
FNDDS:2709814,1 fast food order,150.0
FNDDS:2709815,Guideline amount per sandwich,55.0
FNDDS:2709815,1 cup,220.0
FNDDS:2709815,1 single serving container,150.0
FNDDS:2709816,1 cup,220.0
FNDDS:2709817,1 cup,220.0
FNDDS:2709818,1 cup,155.0
FNDDS:2709819,1 cup,133.0
FNDDS:2709820,1 cup,159.0
FNDDS:2709821,1 cup,159.0
FNDDS:2709822,1 McDonald's side salad,87.0
FNDDS:2709822,1 cup,73.0
FNDDS:2709822,1 side salad,94.0
FNDDS:2709822,1 Burger King side salad,98.0
FNDDS:2709822,1 Wendy's side salad,168.0
FNDDS:2709823,1 cup,74.0
FNDDS:2709824,1 cup,87.0
FNDDS:2709825,1 cup,77.0
FNDDS:2709826,1 cup,88.0
FNDDS:2709827,1 side salad,168.0
FNDDS:2709827,1 garden salad,236.0
FNDDS:2709827,1 cup,79.0
FNDDS:2709828,1 cup,125.0
FNDDS:2709829,1 cup,119.0
FNDDS:2709830,1 cup,105.0
FNDDS:2709831,1 cup,74.0
FNDDS:2709832,1 cup,105.0
FNDDS:2709833,1 fl oz (with ice),23.0
FNDDS:2709833,1 fl oz (no ice),31.0
FNDDS:2709833,1 fl oz (NFS),31.0
FNDDS:2709834,1 spear,16.0
FNDDS:2709834,1 piece,4.0
FNDDS:2709834,1 cup,180.0
FNDDS:2709835,1 cup,180.0
FNDDS:2709835,1 piece,4.0
FNDDS:2709835,1 spear,16.0
FNDDS:2709836,1 cup,240.0
FNDDS:2709836,1 spear,16.0
FNDDS:2709837,1 piece,4.0
FNDDS:2709837,1 cup,185.0
FNDDS:2709837,1 spear,16.0
FNDDS:2709838,1 spear,16.0
FNDDS:2709838,1 piece,4.0
FNDDS:2709838,1 cup,185.0
FNDDS:2709839,1 cup,185.0
FNDDS:2709839,1 spear,16.0
FNDDS:2709839,1 piece,4.0
FNDDS:2709840,1 spear,16.0
FNDDS:2709840,1 cup,245.0
FNDDS:2709841,1 spear,16.0
FNDDS:2709841,1 cup,185.0
FNDDS:2709841,1 piece,4.0
FNDDS:2709842,1 piece,4.0
FNDDS:2709842,1 cup,185.0
FNDDS:2709842,1 spear,16.0
FNDDS:2709843,1 spear,16.0
FNDDS:2709843,1 piece,4.0
FNDDS:2709843,1 cup,185.0
FNDDS:2709844,1 spear,16.0
FNDDS:2709844,1 cup,185.0
FNDDS:2709844,1 piece,4.0
FNDDS:2709845,1 cup,245.0
FNDDS:2709845,1 spear,16.0
FNDDS:2709846,1 spear,16.0
FNDDS:2709846,1 cup,245.0
FNDDS:2709847,1 cup,155.0
FNDDS:2709848,1 bean,2.0
FNDDS:2709848,1 cup,180.0
FNDDS:2709849,1 bean,2.0
FNDDS:2709849,1 cup,185.0
FNDDS:2709850,1 bean,2.0
FNDDS:2709850,1 cup,185.0
FNDDS:2709851,1 bean,6.0
FNDDS:2709851,1 cut piece,2.0
FNDDS:2709851,1 cup,145.0
FNDDS:2709852,1 cup,140.0
FNDDS:2709852,1 bean,6.0
FNDDS:2709852,1 cut piece,2.0
FNDDS:2709853,1 bean,6.0
FNDDS:2709853,1 cut piece,2.0
FNDDS:2709853,1 cup,140.0
FNDDS:2709854,1 bean,6.0
FNDDS:2709854,1 cup,140.0
FNDDS:2709854,1 cut piece,2.0
FNDDS:2709855,1 cut piece,2.0
FNDDS:2709855,1 bean,6.0
FNDDS:2709855,1 cup,145.0
FNDDS:2709856,1 cup,145.0
FNDDS:2709856,1 cut piece,2.0
FNDDS:2709856,1 bean,6.0
FNDDS:2709857,1 cut piece,2.0
FNDDS:2709857,1 bean,6.0
FNDDS:2709857,1 cup,145.0
FNDDS:2709858,1 bean,6.0
FNDDS:2709858,1 cup,145.0
FNDDS:2709858,1 cut piece,2.0
FNDDS:2709859,1 bean,6.0
FNDDS:2709859,1 cup,145.0
FNDDS:2709859,1 cut piece,2.0
FNDDS:2709860,1 bean,6.0
FNDDS:2709860,1 cup,145.0
FNDDS:2709860,1 cut piece,2.0
FNDDS:2709861,1 cup,145.0
FNDDS:2709861,1 cut piece,2.0
FNDDS:2709861,1 bean,6.0
FNDDS:2709862,1 bean,6.0
FNDDS:2709862,1 cut piece,2.0
FNDDS:2709862,1 cup,145.0
FNDDS:2709863,1 cut piece,2.0
FNDDS:2709863,1 cup,145.0
FNDDS:2709863,1 bean,6.0
FNDDS:2709864,1 cut piece,2.0
FNDDS:2709864,1 cup,145.0
FNDDS:2709864,1 bean,6.0
FNDDS:2709865,1 cup,140.0
FNDDS:2709865,1 bean,6.0
FNDDS:2709865,1 cut piece,2.0
FNDDS:2709866,1 cup,145.0
FNDDS:2709866,1 bean,6.0
FNDDS:2709866,1 cut piece,2.0
FNDDS:2709867,1 cut piece,2.0
FNDDS:2709867,1 bean,6.0
FNDDS:2709867,1 cup,145.0
FNDDS:2709868,1 cut piece,2.0
FNDDS:2709868,1 bean,6.0
FNDDS:2709868,1 cup,145.0
FNDDS:2709869,1 bean,12.0
FNDDS:2709869,1 cup,145.0
FNDDS:2709870,1 cup,145.0
FNDDS:2709870,1 bean,6.0
FNDDS:2709870,1 cut piece,2.0
FNDDS:2709871,1 cup,115.0
FNDDS:2709872,1 cup,170.0
FNDDS:2709872,1 whole,50.0
FNDDS:2709872,1 slice,10.0
FNDDS:2709873,1 whole,25.0
FNDDS:2709873,1 cup,170.0
FNDDS:2709873,1 slice,10.0
FNDDS:2709874,1 whole,52.0
FNDDS:2709874,1 cup,175.0
FNDDS:2709874,1 slice,10.0
FNDDS:2709875,1 cup,175.0
FNDDS:2709875,1 whole,52.0
FNDDS:2709875,1 slice,10.0
FNDDS:2709876,1 cup,175.0
FNDDS:2709876,1 slice,10.0
FNDDS:2709876,1 whole,27.0
FNDDS:2709877,1 whole,25.0
FNDDS:2709877,1 slice,10.0
FNDDS:2709877,1 cup,170.0
FNDDS:2709878,1 whole,120.0
FNDDS:2709878,1 cup,130.0
FNDDS:2709879,1 piece,35.0
FNDDS:2709879,1 cup,170.0
FNDDS:2709880,1 floweret,25.0
FNDDS:2709880,1 cup,90.0
FNDDS:2709881,1 sprout,20.0
FNDDS:2709881,1 cup,155.0
FNDDS:2709882,1 sprout,20.0
FNDDS:2709882,1 cup,155.0
FNDDS:2709883,1 cup,160.0
FNDDS:2709883,1 sprout,20.0
FNDDS:2709884,1 cup,160.0
FNDDS:2709884,1 sprout,20.0
FNDDS:2709885,1 cup,160.0
FNDDS:2709885,1 sprout,20.0
FNDDS:2709886,1 cup,130.0
FNDDS:2709887,1 cup,170.0
FNDDS:2709888,1 cup,175.0
FNDDS:2709889,1 cup,150.0
FNDDS:2709890,1 cup,155.0
FNDDS:2709891,1 cup,155.0
FNDDS:2709892,"1 small head (about 4-1/2"" dia)",710.0
FNDDS:2709892,1 cup,155.0
FNDDS:2709893,1 cup,155.0
FNDDS:2709894,1 cup,155.0
FNDDS:2709895,1 cup,150.0
FNDDS:2709895,1 pad,30.0
FNDDS:2709896,1 cup,155.0
FNDDS:2709896,1 pad,30.0
FNDDS:2709897,1 piece,13.0
FNDDS:2709897,1 cup,155.0
FNDDS:2709897,1 floweret,13.0
FNDDS:2709898,1 cup,185.0
FNDDS:2709899,1 cup,160.0
FNDDS:2709899,1 piece,13.0
FNDDS:2709899,1 floweret,13.0
FNDDS:2709900,1 piece,13.0
FNDDS:2709900,1 cup,160.0
FNDDS:2709900,1 floweret,13.0
FNDDS:2709901,1 cup,190.0
FNDDS:2709902,1 cup,160.0
FNDDS:2709902,1 floweret,13.0
FNDDS:2709902,1 piece,13.0
FNDDS:2709903,1 floweret,13.0
FNDDS:2709903,1 piece,13.0
FNDDS:2709903,1 cup,160.0
FNDDS:2709904,1 cup,190.0
FNDDS:2709905,1 cup,190.0
FNDDS:2709906,1 stalk,42.0
FNDDS:2709906,1 cup,155.0
FNDDS:2709907,1 fennel bulb,218.0
FNDDS:2709908,1 whole,230.0
FNDDS:2709908,1 cup,165.0
FNDDS:2709909,1 mini ear,57.0
FNDDS:2709909,1 cup,170.0
FNDDS:2709909,1 baby corn,8.0
FNDDS:2709909,1 regular ear,108.0
FNDDS:2709910,1 regular ear,105.0
FNDDS:2709910,1 mini ear,55.0
FNDDS:2709910,1 cup,165.0
FNDDS:2709910,1 baby corn,8.0
FNDDS:2709911,1 baby corn,8.0
FNDDS:2709911,1 mini ear,55.0
FNDDS:2709911,1 regular ear,105.0
FNDDS:2709911,1 cup,165.0
FNDDS:2709912,1 cup,165.0
FNDDS:2709912,1 baby corn,8.0
FNDDS:2709913,1 cup,170.0
FNDDS:2709913,1 baby corn,8.0
FNDDS:2709913,1 mini ear,57.0
FNDDS:2709913,1 regular ear,108.0
FNDDS:2709914,1 cup,170.0
FNDDS:2709914,1 mini ear,57.0
FNDDS:2709914,1 baby corn,8.0
FNDDS:2709914,1 regular ear,108.0
FNDDS:2709915,1 cup,170.0
FNDDS:2709915,1 regular ear,108.0
FNDDS:2709915,1 mini ear,57.0
FNDDS:2709915,1 baby corn,8.0
FNDDS:2709916,1 baby corn,8.0
FNDDS:2709916,1 cup,170.0
FNDDS:2709917,1 mini ear,57.0
FNDDS:2709917,1 regular ear,108.0
FNDDS:2709917,1 baby corn,8.0
FNDDS:2709917,1 cup,170.0
FNDDS:2709918,1 baby corn,8.0
FNDDS:2709918,1 regular ear,108.0
FNDDS:2709918,1 cup,170.0
FNDDS:2709918,1 mini ear,57.0
FNDDS:2709919,1 regular ear,108.0
FNDDS:2709919,1 cup,170.0
FNDDS:2709919,1 baby corn,8.0
FNDDS:2709919,1 mini ear,57.0
FNDDS:2709920,1 regular ear,108.0
FNDDS:2709920,1 cup,170.0
FNDDS:2709920,1 mini ear,57.0
FNDDS:2709920,1 baby corn,8.0
FNDDS:2709921,1 cup,170.0
FNDDS:2709921,1 baby corn,8.0
FNDDS:2709922,1 baby corn,8.0
FNDDS:2709922,1 cup,170.0
FNDDS:2709923,1 cup,250.0
FNDDS:2709924,1 cup,165.0
FNDDS:2709924,1 baby corn,8.0
FNDDS:2709925,1 cup,170.0
FNDDS:2709925,1 baby corn,8.0
FNDDS:2709926,1 baby corn,8.0
FNDDS:2709926,1 cup,170.0
FNDDS:2709927,1 cup,170.0
FNDDS:2709927,1 baby corn,8.0
FNDDS:2709928,1 cup,185.0
FNDDS:2709928,1 slice,10.0
FNDDS:2709929,1 whole,540.0
FNDDS:2709929,1 slice,55.0
FNDDS:2709929,1 cup,95.0
FNDDS:2709930,1 cup,100.0
FNDDS:2709930,1 slice,55.0
FNDDS:2709930,1 whole,565.0
FNDDS:2709931,1 cup,109.0
FNDDS:2709932,1 clove,3.0
FNDDS:2709932,1 teaspoon,5.0
FNDDS:2709933,1 cup,170.0
FNDDS:2709934,1 cup,170.0
FNDDS:2709935,1 whole,85.0
FNDDS:2709935,1 slice,7.0
FNDDS:2709935,1 cup,170.0
FNDDS:2709936,1 slice,10.0
FNDDS:2709936,1 cup,125.0
FNDDS:2709937,1 whole,13.0
FNDDS:2709937,1 cup,155.0
FNDDS:2709937,1 piece/slice,6.0
FNDDS:2709938,1 whole,13.0
FNDDS:2709938,1 piece/slice,6.0
FNDDS:2709938,1 cup,160.0
FNDDS:2709939,1 cup,160.0
FNDDS:2709939,1 piece/slice,6.0
FNDDS:2709939,1 whole,13.0
FNDDS:2709940,1 piece/slice,6.0
FNDDS:2709940,1 whole,13.0
FNDDS:2709940,1 cup,160.0
FNDDS:2709941,1 piece/slice,6.0
FNDDS:2709941,1 whole,13.0
FNDDS:2709941,1 cup,160.0
FNDDS:2709942,1 piece/slice,6.0
FNDDS:2709942,1 whole,13.0
FNDDS:2709942,1 cup,160.0
FNDDS:2709943,1 cup,145.0
FNDDS:2709944,1 cup,160.0
FNDDS:2709944,1 pod,10.0
FNDDS:2709945,1 piece,5.0
FNDDS:2709945,1 cup,185.0
FNDDS:2709946,1 cup,165.0
FNDDS:2709946,1 pod,10.0
FNDDS:2709947,1 cup,165.0
FNDDS:2709947,1 pod,10.0
FNDDS:2709948,1 piece,5.0
FNDDS:2709948,1 cup,190.0
FNDDS:2709949,1 cup,86.0
FNDDS:2709950,1 cup,210.0
FNDDS:2709950,1 whole,148.0
FNDDS:2709950,1 slice,15.0
FNDDS:2709951,1 slice,15.0
FNDDS:2709951,1 whole,151.0
FNDDS:2709951,1 cup,215.0
FNDDS:2709952,1 cup,185.0
FNDDS:2709952,1 pearl onion,5.0
FNDDS:2709953,1 whole,15.0
FNDDS:2709953,1 cup,225.0
FNDDS:2709954,1 cup,145.0
FNDDS:2709954,1 heart,40.0
FNDDS:2709955,"1 cup, mashed",215.0
FNDDS:2709955,1 cup,160.0
FNDDS:2709955,1 whole,100.0
FNDDS:2709956,1 cup,185.0
FNDDS:2709957,1 cup,185.0
FNDDS:2709958,1 cup,165.0
FNDDS:2709959,1 cup,160.0
FNDDS:2709960,1 cup,160.0
FNDDS:2709961,1 cup,160.0
FNDDS:2709962,1 cup,165.0
FNDDS:2709963,1 cup,165.0
FNDDS:2709964,1 cup,165.0
FNDDS:2709965,1 cup,165.0
FNDDS:2709966,1 cup,165.0
FNDDS:2709967,1 cup,165.0
FNDDS:2709968,1 cup,165.0
FNDDS:2709969,1 cup,165.0
FNDDS:2709970,1 cup,165.0
FNDDS:2709971,1 cup,165.0
FNDDS:2709972,1 cup,160.0
FNDDS:2709973,1 cup,165.0
FNDDS:2709974,1 cup,165.0
FNDDS:2709975,1 cup,165.0
FNDDS:2709976,1 regular,120.0
FNDDS:2709976,1 miniature,30.0
FNDDS:2709976,1 cup,155.0
FNDDS:2709976,1 piece,10.0
FNDDS:2709977,1 miniature,30.0
FNDDS:2709977,1 regular,120.0
FNDDS:2709977,1 cup,155.0
FNDDS:2709977,1 piece,10.0
FNDDS:2709978,1 pepper,15.0
FNDDS:2709978,1 cup,150.0
FNDDS:2709979,1 whole pimiento,66.0
FNDDS:2709979,1 cup,192.0
FNDDS:2709979,1 strip,1.0
FNDDS:2709980,"1 cup, mashed",245.0
FNDDS:2709980,1 cup,175.0
FNDDS:2709980,1 whole,370.0
FNDDS:2709981,1 cup,140.0
FNDDS:2709982,1 cup,140.0
FNDDS:2709983,1 cup,160.0
FNDDS:2709983,1 snow pea,3.0
FNDDS:2709984,1 cup,160.0
FNDDS:2709984,1 snow pea,3.0
FNDDS:2709985,1 cup,165.0
FNDDS:2709985,1 snow pea,3.0
FNDDS:2709986,1 snow pea,3.0
FNDDS:2709986,1 cup,165.0
FNDDS:2709987,1 cup,165.0
FNDDS:2709987,1 snow pea,3.0
FNDDS:2709988,1 cup,15.0
FNDDS:2709988,1 strip,0.5
FNDDS:2709989,1 cup,100.0
FNDDS:2709990,1 cup,105.0
FNDDS:2709991,1 cup,180.0
FNDDS:2709991,"1 cup, mashed",240.0
FNDDS:2709991,1 whole,200.0
FNDDS:2709991,1 slice,10.0
FNDDS:2709992,1 cup,180.0
FNDDS:2709992,1 slice,10.0
FNDDS:2709992,"1 cup, mashed",240.0
FNDDS:2709993,1 slice,10.0
FNDDS:2709993,1 cup,185.0
FNDDS:2709993,1 whole,203.0
FNDDS:2709993,"1 cup, mashed",245.0
FNDDS:2709994,"1 cup, mashed",245.0
FNDDS:2709994,1 whole,203.0
FNDDS:2709994,1 cup,185.0
FNDDS:2709994,1 slice,10.0
FNDDS:2709995,"1 cup, mashed",245.0
FNDDS:2709995,1 cup,185.0
FNDDS:2709995,1 slice,10.0
FNDDS:2709996,1 cup,185.0
FNDDS:2709996,1 slice,10.0
FNDDS:2709996,"1 cup, mashed",245.0
FNDDS:2709997,1 cup,185.0
FNDDS:2709997,1 slice,10.0
FNDDS:2709997,1 whole,203.0
FNDDS:2709997,"1 cup, mashed",245.0
FNDDS:2709998,1 slice,10.0
FNDDS:2709998,1 whole,203.0
FNDDS:2709998,"1 cup, mashed",245.0
FNDDS:2709998,1 cup,185.0
FNDDS:2709999,1 slice,10.0
FNDDS:2709999,1 cup,185.0
FNDDS:2709999,"1 cup, mashed",245.0
FNDDS:2710000,1 cup,185.0
FNDDS:2710000,"1 cup, mashed",245.0
FNDDS:2710000,1 slice,10.0
FNDDS:2710001,1 cup,155.0
FNDDS:2710002,1 whole,120.0
FNDDS:2710002,"1 cup, mashed",235.0
FNDDS:2710002,1 cup,160.0
FNDDS:2710003,1 whole,10.0
FNDDS:2710003,1 cup,158.0
FNDDS:2710004,1 cup,175.0
FNDDS:2710005,1 tablespoon,12.0
FNDDS:2710006,1 teaspoon,6.0
FNDDS:2710007,1 cup,175.0
FNDDS:2710008,1 cup,180.0
FNDDS:2710009,1 cup,150.0
FNDDS:2710010,1 cup,140.0
FNDDS:2710011,1 cup,145.0
FNDDS:2710012,1 cup,185.0
FNDDS:2710013,1 cup,180.0
FNDDS:2710014,1 cup,180.0
FNDDS:2710015,1 cup,185.0
FNDDS:2710016,1 cup,185.0
FNDDS:2710017,1 cup,185.0
FNDDS:2710018,1 cup,185.0
FNDDS:2710019,1 cup,185.0
FNDDS:2710020,1 cup,185.0
FNDDS:2710021,1 cup,185.0
FNDDS:2710022,1 cup,180.0
FNDDS:2710023,1 cup,185.0
FNDDS:2710024,1 cup,185.0
FNDDS:2710025,1 cup,185.0
FNDDS:2710026,1 cup,160.0
FNDDS:2710027,1 cup,165.0
FNDDS:2710028,1 cup,215.0
FNDDS:2710029,1 cup,165.0
FNDDS:2710030,1 cup,160.0
FNDDS:2710031,1 cup,155.0
FNDDS:2710032,1 cup,160.0
FNDDS:2710033,1 cup,155.0
FNDDS:2710034,1 cup,160.0
FNDDS:2710035,1 cup,127.0
FNDDS:2710036,1 cup,132.0
FNDDS:2710037,1 cup,188.0
FNDDS:2710038,1 tablespoon,6.0
FNDDS:2710039,1 cup,60.0
FNDDS:2710039,1 stuffed globe,250.0
FNDDS:2710040,1 cup,230.0
FNDDS:2710041,1 bean,6.0
FNDDS:2710041,1 cup,185.0
FNDDS:2710042,1 cup,85.0
FNDDS:2710042,1 floweret,25.0
FNDDS:2710043,1 chili,143.0
FNDDS:2710043,1 cup,176.0
FNDDS:2710044,1 chili,143.0
FNDDS:2710044,1 cup,176.0
FNDDS:2710045,1 jalapeno pepper,25.0
FNDDS:2710046,1 cup,214.0
FNDDS:2710047,1 cup,105.0
FNDDS:2710047,1 fritter,35.0
FNDDS:2710048,1 cup,220.0
FNDDS:2710049,1 tablespoon,15.0
FNDDS:2710049,1 individual container,70.0
FNDDS:2710050,1 cubic inch,10.0
FNDDS:2710050,"1 slice (3"" dia, 1/2"" thick)",44.0
FNDDS:2710050,1 cup,198.0
FNDDS:2710051,1 cup,198.0
FNDDS:2710052,1 cup,190.0
FNDDS:2710052,1 stuffed cap,25.0
FNDDS:2710053,1 fast food order,70.0
FNDDS:2710053,1 whole,20.0
FNDDS:2710053,1 cup,135.0
FNDDS:2710054,1 cup,90.0
FNDDS:2710054,1 piece,8.0
FNDDS:2710055,1 cup,50.0
FNDDS:2710055,1 fast food order,120.0
FNDDS:2710055,1 ring,10.0
FNDDS:2710056,1 cup,214.0
FNDDS:2710057,1 cup,214.0
FNDDS:2710058,1 cup,220.0
FNDDS:2710058,1 stick,20.0
FNDDS:2710058,1 slice,20.0
FNDDS:2710059,1 cup,217.0
FNDDS:2710060,1 cup,233.0
FNDDS:2710061,1 cup,217.0
FNDDS:2710062,1 cup,136.0
FNDDS:2710063,1 cup,255.0
FNDDS:2710064,1 cup,220.0
FNDDS:2710065,1 piece,7.0
FNDDS:2710065,1 fritter,30.0
FNDDS:2710065,1 cup,63.0
FNDDS:2710066,1 pakora,12.0
FNDDS:2710067,1 cup,240.0
FNDDS:2710068,1 cup,200.0
FNDDS:2710069,1 cup,220.0
FNDDS:2710070,1 cup,145.0
FNDDS:2710071,1 slice,10.0
FNDDS:2710071,1 whole,25.0
FNDDS:2710071,1 cup,170.0
FNDDS:2710072,1 cup,150.0
FNDDS:2710073,1 tablespoon,15.0
FNDDS:2710074,1 floweret,13.0
FNDDS:2710074,1 cup,125.0
FNDDS:2710075,1 cup,150.0
FNDDS:2710076,1 cup,150.0
FNDDS:2710077,1 cup,150.0
FNDDS:2710078,1 miniature,30.0
FNDDS:2710078,1 stacker,21.0
FNDDS:2710078,1 cup,155.0
FNDDS:2710078,1 regular,80.0
FNDDS:2710078,1 half,40.0
FNDDS:2710078,1 slice,7.0
FNDDS:2710078,1 spear,40.0
FNDDS:2710079,Guideline amount on large sandwich,30.0
FNDDS:2710079,1 tablespoon,15.0
FNDDS:2710079,Guideline amount on regular sandwich,15.0
FNDDS:2710079,1 individual packet,9.0
FNDDS:2710080,1 slice,7.0
FNDDS:2710080,1 spear,40.0
FNDDS:2710080,1 cup,155.0
FNDDS:2710080,"1 pickle, any size",30.0
FNDDS:2710080,1 stacker,21.0
FNDDS:2710081,1 cup,95.0
FNDDS:2710082,1 cup,240.0
FNDDS:2710083,1 tablespoon,15.0
FNDDS:2710084,1 whole,13.0
FNDDS:2710084,1 piece/slice,6.0
FNDDS:2710084,1 cup,155.0
FNDDS:2710085,Guideline amount on regular sandwich,5.0
FNDDS:2710085,Guideline amount on large sandwich,10.0
FNDDS:2710085,1 tablespoon,15.0
FNDDS:2710085,1 packet,5.0
FNDDS:2710086,1 individual container,70.0
FNDDS:2710086,1 tablespoon,15.0
FNDDS:2710087,1 pod,11.0
FNDDS:2710088,1 olive,5.0
FNDDS:2710088,1 cup,135.0
FNDDS:2710089,1 olive,4.0
FNDDS:2710089,1 cup,135.0
FNDDS:2710090,1 olive,5.0
FNDDS:2710090,1 cup,135.0
FNDDS:2710091,1 olive,5.0
FNDDS:2710091,1 cup,135.0
FNDDS:2710092,1 tablespoon,16.0
FNDDS:2710093,10 drops,0.8
FNDDS:2710093,1 packet,9.0
FNDDS:2710093,1 tablespoon,16.0
FNDDS:2710093,Guideline amount per sandwich,9.0
FNDDS:2710094,1 cup,150.0
FNDDS:2710094,1 whole,30.0
FNDDS:2710095,1 cup,150.0
FNDDS:2710095,1 slice,2.0
FNDDS:2710095,1 whole,15.0
FNDDS:2710096,Guideline amount per sandwich,10.0
FNDDS:2710096,1 cup,150.0
FNDDS:2710096,1 whole,15.0
FNDDS:2710096,1 slice,2.0
FNDDS:2710097,1 regular,80.0
FNDDS:2710097,1 stacker,21.0
FNDDS:2710097,1 miniature,30.0
FNDDS:2710097,1 cup,155.0
FNDDS:2710097,1 slice,7.0
FNDDS:2710097,1 half,40.0
FNDDS:2710097,1 spear,40.0
FNDDS:2710098,1 slice,14.0
FNDDS:2710098,1 cup,155.0
FNDDS:2710098,1 spear,80.0
FNDDS:2710099,1 cup,150.0
FNDDS:2710100,1 cup,100.0
FNDDS:2710101,1 cup,160.0
FNDDS:2710102,1 slice,7.0
FNDDS:2710102,1 cup,155.0
FNDDS:2710103,Guideline amount per piece of sushi,2.0
FNDDS:2710103,1 tablespoon,16.0
FNDDS:2710104,1 cup,170.0
FNDDS:2710105,1 cup,245.0
FNDDS:2710106,1 cup,245.0
FNDDS:2710107,1 individual container,440.0
FNDDS:2710107,1 can,525.0
FNDDS:2710107,1 cup,255.0
FNDDS:2710108,1 can,525.0
FNDDS:2710108,1 cup,245.0
FNDDS:2710108,1 individual container,440.0
FNDDS:2710109,1 can,525.0
FNDDS:2710109,1 cup,255.0
FNDDS:2710109,1 individual container,440.0
FNDDS:2710110,1 cup,245.0
FNDDS:2710111,1 cup,245.0
FNDDS:2710111,1 individual container,440.0
FNDDS:2710111,1 can,525.0
FNDDS:2710112,1 individual container,440.0
FNDDS:2710112,1 can,525.0
FNDDS:2710112,1 cup,245.0
FNDDS:2710113,1 cup,245.0
FNDDS:2710114,1 cup,245.0
FNDDS:2710114,1 individual container,440.0
FNDDS:2710114,1 can,525.0
FNDDS:2710115,1 cup,245.0
FNDDS:2710116,1 cup,245.0
FNDDS:2710116,1 can,525.0
FNDDS:2710116,1 individual container,440.0
FNDDS:2710117,1 tablespoon,15.0
FNDDS:2710117,1 pouch,110.0
FNDDS:2710117,1 tub,110.0
FNDDS:2710117,1 jar,110.0
FNDDS:2710118,1 pouch,90.0
FNDDS:2710118,1 jar,110.0
FNDDS:2710118,1 tub,70.0
FNDDS:2710118,1 tablespoon,15.0
FNDDS:2710119,1 jar,110.0
FNDDS:2710119,1 tablespoon,15.0
FNDDS:2710119,1 pouch,110.0
FNDDS:2710119,1 tub,110.0
FNDDS:2710120,1 tub,70.0
FNDDS:2710120,1 tablespoon,15.0
FNDDS:2710120,1 jar,110.0
FNDDS:2710120,1 pouch,90.0
FNDDS:2710121,1 jar,110.0
FNDDS:2710121,1 tub,110.0
FNDDS:2710121,1 pouch,110.0
FNDDS:2710121,1 tablespoon,15.0
FNDDS:2710122,1 tablespoon,15.0
FNDDS:2710122,1 tub,70.0
FNDDS:2710122,1 pouch,90.0
FNDDS:2710122,1 jar,110.0
FNDDS:2710123,1 pouch,110.0
FNDDS:2710123,1 tub,110.0
FNDDS:2710123,1 jar,110.0
FNDDS:2710123,1 tablespoon,15.0
FNDDS:2710124,1 tablespoon,15.0
FNDDS:2710124,1 jar,110.0
FNDDS:2710124,1 pouch,90.0
FNDDS:2710124,1 tub,70.0
FNDDS:2710125,1 jar,110.0
FNDDS:2710125,1 pouch,110.0
FNDDS:2710125,1 tub,110.0
FNDDS:2710125,1 tablespoon,15.0
FNDDS:2710126,1 pouch,90.0
FNDDS:2710126,1 tablespoon,15.0
FNDDS:2710126,1 tub,70.0
FNDDS:2710126,1 jar,110.0
FNDDS:2710127,1 tablespoon,15.0
FNDDS:2710127,1 pouch,110.0
FNDDS:2710127,1 tub,110.0
FNDDS:2710127,1 jar,110.0
FNDDS:2710128,1 tablespoon,15.0
FNDDS:2710128,1 tub,140.0
FNDDS:2710128,1 jar,140.0
FNDDS:2710128,1 pouch,110.0
FNDDS:2710129,1 tub,110.0
FNDDS:2710129,1 tablespoon,15.0
FNDDS:2710129,1 pouch,110.0
FNDDS:2710129,1 jar,110.0
FNDDS:2710130,1 jar,110.0
FNDDS:2710130,1 pouch,110.0
FNDDS:2710130,1 tablespoon,15.0
FNDDS:2710130,1 tub,110.0
FNDDS:2710131,1 jar,110.0
FNDDS:2710131,1 tablespoon,15.0
FNDDS:2710131,1 tub,70.0
FNDDS:2710131,1 pouch,90.0
FNDDS:2710132,1 tablespoon,15.0
FNDDS:2710132,1 jar,110.0
FNDDS:2710132,1 tub,110.0
FNDDS:2710132,1 pouch,110.0
FNDDS:2710133,1 tray,150.0
FNDDS:2710133,1 tablespoon,15.0
FNDDS:2710134,1 tray,150.0
FNDDS:2710134,1 tablespoon,15.0
FNDDS:2710135,1 tray,150.0
FNDDS:2710135,1 tablespoon,15.0
FNDDS:2710136,1 tablespoon,15.0
FNDDS:2710136,1 tray,150.0
FNDDS:2710137,1 tablespoon,15.0
FNDDS:2710137,1 tray,150.0
FNDDS:2710138,"1 fritter (4"" x 2-1/4"" x 3/4"")",95.0
FNDDS:2710139,"1 ball (3"" dia)",64.0
FNDDS:2710139,1 cup,200.0
FNDDS:2710140,"1 piece (4"" x 2"" x 2"")",190.0
FNDDS:2710141,"1 pastel (5-1/2"" x 2-1/4"" x 1/4"")",149.0
FNDDS:2710142,1 cup,234.0
FNDDS:2710142,"1 stuffed cabbage leaf (2"" x 3"" x 1"")",75.0
FNDDS:2710143,1 cabbage roll,110.0
FNDDS:2710144,"1 moussaka (8"" square)",915.0
FNDDS:2710144,"1 piece (3"" x 2"" x 1"")",86.0
FNDDS:2710144,1 cubic inch,14.3
FNDDS:2710144,1 cup,203.0
FNDDS:2710144,"1 moussaka (7"" x 12"")",1228.0
FNDDS:2710145,1 fl oz (NFS),31.0
FNDDS:2710145,1 juice box/pouch (6.75 fl oz),209.0
FNDDS:2710145,1 bottle (12 fl oz),372.0
FNDDS:2710145,1 fl oz (no ice),31.0
FNDDS:2710145,1 fl oz (with ice),23.0
FNDDS:2710146,1 cup,216.0
FNDDS:2710146,1 small,540.0
FNDDS:2710146,1 large,1080.0
FNDDS:2710146,1 medium,864.0
FNDDS:2710146,1 fl oz,27.0
FNDDS:2710147,1 small,540.0
FNDDS:2710147,1 cup,216.0
FNDDS:2710147,1 medium,864.0
FNDDS:2710147,1 large,1080.0
FNDDS:2710147,1 fl oz,27.0
FNDDS:2710148,1 medium,864.0
FNDDS:2710148,1 fl oz,27.0
FNDDS:2710148,1 cup,216.0
FNDDS:2710148,1 large,1080.0
FNDDS:2710148,1 small,540.0
FNDDS:2710149,1 fl oz,27.0
FNDDS:2710149,1 large,1080.0
FNDDS:2710149,1 medium,864.0
FNDDS:2710149,1 cup,216.0
FNDDS:2710149,1 small,540.0
FNDDS:2710150,1 fl oz,31.0
FNDDS:2710150,1 cup,248.0
FNDDS:2710151,1 fl oz,27.0
FNDDS:2710151,1 cup,216.0
FNDDS:2710151,1 large,1080.0
FNDDS:2710151,1 medium,864.0
FNDDS:2710151,1 small,540.0
FNDDS:2710152,1 medium,864.0
FNDDS:2710152,1 fl oz,27.0
FNDDS:2710152,1 cup,216.0
FNDDS:2710152,1 small,540.0
FNDDS:2710152,1 large,1080.0
FNDDS:2710153,Guideline amount per slice of bread/roll,7.0
FNDDS:2710153,1 cup,224.0
FNDDS:2710153,1 tablespoon,14.0
FNDDS:2710153,1 pat,7.0
FNDDS:2710154,Guideline amount on regular sandwich,14.0
FNDDS:2710154,1 individual container,5.0
FNDDS:2710154,1 pat,7.0
FNDDS:2710154,Guideline amount on large sandwich,28.0
FNDDS:2710154,1 cup,224.0
FNDDS:2710154,Guideline amount per slice of bread/roll,7.0
FNDDS:2710154,1 tablespoon,14.0
FNDDS:2710155,1 stick,113.0
FNDDS:2710155,Guideline amount per slice of bread/roll,7.0
FNDDS:2710155,Guideline amount on regular sandwich,14.0
FNDDS:2710155,Guideline amount on large sandwich,28.0
FNDDS:2710155,1 cup,224.0
FNDDS:2710155,1 pat,7.0
FNDDS:2710155,1 tablespoon,14.0
FNDDS:2710156,1 pat,7.0
FNDDS:2710156,1 individual container,5.0
FNDDS:2710156,Guideline amount per slice of bread/roll,7.0
FNDDS:2710156,Guideline amount on regular sandwich,14.0
FNDDS:2710156,1 cup,224.0
FNDDS:2710156,Guideline amount on large sandwich,28.0
FNDDS:2710156,1 tablespoon,14.0
FNDDS:2710157,Guideline amount on large sandwich,28.0
FNDDS:2710157,1 individual container,5.0
FNDDS:2710157,Guideline amount per slice of bread/roll,7.0
FNDDS:2710157,1 tablespoon,14.0
FNDDS:2710157,1 cup,224.0
FNDDS:2710157,1 pat,7.0
FNDDS:2710157,Guideline amount on regular sandwich,14.0
FNDDS:2710158,Guideline amount on large sandwich,28.0
FNDDS:2710158,1 individual container,5.0
FNDDS:2710158,Guideline amount on regular sandwich,14.0
FNDDS:2710158,1 pat,7.0
FNDDS:2710158,1 tablespoon,14.0
FNDDS:2710158,1 cup,224.0
FNDDS:2710158,Guideline amount per slice of bread/roll,7.0
FNDDS:2710159,1 cup,224.0
FNDDS:2710159,Guideline amount on large sandwich,28.0
FNDDS:2710159,1 tablespoon,14.0
FNDDS:2710159,Guideline amount on regular sandwich,14.0
FNDDS:2710159,Guideline amount per slice of bread/roll,7.0
FNDDS:2710159,1 pat,7.0
FNDDS:2710160,1 tablespoon,14.0
FNDDS:2710160,Guideline amount on regular sandwich,14.0
FNDDS:2710160,1 individual container,5.0
FNDDS:2710160,Guideline amount per slice of bread/roll,7.0
FNDDS:2710160,1 cup,224.0
FNDDS:2710160,Guideline amount on large sandwich,28.0
FNDDS:2710161,Guideline amount on large sandwich,28.0
FNDDS:2710161,1 cup,224.0
FNDDS:2710161,1 tablespoon,14.0
FNDDS:2710161,1 spray,0.2
FNDDS:2710161,Guideline amount on regular sandwich,14.0
FNDDS:2710161,Guideline amount per slice of bread/roll,7.0
FNDDS:2710162,1 individual container,5.0
FNDDS:2710162,Guideline amount on regular sandwich,14.0
FNDDS:2710162,Guideline amount on large sandwich,28.0
FNDDS:2710162,1 pat,7.0
FNDDS:2710162,Guideline amount per slice of bread/roll,7.0
FNDDS:2710162,1 cup,224.0
FNDDS:2710162,1 tablespoon,14.0
FNDDS:2710163,1 cup,100.0
FNDDS:2710163,1 tablespoon,5.0
FNDDS:2710164,1 cup,224.0
FNDDS:2710164,1 tablespoon,14.0
FNDDS:2710165,1 cup,192.0
FNDDS:2710165,1 tablespoon,12.0
FNDDS:2710166,1 tablespoon,12.0
FNDDS:2710166,1 cup,192.0
FNDDS:2710167,1 cup,192.0
FNDDS:2710167,1 tablespoon,12.0
FNDDS:2710168,1 cup,224.0
FNDDS:2710168,1 tablespoon,14.0
FNDDS:2710169,1 dipping-size container,28.0
FNDDS:2710169,1 tablespoon,16.0
FNDDS:2710170,1 tablespoon,16.0
FNDDS:2710171,1 tablespoon,16.0
FNDDS:2710172,1 tablespoon,15.0
FNDDS:2710172,1 cup,245.0
FNDDS:2710173,Guideline amount on large sandwich,28.0
FNDDS:2710173,1 packet,12.0
FNDDS:2710173,1 dipping-size container,28.0
FNDDS:2710173,1 tablespoon,14.0
FNDDS:2710173,Guideline amount on regular sandwich,14.0
FNDDS:2710174,Guideline amount on regular sandwich,16.0
FNDDS:2710174,1 packet,12.0
FNDDS:2710174,Guideline amount on large sandwich,32.0
FNDDS:2710174,1 tablespoon,16.0
FNDDS:2710175,1 tablespoon,16.0
FNDDS:2710176,1 tablespoon,15.0
FNDDS:2710176,1 dipping-size container,28.0
FNDDS:2710177,1 packet,9.0
FNDDS:2710177,1 cup,240.0
FNDDS:2710177,1 dipping-size container,28.0
FNDDS:2710177,1 tablespoon,15.0
FNDDS:2710178,1 tablespoon,16.0
FNDDS:2710179,Guideline amount per slice of bread/roll,7.0
FNDDS:2710179,1 tablespoon,14.0
FNDDS:2710179,1 cup,224.0
FNDDS:2710180,1 tablespoon,14.0
FNDDS:2710180,1 cup,224.0
FNDDS:2710181,1 tablespoon,14.0
FNDDS:2710181,1 cup,224.0
FNDDS:2710182,1 cup,224.0
FNDDS:2710182,1 tablespoon,14.0
FNDDS:2710183,1 tablespoon,14.0
FNDDS:2710183,1 cup,224.0
FNDDS:2710184,1 cup,224.0
FNDDS:2710184,1 tablespoon,14.0
FNDDS:2710185,1 tablespoon,14.0
FNDDS:2710185,1 cup,224.0
FNDDS:2710186,1 cup,224.0
FNDDS:2710186,1 tablespoon,14.0
FNDDS:2710187,1 cup,224.0
FNDDS:2710187,1 tablespoon,14.0
FNDDS:2710188,1 cup,224.0
FNDDS:2710188,1 tablespoon,14.0
FNDDS:2710189,1 tablespoon,14.0
FNDDS:2710189,1 cup,224.0
FNDDS:2710190,1 cup,224.0
FNDDS:2710190,1 tablespoon,14.0
FNDDS:2710191,1 cup,224.0
FNDDS:2710191,1 tablespoon,14.0
FNDDS:2710192,1 cup,224.0
FNDDS:2710192,1 tablespoon,14.0
FNDDS:2710193,1 cup,224.0
FNDDS:2710193,1 tablespoon,14.0
FNDDS:2710194,1 tablespoon,14.0
FNDDS:2710194,1 cup,224.0
FNDDS:2710195,1 cup,250.0
FNDDS:2710195,1 dipping-size container,57.0
FNDDS:2710195,1 packet,44.0
FNDDS:2710195,1 tablespoon,15.6
FNDDS:2710196,Guideline amount on large sandwich,28.0
FNDDS:2710196,1 cup,237.0
FNDDS:2710196,Guideline amount on regular sandwich,14.0
FNDDS:2710196,1 dipping-size container,57.0
FNDDS:2710196,1 packet,12.0
FNDDS:2710196,1 tablespoon,14.3
FNDDS:2710197,1 tablespoon,15.3
FNDDS:2710197,1 cup,245.0
FNDDS:2710197,1 dipping-size container,57.0
FNDDS:2710197,1 packet,44.0
FNDDS:2710198,1 tablespoon,15.0
FNDDS:2710198,1 cup,240.0
FNDDS:2710199,1 dipping-size container,57.0
FNDDS:2710199,1 packet,44.0
FNDDS:2710199,1 tablespoon,14.7
FNDDS:2710199,1 cup,235.0
FNDDS:2710200,1 tablespoon,15.6
FNDDS:2710200,1 cup,250.0
FNDDS:2710201,1 packet,44.0
FNDDS:2710201,1 cup,250.0
FNDDS:2710201,1 tablespoon,15.6
FNDDS:2710201,1 dipping-size container,57.0
FNDDS:2710202,1 dipping-size container,57.0
FNDDS:2710202,1 packet,44.0
FNDDS:2710202,1 tablespoon,15.6
FNDDS:2710202,1 cup,250.0
FNDDS:2710203,1 cup,235.0
FNDDS:2710203,1 packet,44.0
FNDDS:2710203,1 tablespoon,14.7
FNDDS:2710203,1 dipping-size container,57.0
FNDDS:2710204,Guideline amount on large sandwich,28.0
FNDDS:2710204,1 cup,220.0
FNDDS:2710204,1 packet,12.0
FNDDS:2710204,1 tablespoon,13.8
FNDDS:2710204,Guideline amount in salad,28.0
FNDDS:2710204,1 dipping-size container,28.0
FNDDS:2710204,Guideline amount on regular sandwich,14.0
FNDDS:2710205,1 dipping-size container,28.0
FNDDS:2710205,Guideline amount on large sandwich,28.0
FNDDS:2710205,Guideline amount on regular sandwich,14.0
FNDDS:2710205,Guideline amount in salad,28.0
FNDDS:2710205,1 tablespoon,14.1
FNDDS:2710205,1 cup,225.0
FNDDS:2710206,1 cup,245.0
FNDDS:2710206,1 packet,44.0
FNDDS:2710206,1 dipping-size container,57.0
FNDDS:2710206,1 tablespoon,15.3
FNDDS:2710207,1 tablespoon,14.7
FNDDS:2710207,Guideline amount on large sandwich,30.0
FNDDS:2710207,1 packet,12.0
FNDDS:2710207,Guideline amount on regular sandwich,15.0
FNDDS:2710207,1 dipping-size container,28.0
FNDDS:2710207,1 cup,235.0
FNDDS:2710207,Guideline amount in salad,30.0
FNDDS:2710208,1 cup,245.0
FNDDS:2710208,1 tablespoon,15.3
FNDDS:2710209,1 packet,44.0
FNDDS:2710209,1 tablespoon,15.0
FNDDS:2710209,1 cup,240.0
FNDDS:2710210,1 tablespoon,14.7
FNDDS:2710210,1 cup,235.0
FNDDS:2710211,1 cup,235.0
FNDDS:2710211,1 packet,44.0
FNDDS:2710211,1 tablespoon,14.7
FNDDS:2710212,Guideline amount on regular sandwich,15.0
FNDDS:2710212,1 cup,240.0
FNDDS:2710212,Guideline amount on large sandwich,30.0
FNDDS:2710212,1 dipping-size container,70.0
FNDDS:2710212,1 tablespoon,15.0
FNDDS:2710212,1 packet,44.0
FNDDS:2710213,1 packet,44.0
FNDDS:2710213,1 cup,250.0
FNDDS:2710213,1 tablespoon,15.6
FNDDS:2710213,1 dipping-size container,57.0
FNDDS:2710214,1 cup,246.0
FNDDS:2710214,1 tablespoon,15.4
FNDDS:2710215,1 dipping-size container,57.0
FNDDS:2710215,1 cup,260.0
FNDDS:2710215,1 tablespoon,16.2
FNDDS:2710215,1 packet,44.0
FNDDS:2710216,1 cup,245.0
FNDDS:2710216,1 dipping-size container,57.0
FNDDS:2710216,1 tablespoon,15.3
FNDDS:2710216,1 packet,44.0
FNDDS:2710217,1 cup,240.0
FNDDS:2710217,1 packet,44.0
FNDDS:2710217,1 tablespoon,15.0
FNDDS:2710218,1 cup,260.0
FNDDS:2710218,1 tablespoon,16.2
FNDDS:2710218,1 dipping-size container,57.0
FNDDS:2710218,1 packet,44.0
FNDDS:2710219,1 cup,240.0
FNDDS:2710219,1 packet,44.0
FNDDS:2710219,1 dipping-size container,57.0
FNDDS:2710219,1 tablespoon,15.0
FNDDS:2710220,Guideline amount on large sandwich,32.0
FNDDS:2710220,Guideline amount in salad,32.0
FNDDS:2710220,Guideline amount on regular sandwich,16.0
FNDDS:2710220,1 cup,250.0
FNDDS:2710220,1 tablespoon,15.6
FNDDS:2710220,1 dipping-size container,28.0
FNDDS:2710221,1 cup,220.0
FNDDS:2710221,Guideline amount in salad,28.0
FNDDS:2710221,1 tablespoon,13.8
FNDDS:2710221,1 packet,12.0
FNDDS:2710221,Guideline amount on large sandwich,28.0
FNDDS:2710221,Guideline amount on regular sandwich,14.0
FNDDS:2710222,1 dipping-size container,28.0
FNDDS:2710222,1 tablespoon,14.5
FNDDS:2710222,Guideline amount on large sandwich,28.0
FNDDS:2710222,Guideline amount on regular sandwich,14.0
FNDDS:2710222,1 cup,232.0
FNDDS:2710222,Guideline amount in salad,28.0
FNDDS:2710223,1 cup,240.0
FNDDS:2710223,1 packet,44.0
FNDDS:2710223,1 dipping-size container,57.0
FNDDS:2710223,1 tablespoon,15.0
FNDDS:2710224,1 cup,216.0
FNDDS:2710224,1 dipping-size container,57.0
FNDDS:2710224,1 tablespoon,14.0
FNDDS:2710224,1 packet,44.0
FNDDS:2710225,1 tablespoon,15.0
FNDDS:2710225,1 packet,44.0
FNDDS:2710225,1 cup,240.0
FNDDS:2710226,1 packet,44.0
FNDDS:2710226,1 cup,235.0
FNDDS:2710226,1 tablespoon,14.7
FNDDS:2710227,1 tablespoon,15.3
FNDDS:2710227,1 packet,44.0
FNDDS:2710227,1 dipping-size container,57.0
FNDDS:2710227,1 cup,245.0
FNDDS:2710228,1 cup,246.0
FNDDS:2710228,1 tablespoon,15.0
FNDDS:2710229,1 dipping-size container,57.0
FNDDS:2710229,1 tablespoon,16.6
FNDDS:2710229,1 cup,265.0
FNDDS:2710229,1 packet,44.0
FNDDS:2710230,1 cup,231.0
FNDDS:2710230,1 tablespoon,14.0
FNDDS:2710230,1 dipping-size container,57.0
FNDDS:2710231,1 packet,44.0
FNDDS:2710231,1 cup,240.0
FNDDS:2710231,1 tablespoon,15.0
FNDDS:2710232,1 packet,44.0
FNDDS:2710232,1 cup,256.0
FNDDS:2710232,1 tablespoon,16.0
FNDDS:2710232,1 dipping-size container,57.0
FNDDS:2710233,1 dipping-size container,57.0
FNDDS:2710233,1 cup,256.0
FNDDS:2710233,1 tablespoon,16.0
FNDDS:2710234,1 dipping-size container,57.0
FNDDS:2710234,1 Nutri System packet (1 oz),28.0
FNDDS:2710234,1 tablespoon,14.0
FNDDS:2710234,1 packet,44.0
FNDDS:2710234,1 cup,231.0
FNDDS:2710235,1 tablespoon,16.0
FNDDS:2710235,Guideline amount on large sandwich,32.0
FNDDS:2710235,Guideline amount on regular sandwich,16.0
FNDDS:2710235,1 cup,256.0
FNDDS:2710235,Guideline amount in salad,32.0
FNDDS:2710236,1 cup,240.0
FNDDS:2710236,1 packet,44.0
FNDDS:2710236,1 tablespoon,15.0
FNDDS:2710237,1 tablespoon,15.0
FNDDS:2710237,1 cup,240.0
FNDDS:2710237,1 dipping-size container,57.0
FNDDS:2710238,1 dipping-size container,57.0
FNDDS:2710238,1 tablespoon,16.0
FNDDS:2710238,1 cup,256.0
FNDDS:2710238,1 packet,44.0
FNDDS:2710239,Guideline amount per cup of vegetable,8.0
FNDDS:2710240,Guideline amount per cup of vegetable,14.0
FNDDS:2710241,Guideline amount per cup of vegetable,14.0
FNDDS:2710242,Guideline amount per cup of vegetable,14.0
FNDDS:2710243,Guideline amount per cup of vegetable,60.0
FNDDS:2710244,Guideline amount per cup of vegetable,60.0
FNDDS:2710245,Guideline amount per cup of vegetable,60.0
FNDDS:2710246,Guideline amount per cup of vegetable,60.0
FNDDS:2710247,Guideline amount per cup of vegetable,60.0
FNDDS:2710248,Guideline amount on regular sandwich,30.0
FNDDS:2710248,Guideline amount on large sandwich,45.0
FNDDS:2710249,Guideline amount on large sandwich,20.0
FNDDS:2710249,Guideline amount on regular sandwich,10.0
FNDDS:2710250,Guideline amount on large sandwich,16.0
FNDDS:2710250,Guideline amount on regular sandwich,8.0
FNDDS:2710251,Guideline amount on large sandwich,18.0
FNDDS:2710251,Guideline amount on regular sandwich,12.0
FNDDS:2710252,Guideline amount on regular sandwich,15.0
FNDDS:2710252,Guideline amount on large sandwich,30.0
FNDDS:2710253,Guideline amount on large sandwich,20.0
FNDDS:2710253,Guideline amount on regular sandwich,10.0
FNDDS:2710254,Guideline amount on large sandwich,20.0
FNDDS:2710254,Guideline amount on regular sandwich,10.0
FNDDS:2710255,Guideline amount on regular sandwich,20.0
FNDDS:2710255,Guideline amount on large sandwich,40.0
FNDDS:2710256,Guideline amount on regular sandwich,16.0
FNDDS:2710256,Guideline amount on large sandwich,24.0
FNDDS:2710257,Guideline amount per fl oz of beverage,1.4
FNDDS:2710257,1 cup,200.0
FNDDS:2710257,1 teaspoon,4.2
FNDDS:2710257,1 individual packet,3.5
FNDDS:2710257,1 cube,2.3
FNDDS:2710258,1 teaspoon,4.2
FNDDS:2710258,Guideline amount per fl oz of beverage,1.4
FNDDS:2710258,1 individual packet,3.5
FNDDS:2710258,1 cube,2.3
FNDDS:2710258,1 cup,200.0
FNDDS:2710259,1 cup,120.0
FNDDS:2710259,1 teaspoon,2.5
FNDDS:2710260,"1 teaspoon, NFS",4.6
FNDDS:2710260,Guideline amount per fl oz of beverage,1.4
FNDDS:2710260,"1 cup, NFS",220.0
FNDDS:2710261,Guideline amount per fl oz of beverage,1.4
FNDDS:2710261,1 cup,200.0
FNDDS:2710261,1 teaspoon,4.2
FNDDS:2710262,1 teaspoon,2.0
FNDDS:2710262,Guideline amount per fl oz of beverage,0.3
FNDDS:2710263,Guideline amount per fl oz of beverage,0.2
FNDDS:2710263,1 individual packet,1.0
FNDDS:2710263,1 tablet,0.1
FNDDS:2710263,1 teaspoon,0.5
FNDDS:2710264,1 individual packet,1.0
FNDDS:2710264,Guideline amount per fl oz of beverage,0.1
FNDDS:2710264,1 tablet,0.1
FNDDS:2710264,1 teaspoon,3.0
FNDDS:2710265,1 drop,0.1
FNDDS:2710265,Guideline amount per fl oz of beverage,0.1
FNDDS:2710265,1 teaspoon,5.0
FNDDS:2710266,1 individual packet,0.8
FNDDS:2710266,Guideline amount per fl oz of beverage,0.1
FNDDS:2710266,1 teaspoon,0.5
FNDDS:2710267,Guideline amount per fl oz of beverage,0.1
FNDDS:2710267,1 tablet,0.1
FNDDS:2710267,1 teaspoon,4.0
FNDDS:2710267,1 individual packet,0.8
FNDDS:2710268,Guideline amount per fl oz of beverage,0.1
FNDDS:2710268,1 drop,0.1
FNDDS:2710268,1 teaspoon,5.0
FNDDS:2710269,1 tablet (1/2 grain),0.0
FNDDS:2710269,1 individual packet,1.0
FNDDS:2710269,1 teaspoon,3.3
FNDDS:2710269,Guideline amount per fl oz of beverage,0.2
FNDDS:2710270,Guideline amount per fl oz of beverage,0.1
FNDDS:2710270,1 teaspoon,5.0
FNDDS:2710270,1 drop,0.1
FNDDS:2710271,1 teaspoon,3.5
FNDDS:2710271,1 individual packet,1.0
FNDDS:2710271,1 tablet,0.1
FNDDS:2710271,Guideline amount per fl oz of beverage,0.2
FNDDS:2710272,1 tablespoon,20.0
FNDDS:2710272,1 single serving container,60.0
FNDDS:2710272,1 cup,320.0
FNDDS:2710273,1 tablespoon,20.0
FNDDS:2710273,1 single serving container,60.0
FNDDS:2710273,1 cup,320.0
FNDDS:2710274,1 tablespoon,20.0
FNDDS:2710274,1 cup,320.0
FNDDS:2710275,1 tablespoon,20.0
FNDDS:2710275,1 cup,320.0
FNDDS:2710276,1 tablespoon,20.0
FNDDS:2710276,1 cup,320.0
FNDDS:2710276,Guideline amount per fl oz of beverage,5.0
FNDDS:2710277,1 tablespoon,15.0
FNDDS:2710277,Guideline amount per fl oz of beverage,5.0
FNDDS:2710277,1 cup,240.0
FNDDS:2710278,1 tablespoon,20.0
FNDDS:2710278,1 cup,320.0
FNDDS:2710279,Guideline amount per fl oz of beverage,5.0
FNDDS:2710279,1 tablespoon,20.0
FNDDS:2710279,1 cup,320.0
FNDDS:2710280,1 single serving container,60.0
FNDDS:2710280,1 tablespoon,15.0
FNDDS:2710280,1 cup,240.0
FNDDS:2710281,1 single serving container,14.0
FNDDS:2710281,Guideline amount per fl oz of beverage,2.4
FNDDS:2710281,1 cup,320.0
FNDDS:2710281,Guideline amount per slice of bread/roll,10.0
FNDDS:2710281,1 tablespoon,20.0
FNDDS:2710282,Guideline amount per fl oz of beverage,3.5
FNDDS:2710282,1 tablespoon,20.0
FNDDS:2710283,1 tablespoon,20.0
FNDDS:2710283,1 cup,320.0
FNDDS:2710284,1 cup,320.0
FNDDS:2710284,1 tablespoon,20.0
FNDDS:2710285,1 tablespoon,20.0
FNDDS:2710285,1 cup,320.0
FNDDS:2710286,1 cup,320.0
FNDDS:2710286,1 tablespoon,20.0
FNDDS:2710287,1 cup,95.0
FNDDS:2710287,1 tablespoon,6.0
FNDDS:2710288,1 cup,320.0
FNDDS:2710288,1 tablespoon,20.0
FNDDS:2710289,1 tablespoon,20.0
FNDDS:2710289,Guideline amount per sandwich,40.0
FNDDS:2710289,Guideline amount per slice of bread/roll,20.0
FNDDS:2710290,1 cup,290.0
FNDDS:2710290,1 tablespoon,18.0
FNDDS:2710291,1 cup,290.0
FNDDS:2710291,1 tablespoon,18.0
FNDDS:2710292,1 tablespoon,20.0
FNDDS:2710292,1 individual container,70.0
FNDDS:2710293,1 tablespoon,20.0
FNDDS:2710293,1 individual container,70.0
FNDDS:2710294,1 individual container,70.0
FNDDS:2710294,1 tablespoon,20.0
FNDDS:2710295,1 individual container,70.0
FNDDS:2710295,1 tablespoon,15.0
FNDDS:2710296,1 dipping-size container,28.0
FNDDS:2710296,1 packet,9.0
FNDDS:2710296,1 tablespoon,16.0
FNDDS:2710297,1 tablespoon,16.0
FNDDS:2710298,1 tablespoon,16.0
FNDDS:2710298,1 packet,9.0
FNDDS:2710299,1 tablespoon,20.0
FNDDS:2710299,Guideline amount per slice of bread/roll,10.0
FNDDS:2710299,1 individual packet,14.0
FNDDS:2710300,1 tablespoon,20.0
FNDDS:2710300,1 individual packet,14.0
FNDDS:2710300,Guideline amount per slice of bread/roll,10.0
FNDDS:2710301,Guideline amount per slice of bread/roll,10.0
FNDDS:2710301,1 tablespoon,20.0
FNDDS:2710301,1 individual packet,14.0
FNDDS:2710302,Guideline amount per slice of bread/roll,10.0
FNDDS:2710302,1 tablespoon,20.0
FNDDS:2710303,1 individual packet,14.0
FNDDS:2710303,1 tablespoon,20.0
FNDDS:2710303,Guideline amount per slice of bread/roll,10.0
FNDDS:2710304,1 individual packet,14.0
FNDDS:2710304,Guideline amount per slice of bread/roll,10.0
FNDDS:2710304,1 tablespoon,20.0
FNDDS:2710305,1 tablespoon,20.0
FNDDS:2710305,1 individual packet,14.0
FNDDS:2710305,Guideline amount per slice of bread/roll,10.0
FNDDS:2710306,1 individual packet,14.0
FNDDS:2710306,1 tablespoon,20.0
FNDDS:2710306,Guideline amount per slice of bread/roll,10.0
FNDDS:2710307,1 small piece,16.0
FNDDS:2710307,1 cubic inch,21.0
FNDDS:2710307,1 medium piece,32.0
FNDDS:2710307,1 tablespoon,20.0
FNDDS:2710308,1 cubic inch,22.0
FNDDS:2710308,1 tablespoon,20.0
FNDDS:2710309,1 tablespoon,20.0
FNDDS:2710310,1 snack size container,95.0
FNDDS:2710310,1 package (3 oz) yields,540.0
FNDDS:2710310,1 jiggler,17.0
FNDDS:2710310,1 cubic inch,17.0
FNDDS:2710310,1 cup,240.0
FNDDS:2710311,1 cubic inch,17.0
FNDDS:2710311,1 snack size container,125.0
FNDDS:2710311,1 cup,240.0
FNDDS:2710312,1 cup,240.0
FNDDS:2710312,1 cubic inch,17.0
FNDDS:2710313,1 cup,240.0
FNDDS:2710313,1 cubic inch,17.0
FNDDS:2710313,1 snack size container,95.0
FNDDS:2710314,1 cup,240.0
FNDDS:2710314,1 cubic inch,17.0
FNDDS:2710314,1 snack size container,125.0
FNDDS:2710315,1 oz,28.4
FNDDS:2710316,1 cup,213.0
FNDDS:2710316,1 piece,23.0
FNDDS:2710317,1 cup,130.0
FNDDS:2710317,1 individual container,130.0
FNDDS:2710318,1 individual container,130.0
FNDDS:2710318,1 cup,130.0
FNDDS:2710319,1 single stick,50.0
FNDDS:2710320,1 miniature popsicle,15.0
FNDDS:2710320,1 fl oz,30.0
FNDDS:2710320,1 push up,50.0
FNDDS:2710320,1 single stick,50.0
FNDDS:2710320,1 double stick,100.0
FNDDS:2710321,1 single stick,50.0
FNDDS:2710321,1 fl oz,30.0
FNDDS:2710322,1 fl oz,30.0
FNDDS:2710322,1 freezer pop,50.0
FNDDS:2710323,1 fl oz,30.0
FNDDS:2710323,1 snow cone,200.0
FNDDS:2710323,1 cup,130.0
FNDDS:2710324,1 cup,130.0
FNDDS:2710324,1 fl oz,30.0
FNDDS:2710324,1 snow cone,200.0
FNDDS:2710325,1 pouch/regular size,60.0
FNDDS:2710325,1 piece,5.0
FNDDS:2710325,1 sharing/movie theater size,240.0
FNDDS:2710325,1 stick,15.0
FNDDS:2710325,1 miniature/bite size,15.0
FNDDS:2710325,1 large/king size,120.0
FNDDS:2710325,1 cup,160.0
FNDDS:2710325,1 fun/snack size,15.0
FNDDS:2710326,"1 package, any size",55.0
FNDDS:2710326,1 piece,4.0
FNDDS:2710326,1 cup,160.0
FNDDS:2710327,1 cup,160.0
FNDDS:2710327,1 pouch/regular size,45.0
FNDDS:2710327,1 miniature/bite size,10.0
FNDDS:2710327,1 piece,8.0
FNDDS:2710327,1 large/king size,90.0
FNDDS:2710327,1 fun/snack size,15.0
FNDDS:2710327,1 sharing/movie theater size,180.0
FNDDS:2710328,1 fun/snack size,15.0
FNDDS:2710328,1 miniature/bite size,10.0
FNDDS:2710328,1 large/king size,90.0
FNDDS:2710328,1 sharing/movie theater size,180.0
FNDDS:2710328,1 piece,8.0
FNDDS:2710328,1 pouch/regular size,45.0
FNDDS:2710328,1 cup,160.0
FNDDS:2710329,1 piece,8.0
FNDDS:2710329,1 sharing/movie theater size,180.0
FNDDS:2710329,1 cup,160.0
FNDDS:2710329,1 large/king size,90.0
FNDDS:2710329,1 miniature/bite size,10.0
FNDDS:2710329,1 pouch/regular size,45.0
FNDDS:2710329,1 fun/snack size,15.0
FNDDS:2710330,1 cup,160.0
FNDDS:2710330,1 sharing/movie theater size,180.0
FNDDS:2710330,1 miniature/bite size,10.0
FNDDS:2710330,1 fun/snack size,15.0
FNDDS:2710330,1 pouch/regular size,45.0
FNDDS:2710330,1 piece,8.0
FNDDS:2710330,1 large/king size,90.0
FNDDS:2710331,1 fun/snack size,15.0
FNDDS:2710331,1 piece,8.0
FNDDS:2710331,1 miniature/bite size,10.0
FNDDS:2710331,1 sharing/movie theater size,180.0
FNDDS:2710331,1 large/king size,90.0
FNDDS:2710331,1 pouch/regular size,45.0
FNDDS:2710331,1 cup,160.0
FNDDS:2710332,1 sharing/movie theater size,180.0
FNDDS:2710332,1 piece,8.0
FNDDS:2710332,1 miniature/bite size,10.0
FNDDS:2710332,1 pouch/regular size,45.0
FNDDS:2710332,1 fun/snack size,15.0
FNDDS:2710332,1 cup,160.0
FNDDS:2710332,1 large/king size,90.0
FNDDS:2710333,1 piece,1.0
FNDDS:2710333,1 cup,225.0
FNDDS:2710334,1 cup,160.0
FNDDS:2710335,1 fun/snack size,15.0
FNDDS:2710335,1 piece,8.0
FNDDS:2710335,1 pouch/regular size,45.0
FNDDS:2710335,1 large/king size,90.0
FNDDS:2710335,1 cup,160.0
FNDDS:2710335,1 sharing/movie theater size,180.0
FNDDS:2710335,1 miniature/bite size,10.0
FNDDS:2710336,1 pouch/regular size,45.0
FNDDS:2710336,1 miniature/bite size,10.0
FNDDS:2710336,1 large/king size,90.0
FNDDS:2710336,1 sharing/movie theater size,180.0
FNDDS:2710336,1 piece,8.0
FNDDS:2710336,1 cup,160.0
FNDDS:2710336,1 fun/snack size,15.0
FNDDS:2710337,1 fun/snack size,15.0
FNDDS:2710337,1 cup,160.0
FNDDS:2710337,1 pouch/regular size,45.0
FNDDS:2710337,1 piece,8.0
FNDDS:2710337,1 large/king size,90.0
FNDDS:2710337,1 miniature/bite size,10.0
FNDDS:2710337,1 sharing/movie theater size,180.0
FNDDS:2710338,1 fun/snack size,15.0
FNDDS:2710338,1 miniature/bite size,10.0
FNDDS:2710338,1 large/king size,90.0
FNDDS:2710338,1 piece,8.0
FNDDS:2710338,1 pouch/regular size,45.0
FNDDS:2710338,1 cup,160.0
FNDDS:2710338,1 sharing/movie theater size,180.0
FNDDS:2710339,1 fun/snack size,15.0
FNDDS:2710339,1 cup,160.0
FNDDS:2710339,1 sharing/movie theater size,180.0
FNDDS:2710339,1 pouch/regular size,45.0
FNDDS:2710339,1 piece,8.0
FNDDS:2710339,1 large/king size,90.0
FNDDS:2710339,1 miniature/bite size,10.0
FNDDS:2710340,1 cup,160.0
FNDDS:2710340,1 piece,30.0
FNDDS:2710341,1 fun/snack size,15.0
FNDDS:2710341,1 miniature/bite size,10.0
FNDDS:2710341,1 sharing/movie theater size,180.0
FNDDS:2710341,1 pouch/regular size,45.0
FNDDS:2710341,1 piece,8.0
FNDDS:2710341,1 large/king size,90.0
FNDDS:2710341,1 cup,160.0
FNDDS:2710342,1 miniature/bite size,10.0
FNDDS:2710342,1 piece,15.0
FNDDS:2710342,1 sharing/movie theater size,180.0
FNDDS:2710342,1 cup,160.0
FNDDS:2710342,1 fun/snack size,15.0
FNDDS:2710342,1 pouch/regular size,45.0
FNDDS:2710342,1 large/king size,90.0
FNDDS:2710343,1 large/king size,90.0
FNDDS:2710343,1 piece,8.0
FNDDS:2710343,1 pouch/regular size,45.0
FNDDS:2710343,1 sharing/movie theater size,180.0
FNDDS:2710343,1 cup,160.0
FNDDS:2710343,1 miniature/bite size,10.0
FNDDS:2710343,1 fun/snack size,15.0
FNDDS:2710344,1 fun/snack size,15.0
FNDDS:2710344,1 miniature/bite size,10.0
FNDDS:2710344,1 pouch/regular size,45.0
FNDDS:2710344,1 large/king size,90.0
FNDDS:2710344,1 piece,15.0
FNDDS:2710344,1 cup,160.0
FNDDS:2710344,1 sharing/movie theater size,180.0
FNDDS:2710345,1 fun/snack size,15.0
FNDDS:2710345,1 pouch/regular size,55.0
FNDDS:2710345,1 piece,8.0
FNDDS:2710345,1 cup,160.0
FNDDS:2710345,1 miniature/bite size,10.0
FNDDS:2710345,1 sharing/movie theater size,220.0
FNDDS:2710345,1 large/king size,110.0
FNDDS:2710346,1 fun/snack size,15.0
FNDDS:2710346,1 cup,160.0
FNDDS:2710346,1 large/king size,110.0
FNDDS:2710346,1 piece,8.0
FNDDS:2710346,1 sharing/movie theater size,220.0
FNDDS:2710346,1 miniature/bite size,10.0
FNDDS:2710346,1 pouch/regular size,55.0
FNDDS:2710347,1 sharing/movie theater size,180.0
FNDDS:2710347,1 miniature/bite size,10.0
FNDDS:2710347,1 cup,160.0
FNDDS:2710347,1 large/king size,90.0
FNDDS:2710347,1 piece,8.0
FNDDS:2710347,1 pouch/regular size,45.0
FNDDS:2710347,1 fun/snack size,15.0
FNDDS:2710348,1 sharing/movie theater size,180.0
FNDDS:2710348,1 pouch/regular size,45.0
FNDDS:2710348,1 fun/snack size,15.0
FNDDS:2710348,1 cup,160.0
FNDDS:2710348,1 large/king size,90.0
FNDDS:2710348,1 miniature/bite size,10.0
FNDDS:2710348,1 piece,2.0
FNDDS:2710349,1 cup,160.0
FNDDS:2710349,"1 package, any size",45.0
FNDDS:2710349,1 piece,15.0
FNDDS:2710350,1 piece,5.0
FNDDS:2710350,1 large/king size,120.0
FNDDS:2710350,1 sharing/movie theater size,240.0
FNDDS:2710350,1 miniature/bite size,15.0
FNDDS:2710350,1 pouch/regular size,60.0
FNDDS:2710350,1 stick,15.0
FNDDS:2710350,1 cup,160.0
FNDDS:2710350,1 fun/snack size,15.0
FNDDS:2710351,1 piece,60.0
FNDDS:2710352,1 pouch/regular size,60.0
FNDDS:2710352,1 large/king size,120.0
FNDDS:2710352,1 miniature/bite size,15.0
FNDDS:2710352,1 stick,10.0
FNDDS:2710352,1 cup,160.0
FNDDS:2710352,1 fun/snack size,15.0
FNDDS:2710352,1 sharing/movie theater size,240.0
FNDDS:2710352,1 piece,5.0
FNDDS:2710353,1 cup,40.0
FNDDS:2710353,"1 package, any size",40.0
FNDDS:2710353,1 piece,8.0
FNDDS:2710353,1 miniature/bite size,1.0
FNDDS:2710354,1 sharing/movie theater size,240.0
FNDDS:2710354,1 cup,160.0
FNDDS:2710354,1 piece,5.0
FNDDS:2710354,1 pouch/regular size,60.0
FNDDS:2710354,1 fun/snack size,15.0
FNDDS:2710354,1 miniature/bite size,15.0
FNDDS:2710354,1 large/king size,120.0
FNDDS:2710355,1 miniature/bite size,15.0
FNDDS:2710355,1 fun/snack size,15.0
FNDDS:2710355,1 pouch/regular size,60.0
FNDDS:2710355,1 piece,10.0
FNDDS:2710355,1 sharing/movie theater size,240.0
FNDDS:2710355,1 cup,160.0
FNDDS:2710355,1 large/king size,120.0
FNDDS:2710356,1 piece,4.0
FNDDS:2710356,1 cup,160.0
FNDDS:2710356,1 pouch/regular size,55.0
FNDDS:2710356,1 fun/snack size,15.0
FNDDS:2710357,1 cup,160.0
FNDDS:2710357,1 piece,10.0
FNDDS:2710358,1 piece,2.0
FNDDS:2710359,1 snack size/pouch/regular size,60.0
FNDDS:2710359,1 miniature/bite size/fun size,15.0
FNDDS:2710359,1 cup,160.0
FNDDS:2710359,1 piece,2.0
FNDDS:2710359,1 sharing/movie theater size,240.0
FNDDS:2710359,1 large/king size,120.0
FNDDS:2710360,1 pouch/regular size,60.0
FNDDS:2710360,1 cup,160.0
FNDDS:2710360,1 fun/snack size,15.0
FNDDS:2710360,1 large/king size,120.0
FNDDS:2710360,1 miniature/bite size,15.0
FNDDS:2710360,1 piece,5.0
FNDDS:2710360,1 stick,15.0
FNDDS:2710361,1 piece,10.0
FNDDS:2710362,1 piece,5.0
FNDDS:2710363,"1 package, any size",30.0
FNDDS:2710363,1 cup,10.0
FNDDS:2710364,1 sharing/movie theater size,240.0
FNDDS:2710364,1 large/king size,120.0
FNDDS:2710364,1 piece,2.0
FNDDS:2710364,1 pouch/regular size,60.0
FNDDS:2710364,1 cup,160.0
FNDDS:2710364,1 fun/snack size,15.0
FNDDS:2710364,1 miniature/bite size,15.0
FNDDS:2710364,1 stick,2.0
FNDDS:2710365,1 pouch/regular size,45.0
FNDDS:2710365,1 sharing/movie theater size,180.0
FNDDS:2710365,1 piece,2.0
FNDDS:2710365,1 fun/snack size,15.0
FNDDS:2710365,1 cup,160.0
FNDDS:2710365,1 large/king size,90.0
FNDDS:2710365,1 miniature/bite size,10.0
FNDDS:2710366,1 miniature/bite size,10.0
FNDDS:2710366,1 cup,160.0
FNDDS:2710366,1 piece,2.0
FNDDS:2710366,1 pouch/regular size,45.0
FNDDS:2710366,1 fun/snack size,15.0
FNDDS:2710366,1 large/king size,90.0
FNDDS:2710366,1 sharing/movie theater size,180.0
FNDDS:2710367,1 large/king size,140.0
FNDDS:2710367,1 cup,160.0
FNDDS:2710367,1 snack size/pouch/regular size,30.0
FNDDS:2710367,1 miniature/bite size/fun size,15.0
FNDDS:2710367,1 sharing/movie theater size,140.0
FNDDS:2710367,1 piece,2.0
FNDDS:2710368,1 miniature/bite size,10.0
FNDDS:2710368,1 pouch/regular size,15.0
FNDDS:2710368,1 piece,10.0
FNDDS:2710369,1 cup,160.0
FNDDS:2710369,1 piece,5.0
FNDDS:2710369,1 large/king size,120.0
FNDDS:2710369,1 miniature/bite size,15.0
FNDDS:2710369,1 sharing/movie theater size,240.0
FNDDS:2710369,1 fun/snack size,15.0
FNDDS:2710369,1 stick,15.0
FNDDS:2710369,1 pouch/regular size,60.0
FNDDS:2710370,1 piece,5.0
FNDDS:2710370,1 cup,160.0
FNDDS:2710371,1 piece,5.0
FNDDS:2710371,1 stick,5.0
FNDDS:2710372,1 piece,5.0
FNDDS:2710372,1 stick,5.0
FNDDS:2710373,1 cup (8 fl oz),240.0
FNDDS:2710373,1 medium,480.0
FNDDS:2710373,"1 small pot (20 FO, 4 servings)",600.0
FNDDS:2710373,"1 large pot (60 FO, 12 servings)",1800.0
FNDDS:2710373,1 large,600.0
FNDDS:2710373,1 fl oz,30.0
FNDDS:2710373,1 small,360.0
FNDDS:2710374,1 small,360.0
FNDDS:2710374,1 fl oz,30.0
FNDDS:2710374,1 cup (8 fl oz),240.0
FNDDS:2710374,"1 small pot (20 FO, 4 servings)",600.0
FNDDS:2710374,"1 large pot (60 FO, 12 servings)",1800.0
FNDDS:2710374,1 medium,480.0
FNDDS:2710374,1 large,600.0
FNDDS:2710375,1 fl oz,30.0
FNDDS:2710375,"1 large pot (60 FO, 12 servings)",1800.0
FNDDS:2710375,1 small,360.0
FNDDS:2710375,1 medium,480.0
FNDDS:2710375,1 cup (8 fl oz),240.0
FNDDS:2710375,1 large,600.0
FNDDS:2710375,"1 small pot (20 FO, 4 servings)",600.0
FNDDS:2710376,1 small,360.0
FNDDS:2710376,"1 small pot (20 FO, 4 servings)",600.0
FNDDS:2710376,1 medium,480.0
FNDDS:2710376,1 cup (8 fl oz),240.0
FNDDS:2710376,1 large,600.0
FNDDS:2710376,1 fl oz,30.0
FNDDS:2710376,"1 large pot (60 FO, 12 servings)",1800.0
FNDDS:2710377,1 cup (8 fl oz),248.0
FNDDS:2710377,1 fl oz,31.0
FNDDS:2710378,1 fl oz,30.0
FNDDS:2710378,1 espresso cup (2 fl oz),60.0
FNDDS:2710379,1 espresso cup (2 fl oz),60.0
FNDDS:2710379,1 fl oz,30.0
FNDDS:2710380,1 small,360.0
FNDDS:2710380,1 medium,480.0
FNDDS:2710380,1 large,600.0
FNDDS:2710380,"1 large pot (60 FO, 12 servings)",1800.0
FNDDS:2710380,1 fl oz,30.0
FNDDS:2710380,1 cup (8 fl oz),240.0
FNDDS:2710380,"1 small pot (20 FO, 4 servings)",600.0
FNDDS:2710381,1 cup (8 fl oz),248.0
FNDDS:2710381,1 fl oz,31.0
FNDDS:2710382,1 espresso cup (2 fl oz),60.0
FNDDS:2710382,1 fl oz,30.0
FNDDS:2710383,1 espresso cup (2 fl oz),62.0
FNDDS:2710383,1 fl oz,31.0
FNDDS:2710384,1 cup (8 fl oz),248.0
FNDDS:2710384,1 fl oz,31.0
FNDDS:2710385,1 fl oz,31.0
FNDDS:2710385,1 cup (8 fl oz),248.0
FNDDS:2710386,1 medium,480.0
FNDDS:2710386,1 cup (8 fl oz),240.0
FNDDS:2710386,1 large,600.0
FNDDS:2710386,1 small,360.0
FNDDS:2710386,1 fl oz,30.0
FNDDS:2710387,1 large,600.0
FNDDS:2710387,1 fl oz,30.0
FNDDS:2710387,1 cup (8 fl oz),240.0
FNDDS:2710387,1 medium,480.0
FNDDS:2710387,1 small,360.0
FNDDS:2710388,1 cup (8 fl oz),240.0
FNDDS:2710388,1 small,360.0
FNDDS:2710388,1 medium,480.0
FNDDS:2710388,1 fl oz,30.0
FNDDS:2710388,1 large,600.0
FNDDS:2710389,1 large,620.0
FNDDS:2710389,1 small,372.0
FNDDS:2710389,1 fl oz,31.0
FNDDS:2710389,1 cup (8 fl oz),248.0
FNDDS:2710389,1 medium,496.0
FNDDS:2710390,1 small,372.0
FNDDS:2710390,1 fl oz,31.0
FNDDS:2710390,1 medium,496.0
FNDDS:2710390,1 large,620.0
FNDDS:2710390,1 cup (8 fl oz),248.0
FNDDS:2710391,1 large,620.0
FNDDS:2710391,1 fl oz,31.0
FNDDS:2710391,1 medium,496.0
FNDDS:2710391,1 small,372.0
FNDDS:2710391,1 cup (8 fl oz),248.0
FNDDS:2710392,1 large,600.0
FNDDS:2710392,1 small,360.0
FNDDS:2710392,1 fl oz,30.0
FNDDS:2710392,1 cup (8 fl oz),240.0
FNDDS:2710392,1 medium,480.0
FNDDS:2710393,1 small,360.0
FNDDS:2710393,1 fl oz,30.0
FNDDS:2710393,1 large,600.0
FNDDS:2710393,1 cup (8 fl oz),240.0
FNDDS:2710393,1 medium,480.0
FNDDS:2710394,1 fl oz,30.0
FNDDS:2710394,1 small,360.0
FNDDS:2710394,1 medium,480.0
FNDDS:2710394,1 large,600.0
FNDDS:2710394,1 cup (8 fl oz),240.0
FNDDS:2710395,1 cup (8 fl oz),248.0
FNDDS:2710395,1 small,372.0
FNDDS:2710395,1 large,620.0
FNDDS:2710395,1 medium,496.0
FNDDS:2710395,1 fl oz,31.0
FNDDS:2710396,1 fl oz,31.0
FNDDS:2710396,1 large,620.0
FNDDS:2710396,1 medium,496.0
FNDDS:2710396,1 cup (8 fl oz),248.0
FNDDS:2710396,1 small,372.0
FNDDS:2710397,1 fl oz,31.0
FNDDS:2710397,1 cup (8 fl oz),248.0
FNDDS:2710397,1 small,372.0
FNDDS:2710397,1 large,620.0
FNDDS:2710397,1 medium,496.0
FNDDS:2710398,1 large,620.0
FNDDS:2710398,1 medium,496.0
FNDDS:2710398,1 small,372.0
FNDDS:2710398,1 fl oz,31.0
FNDDS:2710398,1 cup (8 fl oz),248.0
FNDDS:2710399,1 small,372.0
FNDDS:2710399,1 fl oz,31.0
FNDDS:2710399,1 medium,496.0
FNDDS:2710399,1 large,620.0
FNDDS:2710399,1 cup (8 fl oz),248.0
FNDDS:2710400,1 cup (8 fl oz),248.0
FNDDS:2710400,1 fl oz,31.0
FNDDS:2710400,1 medium,496.0
FNDDS:2710400,1 small,372.0
FNDDS:2710400,1 large,620.0
FNDDS:2710401,1 fl oz,31.0
FNDDS:2710401,1 small,372.0
FNDDS:2710401,1 cup (8 fl oz),248.0
FNDDS:2710401,1 medium,496.0
FNDDS:2710401,1 large,620.0
FNDDS:2710402,1 medium,496.0
FNDDS:2710402,1 small,372.0
FNDDS:2710402,1 cup (8 fl oz),248.0
FNDDS:2710402,1 fl oz,31.0
FNDDS:2710402,1 large,620.0
FNDDS:2710403,1 medium,496.0
FNDDS:2710403,1 fl oz,31.0
FNDDS:2710403,1 cup (8 fl oz),248.0
FNDDS:2710403,1 large,620.0
FNDDS:2710403,1 small,372.0
FNDDS:2710404,1 cup (8 fl oz),248.0
FNDDS:2710404,1 large,620.0
FNDDS:2710404,1 small,372.0
FNDDS:2710404,1 medium,496.0
FNDDS:2710404,1 fl oz,31.0
FNDDS:2710405,1 small,372.0
FNDDS:2710405,1 cup (8 fl oz),248.0
FNDDS:2710405,1 medium,496.0
FNDDS:2710405,1 large,620.0
FNDDS:2710405,1 fl oz,31.0
FNDDS:2710406,1 large,620.0
FNDDS:2710406,1 cup (8 fl oz),248.0
FNDDS:2710406,1 fl oz,31.0
FNDDS:2710406,1 small,372.0
FNDDS:2710406,1 medium,496.0
FNDDS:2710407,1 cup (8 fl oz),248.0
FNDDS:2710407,1 large,620.0
FNDDS:2710407,1 medium,496.0
FNDDS:2710407,1 small,372.0
FNDDS:2710407,1 fl oz,31.0
FNDDS:2710408,1 cup (8 fl oz),248.0
FNDDS:2710408,1 small,372.0
FNDDS:2710408,1 large,620.0
FNDDS:2710408,1 medium,496.0
FNDDS:2710408,1 fl oz,31.0
FNDDS:2710409,1 fl oz,31.0
FNDDS:2710409,1 cup (8 fl oz),248.0
FNDDS:2710409,1 small,372.0
FNDDS:2710409,1 large,620.0
FNDDS:2710409,1 medium,496.0
FNDDS:2710410,1 small,372.0
FNDDS:2710410,1 cup (8 fl oz),248.0
FNDDS:2710410,1 large,620.0
FNDDS:2710410,1 fl oz,31.0
FNDDS:2710410,1 medium,496.0
FNDDS:2710411,1 medium,496.0
FNDDS:2710411,1 cup (8 fl oz),248.0
FNDDS:2710411,1 small,372.0
FNDDS:2710411,1 fl oz,31.0
FNDDS:2710411,1 large,620.0
FNDDS:2710412,1 medium,496.0
FNDDS:2710412,1 fl oz,31.0
FNDDS:2710412,1 large,620.0
FNDDS:2710412,1 small,372.0
FNDDS:2710412,1 cup (8 fl oz),248.0
FNDDS:2710413,1 fl oz,31.0
FNDDS:2710413,1 medium,496.0
FNDDS:2710413,1 large,620.0
FNDDS:2710413,1 cup (8 fl oz),248.0
FNDDS:2710413,1 small,372.0
FNDDS:2710414,1 small,372.0
FNDDS:2710414,1 fl oz,31.0
FNDDS:2710414,1 medium,496.0
FNDDS:2710414,1 large,620.0
FNDDS:2710414,1 cup (8 fl oz),248.0
FNDDS:2710415,1 large,620.0
FNDDS:2710415,1 medium,496.0
FNDDS:2710415,1 small,372.0
FNDDS:2710415,1 cup (8 fl oz),248.0
FNDDS:2710415,1 fl oz,31.0
FNDDS:2710416,1 fl oz,31.0
FNDDS:2710416,1 medium,496.0
FNDDS:2710416,1 large,620.0
FNDDS:2710416,1 small,372.0
FNDDS:2710416,1 cup (8 fl oz),248.0
FNDDS:2710417,1 cup (8 fl oz),248.0
FNDDS:2710417,1 fl oz,31.0
FNDDS:2710417,1 large,620.0
FNDDS:2710417,1 small,372.0
FNDDS:2710417,1 medium,496.0
FNDDS:2710418,1 medium,496.0
FNDDS:2710418,1 fl oz,31.0
FNDDS:2710418,1 large,620.0
FNDDS:2710418,1 cup (8 fl oz),248.0
FNDDS:2710418,1 small,372.0
FNDDS:2710419,1 fl oz,31.0
FNDDS:2710419,1 small,372.0
FNDDS:2710419,1 medium,496.0
FNDDS:2710419,1 large,620.0
FNDDS:2710419,1 cup (8 fl oz),248.0
FNDDS:2710420,1 large,620.0
FNDDS:2710420,1 cup (8 fl oz),248.0
FNDDS:2710420,1 small,372.0
FNDDS:2710420,1 fl oz,31.0
FNDDS:2710420,1 medium,496.0
FNDDS:2710421,1 medium,496.0
FNDDS:2710421,1 small,372.0
FNDDS:2710421,1 large,620.0
FNDDS:2710421,1 cup (8 fl oz),248.0
FNDDS:2710421,1 fl oz,31.0
FNDDS:2710422,1 fl oz,31.0
FNDDS:2710422,1 small,372.0
FNDDS:2710422,1 large,620.0
FNDDS:2710422,1 cup (8 fl oz),248.0
FNDDS:2710422,1 medium,496.0
FNDDS:2710423,1 large,620.0
FNDDS:2710423,1 medium,496.0
FNDDS:2710423,1 small,372.0
FNDDS:2710423,1 cup (8 fl oz),248.0
FNDDS:2710423,1 fl oz,31.0
FNDDS:2710424,1 large,620.0
FNDDS:2710424,1 medium,496.0
FNDDS:2710424,1 small,372.0
FNDDS:2710424,1 fl oz,31.0
FNDDS:2710424,1 cup (8 fl oz),248.0
FNDDS:2710425,1 large,620.0
FNDDS:2710425,1 small,372.0
FNDDS:2710425,1 medium,496.0
FNDDS:2710425,1 cup (8 fl oz),248.0
FNDDS:2710425,1 fl oz,31.0
FNDDS:2710426,1 small,372.0
FNDDS:2710426,1 cup (8 fl oz),248.0
FNDDS:2710426,1 fl oz,31.0
FNDDS:2710426,1 large,620.0
FNDDS:2710426,1 medium,496.0
FNDDS:2710427,1 medium,496.0
FNDDS:2710427,1 large,620.0
FNDDS:2710427,1 fl oz,31.0
FNDDS:2710427,1 small,372.0
FNDDS:2710427,1 cup (8 fl oz),248.0
FNDDS:2710428,1 medium,480.0
FNDDS:2710428,1 fl oz,30.0
FNDDS:2710428,1 small,360.0
FNDDS:2710428,1 large,600.0
FNDDS:2710428,1 cup (8 fl oz),240.0
FNDDS:2710429,1 cup (8 fl oz),240.0
FNDDS:2710429,1 large,600.0
FNDDS:2710429,1 fl oz,30.0
FNDDS:2710429,1 small,360.0
FNDDS:2710429,1 medium,480.0
FNDDS:2710430,1 cup (8 fl oz),248.0
FNDDS:2710430,1 fl oz,31.0
FNDDS:2710430,1 medium,496.0
FNDDS:2710430,1 small,372.0
FNDDS:2710430,1 large,620.0
FNDDS:2710431,1 large,600.0
FNDDS:2710431,1 medium,480.0
FNDDS:2710431,1 fl oz,30.0
FNDDS:2710431,1 cup (8 fl oz),240.0
FNDDS:2710431,1 small,360.0
FNDDS:2710432,1 large,600.0
FNDDS:2710432,1 cup (8 fl oz),240.0
FNDDS:2710432,1 small,360.0
FNDDS:2710432,1 fl oz,30.0
FNDDS:2710432,1 medium,480.0
FNDDS:2710433,1 large,600.0
FNDDS:2710433,1 small,360.0
FNDDS:2710433,1 cup (8 fl oz),240.0
FNDDS:2710433,1 fl oz,30.0
FNDDS:2710433,1 medium,480.0
FNDDS:2710434,1 medium,496.0
FNDDS:2710434,1 small,372.0
FNDDS:2710434,1 large,620.0
FNDDS:2710434,1 fl oz,31.0
FNDDS:2710434,1 cup (8 fl oz),248.0
FNDDS:2710435,1 small,372.0
FNDDS:2710435,1 cup (8 fl oz),248.0
FNDDS:2710435,1 fl oz,31.0
FNDDS:2710435,1 large,620.0
FNDDS:2710435,1 medium,496.0
FNDDS:2710436,1 small,372.0
FNDDS:2710436,1 medium,496.0
FNDDS:2710436,1 fl oz,31.0
FNDDS:2710436,1 large,620.0
FNDDS:2710436,1 cup (8 fl oz),248.0
FNDDS:2710437,1 fl oz,30.0
FNDDS:2710437,1 large,600.0
FNDDS:2710437,1 cup (8 fl oz),240.0
FNDDS:2710437,1 small,360.0
FNDDS:2710437,1 medium,480.0
FNDDS:2710438,1 medium,480.0
FNDDS:2710438,1 large,600.0
FNDDS:2710438,1 cup (8 fl oz),240.0
FNDDS:2710438,1 small,360.0
FNDDS:2710438,1 fl oz,30.0
FNDDS:2710439,1 large,600.0
FNDDS:2710439,1 fl oz,30.0
FNDDS:2710439,1 small,360.0
FNDDS:2710439,1 medium,480.0
FNDDS:2710439,1 cup (8 fl oz),240.0
FNDDS:2710440,1 fl oz,31.0
FNDDS:2710440,1 large,620.0
FNDDS:2710440,1 small,372.0
FNDDS:2710440,1 cup (8 fl oz),248.0
FNDDS:2710440,1 medium,496.0
FNDDS:2710441,1 medium,496.0
FNDDS:2710441,1 fl oz,31.0
FNDDS:2710441,1 large,620.0
FNDDS:2710441,1 small,372.0
FNDDS:2710441,1 cup (8 fl oz),248.0
FNDDS:2710442,1 large,620.0
FNDDS:2710442,1 medium,496.0
FNDDS:2710442,1 cup (8 fl oz),248.0
FNDDS:2710442,1 fl oz,31.0
FNDDS:2710442,1 small,372.0
FNDDS:2710443,1 medium,496.0
FNDDS:2710443,1 fl oz,31.0
FNDDS:2710443,1 large,620.0
FNDDS:2710443,1 small,372.0
FNDDS:2710443,1 cup (8 fl oz),248.0
FNDDS:2710444,1 fl oz,31.0
FNDDS:2710444,1 large,620.0
FNDDS:2710444,1 medium,496.0
FNDDS:2710444,1 small,372.0
FNDDS:2710444,1 cup (8 fl oz),248.0
FNDDS:2710445,1 large,620.0
FNDDS:2710445,1 medium,496.0
FNDDS:2710445,1 fl oz,31.0
FNDDS:2710445,1 cup (8 fl oz),248.0
FNDDS:2710445,1 small,372.0
FNDDS:2710446,1 cup (8 fl oz),248.0
FNDDS:2710446,1 fl oz,31.0
FNDDS:2710446,1 medium,496.0
FNDDS:2710446,1 large,620.0
FNDDS:2710446,1 small,372.0
FNDDS:2710447,1 medium,496.0
FNDDS:2710447,1 fl oz,31.0
FNDDS:2710447,1 cup (8 fl oz),248.0
FNDDS:2710447,1 large,620.0
FNDDS:2710447,1 small,372.0
FNDDS:2710448,1 large,620.0
FNDDS:2710448,1 small,372.0
FNDDS:2710448,1 fl oz,31.0
FNDDS:2710448,1 cup (8 fl oz),248.0
FNDDS:2710448,1 medium,496.0
FNDDS:2710449,1 cup (8 fl oz),240.0
FNDDS:2710449,1 fl oz,30.0
FNDDS:2710450,1 fl oz,30.0
FNDDS:2710450,1 cup (8 fl oz),240.0
FNDDS:2710451,1 cup (8 fl oz),240.0
FNDDS:2710451,1 small,360.0
FNDDS:2710451,1 fl oz,30.0
FNDDS:2710451,1 large,600.0
FNDDS:2710451,"1 small pot (20 FO, 4 servings)",600.0
FNDDS:2710451,"1 large pot (60 FO, 12 servings)",1800.0
FNDDS:2710451,1 medium,480.0
FNDDS:2710452,1 fl oz,30.0
FNDDS:2710452,"1 small pot (20 FO, 4 servings)",600.0
FNDDS:2710452,1 large,600.0
FNDDS:2710452,"1 large pot (60 FO, 12 servings)",1800.0
FNDDS:2710452,1 cup (8 fl oz),240.0
FNDDS:2710452,1 small,360.0
FNDDS:2710452,1 medium,480.0
FNDDS:2710453,1 fl oz,30.0
FNDDS:2710453,1 cup (8 fl oz),240.0
FNDDS:2710454,1 cup (8 fl oz),248.0
FNDDS:2710454,1 fl oz,31.0
FNDDS:2710455,1 fl oz,31.0
FNDDS:2710455,1 cup (8 fl oz),248.0
FNDDS:2710456,1 fl oz,31.0
FNDDS:2710456,1 cup (8 fl oz),248.0
FNDDS:2710457,1 fl oz,30.0
FNDDS:2710457,1 cup (8 fl oz),240.0
FNDDS:2710458,1 cup (8 fl oz),240.0
FNDDS:2710458,1 fl oz,30.0
FNDDS:2710459,1 cup (8 fl oz),240.0
FNDDS:2710459,1 fl oz,30.0
FNDDS:2710460,1 cup (8 fl oz),248.0
FNDDS:2710460,1 fl oz,31.0
FNDDS:2710461,1 fl oz,31.0
FNDDS:2710461,1 cup (8 fl oz),248.0
FNDDS:2710462,1 fl oz,30.0
FNDDS:2710462,1 cup (8 fl oz),240.0
FNDDS:2710463,1 fl oz,30.0
FNDDS:2710463,1 cup (8 fl oz),240.0
FNDDS:2710464,1 cup (8 fl oz),240.0
FNDDS:2710464,1 fl oz,30.0
FNDDS:2710465,1 cup (8 fl oz),240.0
FNDDS:2710465,1 fl oz,30.0
FNDDS:2710466,1 fl oz,31.0
FNDDS:2710466,1 cup (8 fl oz),248.0
FNDDS:2710467,1 cup (8 fl oz),248.0
FNDDS:2710467,1 fl oz,31.0
FNDDS:2710468,1 fl oz,30.0
FNDDS:2710468,1 cup (8 fl oz),240.0
FNDDS:2710469,1 fl oz,30.0
FNDDS:2710469,1 cup (8 fl oz),240.0
FNDDS:2710470,1 fl oz,30.0
FNDDS:2710470,1 cup (8 fl oz),240.0
FNDDS:2710471,1 cup (8 fl oz),240.0
FNDDS:2710471,1 fl oz,30.0
FNDDS:2710472,1 fl oz,30.0
FNDDS:2710472,1 cup (8 fl oz),240.0
FNDDS:2710472,1 small,360.0
FNDDS:2710472,1 medium,480.0
FNDDS:2710472,1 large,600.0
FNDDS:2710473,1 fl oz,30.0
FNDDS:2710473,1 medium,480.0
FNDDS:2710473,1 small,360.0
FNDDS:2710473,1 large,600.0
FNDDS:2710473,1 cup (8 fl oz),240.0
FNDDS:2710474,1 fl oz,30.0
FNDDS:2710474,1 cup (8 fl oz),240.0
FNDDS:2710474,1 medium,480.0
FNDDS:2710474,1 small,360.0
FNDDS:2710474,1 large,600.0
FNDDS:2710475,1 fl oz,30.0
FNDDS:2710475,1 medium,480.0
FNDDS:2710475,1 small,360.0
FNDDS:2710475,1 large,600.0
FNDDS:2710475,1 cup (8 fl oz),240.0
FNDDS:2710476,1 medium,480.0
FNDDS:2710476,1 cup (8 fl oz),240.0
FNDDS:2710476,1 fl oz,30.0
FNDDS:2710476,1 large,600.0
FNDDS:2710476,1 small,360.0
FNDDS:2710477,1 small,360.0
FNDDS:2710477,1 medium,480.0
FNDDS:2710477,1 cup (8 fl oz),240.0
FNDDS:2710477,1 large,600.0
FNDDS:2710477,1 fl oz,30.0
FNDDS:2710478,1 bottle/can (11 fl oz),341.0
FNDDS:2710478,1 bottle/can (15 fl oz),465.0
FNDDS:2710478,1 fl oz,31.0
FNDDS:2710478,1 bottle/can (9.5 fl oz),295.0
FNDDS:2710478,1 bottle/can (6.5 fl oz),202.0
FNDDS:2710479,1 bottle/can (6.5 fl oz),195.0
FNDDS:2710479,1 bottle/can (11 fl oz),330.0
FNDDS:2710479,1 bottle/can (9.5 fl oz),285.0
FNDDS:2710479,1 fl oz,30.0
FNDDS:2710479,1 bottle/can (15 fl oz),450.0
FNDDS:2710480,"1 teaspoon, dry",0.9
FNDDS:2710481,"1 teaspoon, dry",0.9
FNDDS:2710482,"1 teaspoon, dry",3.4
FNDDS:2710483,"1 teaspoon, dry",3.4
FNDDS:2710484,"1 teaspoon, dry",3.4
FNDDS:2710485,"1 teaspoon, dry",1.7
FNDDS:2710486,1 fl oz,30.0
FNDDS:2710486,1 cup (8 fl oz),240.0
FNDDS:2710487,1 cup (8 fl oz),240.0
FNDDS:2710487,1 fl oz,30.0
FNDDS:2710488,1 small,360.0
FNDDS:2710488,1 large,600.0
FNDDS:2710488,1 cup,240.0
FNDDS:2710488,1 fl oz,30.0
FNDDS:2710488,1 medium,480.0
FNDDS:2710489,1 fl oz,30.0
FNDDS:2710489,1 cup,240.0
FNDDS:2710489,1 large,600.0
FNDDS:2710489,1 small,360.0
FNDDS:2710489,1 medium,480.0
FNDDS:2710490,1 medium,480.0
FNDDS:2710490,1 cup,240.0
FNDDS:2710490,1 small,360.0
FNDDS:2710490,1 large,600.0
FNDDS:2710490,1 fl oz,30.0
FNDDS:2710491,1 small,360.0
FNDDS:2710491,1 cup,240.0
FNDDS:2710491,1 fl oz,30.0
FNDDS:2710491,1 medium,480.0
FNDDS:2710491,1 large,600.0
FNDDS:2710492,1 fl oz,30.0
FNDDS:2710492,1 large,600.0
FNDDS:2710492,1 cup,240.0
FNDDS:2710492,1 medium,480.0
FNDDS:2710492,1 small,360.0
FNDDS:2710493,1 fl oz (with ice),23.0
FNDDS:2710493,1 fl oz (NFS),30.0
FNDDS:2710493,1 fl oz (no ice),30.0
FNDDS:2710494,1 fl oz (no ice),31.0
FNDDS:2710494,1 fl oz (with ice),23.0
FNDDS:2710494,1 fl oz (NFS),31.0
FNDDS:2710495,1 fl oz (with ice),23.0
FNDDS:2710495,1 fl oz (NFS),31.0
FNDDS:2710495,1 fl oz (no ice),31.0
FNDDS:2710496,1 fl oz (NFS),30.0
FNDDS:2710496,1 fl oz (no ice),30.0
FNDDS:2710496,1 fl oz (with ice),23.0
FNDDS:2710497,1 fl oz (no ice),30.0
FNDDS:2710497,1 fl oz (with ice),23.0
FNDDS:2710497,1 fl oz (NFS),30.0
FNDDS:2710498,1 fl oz (with ice),23.0
FNDDS:2710498,1 fl oz (no ice),30.0
FNDDS:2710498,1 fl oz (NFS),30.0
FNDDS:2710499,1 fl oz (with ice),23.0
FNDDS:2710499,1 fl oz (no ice),30.0
FNDDS:2710499,1 fl oz (NFS),30.0
FNDDS:2710500,1 fl oz (no ice),31.0
FNDDS:2710500,1 fl oz (with ice),23.0
FNDDS:2710500,1 fl oz (NFS),31.0
FNDDS:2710501,1 fl oz (no ice),30.0
FNDDS:2710501,1 fl oz (NFS),30.0
FNDDS:2710501,1 fl oz (with ice),23.0
FNDDS:2710502,1 large,600.0
FNDDS:2710502,1 cup,240.0
FNDDS:2710502,1 medium,480.0
FNDDS:2710502,1 small,360.0
FNDDS:2710502,1 fl oz,30.0
FNDDS:2710503,1 large,600.0
FNDDS:2710503,1 small,360.0
FNDDS:2710503,1 cup,240.0
FNDDS:2710503,1 medium,480.0
FNDDS:2710503,1 fl oz,30.0
FNDDS:2710504,1 fl oz,30.0
FNDDS:2710504,1 cup,240.0
FNDDS:2710505,1 large,600.0
FNDDS:2710505,1 small,360.0
FNDDS:2710505,1 medium,480.0
FNDDS:2710505,1 cup,240.0
FNDDS:2710505,1 fl oz,30.0
FNDDS:2710506,1 cup,240.0
FNDDS:2710506,1 fl oz,30.0
FNDDS:2710506,1 large,600.0
FNDDS:2710506,1 small,360.0
FNDDS:2710506,1 medium,480.0
FNDDS:2710507,1 small,360.0
FNDDS:2710507,1 fl oz,30.0
FNDDS:2710507,1 medium,480.0
FNDDS:2710507,1 cup,240.0
FNDDS:2710507,1 large,600.0
FNDDS:2710508,"1 item, any size",435.0
FNDDS:2710508,1 fl oz,30.0
FNDDS:2710508,1 cup,240.0
FNDDS:2710509,1 fl oz (no ice),31.0
FNDDS:2710509,1 can or bottle (12 fl oz),372.0
FNDDS:2710509,1 fl oz (NFS),31.0
FNDDS:2710509,1 fl oz (with ice),23.0
FNDDS:2710510,"1 teaspoon, dry",0.2
FNDDS:2710511,"1 teaspoon, dry",4.8
FNDDS:2710512,1 fl oz (with ice),23.0
FNDDS:2710512,1 bottle (20 fl oz),600.0
FNDDS:2710512,1 fl oz (no ice),30.0
FNDDS:2710512,1 fl oz (NFS),30.0
FNDDS:2710512,1 bottle (12 fl oz),360.0
FNDDS:2710513,1 fl oz (no ice),30.0
FNDDS:2710513,1 bottle (12 fl oz),360.0
FNDDS:2710513,1 fl oz (NFS),30.0
FNDDS:2710513,1 bottle (20 fl oz),600.0
FNDDS:2710513,1 fl oz (with ice),23.0
FNDDS:2710514,1 fl oz (with ice),23.0
FNDDS:2710514,1 fl oz (no ice),30.0
FNDDS:2710514,1 fl oz (NFS),30.0
FNDDS:2710515,1 extra large drink,1023.0
FNDDS:2710515,1 fl oz (no ice),31.0
FNDDS:2710515,1 fl oz (NFS),31.0
FNDDS:2710515,1 medium drink,512.0
FNDDS:2710515,1 small drink,372.0
FNDDS:2710515,1 fl oz (with ice),23.0
FNDDS:2710515,1 child/senior drink,279.0
FNDDS:2710515,1 large drink,744.0
FNDDS:2710516,1 child/senior drink,270.0
FNDDS:2710516,1 fl oz (with ice),23.0
FNDDS:2710516,1 large drink,720.0
FNDDS:2710516,1 medium drink,495.0
FNDDS:2710516,1 fl oz (NFS),30.0
FNDDS:2710516,1 fl oz (no ice),30.0
FNDDS:2710516,1 extra large drink,979.0
FNDDS:2710516,1 small drink,360.0
FNDDS:2710517,1 fl oz (with ice),23.0
FNDDS:2710517,1 medium drink,495.0
FNDDS:2710517,1 fl oz (no ice),30.0
FNDDS:2710517,1 fl oz (NFS),30.0
FNDDS:2710517,1 small drink,360.0
FNDDS:2710517,1 child/senior drink,270.0
FNDDS:2710517,1 extra large drink,979.0
FNDDS:2710517,1 large drink,720.0
FNDDS:2710518,1 small drink,372.0
FNDDS:2710518,1 fl oz (no ice),31.0
FNDDS:2710518,1 large drink,744.0
FNDDS:2710518,1 fl oz (NFS),31.0
FNDDS:2710518,1 extra large drink,1023.0
FNDDS:2710518,1 fl oz (with ice),23.0
FNDDS:2710518,1 medium drink,512.0
FNDDS:2710518,1 child/senior drink,279.0
FNDDS:2710519,1 extra large drink,979.0
FNDDS:2710519,1 medium drink,495.0
FNDDS:2710519,1 large drink,720.0
FNDDS:2710519,1 child/senior drink,270.0
FNDDS:2710519,1 small drink,360.0
FNDDS:2710519,1 fl oz (no ice),30.0
FNDDS:2710519,1 fl oz (NFS),30.0
FNDDS:2710519,1 fl oz (with ice),23.0
FNDDS:2710520,1 medium drink,495.0
FNDDS:2710520,1 child/senior drink,270.0
FNDDS:2710520,1 fl oz (NFS),30.0
FNDDS:2710520,1 small drink,360.0
FNDDS:2710520,1 fl oz (no ice),30.0
FNDDS:2710520,1 large drink,720.0
FNDDS:2710520,1 fl oz (with ice),23.0
FNDDS:2710520,1 extra large drink,979.0
FNDDS:2710521,1 small drink,372.0
FNDDS:2710521,1 large drink,744.0
FNDDS:2710521,1 fl oz (NFS),31.0
FNDDS:2710521,1 child/senior drink,279.0
FNDDS:2710521,1 fl oz (with ice),23.0
FNDDS:2710521,1 fl oz (no ice),31.0
FNDDS:2710521,1 extra large drink,1023.0
FNDDS:2710521,1 medium drink,512.0
FNDDS:2710522,1 fl oz (NFS),30.0
FNDDS:2710522,1 small drink,360.0
FNDDS:2710522,1 fl oz (with ice),23.0
FNDDS:2710522,1 large drink,720.0
FNDDS:2710522,1 child/senior drink,270.0
FNDDS:2710522,1 medium drink,495.0
FNDDS:2710522,1 extra large drink,979.0
FNDDS:2710522,1 fl oz (no ice),30.0
FNDDS:2710523,1 child/senior drink,270.0
FNDDS:2710523,1 fl oz (with ice),23.0
FNDDS:2710523,1 medium drink,495.0
FNDDS:2710523,1 small drink,360.0
FNDDS:2710523,1 fl oz (no ice),30.0
FNDDS:2710523,1 extra large drink,979.0
FNDDS:2710523,1 large drink,720.0
FNDDS:2710523,1 fl oz (NFS),30.0
FNDDS:2710524,1 large drink,744.0
FNDDS:2710524,1 small drink,372.0
FNDDS:2710524,1 fl oz (NFS),31.0
FNDDS:2710524,1 child/senior drink,279.0
FNDDS:2710524,1 extra large drink,1023.0
FNDDS:2710524,1 medium drink,512.0
FNDDS:2710524,1 fl oz (with ice),23.0
FNDDS:2710524,1 fl oz (no ice),31.0
FNDDS:2710525,1 large drink,720.0
FNDDS:2710525,1 fl oz (no ice),30.0
FNDDS:2710525,1 extra large drink,979.0
FNDDS:2710525,1 small drink,360.0
FNDDS:2710525,1 fl oz (with ice),23.0
FNDDS:2710525,1 fl oz (NFS),30.0
FNDDS:2710525,1 medium drink,495.0
FNDDS:2710525,1 child/senior drink,270.0
FNDDS:2710526,1 medium drink,495.0
FNDDS:2710526,1 fl oz (with ice),23.0
FNDDS:2710526,1 large drink,720.0
FNDDS:2710526,1 fl oz (no ice),30.0
FNDDS:2710526,1 small drink,360.0
FNDDS:2710526,1 extra large drink,979.0
FNDDS:2710526,1 child/senior drink,270.0
FNDDS:2710526,1 fl oz (NFS),30.0
FNDDS:2710527,1 Snapple bottle (16 fl oz),496.0
FNDDS:2710527,1 can or bottle (20 fl oz),620.0
FNDDS:2710527,1 large drink,744.0
FNDDS:2710527,1 fl oz (NFS),31.0
FNDDS:2710527,1 can or bottle (12 fl oz),372.0
FNDDS:2710527,1 fl oz (no ice),31.0
FNDDS:2710527,1 medium drink,512.0
FNDDS:2710527,1 child/senior drink,279.0
FNDDS:2710527,1 fl oz (with ice),23.0
FNDDS:2710527,1 small drink,372.0
FNDDS:2710527,1 can or bottle (16.9 fl oz),524.0
FNDDS:2710527,1 extra large drink,1023.0
FNDDS:2710528,1 fl oz (with ice),23.0
FNDDS:2710528,1 extra large drink,1023.0
FNDDS:2710528,1 fl oz (no ice),31.0
FNDDS:2710528,1 medium drink,512.0
FNDDS:2710528,1 fl oz (NFS),31.0
FNDDS:2710528,1 small drink,372.0
FNDDS:2710528,1 child/senior drink,279.0
FNDDS:2710528,1 large drink,744.0
FNDDS:2710528,1 Snapple bottle (16 fl oz),496.0
FNDDS:2710528,1 can or bottle (16.9 fl oz),524.0
FNDDS:2710528,1 can or bottle (12 fl oz),372.0
FNDDS:2710528,1 can or bottle (20 fl oz),620.0
FNDDS:2710529,1 can or bottle (16.9 fl oz),507.0
FNDDS:2710529,1 medium drink,495.0
FNDDS:2710529,1 large drink,720.0
FNDDS:2710529,1 small drink,360.0
FNDDS:2710529,1 can or bottle (20 fl oz),600.0
FNDDS:2710529,1 Snapple bottle (16 fl oz),480.0
FNDDS:2710529,1 fl oz (with ice),23.0
FNDDS:2710529,1 extra large drink,979.0
FNDDS:2710529,1 child/senior drink,270.0
FNDDS:2710529,1 fl oz (no ice),30.0
FNDDS:2710529,1 can or bottle (12 fl oz),360.0
FNDDS:2710529,1 fl oz (NFS),30.0
FNDDS:2710530,1 small drink,360.0
FNDDS:2710530,1 medium drink,495.0
FNDDS:2710530,1 can or bottle (12 fl oz),360.0
FNDDS:2710530,1 large drink,720.0
FNDDS:2710530,1 can or bottle (16.9 fl oz),507.0
FNDDS:2710530,1 can or bottle (20 fl oz),600.0
FNDDS:2710530,1 fl oz (NFS),30.0
FNDDS:2710530,1 child/senior drink,270.0
FNDDS:2710530,1 Snapple bottle (16 fl oz),480.0
FNDDS:2710530,1 extra large drink,979.0
FNDDS:2710530,1 fl oz (with ice),23.0
FNDDS:2710530,1 fl oz (no ice),30.0
FNDDS:2710531,1 small drink,360.0
FNDDS:2710531,1 medium drink,495.0
FNDDS:2710531,1 extra large drink,979.0
FNDDS:2710531,1 large drink,720.0
FNDDS:2710531,1 can or bottle (16.9 fl oz),507.0
FNDDS:2710531,1 fl oz (with ice),23.0
FNDDS:2710531,1 fl oz (no ice),30.0
FNDDS:2710531,1 can or bottle (12 fl oz),360.0
FNDDS:2710531,1 fl oz (NFS),30.0
FNDDS:2710531,1 can or bottle (20 fl oz),600.0
FNDDS:2710531,1 child/senior drink,270.0
FNDDS:2710532,1 extra large drink,979.0
FNDDS:2710532,1 fl oz (with ice),23.0
FNDDS:2710532,1 can or bottle (12 fl oz),360.0
FNDDS:2710532,1 small drink,360.0
FNDDS:2710532,1 large drink,720.0
FNDDS:2710532,1 can or bottle (20 fl oz),600.0
FNDDS:2710532,1 fl oz (no ice),30.0
FNDDS:2710532,1 medium drink,495.0
FNDDS:2710532,1 can or bottle (16.9 fl oz),507.0
FNDDS:2710532,1 fl oz (NFS),30.0
FNDDS:2710532,1 child/senior drink,270.0
FNDDS:2710533,1 Snapple bottle (16 fl oz),496.0
FNDDS:2710533,1 small drink,372.0
FNDDS:2710533,1 medium drink,512.0
FNDDS:2710533,1 can or bottle (16.9 fl oz),524.0
FNDDS:2710533,1 large drink,744.0
FNDDS:2710533,1 can or bottle (12 fl oz),372.0
FNDDS:2710533,1 extra large drink,1023.0
FNDDS:2710533,1 fl oz (with ice),23.0
FNDDS:2710533,1 can or bottle (20 fl oz),620.0
FNDDS:2710533,1 fl oz (no ice),31.0
FNDDS:2710533,1 fl oz (NFS),31.0
FNDDS:2710533,1 child/senior drink,279.0
FNDDS:2710534,1 can or bottle (20 fl oz),620.0
FNDDS:2710534,1 extra large drink,1023.0
FNDDS:2710534,1 fl oz (NFS),31.0
FNDDS:2710534,1 can or bottle (12 fl oz),372.0
FNDDS:2710534,1 medium drink,512.0
FNDDS:2710534,1 fl oz (with ice),23.0
FNDDS:2710534,1 can or bottle (16.9 fl oz),524.0
FNDDS:2710534,1 child/senior drink,279.0
FNDDS:2710534,1 large drink,744.0
FNDDS:2710534,1 small drink,372.0
FNDDS:2710534,1 Snapple bottle (16 fl oz),480.0
FNDDS:2710534,1 fl oz (no ice),31.0
FNDDS:2710535,1 fl oz (with ice),23.0
FNDDS:2710535,1 small drink,360.0
FNDDS:2710535,1 fl oz (NFS),30.0
FNDDS:2710535,1 fl oz (no ice),30.0
FNDDS:2710535,1 extra large drink,979.0
FNDDS:2710535,1 child/senior drink,270.0
FNDDS:2710535,1 can or bottle (12 fl oz),360.0
FNDDS:2710535,1 large drink,720.0
FNDDS:2710535,1 can or bottle (16.9 fl oz),507.0
FNDDS:2710535,1 can or bottle (20 fl oz),600.0
FNDDS:2710535,1 medium drink,495.0
FNDDS:2710536,1 fl oz (NFS),31.0
FNDDS:2710536,1 child/senior drink,279.0
FNDDS:2710536,1 medium drink,512.0
FNDDS:2710536,1 bottle (16.9 fl oz or 500 ml),524.0
FNDDS:2710536,1 fl oz (no ice),31.0
FNDDS:2710536,1 fl oz (with ice),23.0
FNDDS:2710536,1 large drink,744.0
FNDDS:2710536,1 small drink,372.0
FNDDS:2710536,1 can (12 fl oz),372.0
FNDDS:2710536,1 extra large drink,1023.0
FNDDS:2710537,1 small drink,360.0
FNDDS:2710537,1 fl oz (NFS),30.0
FNDDS:2710537,1 bottle (16.9 fl oz or 500 ml),507.0
FNDDS:2710537,1 can (12 fl oz),360.0
FNDDS:2710537,1 medium drink,495.0
FNDDS:2710537,1 extra large drink,979.0
FNDDS:2710537,1 large drink,720.0
FNDDS:2710537,1 child/senior drink,270.0
FNDDS:2710537,1 fl oz (with ice),23.0
FNDDS:2710537,1 fl oz (no ice),30.0
FNDDS:2710538,1 bottle (16.9 fl oz or 500 ml),507.0
FNDDS:2710538,1 fl oz,30.0
FNDDS:2710538,1 can (12 fl oz),360.0
FNDDS:2710539,1 can (12 fl oz),360.0
FNDDS:2710539,1 bottle (16.9 fl oz or 500 ml),507.0
FNDDS:2710539,1 fl oz,30.0
FNDDS:2710540,1 can (12 fl oz),360.0
FNDDS:2710540,1 bottle (16.9 fl oz or 500 ml),507.0
FNDDS:2710540,1 fl oz,30.0
FNDDS:2710541,1 small drink,372.0
FNDDS:2710541,1 can (12 fl oz),372.0
FNDDS:2710541,1 fl oz (no ice),31.0
FNDDS:2710541,1 bottle (20 fl oz),620.0
FNDDS:2710541,1 extra large drink,1023.0
FNDDS:2710541,1 fl oz (with ice),23.0
FNDDS:2710541,1 fl oz (NFS),31.0
FNDDS:2710541,1 large drink,744.0
FNDDS:2710541,1 bottle (16.9 fl oz or 500 ml),524.0
FNDDS:2710541,1 child/senior drink,279.0
FNDDS:2710541,1 medium drink,512.0
FNDDS:2710542,1 child/senior drink,270.0
FNDDS:2710542,1 large drink,720.0
FNDDS:2710542,1 can (12 fl oz),360.0
FNDDS:2710542,1 extra large drink,979.0
FNDDS:2710542,1 fl oz (with ice),23.0
FNDDS:2710542,1 medium drink,495.0
FNDDS:2710542,1 small drink,360.0
FNDDS:2710542,1 bottle (16.9 fl oz or 500 ml),507.0
FNDDS:2710542,1 fl oz (NFS),30.0
FNDDS:2710542,1 fl oz (no ice),30.0
FNDDS:2710542,1 bottle (20 fl oz),600.0
FNDDS:2710543,1 bottle (16.9 fl oz or 500 ml),524.0
FNDDS:2710543,1 child/senior drink,279.0
FNDDS:2710543,1 fl oz (with ice),23.0
FNDDS:2710543,1 can (12 fl oz),372.0
FNDDS:2710543,1 small drink,372.0
FNDDS:2710543,1 bottle (20 fl oz),620.0
FNDDS:2710543,1 medium drink,512.0
FNDDS:2710543,1 extra large drink,1023.0
FNDDS:2710543,1 fl oz (no ice),31.0
FNDDS:2710543,1 large drink,744.0
FNDDS:2710543,1 fl oz (NFS),31.0
FNDDS:2710544,1 fl oz (with ice),23.0
FNDDS:2710544,1 bottle (16.9 fl oz or 500 ml),507.0
FNDDS:2710544,1 fl oz (no ice),30.0
FNDDS:2710544,1 bottle (20 fl oz),600.0
FNDDS:2710544,1 fl oz (NFS),30.0
FNDDS:2710544,1 can (12 fl oz),360.0
FNDDS:2710544,1 child/senior drink,270.0
FNDDS:2710544,1 small drink,360.0
FNDDS:2710544,1 extra large drink,979.0
FNDDS:2710544,1 large drink,720.0
FNDDS:2710544,1 medium drink,495.0
FNDDS:2710545,1 fl oz (NFS),31.0
FNDDS:2710545,1 fl oz (no ice),31.0
FNDDS:2710545,1 small drink,372.0
FNDDS:2710545,1 medium drink,512.0
FNDDS:2710545,1 can (12 fl oz),372.0
FNDDS:2710545,1 bottle (20 fl oz),620.0
FNDDS:2710545,1 fl oz (with ice),23.0
FNDDS:2710545,1 extra large drink,1023.0
FNDDS:2710545,1 large drink,744.0
FNDDS:2710545,1 bottle (16.9 fl oz or 500 ml),524.0
FNDDS:2710545,1 child/senior drink,279.0
FNDDS:2710546,1 can (12 fl oz),360.0
FNDDS:2710546,1 small drink,360.0
FNDDS:2710546,1 bottle (20 fl oz),600.0
FNDDS:2710546,1 child/senior drink,270.0
FNDDS:2710546,1 large drink,720.0
FNDDS:2710546,1 bottle (16.9 fl oz or 500 ml),507.0
FNDDS:2710546,1 fl oz (no ice),30.0
FNDDS:2710546,1 extra large drink,979.0
FNDDS:2710546,1 fl oz (NFS),30.0
FNDDS:2710546,1 fl oz (with ice),23.0
FNDDS:2710546,1 medium drink,495.0
FNDDS:2710547,1 bottle (16.9 fl oz or 500 ml),524.0
FNDDS:2710547,1 fl oz (no ice),31.0
FNDDS:2710547,1 fl oz (with ice),23.0
FNDDS:2710547,1 extra large drink,1023.0
FNDDS:2710547,1 large drink,744.0
FNDDS:2710547,1 fl oz (NFS),31.0
FNDDS:2710547,1 small drink,372.0
FNDDS:2710547,1 medium drink,512.0
FNDDS:2710547,1 can (12 fl oz),372.0
FNDDS:2710547,1 child/senior drink,279.0
FNDDS:2710548,1 child/senior drink,270.0
FNDDS:2710548,1 large drink,720.0
FNDDS:2710548,1 fl oz (no ice),30.0
FNDDS:2710548,1 fl oz (NFS),30.0
FNDDS:2710548,1 can (12 fl oz),360.0
FNDDS:2710548,1 extra large drink,979.0
FNDDS:2710548,1 fl oz (with ice),23.0
FNDDS:2710548,1 medium drink,495.0
FNDDS:2710548,1 small drink,360.0
FNDDS:2710548,1 bottle (16.9 fl oz or 500 ml),507.0
FNDDS:2710549,1 extra large drink,1023.0
FNDDS:2710549,1 medium drink,512.0
FNDDS:2710549,1 fl oz (NFS),31.0
FNDDS:2710549,1 child/senior drink,279.0
FNDDS:2710549,1 bottle (16.9 fl oz or 500 ml),524.0
FNDDS:2710549,1 fl oz (no ice),31.0
FNDDS:2710549,1 small drink,372.0
FNDDS:2710549,1 large drink,744.0
FNDDS:2710549,1 fl oz (with ice),23.0
FNDDS:2710549,1 can (12 fl oz),372.0
FNDDS:2710550,1 large drink,720.0
FNDDS:2710550,1 can (12 fl oz),360.0
FNDDS:2710550,1 extra large drink,979.0
FNDDS:2710550,1 fl oz (no ice),30.0
FNDDS:2710550,1 small drink,360.0
FNDDS:2710550,1 bottle (16.9 fl oz or 500 ml),507.0
FNDDS:2710550,1 fl oz (with ice),23.0
FNDDS:2710550,1 child/senior drink,270.0
FNDDS:2710550,1 medium drink,495.0
FNDDS:2710550,1 fl oz (NFS),30.0
FNDDS:2710551,1 small drink,372.0
FNDDS:2710551,1 can (12 fl oz),372.0
FNDDS:2710551,1 fl oz (NFS),31.0
FNDDS:2710551,1 fl oz (no ice),31.0
FNDDS:2710551,1 bottle (20 fl oz),620.0
FNDDS:2710551,1 large drink,744.0
FNDDS:2710551,1 medium drink,512.0
FNDDS:2710551,1 child/senior drink,279.0
FNDDS:2710551,1 fl oz (with ice),23.0
FNDDS:2710551,1 extra large drink,1023.0
FNDDS:2710551,1 bottle (16.9 fl oz or 500 ml),524.0
FNDDS:2710552,1 bottle (20 fl oz),600.0
FNDDS:2710552,1 medium drink,495.0
FNDDS:2710552,1 fl oz (no ice),30.0
FNDDS:2710552,1 bottle (16.9 fl oz or 500 ml),507.0
FNDDS:2710552,1 fl oz (with ice),23.0
FNDDS:2710552,1 small drink,360.0
FNDDS:2710552,1 large drink,720.0
FNDDS:2710552,1 extra large drink,979.0
FNDDS:2710552,1 can (12 fl oz),360.0
FNDDS:2710552,1 fl oz (NFS),30.0
FNDDS:2710552,1 child/senior drink,270.0
FNDDS:2710553,1 fl oz (no ice),31.0
FNDDS:2710553,1 large drink,744.0
FNDDS:2710553,1 child/senior drink,279.0
FNDDS:2710553,1 fl oz (NFS),31.0
FNDDS:2710553,1 bottle (16.9 fl oz or 500 ml),524.0
FNDDS:2710553,1 bottle (20 fl oz),620.0
FNDDS:2710553,1 can (12 fl oz),372.0
FNDDS:2710553,1 extra large drink,1023.0
FNDDS:2710553,1 fl oz (with ice),23.0
FNDDS:2710553,1 small drink,372.0
FNDDS:2710553,1 medium drink,512.0
FNDDS:2710554,1 bottle (16.9 fl oz or 500 ml),507.0
FNDDS:2710554,1 fl oz (NFS),30.0
FNDDS:2710554,1 medium drink,495.0
FNDDS:2710554,1 large drink,720.0
FNDDS:2710554,1 fl oz (no ice),30.0
FNDDS:2710554,1 small drink,360.0
FNDDS:2710554,1 fl oz (with ice),23.0
FNDDS:2710554,1 bottle (20 fl oz),600.0
FNDDS:2710554,1 child/senior drink,270.0
FNDDS:2710554,1 extra large drink,979.0
FNDDS:2710554,1 can (12 fl oz),360.0
FNDDS:2710555,1 medium drink,512.0
FNDDS:2710555,1 fl oz (with ice),23.0
FNDDS:2710555,1 fl oz (no ice),31.0
FNDDS:2710555,1 child/senior drink,279.0
FNDDS:2710555,1 can (12 fl oz),372.0
FNDDS:2710555,1 large drink,744.0
FNDDS:2710555,1 fl oz (NFS),31.0
FNDDS:2710555,1 bottle (20 fl oz),620.0
FNDDS:2710555,1 small drink,372.0
FNDDS:2710555,1 bottle (16.9 fl oz or 500 ml),524.0
FNDDS:2710555,1 extra large drink,1023.0
FNDDS:2710556,1 fl oz (with ice),23.0
FNDDS:2710556,1 bottle (20 fl oz),600.0
FNDDS:2710556,1 fl oz (no ice),30.0
FNDDS:2710556,1 child/senior drink,270.0
FNDDS:2710556,1 bottle (16.9 fl oz or 500 ml),507.0
FNDDS:2710556,1 fl oz (NFS),30.0
FNDDS:2710556,1 extra large drink,979.0
FNDDS:2710556,1 small drink,360.0
FNDDS:2710556,1 large drink,720.0
FNDDS:2710556,1 medium drink,495.0
FNDDS:2710556,1 can (12 fl oz),360.0
FNDDS:2710557,1 large drink,744.0
FNDDS:2710557,1 child/senior drink,279.0
FNDDS:2710557,1 extra large drink,1023.0
FNDDS:2710557,1 fl oz (no ice),31.0
FNDDS:2710557,1 fl oz (with ice),23.0
FNDDS:2710557,1 bottle (16.9 fl oz or 500 ml),524.0
FNDDS:2710557,1 small drink,372.0
FNDDS:2710557,1 fl oz (NFS),31.0
FNDDS:2710557,1 can (12 fl oz),372.0
FNDDS:2710557,1 bottle (20 fl oz),620.0
FNDDS:2710557,1 medium drink,512.0
FNDDS:2710558,1 medium drink,495.0
FNDDS:2710558,1 can (12 fl oz),360.0
FNDDS:2710558,1 bottle (16.9 fl oz or 500 ml),507.0
FNDDS:2710558,1 fl oz (NFS),30.0
FNDDS:2710558,1 bottle (20 fl oz),600.0
FNDDS:2710558,1 fl oz (with ice),23.0
FNDDS:2710558,1 large drink,720.0
FNDDS:2710558,1 child/senior drink,270.0
FNDDS:2710558,1 extra large drink,979.0
FNDDS:2710558,1 fl oz (no ice),30.0
FNDDS:2710558,1 small drink,360.0
FNDDS:2710559,1 fl oz (with ice),23.0
FNDDS:2710559,1 can (12 fl oz),372.0
FNDDS:2710559,1 fl oz (NFS),31.0
FNDDS:2710559,1 extra large drink,1023.0
FNDDS:2710559,1 medium drink,512.0
FNDDS:2710559,1 child/senior drink,279.0
FNDDS:2710559,1 small drink,372.0
FNDDS:2710559,1 bottle (16.9 fl oz or 500 ml),524.0
FNDDS:2710559,1 fl oz (no ice),31.0
FNDDS:2710559,1 large drink,744.0
FNDDS:2710560,1 fl oz (no ice),30.0
FNDDS:2710560,1 extra large drink,979.0
FNDDS:2710560,1 large drink,720.0
FNDDS:2710560,1 fl oz (with ice),23.0
FNDDS:2710560,1 can (12 fl oz),360.0
FNDDS:2710560,1 child/senior drink,270.0
FNDDS:2710560,1 small drink,360.0
FNDDS:2710560,1 medium drink,495.0
FNDDS:2710560,1 fl oz (NFS),30.0
FNDDS:2710560,1 bottle (16.9 fl oz or 500 ml),507.0
FNDDS:2710561,1 small drink,372.0
FNDDS:2710561,1 fl oz (NFS),31.0
FNDDS:2710561,1 fl oz (with ice),23.0
FNDDS:2710561,1 fl oz (no ice),31.0
FNDDS:2710561,1 extra large drink,1023.0
FNDDS:2710561,1 large drink,744.0
FNDDS:2710561,1 bottle (16.9 fl oz or 500 ml),524.0
FNDDS:2710561,1 can (12 fl oz),372.0
FNDDS:2710561,1 medium drink,512.0
FNDDS:2710561,1 child/senior drink,279.0
FNDDS:2710562,1 extra large drink,1023.0
FNDDS:2710562,1 large drink,744.0
FNDDS:2710562,1 bottle (16.9 fl oz or 500 ml),524.0
FNDDS:2710562,1 medium drink,512.0
FNDDS:2710562,1 fl oz (NFS),31.0
FNDDS:2710562,1 small drink,372.0
FNDDS:2710562,1 fl oz (no ice),31.0
FNDDS:2710562,1 child/senior drink,279.0
FNDDS:2710562,1 fl oz (with ice),23.0
FNDDS:2710562,1 can (12 fl oz),372.0
FNDDS:2710563,1 small drink,360.0
FNDDS:2710563,1 bottle (16.9 fl oz or 500 ml),507.0
FNDDS:2710563,1 fl oz (with ice),23.0
FNDDS:2710563,1 extra large drink,979.0
FNDDS:2710563,1 child/senior drink,270.0
FNDDS:2710563,1 medium drink,495.0
FNDDS:2710563,1 fl oz (no ice),30.0
FNDDS:2710563,1 large drink,720.0
FNDDS:2710563,1 fl oz (NFS),30.0
FNDDS:2710563,1 can (12 fl oz),360.0
FNDDS:2710564,1 large drink,720.0
FNDDS:2710564,1 fl oz (no ice),30.0
FNDDS:2710564,1 fl oz (NFS),30.0
FNDDS:2710564,1 bottle (16.9 fl oz or 500 ml),507.0
FNDDS:2710564,1 small drink,360.0
FNDDS:2710564,1 child/senior drink,270.0
FNDDS:2710564,1 fl oz (with ice),23.0
FNDDS:2710564,1 can (12 fl oz),360.0
FNDDS:2710564,1 extra large drink,979.0
FNDDS:2710564,1 medium drink,495.0
FNDDS:2710565,1 fl oz (with ice),23.0
FNDDS:2710565,1 can (12 fl oz),372.0
FNDDS:2710565,1 fl oz (no ice),31.0
FNDDS:2710565,1 fl oz (NFS),31.0
FNDDS:2710565,1 bottle (12 fl oz),372.0
FNDDS:2710566,1 fl oz (no ice),31.0
FNDDS:2710566,1 can (12 fl oz),372.0
FNDDS:2710566,1 bottle (12 fl oz),372.0
FNDDS:2710566,1 fl oz (NFS),31.0
FNDDS:2710566,1 fl oz (with ice),23.0
FNDDS:2710567,1 fl oz (NFS),31.0
FNDDS:2710567,1 fl oz (with ice),23.0
FNDDS:2710567,1 fun size box (4.23 fl oz),131.0
FNDDS:2710567,1 fl oz (no ice),31.0
FNDDS:2710567,1 child/senior drink,279.0
FNDDS:2710567,1 juice box/pouch (6.75 fl oz),209.0
FNDDS:2710567,1 large drink,744.0
FNDDS:2710567,1 bottle (20 fl oz),620.0
FNDDS:2710567,1 medium drink,512.0
FNDDS:2710567,1 small drink,372.0
FNDDS:2710567,1 extra large drink,1023.0
FNDDS:2710567,1 bottle (16 fl oz),496.0
FNDDS:2710568,1 fl oz (NFS),31.0
FNDDS:2710568,1 fl oz (no ice),31.0
FNDDS:2710568,1 fl oz (with ice),23.0
FNDDS:2710569,1 fl oz (with ice),23.0
FNDDS:2710569,1 fl oz (no ice),31.0
FNDDS:2710569,1 fl oz (NFS),31.0
FNDDS:2710570,1 fl oz (with ice),23.0
FNDDS:2710570,1 fl oz (NFS),31.0
FNDDS:2710570,1 fl oz (no ice),31.0
FNDDS:2710571,1 fl oz (with ice),23.0
FNDDS:2710571,1 fl oz (no ice),31.0
FNDDS:2710571,1 fl oz (NFS),31.0
FNDDS:2710572,1 can (6 fl oz),219.0
FNDDS:2710573,1 Little Hug bottle,248.0
FNDDS:2710573,1 fl oz (no ice),31.0
FNDDS:2710573,1 fun size box (4.23 fl oz),131.0
FNDDS:2710573,1 fl oz (NFS),31.0
FNDDS:2710573,1 Kool-Aid Bursts bottle (6.75 fl oz),209.0
FNDDS:2710573,1 fl oz (with ice),23.0
FNDDS:2710573,1 juice box/pouch (6.75 fl oz),209.0
FNDDS:2710574,1 fl oz,30.0
FNDDS:2710575,1 fl oz,31.0
FNDDS:2710576,1 large,840.0
FNDDS:2710576,1 cup,240.0
FNDDS:2710576,1 small,360.0
FNDDS:2710576,1 extra large,1200.0
FNDDS:2710576,1 medium,660.0
FNDDS:2710576,1 fl oz,30.0
FNDDS:2710577,1 large,840.0
FNDDS:2710577,1 fl oz,30.0
FNDDS:2710577,1 medium,660.0
FNDDS:2710577,1 small,360.0
FNDDS:2710577,1 cup,240.0
FNDDS:2710577,1 extra large,1200.0
FNDDS:2710578,1 bottle (12 fl oz),372.0
FNDDS:2710578,1 fl oz (NFS),31.0
FNDDS:2710578,1 fl oz (with ice),23.0
FNDDS:2710578,1 bottle (20 fl oz),620.0
FNDDS:2710578,1 fl oz (no ice),31.0
FNDDS:2710578,1 bottle (6.75 fl oz),209.0
FNDDS:2710578,1 juice box/pouch (6.75 fl oz),209.0
FNDDS:2710579,1 fl oz (NFS),31.0
FNDDS:2710579,1 bottle (12 fl oz),372.0
FNDDS:2710579,1 fl oz (no ice),31.0
FNDDS:2710579,1 fl oz (with ice),23.0
FNDDS:2710580,1 Kool-Aid Jammers pouch,186.0
FNDDS:2710580,1 fl oz (NFS),31.0
FNDDS:2710580,1 fl oz (with ice),23.0
FNDDS:2710580,1 extra large drink,1023.0
FNDDS:2710580,1 juice box/pouch (6.75 fl oz),209.0
FNDDS:2710580,1 small drink,372.0
FNDDS:2710580,1 child/senior drink,279.0
FNDDS:2710580,1 fl oz (no ice),31.0
FNDDS:2710580,1 fun size box (4.23 fl oz),131.0
FNDDS:2710580,1 medium drink,512.0
FNDDS:2710580,1 bottle (12 fl oz),372.0
FNDDS:2710580,1 large drink,744.0
FNDDS:2710581,1 juice box/pouch (6.75 fl oz),209.0
FNDDS:2710581,1 fl oz (no ice),31.0
FNDDS:2710581,1 fl oz (with ice),23.0
FNDDS:2710581,1 fl oz (NFS),31.0
FNDDS:2710582,1 fl oz (no ice),31.0
FNDDS:2710582,1 fl oz (NFS),31.0
FNDDS:2710582,1 bottle (12 fl oz),372.0
FNDDS:2710582,1 fl oz (with ice),23.0
FNDDS:2710582,1 bottle (6.75 fl oz),209.0
FNDDS:2710582,1 bottle (10 fl oz),310.0
FNDDS:2710583,1 fl oz (NFS),31.0
FNDDS:2710583,1 fl oz (with ice),23.0
FNDDS:2710583,1 fl oz (no ice),31.0
FNDDS:2710584,1 tablespoon dry yields 8 fl oz,248.0
FNDDS:2710584,1 fl oz (with ice),23.0
FNDDS:2710584,1 fl oz (NFS),31.0
FNDDS:2710584,1 fl oz (no ice),31.0
FNDDS:2710585,1 fl oz (no ice),30.0
FNDDS:2710585,1 Kool-Aid Jammers pouch,180.0
FNDDS:2710585,1 fl oz (with ice),23.0
FNDDS:2710585,1 bottle (10 fl oz),300.0
FNDDS:2710585,1 fl oz (NFS),30.0
FNDDS:2710586,1 fl oz (NFS),30.0
FNDDS:2710586,1 fl oz (with ice),23.0
FNDDS:2710586,1 fl oz (no ice),30.0
FNDDS:2710587,1 fl oz (with ice),23.0
FNDDS:2710587,1 fun size box (4.23 fl oz),127.0
FNDDS:2710587,1 juice box/pouch (6.75 fl oz),203.0
FNDDS:2710587,1 fl oz (NFS),30.0
FNDDS:2710587,1 fl oz (no ice),30.0
FNDDS:2710588,1 fl oz (with ice),23.0
FNDDS:2710588,1 fl oz (NFS),30.0
FNDDS:2710588,1 fl oz (no ice),30.0
FNDDS:2710589,1 fl oz (no ice),30.0
FNDDS:2710589,1 fl oz (with ice),23.0
FNDDS:2710589,1 fl oz (NFS),30.0
FNDDS:2710590,1 fl oz (NFS),30.0
FNDDS:2710590,1 fl oz (with ice),23.0
FNDDS:2710590,1 fl oz (no ice),30.0
FNDDS:2710591,1 fl oz (NFS),31.0
FNDDS:2710591,1 fl oz (no ice),31.0
FNDDS:2710591,1 fl oz (with ice),23.0
FNDDS:2710592,1 fl oz (with ice),23.0
FNDDS:2710592,1 fl oz (NFS),31.0
FNDDS:2710592,1 fl oz (no ice),31.0
FNDDS:2710593,1 fl oz (with ice),23.0
FNDDS:2710593,1 fl oz (NFS),30.0
FNDDS:2710593,1 fl oz (no ice),30.0
FNDDS:2710594,1 fl oz (NFS),30.0
FNDDS:2710594,1 fl oz (with ice),23.0
FNDDS:2710594,1 bottle (16 fl oz),480.0
FNDDS:2710594,1 juice box/pouch (6.75 fl oz),203.0
FNDDS:2710594,1 fl oz (no ice),30.0
FNDDS:2710595,1 fl oz (no ice),30.0
FNDDS:2710595,1 fl oz (NFS),30.0
FNDDS:2710595,1 fl oz (with ice),23.0
FNDDS:2710596,1 fl oz (with ice),23.0
FNDDS:2710596,1 fl oz (no ice),30.0
FNDDS:2710596,1 fl oz (NFS),30.0
FNDDS:2710597,1 fl oz (NFS),30.0
FNDDS:2710597,1 fl oz (with ice),23.0
FNDDS:2710597,1 fl oz (no ice),30.0
FNDDS:2710598,1 fl oz (no ice),30.0
FNDDS:2710598,1 fl oz (with ice),23.0
FNDDS:2710598,1 fl oz (NFS),30.0
FNDDS:2710599,1 fl oz (with ice),23.0
FNDDS:2710599,1 fl oz (NFS),30.0
FNDDS:2710599,1 fl oz (no ice),30.0
FNDDS:2710600,1 fl oz (NFS),31.0
FNDDS:2710600,1 fl oz (no ice),31.0
FNDDS:2710600,1 Capri Sun pouch,186.0
FNDDS:2710600,1 fl oz (with ice),23.0
FNDDS:2710600,1 fun size box (4.23 fl oz),131.0
FNDDS:2710601,1 fl oz (no ice),31.0
FNDDS:2710601,1 fl oz (with ice),23.0
FNDDS:2710601,1 fl oz (NFS),31.0
FNDDS:2710602,1 cup,248.0
FNDDS:2710602,1 fl oz,31.0
FNDDS:2710603,1 fl oz,31.0
FNDDS:2710603,1 cup,248.0
FNDDS:2710604,1 fl oz,31.0
FNDDS:2710604,1 cup,248.0
FNDDS:2710605,1 fl oz,31.0
FNDDS:2710605,1 cup,248.0
FNDDS:2710606,1 fl oz (no ice),31.0
FNDDS:2710606,1 fl oz (with ice),23.0
FNDDS:2710606,1 fl oz (NFS),31.0
FNDDS:2710607,1 fl oz,31.0
FNDDS:2710607,1 cup,248.0
FNDDS:2710608,1 fl oz,31.0
FNDDS:2710608,1 cup,248.0
FNDDS:2710609,1 glass,180.0
FNDDS:2710609,1 fl oz,30.0
FNDDS:2710610,1 fl oz,30.0
FNDDS:2710610,1 can or bottle (12 fl oz),360.0
FNDDS:2710611,1 fl oz,30.0
FNDDS:2710611,1 drink,225.0
FNDDS:2710612,1 tablespoon,14.0
FNDDS:2710612,1 cup,224.0
FNDDS:2710613,1 tablespoon,13.0
FNDDS:2710613,1 package,113.0
FNDDS:2710613,1 serving,17.0
FNDDS:2710614,1 tablespoon,12.0
FNDDS:2710614,1 package,16.0
FNDDS:2710615,1 tablespoon,12.5
FNDDS:2710616,1 fl oz,30.0
FNDDS:2710616,1 can or bottle (12 fl oz),360.0
FNDDS:2710616,1 can or bottle (16 fl oz),480.0
FNDDS:2710616,1 bottle (40 fl oz),1200.0
FNDDS:2710617,1 fl oz,30.0
FNDDS:2710617,1 can or bottle (16 fl oz),480.0
FNDDS:2710617,1 can or bottle (12 fl oz),360.0
FNDDS:2710618,1 fl oz,30.0
FNDDS:2710618,1 can or bottle (16 fl oz),480.0
FNDDS:2710618,1 can or bottle (12 fl oz),360.0
FNDDS:2710619,1 can or bottle (12 fl oz),360.0
FNDDS:2710619,1 can or bottle (16 fl oz),480.0
FNDDS:2710619,1 fl oz,30.0
FNDDS:2710620,1 fl oz,30.0
FNDDS:2710620,1 can or bottle (12 fl oz),360.0
FNDDS:2710620,1 bottle (40 fl oz),1200.0
FNDDS:2710620,1 can or bottle (16 fl oz),480.0
FNDDS:2710621,1 can or bottle (12 fl oz),360.0
FNDDS:2710621,1 fl oz,30.0
FNDDS:2710621,1 can or bottle (16 fl oz),480.0
FNDDS:2710622,1 fl oz,30.0
FNDDS:2710622,1 can or bottle (12 fl oz),360.0
FNDDS:2710623,1 drink,68.0
FNDDS:2710623,1 fl oz (no ice),30.0
FNDDS:2710623,1 shot,45.0
FNDDS:2710623,1 jigger,45.0
FNDDS:2710624,1 drink,68.0
FNDDS:2710624,1 jigger,45.0
FNDDS:2710624,1 fl oz (no ice),30.0
FNDDS:2710624,1 shot,45.0
FNDDS:2710625,1 drink,68.0
FNDDS:2710625,1 fl oz (no ice),30.0
FNDDS:2710625,1 shot,45.0
FNDDS:2710625,1 jigger,45.0
FNDDS:2710626,1 drink,225.0
FNDDS:2710626,1 fl oz,30.0
FNDDS:2710627,1 fl oz,30.0
FNDDS:2710627,1 drink,90.0
FNDDS:2710628,1 fl oz,30.0
FNDDS:2710628,1 drink,225.0
FNDDS:2710629,1 fl oz,30.0
FNDDS:2710629,1 drink,225.0
FNDDS:2710630,1 fl oz,30.0
FNDDS:2710630,1 drink,225.0
FNDDS:2710631,1 shot,42.0
FNDDS:2710632,1 drink,120.0
FNDDS:2710632,1 fl oz,30.0
FNDDS:2710633,1 drink,225.0
FNDDS:2710633,1 fl oz,30.0
FNDDS:2710634,1 fl oz,30.0
FNDDS:2710634,1 drink,225.0
FNDDS:2710635,1 shot,180.0
FNDDS:2710635,1 fl oz,30.0
FNDDS:2710636,1 drink,90.0
FNDDS:2710636,1 fl oz,30.0
FNDDS:2710637,1 drink,120.0
FNDDS:2710637,1 fl oz,30.0
FNDDS:2710638,1 fl oz,30.0
FNDDS:2710638,1 drink,225.0
FNDDS:2710639,1 drink,120.0
FNDDS:2710639,1 fl oz,30.0
FNDDS:2710640,1 drink,120.0
FNDDS:2710640,1 fl oz,30.0
FNDDS:2710641,1 drink,225.0
FNDDS:2710641,1 fl oz,30.0
FNDDS:2710642,1 drink,180.0
FNDDS:2710642,1 fl oz,30.0
FNDDS:2710643,1 drink,225.0
FNDDS:2710643,1 fl oz,30.0
FNDDS:2710644,1 drink,225.0
FNDDS:2710644,1 fl oz,30.0
FNDDS:2710645,1 fl oz,30.0
FNDDS:2710645,1 drink,225.0
FNDDS:2710646,1 fl oz,30.0
FNDDS:2710646,1 drink,180.0
FNDDS:2710647,1 fl oz,30.0
FNDDS:2710647,1 drink,225.0
FNDDS:2710648,1 drink,90.0
FNDDS:2710648,1 fl oz,30.0
FNDDS:2710649,1 drink,60.0
FNDDS:2710649,1 fl oz,30.0
FNDDS:2710650,1 fl oz,30.0
FNDDS:2710650,1 drink,225.0
FNDDS:2710651,1 drink,225.0
FNDDS:2710651,1 fl oz,30.0
FNDDS:2710652,1 fl oz,30.0
FNDDS:2710652,1 drink,225.0
FNDDS:2710653,1 drink,225.0
FNDDS:2710653,1 fl oz,30.0
FNDDS:2710654,1 drink,225.0
FNDDS:2710654,1 fl oz,30.0
FNDDS:2710655,1 drink,225.0
FNDDS:2710655,1 fl oz,30.0
FNDDS:2710656,1 drink,225.0
FNDDS:2710656,1 fl oz,30.0
FNDDS:2710657,1 drink,225.0
FNDDS:2710657,1 fl oz,30.0
FNDDS:2710658,1 fl oz,30.0
FNDDS:2710658,1 drink,225.0
FNDDS:2710659,1 fl oz,30.0
FNDDS:2710659,1 drink,225.0
FNDDS:2710660,1 drink,225.0
FNDDS:2710660,1 fl oz,30.0
FNDDS:2710661,1 fl oz,30.0
FNDDS:2710661,1 drink,225.0
FNDDS:2710662,1 fl oz,30.0
FNDDS:2710662,1 drink,225.0
FNDDS:2710663,1 fl oz,30.0
FNDDS:2710663,1 drink,225.0
FNDDS:2710664,1 fl oz,30.0
FNDDS:2710664,1 drink,225.0
FNDDS:2710665,1 fl oz,30.0
FNDDS:2710665,1 drink,225.0
FNDDS:2710666,1 drink,225.0
FNDDS:2710666,1 fl oz,30.0
FNDDS:2710667,1 fl oz,30.0
FNDDS:2710667,1 drink,225.0
FNDDS:2710668,1 fl oz,30.0
FNDDS:2710668,1 drink,225.0
FNDDS:2710669,1 drink,225.0
FNDDS:2710669,1 fl oz,30.0
FNDDS:2710670,1 drink,225.0
FNDDS:2710670,1 fl oz,30.0
FNDDS:2710671,1 fl oz,30.0
FNDDS:2710671,1 drink,225.0
FNDDS:2710672,1 fl oz,30.0
FNDDS:2710672,1 drink,75.0
FNDDS:2710673,1 drink,225.0
FNDDS:2710673,1 fl oz,30.0
FNDDS:2710674,1 drink,225.0
FNDDS:2710674,1 fl oz,30.0
FNDDS:2710675,1 fl oz,30.0
FNDDS:2710675,1 drink,180.0
FNDDS:2710676,1 drink,225.0
FNDDS:2710676,1 fl oz,30.0
FNDDS:2710677,1 fl oz,30.0
FNDDS:2710677,1 drink,180.0
FNDDS:2710678,1 fl oz,30.0
FNDDS:2710678,1 drink,225.0
FNDDS:2710679,1 fl oz,30.0
FNDDS:2710679,1 drink,225.0
FNDDS:2710680,1 fl oz,30.0
FNDDS:2710680,1 drink,225.0
FNDDS:2710681,1 drink,240.0
FNDDS:2710681,1 fl oz,30.0
FNDDS:2710682,1 fl oz,30.0
FNDDS:2710682,1 drink,225.0
FNDDS:2710683,1 fl oz,30.0
FNDDS:2710683,1 drink,225.0
FNDDS:2710684,1 fl oz,30.0
FNDDS:2710684,1 drink,240.0
FNDDS:2710685,1 drink,225.0
FNDDS:2710685,1 fl oz,30.0
FNDDS:2710686,1 fl oz,30.0
FNDDS:2710686,1 drink,90.0
FNDDS:2710687,1 glass,180.0
FNDDS:2710687,1 fl oz,30.0
FNDDS:2710687,1/2 bottle,375.0
FNDDS:2710688,1/2 bottle,375.0
FNDDS:2710688,1 glass,180.0
FNDDS:2710688,1 fl oz,30.0
FNDDS:2710689,1 glass,180.0
FNDDS:2710689,1/2 bottle,375.0
FNDDS:2710689,1 fl oz,30.0
FNDDS:2710690,1 fl oz,30.0
FNDDS:2710690,1/2 bottle,375.0
FNDDS:2710690,1 glass,180.0
FNDDS:2710691,1 fl oz,30.0
FNDDS:2710692,1 glass,105.0
FNDDS:2710692,1 fl oz,30.0
FNDDS:2710693,1 glass,180.0
FNDDS:2710693,1 fl oz,30.0
FNDDS:2710694,1 fl oz,30.0
FNDDS:2710694,1 glass,135.0
FNDDS:2710694,1 bottle/can (11 fl oz),330.0
FNDDS:2710695,1 glass,228.0
FNDDS:2710695,1 fl oz,30.0
FNDDS:2710696,1 fl oz,30.0
FNDDS:2710696,1 glass,228.0
FNDDS:2710697,1 glass,180.0
FNDDS:2710697,1 fl oz,30.0
FNDDS:2710698,1 fl oz,30.0
FNDDS:2710698,1 glass,150.0
FNDDS:2710699,1 drink,63.0
FNDDS:2710699,1 jigger,42.0
FNDDS:2710699,1 shot,42.0
FNDDS:2710699,1 fl oz (no ice),28.0
FNDDS:2710700,1 drink,63.0
FNDDS:2710700,1 jigger,42.0
FNDDS:2710700,1 shot,42.0
FNDDS:2710700,1 fl oz (no ice),28.0
FNDDS:2710701,1 fl oz (no ice),28.0
FNDDS:2710701,1 drink,63.0
FNDDS:2710701,1 shot,42.0
FNDDS:2710701,1 jigger,42.0
FNDDS:2710702,1 jigger,42.0
FNDDS:2710702,1 drink,63.0
FNDDS:2710702,1 fl oz (no ice),28.0
FNDDS:2710702,1 shot,42.0
FNDDS:2710703,1 shot,42.0
FNDDS:2710703,1 fl oz (no ice),28.0
FNDDS:2710703,1 jigger,42.0
FNDDS:2710703,1 drink,63.0
FNDDS:2710704,1 drink,63.0
FNDDS:2710704,1 jigger,42.0
FNDDS:2710704,1 shot,42.0
FNDDS:2710704,1 fl oz (no ice),28.0
FNDDS:2710705,1 fl oz (no ice),28.0
FNDDS:2710705,1 drink,63.0
FNDDS:2710705,1 shot,42.0
FNDDS:2710705,1 jigger,42.0
FNDDS:2710706,1 fl oz,30.0
FNDDS:2710706,1 cup,240.0
FNDDS:2710707,1 cup ice,110.0
FNDDS:2710707,1 bottle (24 fl oz) filled with tap water,720.0
FNDDS:2710707,1 bottle (16.9 fl oz) filled with tap water,507.0
FNDDS:2710707,1 ice cube,20.0
FNDDS:2710707,Guideline amount if from a water fountain,60.0
FNDDS:2710707,1 cup,240.0
FNDDS:2710707,1 fl oz,30.0
FNDDS:2710708,1 bottle (20 fl oz),600.0
FNDDS:2710708,1 fl oz,30.0
FNDDS:2710708,1 bottle (8 fl oz),240.0
FNDDS:2710708,1 cup,240.0
FNDDS:2710708,1 bottle (16.9 fl oz or 500 ml),507.0
FNDDS:2710708,"1 bottle, NFS",507.0
FNDDS:2710708,1 bottle (12 fl oz),360.0
FNDDS:2710708,1 bottle (1 liter),1014.0
FNDDS:2710709,1 fl oz,30.0
FNDDS:2710709,1 bottle (8 fl oz),240.0
FNDDS:2710709,1 cup,240.0
FNDDS:2710709,1 bottle (12 fl oz),360.0
FNDDS:2710709,"1 bottle, NFS",507.0
FNDDS:2710709,1 bottle (16.9 fl oz or 500 ml),507.0
FNDDS:2710710,1 fl oz,30.0
FNDDS:2710710,1 cup,240.0
FNDDS:2710710,1 Capri Sun pouch,180.0
FNDDS:2710711,1 cup,240.0
FNDDS:2710711,1 fl oz,30.0
FNDDS:2710711,1 bottle (20 fl oz),600.0
FNDDS:2710712,1 fl oz,30.0
FNDDS:2710712,1 cup,240.0
FNDDS:2710712,1 bottle (20 fl oz),600.0
FNDDS:2710713,1 fl oz,30.0
FNDDS:2710713,1 cup,240.0
FNDDS:2710714,1 cup,256.0
FNDDS:2710714,1 fl oz,32.0
FNDDS:2710714,1 bottle (8 fl oz),256.0
FNDDS:2710715,1 cup,256.0
FNDDS:2710715,1 fl oz,32.0
FNDDS:2710715,1 bottle (8 fl oz),256.0
FNDDS:2710716,1 bottle (11 fl oz),341.0
FNDDS:2710716,1 fl oz,31.0
FNDDS:2710716,1 cup,248.0
FNDDS:2710717,1 cup,252.0
FNDDS:2710717,1 fl oz,31.5
FNDDS:2710717,1 bottle (8 fl oz),252.0
FNDDS:2710718,1 fl oz,31.5
FNDDS:2710718,1 can,252.0
FNDDS:2710718,1 bottle (8 fl oz),252.0
FNDDS:2710718,1 cup,252.0
FNDDS:2710719,1 bottle (8 fl oz),248.0
FNDDS:2710719,1 can (8 fl oz),248.0
FNDDS:2710719,1 fl oz,31.0
FNDDS:2710720,1 fl oz,32.0
FNDDS:2710720,1 single serving box (17 fl oz),544.0
FNDDS:2710720,1 single serving box (11 fl oz),352.0
FNDDS:2710720,1 bottle (14 fl oz),448.0
FNDDS:2710720,1 cup,256.0
FNDDS:2710721,1 single serving box (8.5 fl oz),272.0
FNDDS:2710721,1 cup,256.0
FNDDS:2710721,1 fl oz,32.0
FNDDS:2710721,1 bottle (14 fl oz),448.0
FNDDS:2710722,1 can (11 fl oz),341.0
FNDDS:2710722,1 cup,248.0
FNDDS:2710722,1 fl oz,31.0
FNDDS:2710723,1 cup,248.0
FNDDS:2710723,1 fl oz,31.0
FNDDS:2710723,1 can (11 fl oz),341.0
FNDDS:2710724,1 can (11 fl oz),341.0
FNDDS:2710724,1 fl oz,31.0
FNDDS:2710724,1 cup,248.0
FNDDS:2710725,1 can (12 fl oz),372.0
FNDDS:2710725,1 bottle (8 fl oz),248.0
FNDDS:2710725,1 cup,248.0
FNDDS:2710725,1 fl oz,31.0
FNDDS:2710726,1 bottle (20 fl oz) Monster Milk,640.0
FNDDS:2710726,1 fl oz,32.0
FNDDS:2710726,1 single serving box (17 fl oz) Myoplex,544.0
FNDDS:2710726,1 bottle (14 fl oz) Myoplex,448.0
FNDDS:2710726,1 cup,256.0
FNDDS:2710726,"1 bottle or box, NFS",544.0
FNDDS:2710727,1 cup,248.0
FNDDS:2710727,1 fl oz,31.0
FNDDS:2710727,1 single serving box (11 fl oz) Myoplex Lite,341.0
FNDDS:2710727,"1 bottle or box, NFS",341.0
FNDDS:2710728,1 can (12 oz),370.0
FNDDS:2710728,1 cup,247.0
FNDDS:2710729,1 envelope,37.0
FNDDS:2710729,1 tablespoon,7.4
FNDDS:2710730,1 envelope,20.0
FNDDS:2710730,1 tablespoon,5.6
FNDDS:2710731,1 tablespoon,10.0
FNDDS:2710731,1 scoop EAS Whey,19.5
FNDDS:2710732,1 scoop EAS Whey,44.0
FNDDS:2710732,1 tablespoon,8.0
FNDDS:2710733,1 scoop,12.5
FNDDS:2710734,1 packet,87.0
FNDDS:2710734,1 tablespoon,13.0
FNDDS:2710734,"1 scoop, NFS",26.0
FNDDS:2710735,1 scoop,35.0
FNDDS:2710736,1 scoop,25.0
FNDDS:2710737,1 scoop,26.0
FNDDS:2710738,1 scoop,14.0
FNDDS:2710739,1 scoop,26.0
FNDDS:2710740,1 scoop,34.0
FNDDS:2710741,1 scoop Joe Weider's,45.0
FNDDS:2710741,1 serving Monster Milk (2 scoops),84.0
FNDDS:2710741,"1 scoop, NFS",44.0
FNDDS:2710741,1 packet D.E.L.T.A,42.0
FNDDS:2710741,1 packet,44.0
FNDDS:2710742,1 scoop Gold Standard,20.5
FNDDS:2710742,"1 scoop, NFS",26.0
FNDDS:2710742,1 tablespoon,13.0
FNDDS:2710742,1 scoop NOW Foods,32.0
FNDDS:2710743,1 scoop NOW Foods,45.0
FNDDS:2710743,"1 scoop, NFS",36.0
FNDDS:2710743,1 tablespoon,18.0
FNDDS:2710743,1 scoop Gold Standard,30.0
FNDDS:2710744,1 tablespoon,4.0
FNDDS:2710744,"1 scoop, NFS",8.0
FNDDS:2710744,1 scoop Reliv Now,9.1
FNDDS:2710744,1 scoop/packet Beneprotein,7.0
FNDDS:2710745,1 tablespoon,15.5
FNDDS:2710745,1 scoop,31.0
FNDDS:2710746,1 cup,248.0
FNDDS:2710746,1 can or bottle (16 fl oz),496.0
FNDDS:2710746,1 fl oz,31.0
FNDDS:2710747,1 fl oz,31.0
FNDDS:2710747,1 can (32 fl oz),992.0
FNDDS:2710747,1 can (8.3 fl oz),257.0
FNDDS:2710747,1 can (20 fl oz),620.0
FNDDS:2710747,1 can or bottle (16 fl oz),496.0
FNDDS:2710747,1 can (12 fl oz),372.0
FNDDS:2710748,1 fl oz,31.0
FNDDS:2710748,1 can (16 fl oz),496.0
FNDDS:2710748,1 cup,248.0
FNDDS:2710748,1 can (24 fl oz),744.0
FNDDS:2710749,1 fl oz,31.0
FNDDS:2710749,1 cup,248.0
FNDDS:2710749,1 can or bottle (16 fl oz),496.0
FNDDS:2710749,1 can (8 fl oz),248.0
FNDDS:2710750,1 fl oz,31.0
FNDDS:2710750,1 can or bottle (16 fl oz),496.0
FNDDS:2710750,1 cup,248.0
FNDDS:2710750,1 can (8 fl oz),248.0
FNDDS:2710751,1 bottle (22 fl oz),682.0
FNDDS:2710751,1 cup,248.0
FNDDS:2710751,1 bottle (13.5 fl oz),419.0
FNDDS:2710751,1 fl oz,31.0
FNDDS:2710751,1 can (16 fl oz),496.0
FNDDS:2710752,1 can (16.9 fl oz),524.0
FNDDS:2710752,1 fl oz,31.0
FNDDS:2710752,1 can (12 fl oz),372.0
FNDDS:2710752,1 can (8.4 fl oz),260.0
FNDDS:2710752,1 can (20 fl oz),620.0
FNDDS:2710752,1 cup,248.0
FNDDS:2710753,1 cup,248.0
FNDDS:2710753,1 fl oz,31.0
FNDDS:2710753,1 can or bottle (16 fl oz),496.0
FNDDS:2710753,1 can (24 fl oz),744.0
FNDDS:2710753,1 can (32 fl oz),992.0
FNDDS:2710753,1 can (8 fl oz),248.0
FNDDS:2710754,1 bottle (8 fl oz),248.0
FNDDS:2710754,1 fl oz,31.0
FNDDS:2710754,1 cup,248.0
FNDDS:2710754,1 bottle (20 fl oz),620.0
FNDDS:2710755,1 fl oz,31.0
FNDDS:2710755,1 cup,248.0
FNDDS:2710755,1 can (12 fl oz),372.0
FNDDS:2710756,1 can or bottle (16 fl oz),496.0
FNDDS:2710756,1 cup,248.0
FNDDS:2710756,1 can or bottle (32 fl oz),992.0
FNDDS:2710756,1 can or bottle (24 fl oz),744.0
FNDDS:2710756,1 fl oz,31.0
FNDDS:2710756,1 can or bottle (12 fl oz),372.0
FNDDS:2710756,1 can or bottle (8 fl oz),248.0
FNDDS:2710757,1 fl oz,30.0
FNDDS:2710757,1 can or bottle (16 fl oz),480.0
FNDDS:2710758,1 fl oz,30.0
FNDDS:2710758,1 can or bottle (16 fl oz),480.0
FNDDS:2710759,1 fl oz,30.0
FNDDS:2710759,1 can (16 fl oz),480.0
FNDDS:2710759,1 can (24 fl oz),720.0
FNDDS:2710759,1 cup,240.0
FNDDS:2710760,1 cup,240.0
FNDDS:2710760,1 can or bottle (16 fl oz),480.0
FNDDS:2710760,1 fl oz,30.0
FNDDS:2710760,1 can (8 fl oz),240.0
FNDDS:2710761,1 fl oz,30.0
FNDDS:2710761,1 cup,240.0
FNDDS:2710761,1 can (16 fl oz),480.0
FNDDS:2710762,1 cup,248.0
FNDDS:2710762,1 fl oz,31.0
FNDDS:2710763,1 can (8.4 fl oz),252.0
FNDDS:2710763,1 fl oz,30.0
FNDDS:2710763,1 cup,240.0
FNDDS:2710763,1 can (20 fl oz),600.0
FNDDS:2710763,1 can (16.9 fl oz),507.0
FNDDS:2710763,1 can (12 fl oz),360.0
FNDDS:2710764,1 fl oz,30.0
FNDDS:2710764,1 can (24 fl oz),720.0
FNDDS:2710764,1 can (8 fl oz),240.0
FNDDS:2710764,1 can or bottle (16 fl oz),480.0
FNDDS:2710764,1 cup,240.0
FNDDS:2710765,1 can (12 fl oz),360.0
FNDDS:2710765,1 fl oz,30.0
FNDDS:2710765,1 cup,240.0
FNDDS:2710766,1 cup,248.0
FNDDS:2710766,1 can,260.0
FNDDS:2710766,1 fl oz,31.0
FNDDS:2710767,1 can,260.0
FNDDS:2710767,1 cup,248.0
FNDDS:2710767,1 fl oz,31.0
FNDDS:2710768,1 can or bottle (8 fl oz),240.0
FNDDS:2710768,1 fl oz,30.0
FNDDS:2710768,1 can or bottle (32 fl oz),960.0
FNDDS:2710768,1 can or bottle (16 fl oz),480.0
FNDDS:2710768,1 can or bottle (12 fl oz),360.0
FNDDS:2710768,1 can or bottle (24 fl oz),720.0
FNDDS:2710768,1 cup,240.0
FNDDS:2710769,1 cup,248.0
FNDDS:2710769,1 bottle (20 fl oz),620.0
FNDDS:2710769,1 bottle (12 fl oz),372.0
FNDDS:2710769,1 bottle (16.9 fl oz or 500 ml),524.0
FNDDS:2710769,1 fl oz,31.0
FNDDS:2710769,1 bottle (32 fl oz),992.0
FNDDS:2710770,1 bottle (12 fl oz),372.0
FNDDS:2710770,1 cup,248.0
FNDDS:2710770,1 bottle (20 fl oz),620.0
FNDDS:2710770,1 fl oz,31.0
FNDDS:2710770,1 bottle (32 fl oz),992.0
FNDDS:2710771,1 bottle (12 fl oz),372.0
FNDDS:2710771,1 fl oz,31.0
FNDDS:2710771,1 bottle (16.9 fl oz or 500 ml),524.0
FNDDS:2710771,1 bottle (32 fl oz),992.0
FNDDS:2710771,1 cup,248.0
FNDDS:2710771,1 bottle (20 fl oz),620.0
FNDDS:2710772,1 bottle (20 fl oz),600.0
FNDDS:2710772,1 cup,240.0
FNDDS:2710772,1 bottle (32 fl oz),960.0
FNDDS:2710772,1 fl oz,30.0
FNDDS:2710772,1 bottle (12 fl oz),360.0
FNDDS:2710772,1 bottle (16.9 fl oz or 500 ml),507.0
FNDDS:2710773,1 cup,240.0
FNDDS:2710773,1 bottle (12 fl oz),360.0
FNDDS:2710773,1 bottle (20 fl oz),600.0
FNDDS:2710773,1 bottle (32 fl oz),960.0
FNDDS:2710773,1 fl oz,30.0
FNDDS:2710774,1 cup,240.0
FNDDS:2710774,1 bottle (32 fl oz),960.0
FNDDS:2710774,1 fl oz,30.0
FNDDS:2710774,1 bottle (16.9 fl oz or 500 ml),507.0
FNDDS:2710774,1 bottle (20 fl oz),600.0
FNDDS:2710774,1 bottle (12 fl oz),360.0
FNDDS:2710775,1 fl oz (with ice),23.0
FNDDS:2710775,1 fl oz (no ice),31.0
FNDDS:2710775,1 fl oz (NFS),31.0
FNDDS:2710776,1 fl oz,30.0
FNDDS:2710776,1 cup,240.0
FNDDS:2710776,1 bottle (4 oz),120.0
FNDDS:2710777,1 fl oz (with ice),23.0
FNDDS:2710777,1 fl oz (no ice),31.0
FNDDS:2710777,1 fl oz (NFS),31.0
FNDDS:2710778,1 fl oz (with ice),23.0
FNDDS:2710778,1 fl oz (no ice),31.0
FNDDS:2710778,1 fl oz (NFS),31.0
FNDDS:2710779,1 fl oz (with ice),23.0
FNDDS:2710779,1 fl oz (no ice),31.0
FNDDS:2710779,1 fl oz (NFS),31.0
FNDDS:2710780,1 fl oz (with ice),23.0
FNDDS:2710780,1 fl oz (no ice),31.0
FNDDS:2710780,1 fl oz (NFS),31.0
FNDDS:2710781,1 fl oz (with ice),23.0
FNDDS:2710781,1 fl oz (no ice),31.0
FNDDS:2710781,1 fl oz (NFS),31.0
FNDDS:2710782,1 fl oz (with ice),23.0
FNDDS:2710782,1 fl oz (no ice),31.0
FNDDS:2710782,1 fl oz (NFS),31.0
FNDDS:2710783,1 fl oz (with ice),23.0
FNDDS:2710783,1 fl oz (no ice),31.0
FNDDS:2710783,1 fl oz (NFS),31.0
FNDDS:2710784,1 fl oz (with ice),23.0
FNDDS:2710784,1 fl oz (no ice),31.0
FNDDS:2710784,1 fl oz (NFS),31.0
FNDDS:2710785,1 fl oz (with ice),23.0
FNDDS:2710785,1 fl oz (no ice),31.0
FNDDS:2710785,1 fl oz (NFS),31.0
FNDDS:2710786,1 fl oz (with ice),23.0
FNDDS:2710786,1 fl oz (no ice),31.0
FNDDS:2710786,1 fl oz (NFS),31.0
FNDDS:2710787,1 fl oz (with ice),23.0
FNDDS:2710787,1 fl oz (no ice),31.0
FNDDS:2710787,1 fl oz (NFS),31.0
FNDDS:2710788,1 fl oz (with ice),23.0
FNDDS:2710788,1 fl oz (no ice),31.0
FNDDS:2710788,1 fl oz (NFS),31.0
FNDDS:2710789,1 fl oz (with ice),23.0
FNDDS:2710789,1 fl oz (no ice),31.0
FNDDS:2710789,1 fl oz (NFS),31.0
FNDDS:2710790,1 fl oz (with ice),23.0
FNDDS:2710790,1 fl oz (no ice),31.0
FNDDS:2710790,1 fl oz (NFS),31.0
FNDDS:2710791,1 fl oz (with ice),23.0
FNDDS:2710791,1 fl oz (no ice),31.0
FNDDS:2710791,1 fl oz (NFS),31.0
FNDDS:2710792,1 fl oz (with ice),23.0
FNDDS:2710792,1 fl oz (no ice),31.0
FNDDS:2710792,1 fl oz (NFS),31.0
FNDDS:2710793,1 fl oz (with ice),23.0
FNDDS:2710793,1 fl oz (no ice),31.0
FNDDS:2710793,1 fl oz (NFS),31.0
FNDDS:2710794,1 fl oz (with ice),23.0
FNDDS:2710794,1 fl oz (no ice),31.0
FNDDS:2710794,1 fl oz (NFS),31.0
FNDDS:2710795,1 fl oz (with ice),23.0
FNDDS:2710795,1 fl oz (no ice),31.0
FNDDS:2710795,1 fl oz (NFS),31.0
FNDDS:2710796,1 fl oz (with ice),23.0
FNDDS:2710796,1 fl oz (no ice),31.0
FNDDS:2710796,1 fl oz (NFS),31.0
FNDDS:2710797,1 fl oz (with ice),23.0
FNDDS:2710797,1 fl oz (no ice),31.0
FNDDS:2710797,1 fl oz (NFS),31.0
FNDDS:2710798,1 fl oz (with ice),23.0
FNDDS:2710798,1 fl oz (no ice),31.0
FNDDS:2710798,1 fl oz (NFS),31.0
FNDDS:2710799,1 fl oz (with ice),23.0
FNDDS:2710799,1 fl oz (no ice),31.0
FNDDS:2710799,1 fl oz (NFS),31.0
FNDDS:2710800,1 fl oz (with ice),23.0
FNDDS:2710800,1 fl oz (no ice),31.0
FNDDS:2710800,1 fl oz (NFS),31.0
FNDDS:2710801,1 fl oz (with ice),23.0
FNDDS:2710801,1 fl oz (no ice),31.0
FNDDS:2710801,1 fl oz (NFS),31.0
FNDDS:2710802,1 fl oz (with ice),23.0
FNDDS:2710802,1 fl oz (no ice),31.0
FNDDS:2710802,1 fl oz (NFS),31.0
FNDDS:2710803,1 fl oz (with ice),23.0
FNDDS:2710803,1 fl oz (no ice),31.0
FNDDS:2710803,1 fl oz (NFS),31.0
FNDDS:2710804,1 fl oz (with ice),23.0
FNDDS:2710804,1 fl oz (no ice),31.0
FNDDS:2710804,1 fl oz (NFS),31.0
FNDDS:2710805,1 fl oz (with ice),23.0
FNDDS:2710805,1 fl oz (no ice),31.0
FNDDS:2710805,1 fl oz (NFS),31.0
FNDDS:2710806,1 fl oz (with ice),23.0
FNDDS:2710806,1 fl oz (no ice),31.0
FNDDS:2710806,1 fl oz (NFS),31.0
FNDDS:2710807,1 fl oz (with ice),23.0
FNDDS:2710807,1 fl oz (no ice),31.0
FNDDS:2710807,1 fl oz (NFS),31.0
FNDDS:2710808,1 fl oz (with ice),23.0
FNDDS:2710808,1 fl oz (no ice),31.0
FNDDS:2710808,1 fl oz (NFS),31.0
FNDDS:2710809,1 fl oz (with ice),23.0
FNDDS:2710809,1 fl oz (no ice),31.0
FNDDS:2710809,1 fl oz (NFS),31.0
FNDDS:2710810,1 fl oz (with ice),23.0
FNDDS:2710810,1 fl oz (no ice),31.0
FNDDS:2710810,1 fl oz (NFS),31.0
FNDDS:2710811,1 fl oz (with ice),23.0
FNDDS:2710811,1 fl oz (no ice),31.0
FNDDS:2710811,1 fl oz (NFS),31.0
FNDDS:2710812,1 fl oz (with ice),23.0
FNDDS:2710812,1 fl oz (no ice),31.0
FNDDS:2710812,1 fl oz (NFS),31.0
FNDDS:2710813,1 fl oz (with ice),23.0
FNDDS:2710813,1 fl oz (no ice),31.0
FNDDS:2710813,1 fl oz (NFS),31.0
FNDDS:2710814,1 fl oz (with ice),23.0
FNDDS:2710814,1 fl oz (no ice),31.0
FNDDS:2710814,1 fl oz (NFS),31.0
